{
    "documentInfo": {
        "documentType": "https://xbrl.org/CR/2021-02-03/xbrl-csv",
        "namespaces": {
            "eba": "http://www.eba.europa.eu",
            "eba_AP": "http://www.eba.europa.eu/xbrl/crr/dict/dom/AP",
            "eba_BA": "http://www.eba.europa.eu/xbrl/crr/dict/dom/BA",
            "eba_CT": "http://www.eba.europa.eu/xbrl/crr/dict/dom/CT",
            "eba_EA": "http://www.eba.europa.eu/xbrl/crr/dict/dom/EA",
            "eba_EC": "http://www.eba.europa.eu/xbrl/crr/dict/dom/EC",
            "eba_MC": "http://www.eba.europa.eu/xbrl/crr/dict/dom/MC",
            "eba_PL": "http://www.eba.europa.eu/xbrl/crr/dict/dom/PL",
            "eba_PU": "http://www.eba.europa.eu/xbrl/crr/dict/dom/PU",
            "eba_dim": "http://www.eba.europa.eu/xbrl/crr/dict/dim",
            "eba_met": "http://www.eba.europa.eu/xbrl/crr/dict/met"
        }
    },
    "tableTemplates": {
        "D_08-00-d": {
            "columns": {
                "datapoint": {
                    "propertyGroups": {
                        "dp472639": {
                            "decimals": "$decimalsPercentage",
                            "dimensions": {
                                "concept": "eba_met:pi950",
                                "eba_dim:APL": "eba_PL:x772",
                                "eba_dim:BAS": "eba_BA:x17",
                                "eba_dim:CPS": "eba_CT:x68",
                                "eba_dim:EAQ": "eba_EA:x21",
                                "eba_dim:EAW": "eba_EA:x24",
                                "eba_dim:EPC": "eba_EA:x19",
                                "eba_dim:GBC": "eba_AP:x234",
                                "eba_dim:KUP": "eba_PU:x45",
                                "eba_dim:MCY": "eba_MC:x469",
                                "eba_dim:PUR": "eba_PU:x44"
                            },
                            "eba:documentation": {
                                "CellCode": "{D 08.00.d, r0160, c0210}",
                                "DataPointVersionId": "472639"
                            }
                        },
                        "dp472645": {
                            "decimals": "$decimalsPercentage",
                            "dimensions": {
                                "concept": "eba_met:pi950",
                                "eba_dim:APL": "eba_PL:x772",
                                "eba_dim:BAS": "eba_BA:x17",
                                "eba_dim:CPS": "eba_CT:x68",
                                "eba_dim:EAQ": "eba_EA:x21",
                                "eba_dim:EAW": "eba_EA:x25",
                                "eba_dim:EPC": "eba_EA:x19",
                                "eba_dim:GBC": "eba_AP:x234",
                                "eba_dim:KUP": "eba_PU:x45",
                                "eba_dim:MCY": "eba_MC:x469",
                                "eba_dim:PUR": "eba_PU:x44"
                            },
                            "eba:documentation": {
                                "CellCode": "{D 08.00.d, r0160, c0200}",
                                "DataPointVersionId": "472645"
                            }
                        },
                        "dp472653": {
                            "decimals": "$decimalsPercentage",
                            "dimensions": {
                                "concept": "eba_met:pi950",
                                "eba_dim:APL": "eba_PL:x772",
                                "eba_dim:BAS": "eba_BA:x17",
                                "eba_dim:CPS": "eba_CT:x68",
                                "eba_dim:EAQ": "eba_EA:x21",
                                "eba_dim:EPC": "eba_EA:x19",
                                "eba_dim:EXC": "eba_EC:x3",
                                "eba_dim:GBC": "eba_AP:x234",
                                "eba_dim:KUP": "eba_PU:x45",
                                "eba_dim:MCY": "eba_MC:x469",
                                "eba_dim:PUR": "eba_PU:x44"
                            },
                            "eba:documentation": {
                                "CellCode": "{D 08.00.d, r0160, c0190}",
                                "DataPointVersionId": "472653"
                            }
                        },
                        "dp472657": {
                            "decimals": "$decimalsPercentage",
                            "dimensions": {
                                "concept": "eba_met:pi950",
                                "eba_dim:APL": "eba_PL:x772",
                                "eba_dim:BAS": "eba_BA:x17",
                                "eba_dim:CPS": "eba_CT:x68",
                                "eba_dim:EAQ": "eba_EA:x21",
                                "eba_dim:EPC": "eba_EA:x19",
                                "eba_dim:GBC": "eba_AP:x234",
                                "eba_dim:KUP": "eba_PU:x45",
                                "eba_dim:MCY": "eba_MC:x469",
                                "eba_dim:PUR": "eba_PU:x44"
                            },
                            "eba:documentation": {
                                "CellCode": "{D 08.00.d, r0160, c0180}",
                                "DataPointVersionId": "472657"
                            }
                        },
                        "dp472663": {
                            "decimals": "$decimalsPercentage",
                            "dimensions": {
                                "concept": "eba_met:pi950",
                                "eba_dim:APL": "eba_PL:x772",
                                "eba_dim:BAS": "eba_BA:x17",
                                "eba_dim:CPS": "eba_CT:x68",
                                "eba_dim:EAQ": "eba_EA:x21",
                                "eba_dim:EPC": "eba_EA:x20",
                                "eba_dim:GBC": "eba_AP:x234",
                                "eba_dim:KUP": "eba_PU:x45",
                                "eba_dim:MCY": "eba_MC:x469",
                                "eba_dim:PUR": "eba_PU:x44"
                            },
                            "eba:documentation": {
                                "CellCode": "{D 08.00.d, r0160, c0170}",
                                "DataPointVersionId": "472663"
                            }
                        },
                        "dp472669": {
                            "decimals": "$decimalsPercentage",
                            "dimensions": {
                                "concept": "eba_met:pi950",
                                "eba_dim:APL": "eba_PL:x772",
                                "eba_dim:BAS": "eba_BA:x17",
                                "eba_dim:CPS": "eba_CT:x68",
                                "eba_dim:EAQ": "eba_EA:x22",
                                "eba_dim:EAW": "eba_EA:x24",
                                "eba_dim:EPC": "eba_EA:x19",
                                "eba_dim:GBC": "eba_AP:x234",
                                "eba_dim:KUP": "eba_PU:x45",
                                "eba_dim:MCY": "eba_MC:x469",
                                "eba_dim:PUR": "eba_PU:x44"
                            },
                            "eba:documentation": {
                                "CellCode": "{D 08.00.d, r0160, c0260}",
                                "DataPointVersionId": "472669"
                            }
                        },
                        "dp472671": {
                            "decimals": "$decimalsPercentage",
                            "dimensions": {
                                "concept": "eba_met:pi950",
                                "eba_dim:APL": "eba_PL:x772",
                                "eba_dim:BAS": "eba_BA:x17",
                                "eba_dim:CPS": "eba_CT:x68",
                                "eba_dim:EAQ": "eba_EA:x22",
                                "eba_dim:EAW": "eba_EA:x26",
                                "eba_dim:EPC": "eba_EA:x19",
                                "eba_dim:GBC": "eba_AP:x234",
                                "eba_dim:KUP": "eba_PU:x45",
                                "eba_dim:MCY": "eba_MC:x469",
                                "eba_dim:PUR": "eba_PU:x44"
                            },
                            "eba:documentation": {
                                "CellCode": "{D 08.00.d, r0160, c0250}",
                                "DataPointVersionId": "472671"
                            }
                        },
                        "dp472673": {
                            "decimals": "$decimalsPercentage",
                            "dimensions": {
                                "concept": "eba_met:pi950",
                                "eba_dim:APL": "eba_PL:x772",
                                "eba_dim:BAS": "eba_BA:x17",
                                "eba_dim:CPS": "eba_CT:x68",
                                "eba_dim:EAQ": "eba_EA:x22",
                                "eba_dim:EPC": "eba_EA:x19",
                                "eba_dim:EXC": "eba_EC:x3",
                                "eba_dim:GBC": "eba_AP:x234",
                                "eba_dim:KUP": "eba_PU:x45",
                                "eba_dim:MCY": "eba_MC:x469",
                                "eba_dim:PUR": "eba_PU:x44"
                            },
                            "eba:documentation": {
                                "CellCode": "{D 08.00.d, r0160, c0240}",
                                "DataPointVersionId": "472673"
                            }
                        },
                        "dp472675": {
                            "decimals": "$decimalsPercentage",
                            "dimensions": {
                                "concept": "eba_met:pi950",
                                "eba_dim:APL": "eba_PL:x772",
                                "eba_dim:BAS": "eba_BA:x17",
                                "eba_dim:CPS": "eba_CT:x68",
                                "eba_dim:EAQ": "eba_EA:x22",
                                "eba_dim:EPC": "eba_EA:x19",
                                "eba_dim:GBC": "eba_AP:x234",
                                "eba_dim:KUP": "eba_PU:x45",
                                "eba_dim:MCY": "eba_MC:x469",
                                "eba_dim:PUR": "eba_PU:x44"
                            },
                            "eba:documentation": {
                                "CellCode": "{D 08.00.d, r0160, c0230}",
                                "DataPointVersionId": "472675"
                            }
                        },
                        "dp472677": {
                            "decimals": "$decimalsPercentage",
                            "dimensions": {
                                "concept": "eba_met:pi950",
                                "eba_dim:APL": "eba_PL:x772",
                                "eba_dim:BAS": "eba_BA:x17",
                                "eba_dim:CPS": "eba_CT:x68",
                                "eba_dim:EAQ": "eba_EA:x22",
                                "eba_dim:EPC": "eba_EA:x20",
                                "eba_dim:GBC": "eba_AP:x234",
                                "eba_dim:KUP": "eba_PU:x45",
                                "eba_dim:MCY": "eba_MC:x469",
                                "eba_dim:PUR": "eba_PU:x44"
                            },
                            "eba:documentation": {
                                "CellCode": "{D 08.00.d, r0160, c0220}",
                                "DataPointVersionId": "472677"
                            }
                        },
                        "dp472681": {
                            "decimals": "$decimalsPercentage",
                            "dimensions": {
                                "concept": "eba_met:pi950",
                                "eba_dim:APL": "eba_PL:x772",
                                "eba_dim:BAS": "eba_BA:x17",
                                "eba_dim:CPS": "eba_CT:x68",
                                "eba_dim:EAQ": "eba_EA:x23",
                                "eba_dim:EAW": "eba_EA:x24",
                                "eba_dim:EPC": "eba_EA:x19",
                                "eba_dim:GBC": "eba_AP:x234",
                                "eba_dim:KUP": "eba_PU:x45",
                                "eba_dim:MCY": "eba_MC:x469",
                                "eba_dim:PUR": "eba_PU:x44"
                            },
                            "eba:documentation": {
                                "CellCode": "{D 08.00.d, r0160, c0310}",
                                "DataPointVersionId": "472681"
                            }
                        },
                        "dp472687": {
                            "decimals": "$decimalsPercentage",
                            "dimensions": {
                                "concept": "eba_met:pi950",
                                "eba_dim:APL": "eba_PL:x772",
                                "eba_dim:BAS": "eba_BA:x17",
                                "eba_dim:CPS": "eba_CT:x68",
                                "eba_dim:EAQ": "eba_EA:x23",
                                "eba_dim:EAW": "eba_EA:x32",
                                "eba_dim:EPC": "eba_EA:x19",
                                "eba_dim:GBC": "eba_AP:x234",
                                "eba_dim:KUP": "eba_PU:x45",
                                "eba_dim:MCY": "eba_MC:x469",
                                "eba_dim:PUR": "eba_PU:x44"
                            },
                            "eba:documentation": {
                                "CellCode": "{D 08.00.d, r0160, c0300}",
                                "DataPointVersionId": "472687"
                            }
                        },
                        "dp472695": {
                            "decimals": "$decimalsPercentage",
                            "dimensions": {
                                "concept": "eba_met:pi950",
                                "eba_dim:APL": "eba_PL:x772",
                                "eba_dim:BAS": "eba_BA:x17",
                                "eba_dim:CPS": "eba_CT:x68",
                                "eba_dim:EAQ": "eba_EA:x23",
                                "eba_dim:EPC": "eba_EA:x19",
                                "eba_dim:EXC": "eba_EC:x3",
                                "eba_dim:GBC": "eba_AP:x234",
                                "eba_dim:KUP": "eba_PU:x45",
                                "eba_dim:MCY": "eba_MC:x469",
                                "eba_dim:PUR": "eba_PU:x44"
                            },
                            "eba:documentation": {
                                "CellCode": "{D 08.00.d, r0160, c0290}",
                                "DataPointVersionId": "472695"
                            }
                        },
                        "dp472699": {
                            "decimals": "$decimalsPercentage",
                            "dimensions": {
                                "concept": "eba_met:pi950",
                                "eba_dim:APL": "eba_PL:x772",
                                "eba_dim:BAS": "eba_BA:x17",
                                "eba_dim:CPS": "eba_CT:x68",
                                "eba_dim:EAQ": "eba_EA:x23",
                                "eba_dim:EPC": "eba_EA:x19",
                                "eba_dim:GBC": "eba_AP:x234",
                                "eba_dim:KUP": "eba_PU:x45",
                                "eba_dim:MCY": "eba_MC:x469",
                                "eba_dim:PUR": "eba_PU:x44"
                            },
                            "eba:documentation": {
                                "CellCode": "{D 08.00.d, r0160, c0280}",
                                "DataPointVersionId": "472699"
                            }
                        },
                        "dp472705": {
                            "decimals": "$decimalsPercentage",
                            "dimensions": {
                                "concept": "eba_met:pi950",
                                "eba_dim:APL": "eba_PL:x772",
                                "eba_dim:BAS": "eba_BA:x17",
                                "eba_dim:CPS": "eba_CT:x68",
                                "eba_dim:EAQ": "eba_EA:x23",
                                "eba_dim:EPC": "eba_EA:x20",
                                "eba_dim:GBC": "eba_AP:x234",
                                "eba_dim:KUP": "eba_PU:x45",
                                "eba_dim:MCY": "eba_MC:x469",
                                "eba_dim:PUR": "eba_PU:x44"
                            },
                            "eba:documentation": {
                                "CellCode": "{D 08.00.d, r0160, c0270}",
                                "DataPointVersionId": "472705"
                            }
                        }
                    }
                },
                "factValue": {
                    "dimensions": {},
                    "propertiesFrom": [
                        "datapoint"
                    ]
                }
            }
        }
    }
}