﻿<?xml version="1.0" encoding="utf-8"?>
<?taxonomy-version 1.0.0.0 ?>  <?taxonomy-set-overall-version 3.3.0.0 ?>
<!--(C) EBA-->
<link:linkbase xmlns:xsi="http://www.w3.org/2001/XMLSchema-instance" xmlns:xlink="http://www.w3.org/1999/xlink" xmlns:link="http://www.xbrl.org/2003/linkbase" xmlns:gen="http://xbrl.org/2008/generic" xmlns:label="http://xbrl.org/2008/label" xsi:schemaLocation="http://www.xbrl.org/2003/linkbase http://www.xbrl.org/2003/xbrl-linkbase-2003-12-31.xsd http://xbrl.org/2008/generic http://www.xbrl.org/2008/generic-link.xsd http://xbrl.org/2008/label http://www.xbrl.org/2008/generic-label.xsd">
  <link:arcroleRef arcroleURI="http://xbrl.org/arcrole/2008/element-label" xlink:type="simple" xlink:href="http://www.xbrl.org/2008/generic-label.xsd#element-label" />
  <link:roleRef roleURI="http://www.xbrl.org/2008/role/label" xlink:type="simple" xlink:href="http://www.xbrl.org/2008/generic-label.xsd#standard-label" />
  <link:roleRef roleURI="http://www.xbrl.org/2008/role/verboseLabel" xlink:type="simple" xlink:href="http://www.xbrl.org/2008/generic-label.xsd#verbose-label" />
  <gen:link xlink:type="extended" xlink:role="http://www.xbrl.org/2003/role/link">
    <link:loc xlink:type="locator" xlink:href="d_08.00.d-rend.xml#eba_tD_08.00.d" xlink:label="loc_eba_tD_08.00.d" />
    <label:label xlink:type="resource" xlink:label="label_eba_tD_08.00.d" xml:lang="en" xlink:role="http://www.xbrl.org/2008/role/label">D 08.00.d</label:label>
    <gen:arc xlink:type="arc" xlink:arcrole="http://xbrl.org/arcrole/2008/element-label" xlink:from="loc_eba_tD_08.00.d" xlink:to="label_eba_tD_08.00.d" />
    <label:label xlink:type="resource" xlink:label="label_eba_tD_08.00.d_1" xml:lang="en" xlink:role="http://www.xbrl.org/2008/role/verboseLabel">D 08.00.d GAR (%) (flow) (IV)</label:label>
    <gen:arc xlink:type="arc" xlink:arcrole="http://xbrl.org/arcrole/2008/element-label" xlink:from="loc_eba_tD_08.00.d" xlink:to="label_eba_tD_08.00.d_1" />
    <link:loc xlink:type="locator" xlink:href="d_08.00.d-rend.xml#eba_a1" xlink:label="loc_eba_a1" />
    <label:label xlink:type="resource" xlink:label="label_eba_a1" xml:lang="en" xlink:role="http://www.xbrl.org/2008/role/label">Columns</label:label>
    <gen:arc xlink:type="arc" xlink:arcrole="http://xbrl.org/arcrole/2008/element-label" xlink:from="loc_eba_a1" xlink:to="label_eba_a1" />
    <link:loc xlink:type="locator" xlink:href="d_08.00.d-rend.xml#eba_c86878" xlink:label="loc_eba_c86878" />
    <label:label xlink:type="resource" xlink:label="label_eba_c86878" xml:lang="en" xlink:role="http://www.xbrl.org/2008/role/label">Disclosure reference date T: KPIs on flows</label:label>
    <gen:arc xlink:type="arc" xlink:arcrole="http://xbrl.org/arcrole/2008/element-label" xlink:from="loc_eba_c86878" xlink:to="label_eba_c86878" />
    <link:loc xlink:type="locator" xlink:href="d_08.00.d-rend.xml#eba_c86879" xlink:label="loc_eba_c86879" />
    <label:label xlink:type="resource" xlink:label="label_eba_c86879" xml:lang="en" xlink:role="http://www.xbrl.org/2008/role/label">Climate Change Mitigation (CCM)</label:label>
    <gen:arc xlink:type="arc" xlink:arcrole="http://xbrl.org/arcrole/2008/element-label" xlink:from="loc_eba_c86879" xlink:to="label_eba_c86879" />
    <link:loc xlink:type="locator" xlink:href="d_08.00.d-rend.xml#eba_c86880" xlink:label="loc_eba_c86880" />
    <label:label xlink:type="resource" xlink:label="label_eba_c86880" xml:lang="en" xlink:role="http://www.xbrl.org/2008/role/label">Proportion of new eligible assets funding taxonomy relevant sectors</label:label>
    <gen:arc xlink:type="arc" xlink:arcrole="http://xbrl.org/arcrole/2008/element-label" xlink:from="loc_eba_c86880" xlink:to="label_eba_c86880" />
    <link:loc xlink:type="locator" xlink:href="d_08.00.d-rend.xml#eba_c86881" xlink:label="loc_eba_c86881" />
    <label:label xlink:type="resource" xlink:label="label_eba_c86881" xml:lang="en" xlink:role="http://www.xbrl.org/2008/role/label">Of which environmentally sustainable</label:label>
    <gen:arc xlink:type="arc" xlink:arcrole="http://xbrl.org/arcrole/2008/element-label" xlink:from="loc_eba_c86881" xlink:to="label_eba_c86881" />
    <link:loc xlink:type="locator" xlink:href="d_08.00.d-rend.xml#eba_c86882" xlink:label="loc_eba_c86882" />
    <label:label xlink:type="resource" xlink:label="label_eba_c86882" xml:lang="en" xlink:role="http://www.xbrl.org/2008/role/label">Of which specialised lending</label:label>
    <gen:arc xlink:type="arc" xlink:arcrole="http://xbrl.org/arcrole/2008/element-label" xlink:from="loc_eba_c86882" xlink:to="label_eba_c86882" />
    <link:loc xlink:type="locator" xlink:href="d_08.00.d-rend.xml#eba_c86883" xlink:label="loc_eba_c86883" />
    <label:label xlink:type="resource" xlink:label="label_eba_c86883" xml:lang="en" xlink:role="http://www.xbrl.org/2008/role/label">Of which transitional</label:label>
    <gen:arc xlink:type="arc" xlink:arcrole="http://xbrl.org/arcrole/2008/element-label" xlink:from="loc_eba_c86883" xlink:to="label_eba_c86883" />
    <link:loc xlink:type="locator" xlink:href="d_08.00.d-rend.xml#eba_c86884" xlink:label="loc_eba_c86884" />
    <label:label xlink:type="resource" xlink:label="label_eba_c86884" xml:lang="en" xlink:role="http://www.xbrl.org/2008/role/label">Of which enabling</label:label>
    <gen:arc xlink:type="arc" xlink:arcrole="http://xbrl.org/arcrole/2008/element-label" xlink:from="loc_eba_c86884" xlink:to="label_eba_c86884" />
    <link:loc xlink:type="locator" xlink:href="d_08.00.d-rend.xml#eba_c86885" xlink:label="loc_eba_c86885" />
    <label:label xlink:type="resource" xlink:label="label_eba_c86885" xml:lang="en" xlink:role="http://www.xbrl.org/2008/role/label">Climate Change Adaptation (CCA)</label:label>
    <gen:arc xlink:type="arc" xlink:arcrole="http://xbrl.org/arcrole/2008/element-label" xlink:from="loc_eba_c86885" xlink:to="label_eba_c86885" />
    <link:loc xlink:type="locator" xlink:href="d_08.00.d-rend.xml#eba_c86886" xlink:label="loc_eba_c86886" />
    <label:label xlink:type="resource" xlink:label="label_eba_c86886" xml:lang="en" xlink:role="http://www.xbrl.org/2008/role/label">Proportion of new eligible assets funding taxonomy relevant sectors</label:label>
    <gen:arc xlink:type="arc" xlink:arcrole="http://xbrl.org/arcrole/2008/element-label" xlink:from="loc_eba_c86886" xlink:to="label_eba_c86886" />
    <link:loc xlink:type="locator" xlink:href="d_08.00.d-rend.xml#eba_c86887" xlink:label="loc_eba_c86887" />
    <label:label xlink:type="resource" xlink:label="label_eba_c86887" xml:lang="en" xlink:role="http://www.xbrl.org/2008/role/label">Of which environmentally sustainable</label:label>
    <gen:arc xlink:type="arc" xlink:arcrole="http://xbrl.org/arcrole/2008/element-label" xlink:from="loc_eba_c86887" xlink:to="label_eba_c86887" />
    <link:loc xlink:type="locator" xlink:href="d_08.00.d-rend.xml#eba_c86888" xlink:label="loc_eba_c86888" />
    <label:label xlink:type="resource" xlink:label="label_eba_c86888" xml:lang="en" xlink:role="http://www.xbrl.org/2008/role/label">Of which specialised lending</label:label>
    <gen:arc xlink:type="arc" xlink:arcrole="http://xbrl.org/arcrole/2008/element-label" xlink:from="loc_eba_c86888" xlink:to="label_eba_c86888" />
    <link:loc xlink:type="locator" xlink:href="d_08.00.d-rend.xml#eba_c86889" xlink:label="loc_eba_c86889" />
    <label:label xlink:type="resource" xlink:label="label_eba_c86889" xml:lang="en" xlink:role="http://www.xbrl.org/2008/role/label">Of which adaptation</label:label>
    <gen:arc xlink:type="arc" xlink:arcrole="http://xbrl.org/arcrole/2008/element-label" xlink:from="loc_eba_c86889" xlink:to="label_eba_c86889" />
    <link:loc xlink:type="locator" xlink:href="d_08.00.d-rend.xml#eba_c86890" xlink:label="loc_eba_c86890" />
    <label:label xlink:type="resource" xlink:label="label_eba_c86890" xml:lang="en" xlink:role="http://www.xbrl.org/2008/role/label">Of which enabling</label:label>
    <gen:arc xlink:type="arc" xlink:arcrole="http://xbrl.org/arcrole/2008/element-label" xlink:from="loc_eba_c86890" xlink:to="label_eba_c86890" />
    <link:loc xlink:type="locator" xlink:href="d_08.00.d-rend.xml#eba_c86891" xlink:label="loc_eba_c86891" />
    <label:label xlink:type="resource" xlink:label="label_eba_c86891" xml:lang="en" xlink:role="http://www.xbrl.org/2008/role/label">TOTAL (CCM + CCA)</label:label>
    <gen:arc xlink:type="arc" xlink:arcrole="http://xbrl.org/arcrole/2008/element-label" xlink:from="loc_eba_c86891" xlink:to="label_eba_c86891" />
    <link:loc xlink:type="locator" xlink:href="d_08.00.d-rend.xml#eba_c86892" xlink:label="loc_eba_c86892" />
    <label:label xlink:type="resource" xlink:label="label_eba_c86892" xml:lang="en" xlink:role="http://www.xbrl.org/2008/role/label">Proportion of new eligible assets funding taxonomy relevant sectors</label:label>
    <gen:arc xlink:type="arc" xlink:arcrole="http://xbrl.org/arcrole/2008/element-label" xlink:from="loc_eba_c86892" xlink:to="label_eba_c86892" />
    <link:loc xlink:type="locator" xlink:href="d_08.00.d-rend.xml#eba_c86893" xlink:label="loc_eba_c86893" />
    <label:label xlink:type="resource" xlink:label="label_eba_c86893" xml:lang="en" xlink:role="http://www.xbrl.org/2008/role/label">Of which environmentally sustainable</label:label>
    <gen:arc xlink:type="arc" xlink:arcrole="http://xbrl.org/arcrole/2008/element-label" xlink:from="loc_eba_c86893" xlink:to="label_eba_c86893" />
    <link:loc xlink:type="locator" xlink:href="d_08.00.d-rend.xml#eba_c86894" xlink:label="loc_eba_c86894" />
    <label:label xlink:type="resource" xlink:label="label_eba_c86894" xml:lang="en" xlink:role="http://www.xbrl.org/2008/role/label">Of which specialised lending</label:label>
    <gen:arc xlink:type="arc" xlink:arcrole="http://xbrl.org/arcrole/2008/element-label" xlink:from="loc_eba_c86894" xlink:to="label_eba_c86894" />
    <link:loc xlink:type="locator" xlink:href="d_08.00.d-rend.xml#eba_c86895" xlink:label="loc_eba_c86895" />
    <label:label xlink:type="resource" xlink:label="label_eba_c86895" xml:lang="en" xlink:role="http://www.xbrl.org/2008/role/label">Of which transitional/adaptation</label:label>
    <gen:arc xlink:type="arc" xlink:arcrole="http://xbrl.org/arcrole/2008/element-label" xlink:from="loc_eba_c86895" xlink:to="label_eba_c86895" />
    <link:loc xlink:type="locator" xlink:href="d_08.00.d-rend.xml#eba_c86896" xlink:label="loc_eba_c86896" />
    <label:label xlink:type="resource" xlink:label="label_eba_c86896" xml:lang="en" xlink:role="http://www.xbrl.org/2008/role/label">Of which enabling</label:label>
    <gen:arc xlink:type="arc" xlink:arcrole="http://xbrl.org/arcrole/2008/element-label" xlink:from="loc_eba_c86896" xlink:to="label_eba_c86896" />
    <link:loc xlink:type="locator" xlink:href="d_08.00.d-rend.xml#eba_a2" xlink:label="loc_eba_a2" />
    <label:label xlink:type="resource" xlink:label="label_eba_a2" xml:lang="en" xlink:role="http://www.xbrl.org/2008/role/label">Rows</label:label>
    <gen:arc xlink:type="arc" xlink:arcrole="http://xbrl.org/arcrole/2008/element-label" xlink:from="loc_eba_a2" xlink:to="label_eba_a2" />
    <link:loc xlink:type="locator" xlink:href="d_08.00.d-rend.xml#eba_c86897" xlink:label="loc_eba_c86897" />
    <label:label xlink:type="resource" xlink:label="label_eba_c86897" xml:lang="en" xlink:role="http://www.xbrl.org/2008/role/label">GAR</label:label>
    <gen:arc xlink:type="arc" xlink:arcrole="http://xbrl.org/arcrole/2008/element-label" xlink:from="loc_eba_c86897" xlink:to="label_eba_c86897" />
    <link:loc xlink:type="locator" xlink:href="d_08.00.d-rend.xml#eba_c86898" xlink:label="loc_eba_c86898" />
    <label:label xlink:type="resource" xlink:label="label_eba_c86898" xml:lang="en" xlink:role="http://www.xbrl.org/2008/role/label">Loans and advances, debt securities and equity instruments not HfT eligible for GAR calculation</label:label>
    <gen:arc xlink:type="arc" xlink:arcrole="http://xbrl.org/arcrole/2008/element-label" xlink:from="loc_eba_c86898" xlink:to="label_eba_c86898" />
    <link:loc xlink:type="locator" xlink:href="d_08.00.d-rend.xml#eba_c86899" xlink:label="loc_eba_c86899" />
    <label:label xlink:type="resource" xlink:label="label_eba_c86899" xml:lang="en" xlink:role="http://www.xbrl.org/2008/role/label">Local government financing</label:label>
    <gen:arc xlink:type="arc" xlink:arcrole="http://xbrl.org/arcrole/2008/element-label" xlink:from="loc_eba_c86899" xlink:to="label_eba_c86899" />
    <link:loc xlink:type="locator" xlink:href="d_08.00.d-rend.xml#eba_c86900" xlink:label="loc_eba_c86900" />
    <label:label xlink:type="resource" xlink:label="label_eba_c86900" xml:lang="en" xlink:role="http://www.xbrl.org/2008/role/label">Other local governments financing</label:label>
    <gen:arc xlink:type="arc" xlink:arcrole="http://xbrl.org/arcrole/2008/element-label" xlink:from="loc_eba_c86900" xlink:to="label_eba_c86900" />
  </gen:link>
</link:linkbase>