﻿<?xml version="1.0" encoding="utf-8"?>
<?taxonomy-version 1.0.0.0 ?>  <?taxonomy-set-overall-version 3.3.0.0 ?>
<!--(C) EBA-->
<link:linkbase xmlns:xsi="http://www.w3.org/2001/XMLSchema-instance" xmlns:xlink="http://www.w3.org/1999/xlink" xmlns:link="http://www.xbrl.org/2003/linkbase" xmlns:gen="http://xbrl.org/2008/generic" xmlns:label="http://xbrl.org/2008/label" xsi:schemaLocation="http://www.xbrl.org/2003/linkbase http://www.xbrl.org/2003/xbrl-linkbase-2003-12-31.xsd http://xbrl.org/2008/generic http://www.xbrl.org/2008/generic-link.xsd http://xbrl.org/2008/label http://www.xbrl.org/2008/generic-label.xsd">
  <link:arcroleRef arcroleURI="http://xbrl.org/arcrole/2008/element-label" xlink:type="simple" xlink:href="http://www.xbrl.org/2008/generic-label.xsd#element-label" />
  <link:roleRef roleURI="http://www.eba.europa.eu/xbrl/role/dpm-db-id" xlink:type="simple" xlink:href="http://www.eba.europa.eu/eu/fr/xbrl/ext/model.xsd#dpm-db-id" />
  <link:roleRef roleURI="http://www.eurofiling.info/xbrl/role/filing-indicator-code" xlink:type="simple" xlink:href="http://www.eurofiling.info/eu/fr/xbrl/ext/model.xsd#filing-indicator-code" />
  <link:roleRef roleURI="http://www.eurofiling.info/xbrl/role/rc-code" xlink:type="simple" xlink:href="http://www.eurofiling.info/eu/fr/xbrl/ext/model.xsd#rc-code" />
  <gen:link xlink:type="extended" xlink:role="http://www.xbrl.org/2003/role/link">
    <link:loc xlink:type="locator" xlink:href="d_09.01-rend.xml#eba_tD_09.01" xlink:label="loc_eba_tD_09.01" />
    <label:label xlink:type="resource" xlink:label="label_eba_tD_09.01" xml:lang="en" xlink:role="http://www.eurofiling.info/xbrl/role/rc-code">D 09.01</label:label>
    <gen:arc xlink:type="arc" xlink:arcrole="http://xbrl.org/arcrole/2008/element-label" xlink:from="loc_eba_tD_09.01" xlink:to="label_eba_tD_09.01" />
    <link:loc xlink:type="locator" xlink:href="d_09.01-rend.xml#eba_c86686" xlink:label="loc_eba_c86686" />
    <label:label xlink:type="resource" xlink:label="label_eba_c86686" xml:lang="en" xlink:role="http://www.eurofiling.info/xbrl/role/rc-code">0005</label:label>
    <gen:arc xlink:type="arc" xlink:arcrole="http://xbrl.org/arcrole/2008/element-label" xlink:from="loc_eba_c86686" xlink:to="label_eba_c86686" />
    <link:loc xlink:type="locator" xlink:href="d_09.01-rend.xml#eba_c86687" xlink:label="loc_eba_c86687" />
    <label:label xlink:type="resource" xlink:label="label_eba_c86687" xml:lang="en" xlink:role="http://www.eurofiling.info/xbrl/role/rc-code">0010</label:label>
    <gen:arc xlink:type="arc" xlink:arcrole="http://xbrl.org/arcrole/2008/element-label" xlink:from="loc_eba_c86687" xlink:to="label_eba_c86687" />
    <link:loc xlink:type="locator" xlink:href="d_09.01-rend.xml#eba_c86688" xlink:label="loc_eba_c86688" />
    <label:label xlink:type="resource" xlink:label="label_eba_c86688" xml:lang="en" xlink:role="http://www.eurofiling.info/xbrl/role/rc-code">0015</label:label>
    <gen:arc xlink:type="arc" xlink:arcrole="http://xbrl.org/arcrole/2008/element-label" xlink:from="loc_eba_c86688" xlink:to="label_eba_c86688" />
    <link:loc xlink:type="locator" xlink:href="d_09.01-rend.xml#eba_c86689" xlink:label="loc_eba_c86689" />
    <label:label xlink:type="resource" xlink:label="label_eba_c86689" xml:lang="en" xlink:role="http://www.eurofiling.info/xbrl/role/rc-code">0020</label:label>
    <gen:arc xlink:type="arc" xlink:arcrole="http://xbrl.org/arcrole/2008/element-label" xlink:from="loc_eba_c86689" xlink:to="label_eba_c86689" />
    <link:loc xlink:type="locator" xlink:href="d_09.01-rend.xml#eba_c86690" xlink:label="loc_eba_c86690" />
    <label:label xlink:type="resource" xlink:label="label_eba_c86690" xml:lang="en" xlink:role="http://www.eurofiling.info/xbrl/role/rc-code">0030</label:label>
    <gen:arc xlink:type="arc" xlink:arcrole="http://xbrl.org/arcrole/2008/element-label" xlink:from="loc_eba_c86690" xlink:to="label_eba_c86690" />
    <link:loc xlink:type="locator" xlink:href="d_09.01-rend.xml#eba_c86691" xlink:label="loc_eba_c86691" />
    <label:label xlink:type="resource" xlink:label="label_eba_c86691" xml:lang="en" xlink:role="http://www.eurofiling.info/xbrl/role/rc-code">0040</label:label>
    <gen:arc xlink:type="arc" xlink:arcrole="http://xbrl.org/arcrole/2008/element-label" xlink:from="loc_eba_c86691" xlink:to="label_eba_c86691" />
    <link:loc xlink:type="locator" xlink:href="d_09.01-rend.xml#eba_c86692" xlink:label="loc_eba_c86692" />
    <label:label xlink:type="resource" xlink:label="label_eba_c86692" xml:lang="en" xlink:role="http://www.eurofiling.info/xbrl/role/rc-code">0050</label:label>
    <gen:arc xlink:type="arc" xlink:arcrole="http://xbrl.org/arcrole/2008/element-label" xlink:from="loc_eba_c86692" xlink:to="label_eba_c86692" />
    <link:loc xlink:type="locator" xlink:href="d_09.01-rend.xml#eba_c86693" xlink:label="loc_eba_c86693" />
    <label:label xlink:type="resource" xlink:label="label_eba_c86693" xml:lang="en" xlink:role="http://www.eurofiling.info/xbrl/role/rc-code">0060</label:label>
    <gen:arc xlink:type="arc" xlink:arcrole="http://xbrl.org/arcrole/2008/element-label" xlink:from="loc_eba_c86693" xlink:to="label_eba_c86693" />
    <link:loc xlink:type="locator" xlink:href="d_09.01-rend.xml#eba_c86694" xlink:label="loc_eba_c86694" />
    <label:label xlink:type="resource" xlink:label="label_eba_c86694" xml:lang="en" xlink:role="http://www.eurofiling.info/xbrl/role/rc-code">0065</label:label>
    <gen:arc xlink:type="arc" xlink:arcrole="http://xbrl.org/arcrole/2008/element-label" xlink:from="loc_eba_c86694" xlink:to="label_eba_c86694" />
    <link:loc xlink:type="locator" xlink:href="d_09.01-rend.xml#eba_c86695" xlink:label="loc_eba_c86695" />
    <label:label xlink:type="resource" xlink:label="label_eba_c86695" xml:lang="en" xlink:role="http://www.eurofiling.info/xbrl/role/rc-code">0070</label:label>
    <gen:arc xlink:type="arc" xlink:arcrole="http://xbrl.org/arcrole/2008/element-label" xlink:from="loc_eba_c86695" xlink:to="label_eba_c86695" />
    <link:loc xlink:type="locator" xlink:href="d_09.01-rend.xml#eba_c86696" xlink:label="loc_eba_c86696" />
    <label:label xlink:type="resource" xlink:label="label_eba_c86696" xml:lang="en" xlink:role="http://www.eurofiling.info/xbrl/role/rc-code">0080</label:label>
    <gen:arc xlink:type="arc" xlink:arcrole="http://xbrl.org/arcrole/2008/element-label" xlink:from="loc_eba_c86696" xlink:to="label_eba_c86696" />
    <link:loc xlink:type="locator" xlink:href="d_09.01-rend.xml#eba_c86697" xlink:label="loc_eba_c86697" />
    <label:label xlink:type="resource" xlink:label="label_eba_c86697" xml:lang="en" xlink:role="http://www.eurofiling.info/xbrl/role/rc-code">0090</label:label>
    <gen:arc xlink:type="arc" xlink:arcrole="http://xbrl.org/arcrole/2008/element-label" xlink:from="loc_eba_c86697" xlink:to="label_eba_c86697" />
    <link:loc xlink:type="locator" xlink:href="d_09.01-rend.xml#eba_c86698" xlink:label="loc_eba_c86698" />
    <label:label xlink:type="resource" xlink:label="label_eba_c86698" xml:lang="en" xlink:role="http://www.eurofiling.info/xbrl/role/rc-code">0100</label:label>
    <gen:arc xlink:type="arc" xlink:arcrole="http://xbrl.org/arcrole/2008/element-label" xlink:from="loc_eba_c86698" xlink:to="label_eba_c86698" />
    <link:loc xlink:type="locator" xlink:href="d_09.01-rend.xml#eba_c86699" xlink:label="loc_eba_c86699" />
    <label:label xlink:type="resource" xlink:label="label_eba_c86699" xml:lang="en" xlink:role="http://www.eurofiling.info/xbrl/role/rc-code">0110</label:label>
    <gen:arc xlink:type="arc" xlink:arcrole="http://xbrl.org/arcrole/2008/element-label" xlink:from="loc_eba_c86699" xlink:to="label_eba_c86699" />
    <link:loc xlink:type="locator" xlink:href="d_09.01-rend.xml#eba_c86700" xlink:label="loc_eba_c86700" />
    <label:label xlink:type="resource" xlink:label="label_eba_c86700" xml:lang="en" xlink:role="http://www.eurofiling.info/xbrl/role/rc-code">0115</label:label>
    <gen:arc xlink:type="arc" xlink:arcrole="http://xbrl.org/arcrole/2008/element-label" xlink:from="loc_eba_c86700" xlink:to="label_eba_c86700" />
    <link:loc xlink:type="locator" xlink:href="d_09.01-rend.xml#eba_c86701" xlink:label="loc_eba_c86701" />
    <label:label xlink:type="resource" xlink:label="label_eba_c86701" xml:lang="en" xlink:role="http://www.eurofiling.info/xbrl/role/rc-code">0120</label:label>
    <gen:arc xlink:type="arc" xlink:arcrole="http://xbrl.org/arcrole/2008/element-label" xlink:from="loc_eba_c86701" xlink:to="label_eba_c86701" />
    <link:loc xlink:type="locator" xlink:href="d_09.01-rend.xml#eba_c86702" xlink:label="loc_eba_c86702" />
    <label:label xlink:type="resource" xlink:label="label_eba_c86702" xml:lang="en" xlink:role="http://www.eurofiling.info/xbrl/role/rc-code">0130</label:label>
    <gen:arc xlink:type="arc" xlink:arcrole="http://xbrl.org/arcrole/2008/element-label" xlink:from="loc_eba_c86702" xlink:to="label_eba_c86702" />
    <link:loc xlink:type="locator" xlink:href="d_09.01-rend.xml#eba_c86703" xlink:label="loc_eba_c86703" />
    <label:label xlink:type="resource" xlink:label="label_eba_c86703" xml:lang="en" xlink:role="http://www.eurofiling.info/xbrl/role/rc-code">0140</label:label>
    <gen:arc xlink:type="arc" xlink:arcrole="http://xbrl.org/arcrole/2008/element-label" xlink:from="loc_eba_c86703" xlink:to="label_eba_c86703" />
    <link:loc xlink:type="locator" xlink:href="d_09.01-rend.xml#eba_c86704" xlink:label="loc_eba_c86704" />
    <label:label xlink:type="resource" xlink:label="label_eba_c86704" xml:lang="en" xlink:role="http://www.eurofiling.info/xbrl/role/rc-code">0150</label:label>
    <gen:arc xlink:type="arc" xlink:arcrole="http://xbrl.org/arcrole/2008/element-label" xlink:from="loc_eba_c86704" xlink:to="label_eba_c86704" />
    <link:loc xlink:type="locator" xlink:href="d_09.01-rend.xml#eba_c86705" xlink:label="loc_eba_c86705" />
    <label:label xlink:type="resource" xlink:label="label_eba_c86705" xml:lang="en" xlink:role="http://www.eurofiling.info/xbrl/role/rc-code">0160</label:label>
    <gen:arc xlink:type="arc" xlink:arcrole="http://xbrl.org/arcrole/2008/element-label" xlink:from="loc_eba_c86705" xlink:to="label_eba_c86705" />
    <link:loc xlink:type="locator" xlink:href="d_09.01-rend.xml#eba_c86706" xlink:label="loc_eba_c86706" />
    <label:label xlink:type="resource" xlink:label="label_eba_c86706" xml:lang="en" xlink:role="http://www.eurofiling.info/xbrl/role/rc-code">0010</label:label>
    <gen:arc xlink:type="arc" xlink:arcrole="http://xbrl.org/arcrole/2008/element-label" xlink:from="loc_eba_c86706" xlink:to="label_eba_c86706" />
    <link:loc xlink:type="locator" xlink:href="d_09.01-rend.xml#eba_c86707" xlink:label="loc_eba_c86707" />
    <label:label xlink:type="resource" xlink:label="label_eba_c86707" xml:lang="en" xlink:role="http://www.eurofiling.info/xbrl/role/rc-code">0015</label:label>
    <gen:arc xlink:type="arc" xlink:arcrole="http://xbrl.org/arcrole/2008/element-label" xlink:from="loc_eba_c86707" xlink:to="label_eba_c86707" />
    <link:loc xlink:type="locator" xlink:href="d_09.01-rend.xml#eba_c86708" xlink:label="loc_eba_c86708" />
    <label:label xlink:type="resource" xlink:label="label_eba_c86708" xml:lang="en" xlink:role="http://www.eurofiling.info/xbrl/role/rc-code">0020</label:label>
    <gen:arc xlink:type="arc" xlink:arcrole="http://xbrl.org/arcrole/2008/element-label" xlink:from="loc_eba_c86708" xlink:to="label_eba_c86708" />
    <link:loc xlink:type="locator" xlink:href="d_09.01-rend.xml#eba_c86709" xlink:label="loc_eba_c86709" />
    <label:label xlink:type="resource" xlink:label="label_eba_c86709" xml:lang="en" xlink:role="http://www.eurofiling.info/xbrl/role/rc-code">0030</label:label>
    <gen:arc xlink:type="arc" xlink:arcrole="http://xbrl.org/arcrole/2008/element-label" xlink:from="loc_eba_c86709" xlink:to="label_eba_c86709" />
    <link:loc xlink:type="locator" xlink:href="d_09.01-rend.xml#eba_c86710" xlink:label="loc_eba_c86710" />
    <label:label xlink:type="resource" xlink:label="label_eba_c86710" xml:lang="en" xlink:role="http://www.eurofiling.info/xbrl/role/rc-code">0040</label:label>
    <gen:arc xlink:type="arc" xlink:arcrole="http://xbrl.org/arcrole/2008/element-label" xlink:from="loc_eba_c86710" xlink:to="label_eba_c86710" />
    <link:loc xlink:type="locator" xlink:href="d_09.01-rend.xml#eba_c86711" xlink:label="loc_eba_c86711" />
    <label:label xlink:type="resource" xlink:label="label_eba_c86711" xml:lang="en" xlink:role="http://www.eurofiling.info/xbrl/role/rc-code">0050</label:label>
    <gen:arc xlink:type="arc" xlink:arcrole="http://xbrl.org/arcrole/2008/element-label" xlink:from="loc_eba_c86711" xlink:to="label_eba_c86711" />
    <link:loc xlink:type="locator" xlink:href="d_09.01-rend.xml#eba_c86712" xlink:label="loc_eba_c86712" />
    <label:label xlink:type="resource" xlink:label="label_eba_c86712" xml:lang="en" xlink:role="http://www.eurofiling.info/xbrl/role/rc-code">0060</label:label>
    <gen:arc xlink:type="arc" xlink:arcrole="http://xbrl.org/arcrole/2008/element-label" xlink:from="loc_eba_c86712" xlink:to="label_eba_c86712" />
    <link:loc xlink:type="locator" xlink:href="d_09.01-rend.xml#eba_c86713" xlink:label="loc_eba_c86713" />
    <label:label xlink:type="resource" xlink:label="label_eba_c86713" xml:lang="en" xlink:role="http://www.eurofiling.info/xbrl/role/rc-code">0070</label:label>
    <gen:arc xlink:type="arc" xlink:arcrole="http://xbrl.org/arcrole/2008/element-label" xlink:from="loc_eba_c86713" xlink:to="label_eba_c86713" />
    <link:loc xlink:type="locator" xlink:href="d_09.01-rend.xml#eba_c86714" xlink:label="loc_eba_c86714" />
    <label:label xlink:type="resource" xlink:label="label_eba_c86714" xml:lang="en" xlink:role="http://www.eurofiling.info/xbrl/role/rc-code">0080</label:label>
    <gen:arc xlink:type="arc" xlink:arcrole="http://xbrl.org/arcrole/2008/element-label" xlink:from="loc_eba_c86714" xlink:to="label_eba_c86714" />
    <link:loc xlink:type="locator" xlink:href="d_09.01-rend.xml#eba_c86715" xlink:label="loc_eba_c86715" />
    <label:label xlink:type="resource" xlink:label="label_eba_c86715" xml:lang="en" xlink:role="http://www.eurofiling.info/xbrl/role/rc-code">0090</label:label>
    <gen:arc xlink:type="arc" xlink:arcrole="http://xbrl.org/arcrole/2008/element-label" xlink:from="loc_eba_c86715" xlink:to="label_eba_c86715" />
    <link:loc xlink:type="locator" xlink:href="d_09.01-rend.xml#eba_c86716" xlink:label="loc_eba_c86716" />
    <label:label xlink:type="resource" xlink:label="label_eba_c86716" xml:lang="en" xlink:role="http://www.eurofiling.info/xbrl/role/rc-code">0100</label:label>
    <gen:arc xlink:type="arc" xlink:arcrole="http://xbrl.org/arcrole/2008/element-label" xlink:from="loc_eba_c86716" xlink:to="label_eba_c86716" />
    <link:loc xlink:type="locator" xlink:href="d_09.01-rend.xml#eba_c86717" xlink:label="loc_eba_c86717" />
    <label:label xlink:type="resource" xlink:label="label_eba_c86717" xml:lang="en" xlink:role="http://www.eurofiling.info/xbrl/role/rc-code">0110</label:label>
    <gen:arc xlink:type="arc" xlink:arcrole="http://xbrl.org/arcrole/2008/element-label" xlink:from="loc_eba_c86717" xlink:to="label_eba_c86717" />
    <link:loc xlink:type="locator" xlink:href="d_09.01-rend.xml#eba_c86718" xlink:label="loc_eba_c86718" />
    <label:label xlink:type="resource" xlink:label="label_eba_c86718" xml:lang="en" xlink:role="http://www.eurofiling.info/xbrl/role/rc-code">0120</label:label>
    <gen:arc xlink:type="arc" xlink:arcrole="http://xbrl.org/arcrole/2008/element-label" xlink:from="loc_eba_c86718" xlink:to="label_eba_c86718" />
    <link:loc xlink:type="locator" xlink:href="d_09.01-rend.xml#eba_c86719" xlink:label="loc_eba_c86719" />
    <label:label xlink:type="resource" xlink:label="label_eba_c86719" xml:lang="en" xlink:role="http://www.eurofiling.info/xbrl/role/rc-code">0125</label:label>
    <gen:arc xlink:type="arc" xlink:arcrole="http://xbrl.org/arcrole/2008/element-label" xlink:from="loc_eba_c86719" xlink:to="label_eba_c86719" />
    <link:loc xlink:type="locator" xlink:href="d_09.01-rend.xml#eba_c86720" xlink:label="loc_eba_c86720" />
    <label:label xlink:type="resource" xlink:label="label_eba_c86720" xml:lang="en" xlink:role="http://www.eurofiling.info/xbrl/role/rc-code">0130</label:label>
    <gen:arc xlink:type="arc" xlink:arcrole="http://xbrl.org/arcrole/2008/element-label" xlink:from="loc_eba_c86720" xlink:to="label_eba_c86720" />
    <link:loc xlink:type="locator" xlink:href="d_09.01-rend.xml#eba_c86721" xlink:label="loc_eba_c86721" />
    <label:label xlink:type="resource" xlink:label="label_eba_c86721" xml:lang="en" xlink:role="http://www.eurofiling.info/xbrl/role/rc-code">0140</label:label>
    <gen:arc xlink:type="arc" xlink:arcrole="http://xbrl.org/arcrole/2008/element-label" xlink:from="loc_eba_c86721" xlink:to="label_eba_c86721" />
    <link:loc xlink:type="locator" xlink:href="d_09.01-rend.xml#eba_c86722" xlink:label="loc_eba_c86722" />
    <label:label xlink:type="resource" xlink:label="label_eba_c86722" xml:lang="en" xlink:role="http://www.eurofiling.info/xbrl/role/rc-code">0150</label:label>
    <gen:arc xlink:type="arc" xlink:arcrole="http://xbrl.org/arcrole/2008/element-label" xlink:from="loc_eba_c86722" xlink:to="label_eba_c86722" />
    <link:loc xlink:type="locator" xlink:href="d_09.01-rend.xml#eba_c86723" xlink:label="loc_eba_c86723" />
    <label:label xlink:type="resource" xlink:label="label_eba_c86723" xml:lang="en" xlink:role="http://www.eurofiling.info/xbrl/role/rc-code">0160</label:label>
    <gen:arc xlink:type="arc" xlink:arcrole="http://xbrl.org/arcrole/2008/element-label" xlink:from="loc_eba_c86723" xlink:to="label_eba_c86723" />
    <link:loc xlink:type="locator" xlink:href="d_09.01-rend.xml#eba_c86724" xlink:label="loc_eba_c86724" />
    <label:label xlink:type="resource" xlink:label="label_eba_c86724" xml:lang="en" xlink:role="http://www.eurofiling.info/xbrl/role/rc-code">0170</label:label>
    <gen:arc xlink:type="arc" xlink:arcrole="http://xbrl.org/arcrole/2008/element-label" xlink:from="loc_eba_c86724" xlink:to="label_eba_c86724" />
    <link:loc xlink:type="locator" xlink:href="d_09.01-rend.xml#eba_c86725" xlink:label="loc_eba_c86725" />
    <label:label xlink:type="resource" xlink:label="label_eba_c86725" xml:lang="en" xlink:role="http://www.eurofiling.info/xbrl/role/rc-code">0175</label:label>
    <gen:arc xlink:type="arc" xlink:arcrole="http://xbrl.org/arcrole/2008/element-label" xlink:from="loc_eba_c86725" xlink:to="label_eba_c86725" />
    <link:loc xlink:type="locator" xlink:href="d_09.01-rend.xml#eba_c86726" xlink:label="loc_eba_c86726" />
    <label:label xlink:type="resource" xlink:label="label_eba_c86726" xml:lang="en" xlink:role="http://www.eurofiling.info/xbrl/role/rc-code">0180</label:label>
    <gen:arc xlink:type="arc" xlink:arcrole="http://xbrl.org/arcrole/2008/element-label" xlink:from="loc_eba_c86726" xlink:to="label_eba_c86726" />
    <link:loc xlink:type="locator" xlink:href="d_09.01-rend.xml#eba_c86727" xlink:label="loc_eba_c86727" />
    <label:label xlink:type="resource" xlink:label="label_eba_c86727" xml:lang="en" xlink:role="http://www.eurofiling.info/xbrl/role/rc-code">0190</label:label>
    <gen:arc xlink:type="arc" xlink:arcrole="http://xbrl.org/arcrole/2008/element-label" xlink:from="loc_eba_c86727" xlink:to="label_eba_c86727" />
    <label:label xlink:type="resource" xlink:label="label_eba_tD_09.01_1" xml:lang="en" xlink:role="http://www.eurofiling.info/xbrl/role/filing-indicator-code">D_09.01</label:label>
    <gen:arc xlink:type="arc" xlink:arcrole="http://xbrl.org/arcrole/2008/element-label" xlink:from="loc_eba_tD_09.01" xlink:to="label_eba_tD_09.01_1" />
    <label:label xlink:type="resource" xlink:label="label_eba_tD_09.01_2" xml:lang="en" xlink:role="http://www.eba.europa.eu/xbrl/role/dpm-db-id">815.2312</label:label>
    <gen:arc xlink:type="arc" xlink:arcrole="http://xbrl.org/arcrole/2008/element-label" xlink:from="loc_eba_tD_09.01" xlink:to="label_eba_tD_09.01_2" />
    <label:label xlink:type="resource" xlink:label="label_eba_c86686_1" xml:lang="en" xlink:role="http://www.eba.europa.eu/xbrl/role/dpm-db-id">86686</label:label>
    <gen:arc xlink:type="arc" xlink:arcrole="http://xbrl.org/arcrole/2008/element-label" xlink:from="loc_eba_c86686" xlink:to="label_eba_c86686_1" />
    <label:label xlink:type="resource" xlink:label="label_eba_c86687_1" xml:lang="en" xlink:role="http://www.eba.europa.eu/xbrl/role/dpm-db-id">86687</label:label>
    <gen:arc xlink:type="arc" xlink:arcrole="http://xbrl.org/arcrole/2008/element-label" xlink:from="loc_eba_c86687" xlink:to="label_eba_c86687_1" />
    <label:label xlink:type="resource" xlink:label="label_eba_c86688_1" xml:lang="en" xlink:role="http://www.eba.europa.eu/xbrl/role/dpm-db-id">86688</label:label>
    <gen:arc xlink:type="arc" xlink:arcrole="http://xbrl.org/arcrole/2008/element-label" xlink:from="loc_eba_c86688" xlink:to="label_eba_c86688_1" />
    <label:label xlink:type="resource" xlink:label="label_eba_c86689_1" xml:lang="en" xlink:role="http://www.eba.europa.eu/xbrl/role/dpm-db-id">86689</label:label>
    <gen:arc xlink:type="arc" xlink:arcrole="http://xbrl.org/arcrole/2008/element-label" xlink:from="loc_eba_c86689" xlink:to="label_eba_c86689_1" />
    <label:label xlink:type="resource" xlink:label="label_eba_c86690_1" xml:lang="en" xlink:role="http://www.eba.europa.eu/xbrl/role/dpm-db-id">86690</label:label>
    <gen:arc xlink:type="arc" xlink:arcrole="http://xbrl.org/arcrole/2008/element-label" xlink:from="loc_eba_c86690" xlink:to="label_eba_c86690_1" />
    <label:label xlink:type="resource" xlink:label="label_eba_c86691_1" xml:lang="en" xlink:role="http://www.eba.europa.eu/xbrl/role/dpm-db-id">86691</label:label>
    <gen:arc xlink:type="arc" xlink:arcrole="http://xbrl.org/arcrole/2008/element-label" xlink:from="loc_eba_c86691" xlink:to="label_eba_c86691_1" />
    <label:label xlink:type="resource" xlink:label="label_eba_c86692_1" xml:lang="en" xlink:role="http://www.eba.europa.eu/xbrl/role/dpm-db-id">86692</label:label>
    <gen:arc xlink:type="arc" xlink:arcrole="http://xbrl.org/arcrole/2008/element-label" xlink:from="loc_eba_c86692" xlink:to="label_eba_c86692_1" />
    <label:label xlink:type="resource" xlink:label="label_eba_c86693_1" xml:lang="en" xlink:role="http://www.eba.europa.eu/xbrl/role/dpm-db-id">86693</label:label>
    <gen:arc xlink:type="arc" xlink:arcrole="http://xbrl.org/arcrole/2008/element-label" xlink:from="loc_eba_c86693" xlink:to="label_eba_c86693_1" />
    <label:label xlink:type="resource" xlink:label="label_eba_c86694_1" xml:lang="en" xlink:role="http://www.eba.europa.eu/xbrl/role/dpm-db-id">86694</label:label>
    <gen:arc xlink:type="arc" xlink:arcrole="http://xbrl.org/arcrole/2008/element-label" xlink:from="loc_eba_c86694" xlink:to="label_eba_c86694_1" />
    <label:label xlink:type="resource" xlink:label="label_eba_c86695_1" xml:lang="en" xlink:role="http://www.eba.europa.eu/xbrl/role/dpm-db-id">86695</label:label>
    <gen:arc xlink:type="arc" xlink:arcrole="http://xbrl.org/arcrole/2008/element-label" xlink:from="loc_eba_c86695" xlink:to="label_eba_c86695_1" />
    <label:label xlink:type="resource" xlink:label="label_eba_c86696_1" xml:lang="en" xlink:role="http://www.eba.europa.eu/xbrl/role/dpm-db-id">86696</label:label>
    <gen:arc xlink:type="arc" xlink:arcrole="http://xbrl.org/arcrole/2008/element-label" xlink:from="loc_eba_c86696" xlink:to="label_eba_c86696_1" />
    <label:label xlink:type="resource" xlink:label="label_eba_c86697_1" xml:lang="en" xlink:role="http://www.eba.europa.eu/xbrl/role/dpm-db-id">86697</label:label>
    <gen:arc xlink:type="arc" xlink:arcrole="http://xbrl.org/arcrole/2008/element-label" xlink:from="loc_eba_c86697" xlink:to="label_eba_c86697_1" />
    <label:label xlink:type="resource" xlink:label="label_eba_c86698_1" xml:lang="en" xlink:role="http://www.eba.europa.eu/xbrl/role/dpm-db-id">86698</label:label>
    <gen:arc xlink:type="arc" xlink:arcrole="http://xbrl.org/arcrole/2008/element-label" xlink:from="loc_eba_c86698" xlink:to="label_eba_c86698_1" />
    <label:label xlink:type="resource" xlink:label="label_eba_c86699_1" xml:lang="en" xlink:role="http://www.eba.europa.eu/xbrl/role/dpm-db-id">86699</label:label>
    <gen:arc xlink:type="arc" xlink:arcrole="http://xbrl.org/arcrole/2008/element-label" xlink:from="loc_eba_c86699" xlink:to="label_eba_c86699_1" />
    <label:label xlink:type="resource" xlink:label="label_eba_c86700_1" xml:lang="en" xlink:role="http://www.eba.europa.eu/xbrl/role/dpm-db-id">86700</label:label>
    <gen:arc xlink:type="arc" xlink:arcrole="http://xbrl.org/arcrole/2008/element-label" xlink:from="loc_eba_c86700" xlink:to="label_eba_c86700_1" />
    <label:label xlink:type="resource" xlink:label="label_eba_c86701_1" xml:lang="en" xlink:role="http://www.eba.europa.eu/xbrl/role/dpm-db-id">86701</label:label>
    <gen:arc xlink:type="arc" xlink:arcrole="http://xbrl.org/arcrole/2008/element-label" xlink:from="loc_eba_c86701" xlink:to="label_eba_c86701_1" />
    <label:label xlink:type="resource" xlink:label="label_eba_c86702_1" xml:lang="en" xlink:role="http://www.eba.europa.eu/xbrl/role/dpm-db-id">86702</label:label>
    <gen:arc xlink:type="arc" xlink:arcrole="http://xbrl.org/arcrole/2008/element-label" xlink:from="loc_eba_c86702" xlink:to="label_eba_c86702_1" />
    <label:label xlink:type="resource" xlink:label="label_eba_c86703_1" xml:lang="en" xlink:role="http://www.eba.europa.eu/xbrl/role/dpm-db-id">86703</label:label>
    <gen:arc xlink:type="arc" xlink:arcrole="http://xbrl.org/arcrole/2008/element-label" xlink:from="loc_eba_c86703" xlink:to="label_eba_c86703_1" />
    <label:label xlink:type="resource" xlink:label="label_eba_c86704_1" xml:lang="en" xlink:role="http://www.eba.europa.eu/xbrl/role/dpm-db-id">86704</label:label>
    <gen:arc xlink:type="arc" xlink:arcrole="http://xbrl.org/arcrole/2008/element-label" xlink:from="loc_eba_c86704" xlink:to="label_eba_c86704_1" />
    <label:label xlink:type="resource" xlink:label="label_eba_c86705_1" xml:lang="en" xlink:role="http://www.eba.europa.eu/xbrl/role/dpm-db-id">86705</label:label>
    <gen:arc xlink:type="arc" xlink:arcrole="http://xbrl.org/arcrole/2008/element-label" xlink:from="loc_eba_c86705" xlink:to="label_eba_c86705_1" />
    <label:label xlink:type="resource" xlink:label="label_eba_c86706_1" xml:lang="en" xlink:role="http://www.eba.europa.eu/xbrl/role/dpm-db-id">86706</label:label>
    <gen:arc xlink:type="arc" xlink:arcrole="http://xbrl.org/arcrole/2008/element-label" xlink:from="loc_eba_c86706" xlink:to="label_eba_c86706_1" />
    <label:label xlink:type="resource" xlink:label="label_eba_c86707_1" xml:lang="en" xlink:role="http://www.eba.europa.eu/xbrl/role/dpm-db-id">86707</label:label>
    <gen:arc xlink:type="arc" xlink:arcrole="http://xbrl.org/arcrole/2008/element-label" xlink:from="loc_eba_c86707" xlink:to="label_eba_c86707_1" />
    <label:label xlink:type="resource" xlink:label="label_eba_c86708_1" xml:lang="en" xlink:role="http://www.eba.europa.eu/xbrl/role/dpm-db-id">86708</label:label>
    <gen:arc xlink:type="arc" xlink:arcrole="http://xbrl.org/arcrole/2008/element-label" xlink:from="loc_eba_c86708" xlink:to="label_eba_c86708_1" />
    <label:label xlink:type="resource" xlink:label="label_eba_c86709_1" xml:lang="en" xlink:role="http://www.eba.europa.eu/xbrl/role/dpm-db-id">86709</label:label>
    <gen:arc xlink:type="arc" xlink:arcrole="http://xbrl.org/arcrole/2008/element-label" xlink:from="loc_eba_c86709" xlink:to="label_eba_c86709_1" />
    <label:label xlink:type="resource" xlink:label="label_eba_c86710_1" xml:lang="en" xlink:role="http://www.eba.europa.eu/xbrl/role/dpm-db-id">86710</label:label>
    <gen:arc xlink:type="arc" xlink:arcrole="http://xbrl.org/arcrole/2008/element-label" xlink:from="loc_eba_c86710" xlink:to="label_eba_c86710_1" />
    <label:label xlink:type="resource" xlink:label="label_eba_c86711_1" xml:lang="en" xlink:role="http://www.eba.europa.eu/xbrl/role/dpm-db-id">86711</label:label>
    <gen:arc xlink:type="arc" xlink:arcrole="http://xbrl.org/arcrole/2008/element-label" xlink:from="loc_eba_c86711" xlink:to="label_eba_c86711_1" />
    <label:label xlink:type="resource" xlink:label="label_eba_c86712_1" xml:lang="en" xlink:role="http://www.eba.europa.eu/xbrl/role/dpm-db-id">86712</label:label>
    <gen:arc xlink:type="arc" xlink:arcrole="http://xbrl.org/arcrole/2008/element-label" xlink:from="loc_eba_c86712" xlink:to="label_eba_c86712_1" />
    <label:label xlink:type="resource" xlink:label="label_eba_c86713_1" xml:lang="en" xlink:role="http://www.eba.europa.eu/xbrl/role/dpm-db-id">86713</label:label>
    <gen:arc xlink:type="arc" xlink:arcrole="http://xbrl.org/arcrole/2008/element-label" xlink:from="loc_eba_c86713" xlink:to="label_eba_c86713_1" />
    <label:label xlink:type="resource" xlink:label="label_eba_c86714_1" xml:lang="en" xlink:role="http://www.eba.europa.eu/xbrl/role/dpm-db-id">86714</label:label>
    <gen:arc xlink:type="arc" xlink:arcrole="http://xbrl.org/arcrole/2008/element-label" xlink:from="loc_eba_c86714" xlink:to="label_eba_c86714_1" />
    <label:label xlink:type="resource" xlink:label="label_eba_c86715_1" xml:lang="en" xlink:role="http://www.eba.europa.eu/xbrl/role/dpm-db-id">86715</label:label>
    <gen:arc xlink:type="arc" xlink:arcrole="http://xbrl.org/arcrole/2008/element-label" xlink:from="loc_eba_c86715" xlink:to="label_eba_c86715_1" />
    <label:label xlink:type="resource" xlink:label="label_eba_c86716_1" xml:lang="en" xlink:role="http://www.eba.europa.eu/xbrl/role/dpm-db-id">86716</label:label>
    <gen:arc xlink:type="arc" xlink:arcrole="http://xbrl.org/arcrole/2008/element-label" xlink:from="loc_eba_c86716" xlink:to="label_eba_c86716_1" />
    <label:label xlink:type="resource" xlink:label="label_eba_c86717_1" xml:lang="en" xlink:role="http://www.eba.europa.eu/xbrl/role/dpm-db-id">86717</label:label>
    <gen:arc xlink:type="arc" xlink:arcrole="http://xbrl.org/arcrole/2008/element-label" xlink:from="loc_eba_c86717" xlink:to="label_eba_c86717_1" />
    <label:label xlink:type="resource" xlink:label="label_eba_c86718_1" xml:lang="en" xlink:role="http://www.eba.europa.eu/xbrl/role/dpm-db-id">86718</label:label>
    <gen:arc xlink:type="arc" xlink:arcrole="http://xbrl.org/arcrole/2008/element-label" xlink:from="loc_eba_c86718" xlink:to="label_eba_c86718_1" />
    <label:label xlink:type="resource" xlink:label="label_eba_c86719_1" xml:lang="en" xlink:role="http://www.eba.europa.eu/xbrl/role/dpm-db-id">86719</label:label>
    <gen:arc xlink:type="arc" xlink:arcrole="http://xbrl.org/arcrole/2008/element-label" xlink:from="loc_eba_c86719" xlink:to="label_eba_c86719_1" />
    <label:label xlink:type="resource" xlink:label="label_eba_c86720_1" xml:lang="en" xlink:role="http://www.eba.europa.eu/xbrl/role/dpm-db-id">86720</label:label>
    <gen:arc xlink:type="arc" xlink:arcrole="http://xbrl.org/arcrole/2008/element-label" xlink:from="loc_eba_c86720" xlink:to="label_eba_c86720_1" />
    <label:label xlink:type="resource" xlink:label="label_eba_c86721_1" xml:lang="en" xlink:role="http://www.eba.europa.eu/xbrl/role/dpm-db-id">86721</label:label>
    <gen:arc xlink:type="arc" xlink:arcrole="http://xbrl.org/arcrole/2008/element-label" xlink:from="loc_eba_c86721" xlink:to="label_eba_c86721_1" />
    <label:label xlink:type="resource" xlink:label="label_eba_c86722_1" xml:lang="en" xlink:role="http://www.eba.europa.eu/xbrl/role/dpm-db-id">86722</label:label>
    <gen:arc xlink:type="arc" xlink:arcrole="http://xbrl.org/arcrole/2008/element-label" xlink:from="loc_eba_c86722" xlink:to="label_eba_c86722_1" />
    <label:label xlink:type="resource" xlink:label="label_eba_c86723_1" xml:lang="en" xlink:role="http://www.eba.europa.eu/xbrl/role/dpm-db-id">86723</label:label>
    <gen:arc xlink:type="arc" xlink:arcrole="http://xbrl.org/arcrole/2008/element-label" xlink:from="loc_eba_c86723" xlink:to="label_eba_c86723_1" />
    <label:label xlink:type="resource" xlink:label="label_eba_c86724_1" xml:lang="en" xlink:role="http://www.eba.europa.eu/xbrl/role/dpm-db-id">86724</label:label>
    <gen:arc xlink:type="arc" xlink:arcrole="http://xbrl.org/arcrole/2008/element-label" xlink:from="loc_eba_c86724" xlink:to="label_eba_c86724_1" />
    <label:label xlink:type="resource" xlink:label="label_eba_c86725_1" xml:lang="en" xlink:role="http://www.eba.europa.eu/xbrl/role/dpm-db-id">86725</label:label>
    <gen:arc xlink:type="arc" xlink:arcrole="http://xbrl.org/arcrole/2008/element-label" xlink:from="loc_eba_c86725" xlink:to="label_eba_c86725_1" />
    <label:label xlink:type="resource" xlink:label="label_eba_c86726_1" xml:lang="en" xlink:role="http://www.eba.europa.eu/xbrl/role/dpm-db-id">86726</label:label>
    <gen:arc xlink:type="arc" xlink:arcrole="http://xbrl.org/arcrole/2008/element-label" xlink:from="loc_eba_c86726" xlink:to="label_eba_c86726_1" />
    <label:label xlink:type="resource" xlink:label="label_eba_c86727_1" xml:lang="en" xlink:role="http://www.eba.europa.eu/xbrl/role/dpm-db-id">86727</label:label>
    <gen:arc xlink:type="arc" xlink:arcrole="http://xbrl.org/arcrole/2008/element-label" xlink:from="loc_eba_c86727" xlink:to="label_eba_c86727_1" />
  </gen:link>
</link:linkbase>