﻿<?xml version="1.0" encoding="utf-8"?>
<?taxonomy-version 1.0.0.0 ?>  <?taxonomy-set-overall-version 3.3.0.0 ?>
<!--(C) EBA-->
<link:linkbase xmlns:xsi="http://www.w3.org/2001/XMLSchema-instance" xmlns:xlink="http://www.w3.org/1999/xlink" xmlns:link="http://www.xbrl.org/2003/linkbase" xmlns:gen="http://xbrl.org/2008/generic" xmlns:label="http://xbrl.org/2008/label" xsi:schemaLocation="http://www.xbrl.org/2003/linkbase http://www.xbrl.org/2003/xbrl-linkbase-2003-12-31.xsd http://xbrl.org/2008/generic http://www.xbrl.org/2008/generic-link.xsd http://xbrl.org/2008/label http://www.xbrl.org/2008/generic-label.xsd">
  <link:arcroleRef arcroleURI="http://xbrl.org/arcrole/2008/element-label" xlink:type="simple" xlink:href="http://www.xbrl.org/2008/generic-label.xsd#element-label" />
  <link:roleRef roleURI="http://www.xbrl.org/2008/role/label" xlink:type="simple" xlink:href="http://www.xbrl.org/2008/generic-label.xsd#standard-label" />
  <link:roleRef roleURI="http://www.xbrl.org/2008/role/verboseLabel" xlink:type="simple" xlink:href="http://www.xbrl.org/2008/generic-label.xsd#verbose-label" />
  <gen:link xlink:type="extended" xlink:role="http://www.xbrl.org/2003/role/link">
    <link:loc xlink:type="locator" xlink:href="d_09.01-rend.xml#eba_tD_09.01" xlink:label="loc_eba_tD_09.01" />
    <label:label xlink:type="resource" xlink:label="label_eba_tD_09.01" xml:lang="en" xlink:role="http://www.xbrl.org/2008/role/label">D 09.01</label:label>
    <gen:arc xlink:type="arc" xlink:arcrole="http://xbrl.org/arcrole/2008/element-label" xlink:from="loc_eba_tD_09.01" xlink:to="label_eba_tD_09.01" />
    <label:label xlink:type="resource" xlink:label="label_eba_tD_09.01_1" xml:lang="en" xlink:role="http://www.xbrl.org/2008/role/verboseLabel">D 09.01 Mitigating actions: Assets for the calculation of BTAR</label:label>
    <gen:arc xlink:type="arc" xlink:arcrole="http://xbrl.org/arcrole/2008/element-label" xlink:from="loc_eba_tD_09.01" xlink:to="label_eba_tD_09.01_1" />
    <link:loc xlink:type="locator" xlink:href="d_09.01-rend.xml#eba_a1" xlink:label="loc_eba_a1" />
    <label:label xlink:type="resource" xlink:label="label_eba_a1" xml:lang="en" xlink:role="http://www.xbrl.org/2008/role/label">Columns</label:label>
    <gen:arc xlink:type="arc" xlink:arcrole="http://xbrl.org/arcrole/2008/element-label" xlink:from="loc_eba_a1" xlink:to="label_eba_a1" />
    <link:loc xlink:type="locator" xlink:href="d_09.01-rend.xml#eba_c86686" xlink:label="loc_eba_c86686" />
    <label:label xlink:type="resource" xlink:label="label_eba_c86686" xml:lang="en" xlink:role="http://www.xbrl.org/2008/role/label">Disclosure reference date T</label:label>
    <gen:arc xlink:type="arc" xlink:arcrole="http://xbrl.org/arcrole/2008/element-label" xlink:from="loc_eba_c86686" xlink:to="label_eba_c86686" />
    <link:loc xlink:type="locator" xlink:href="d_09.01-rend.xml#eba_c86687" xlink:label="loc_eba_c86687" />
    <label:label xlink:type="resource" xlink:label="label_eba_c86687" xml:lang="en" xlink:role="http://www.xbrl.org/2008/role/label">Total gross carrying amount</label:label>
    <gen:arc xlink:type="arc" xlink:arcrole="http://xbrl.org/arcrole/2008/element-label" xlink:from="loc_eba_c86687" xlink:to="label_eba_c86687" />
    <link:loc xlink:type="locator" xlink:href="d_09.01-rend.xml#eba_c86688" xlink:label="loc_eba_c86688" />
    <label:label xlink:type="resource" xlink:label="label_eba_c86688" xml:lang="en" xlink:role="http://www.xbrl.org/2008/role/label">Climate Change Mitigation (CCM)</label:label>
    <gen:arc xlink:type="arc" xlink:arcrole="http://xbrl.org/arcrole/2008/element-label" xlink:from="loc_eba_c86688" xlink:to="label_eba_c86688" />
    <link:loc xlink:type="locator" xlink:href="d_09.01-rend.xml#eba_c86689" xlink:label="loc_eba_c86689" />
    <label:label xlink:type="resource" xlink:label="label_eba_c86689" xml:lang="en" xlink:role="http://www.xbrl.org/2008/role/label">Of which towards taxonomy relevant sectors (Taxonomy-eligible)</label:label>
    <gen:arc xlink:type="arc" xlink:arcrole="http://xbrl.org/arcrole/2008/element-label" xlink:from="loc_eba_c86689" xlink:to="label_eba_c86689" />
    <link:loc xlink:type="locator" xlink:href="d_09.01-rend.xml#eba_c86690" xlink:label="loc_eba_c86690" />
    <label:label xlink:type="resource" xlink:label="label_eba_c86690" xml:lang="en" xlink:role="http://www.xbrl.org/2008/role/label">Of which environmentally sustainable (Taxonomy-aligned)</label:label>
    <gen:arc xlink:type="arc" xlink:arcrole="http://xbrl.org/arcrole/2008/element-label" xlink:from="loc_eba_c86690" xlink:to="label_eba_c86690" />
    <link:loc xlink:type="locator" xlink:href="d_09.01-rend.xml#eba_c86691" xlink:label="loc_eba_c86691" />
    <label:label xlink:type="resource" xlink:label="label_eba_c86691" xml:lang="en" xlink:role="http://www.xbrl.org/2008/role/label">Of which specialised lending</label:label>
    <gen:arc xlink:type="arc" xlink:arcrole="http://xbrl.org/arcrole/2008/element-label" xlink:from="loc_eba_c86691" xlink:to="label_eba_c86691" />
    <link:loc xlink:type="locator" xlink:href="d_09.01-rend.xml#eba_c86692" xlink:label="loc_eba_c86692" />
    <label:label xlink:type="resource" xlink:label="label_eba_c86692" xml:lang="en" xlink:role="http://www.xbrl.org/2008/role/label">Of which transitional</label:label>
    <gen:arc xlink:type="arc" xlink:arcrole="http://xbrl.org/arcrole/2008/element-label" xlink:from="loc_eba_c86692" xlink:to="label_eba_c86692" />
    <link:loc xlink:type="locator" xlink:href="d_09.01-rend.xml#eba_c86693" xlink:label="loc_eba_c86693" />
    <label:label xlink:type="resource" xlink:label="label_eba_c86693" xml:lang="en" xlink:role="http://www.xbrl.org/2008/role/label">Of which enabling</label:label>
    <gen:arc xlink:type="arc" xlink:arcrole="http://xbrl.org/arcrole/2008/element-label" xlink:from="loc_eba_c86693" xlink:to="label_eba_c86693" />
    <link:loc xlink:type="locator" xlink:href="d_09.01-rend.xml#eba_c86694" xlink:label="loc_eba_c86694" />
    <label:label xlink:type="resource" xlink:label="label_eba_c86694" xml:lang="en" xlink:role="http://www.xbrl.org/2008/role/label">Climate Change Adaptation (CCA)</label:label>
    <gen:arc xlink:type="arc" xlink:arcrole="http://xbrl.org/arcrole/2008/element-label" xlink:from="loc_eba_c86694" xlink:to="label_eba_c86694" />
    <link:loc xlink:type="locator" xlink:href="d_09.01-rend.xml#eba_c86695" xlink:label="loc_eba_c86695" />
    <label:label xlink:type="resource" xlink:label="label_eba_c86695" xml:lang="en" xlink:role="http://www.xbrl.org/2008/role/label">Of which towards taxonomy relevant sectors (Taxonomy-eligible)</label:label>
    <gen:arc xlink:type="arc" xlink:arcrole="http://xbrl.org/arcrole/2008/element-label" xlink:from="loc_eba_c86695" xlink:to="label_eba_c86695" />
    <link:loc xlink:type="locator" xlink:href="d_09.01-rend.xml#eba_c86696" xlink:label="loc_eba_c86696" />
    <label:label xlink:type="resource" xlink:label="label_eba_c86696" xml:lang="en" xlink:role="http://www.xbrl.org/2008/role/label">Of which environmentally sustainable (Taxonomy-aligned)</label:label>
    <gen:arc xlink:type="arc" xlink:arcrole="http://xbrl.org/arcrole/2008/element-label" xlink:from="loc_eba_c86696" xlink:to="label_eba_c86696" />
    <link:loc xlink:type="locator" xlink:href="d_09.01-rend.xml#eba_c86697" xlink:label="loc_eba_c86697" />
    <label:label xlink:type="resource" xlink:label="label_eba_c86697" xml:lang="en" xlink:role="http://www.xbrl.org/2008/role/label">Of which specialised lending</label:label>
    <gen:arc xlink:type="arc" xlink:arcrole="http://xbrl.org/arcrole/2008/element-label" xlink:from="loc_eba_c86697" xlink:to="label_eba_c86697" />
    <link:loc xlink:type="locator" xlink:href="d_09.01-rend.xml#eba_c86698" xlink:label="loc_eba_c86698" />
    <label:label xlink:type="resource" xlink:label="label_eba_c86698" xml:lang="en" xlink:role="http://www.xbrl.org/2008/role/label">Of which adaptation</label:label>
    <gen:arc xlink:type="arc" xlink:arcrole="http://xbrl.org/arcrole/2008/element-label" xlink:from="loc_eba_c86698" xlink:to="label_eba_c86698" />
    <link:loc xlink:type="locator" xlink:href="d_09.01-rend.xml#eba_c86699" xlink:label="loc_eba_c86699" />
    <label:label xlink:type="resource" xlink:label="label_eba_c86699" xml:lang="en" xlink:role="http://www.xbrl.org/2008/role/label">Of which enabling</label:label>
    <gen:arc xlink:type="arc" xlink:arcrole="http://xbrl.org/arcrole/2008/element-label" xlink:from="loc_eba_c86699" xlink:to="label_eba_c86699" />
    <link:loc xlink:type="locator" xlink:href="d_09.01-rend.xml#eba_c86700" xlink:label="loc_eba_c86700" />
    <label:label xlink:type="resource" xlink:label="label_eba_c86700" xml:lang="en" xlink:role="http://www.xbrl.org/2008/role/label">TOTAL (CCM + CCA)</label:label>
    <gen:arc xlink:type="arc" xlink:arcrole="http://xbrl.org/arcrole/2008/element-label" xlink:from="loc_eba_c86700" xlink:to="label_eba_c86700" />
    <link:loc xlink:type="locator" xlink:href="d_09.01-rend.xml#eba_c86701" xlink:label="loc_eba_c86701" />
    <label:label xlink:type="resource" xlink:label="label_eba_c86701" xml:lang="en" xlink:role="http://www.xbrl.org/2008/role/label">Of which towards taxonomy relevant sectors (Taxonomy-eligible)</label:label>
    <gen:arc xlink:type="arc" xlink:arcrole="http://xbrl.org/arcrole/2008/element-label" xlink:from="loc_eba_c86701" xlink:to="label_eba_c86701" />
    <link:loc xlink:type="locator" xlink:href="d_09.01-rend.xml#eba_c86702" xlink:label="loc_eba_c86702" />
    <label:label xlink:type="resource" xlink:label="label_eba_c86702" xml:lang="en" xlink:role="http://www.xbrl.org/2008/role/label">Of which environmentally sustainable (Taxonomy-aligned)</label:label>
    <gen:arc xlink:type="arc" xlink:arcrole="http://xbrl.org/arcrole/2008/element-label" xlink:from="loc_eba_c86702" xlink:to="label_eba_c86702" />
    <link:loc xlink:type="locator" xlink:href="d_09.01-rend.xml#eba_c86703" xlink:label="loc_eba_c86703" />
    <label:label xlink:type="resource" xlink:label="label_eba_c86703" xml:lang="en" xlink:role="http://www.xbrl.org/2008/role/label">Of which specialised lending</label:label>
    <gen:arc xlink:type="arc" xlink:arcrole="http://xbrl.org/arcrole/2008/element-label" xlink:from="loc_eba_c86703" xlink:to="label_eba_c86703" />
    <link:loc xlink:type="locator" xlink:href="d_09.01-rend.xml#eba_c86704" xlink:label="loc_eba_c86704" />
    <label:label xlink:type="resource" xlink:label="label_eba_c86704" xml:lang="en" xlink:role="http://www.xbrl.org/2008/role/label">Of which transitional/adaptation</label:label>
    <gen:arc xlink:type="arc" xlink:arcrole="http://xbrl.org/arcrole/2008/element-label" xlink:from="loc_eba_c86704" xlink:to="label_eba_c86704" />
    <link:loc xlink:type="locator" xlink:href="d_09.01-rend.xml#eba_c86705" xlink:label="loc_eba_c86705" />
    <label:label xlink:type="resource" xlink:label="label_eba_c86705" xml:lang="en" xlink:role="http://www.xbrl.org/2008/role/label">Of which enabling</label:label>
    <gen:arc xlink:type="arc" xlink:arcrole="http://xbrl.org/arcrole/2008/element-label" xlink:from="loc_eba_c86705" xlink:to="label_eba_c86705" />
    <link:loc xlink:type="locator" xlink:href="d_09.01-rend.xml#eba_a2" xlink:label="loc_eba_a2" />
    <label:label xlink:type="resource" xlink:label="label_eba_a2" xml:lang="en" xlink:role="http://www.xbrl.org/2008/role/label">Rows</label:label>
    <gen:arc xlink:type="arc" xlink:arcrole="http://xbrl.org/arcrole/2008/element-label" xlink:from="loc_eba_a2" xlink:to="label_eba_a2" />
    <link:loc xlink:type="locator" xlink:href="d_09.01-rend.xml#eba_c86706" xlink:label="loc_eba_c86706" />
    <label:label xlink:type="resource" xlink:label="label_eba_c86706" xml:lang="en" xlink:role="http://www.xbrl.org/2008/role/label">Total GAR Assets</label:label>
    <gen:arc xlink:type="arc" xlink:arcrole="http://xbrl.org/arcrole/2008/element-label" xlink:from="loc_eba_c86706" xlink:to="label_eba_c86706" />
    <link:loc xlink:type="locator" xlink:href="d_09.01-rend.xml#eba_c86707" xlink:label="loc_eba_c86707" />
    <label:label xlink:type="resource" xlink:label="label_eba_c86707" xml:lang="en" xlink:role="http://www.xbrl.org/2008/role/label">Assets excluded from the numerator for GAR calculation (covered in the denominator) but included in the numerator and denominator of the BTAR</label:label>
    <gen:arc xlink:type="arc" xlink:arcrole="http://xbrl.org/arcrole/2008/element-label" xlink:from="loc_eba_c86707" xlink:to="label_eba_c86707" />
    <link:loc xlink:type="locator" xlink:href="d_09.01-rend.xml#eba_c86708" xlink:label="loc_eba_c86708" />
    <label:label xlink:type="resource" xlink:label="label_eba_c86708" xml:lang="en" xlink:role="http://www.xbrl.org/2008/role/label">EU Non-financial corporations (not subject to NFRD disclosure obligations)</label:label>
    <gen:arc xlink:type="arc" xlink:arcrole="http://xbrl.org/arcrole/2008/element-label" xlink:from="loc_eba_c86708" xlink:to="label_eba_c86708" />
    <link:loc xlink:type="locator" xlink:href="d_09.01-rend.xml#eba_c86709" xlink:label="loc_eba_c86709" />
    <label:label xlink:type="resource" xlink:label="label_eba_c86709" xml:lang="en" xlink:role="http://www.xbrl.org/2008/role/label">Loans and advances</label:label>
    <gen:arc xlink:type="arc" xlink:arcrole="http://xbrl.org/arcrole/2008/element-label" xlink:from="loc_eba_c86709" xlink:to="label_eba_c86709" />
    <link:loc xlink:type="locator" xlink:href="d_09.01-rend.xml#eba_c86710" xlink:label="loc_eba_c86710" />
    <label:label xlink:type="resource" xlink:label="label_eba_c86710" xml:lang="en" xlink:role="http://www.xbrl.org/2008/role/label">Of which loans collateralised by commercial immovable property</label:label>
    <gen:arc xlink:type="arc" xlink:arcrole="http://xbrl.org/arcrole/2008/element-label" xlink:from="loc_eba_c86710" xlink:to="label_eba_c86710" />
    <link:loc xlink:type="locator" xlink:href="d_09.01-rend.xml#eba_c86711" xlink:label="loc_eba_c86711" />
    <label:label xlink:type="resource" xlink:label="label_eba_c86711" xml:lang="en" xlink:role="http://www.xbrl.org/2008/role/label">Of which building renovation loans</label:label>
    <gen:arc xlink:type="arc" xlink:arcrole="http://xbrl.org/arcrole/2008/element-label" xlink:from="loc_eba_c86711" xlink:to="label_eba_c86711" />
    <link:loc xlink:type="locator" xlink:href="d_09.01-rend.xml#eba_c86712" xlink:label="loc_eba_c86712" />
    <label:label xlink:type="resource" xlink:label="label_eba_c86712" xml:lang="en" xlink:role="http://www.xbrl.org/2008/role/label">Debt securities</label:label>
    <gen:arc xlink:type="arc" xlink:arcrole="http://xbrl.org/arcrole/2008/element-label" xlink:from="loc_eba_c86712" xlink:to="label_eba_c86712" />
    <link:loc xlink:type="locator" xlink:href="d_09.01-rend.xml#eba_c86713" xlink:label="loc_eba_c86713" />
    <label:label xlink:type="resource" xlink:label="label_eba_c86713" xml:lang="en" xlink:role="http://www.xbrl.org/2008/role/label">Equity instruments</label:label>
    <gen:arc xlink:type="arc" xlink:arcrole="http://xbrl.org/arcrole/2008/element-label" xlink:from="loc_eba_c86713" xlink:to="label_eba_c86713" />
    <link:loc xlink:type="locator" xlink:href="d_09.01-rend.xml#eba_c86714" xlink:label="loc_eba_c86714" />
    <label:label xlink:type="resource" xlink:label="label_eba_c86714" xml:lang="en" xlink:role="http://www.xbrl.org/2008/role/label">Non-EU Non-financial corporations (not subject to NFRD disclosure obligations)</label:label>
    <gen:arc xlink:type="arc" xlink:arcrole="http://xbrl.org/arcrole/2008/element-label" xlink:from="loc_eba_c86714" xlink:to="label_eba_c86714" />
    <link:loc xlink:type="locator" xlink:href="d_09.01-rend.xml#eba_c86715" xlink:label="loc_eba_c86715" />
    <label:label xlink:type="resource" xlink:label="label_eba_c86715" xml:lang="en" xlink:role="http://www.xbrl.org/2008/role/label">Loans and advances</label:label>
    <gen:arc xlink:type="arc" xlink:arcrole="http://xbrl.org/arcrole/2008/element-label" xlink:from="loc_eba_c86715" xlink:to="label_eba_c86715" />
    <link:loc xlink:type="locator" xlink:href="d_09.01-rend.xml#eba_c86716" xlink:label="loc_eba_c86716" />
    <label:label xlink:type="resource" xlink:label="label_eba_c86716" xml:lang="en" xlink:role="http://www.xbrl.org/2008/role/label">Debt securities</label:label>
    <gen:arc xlink:type="arc" xlink:arcrole="http://xbrl.org/arcrole/2008/element-label" xlink:from="loc_eba_c86716" xlink:to="label_eba_c86716" />
    <link:loc xlink:type="locator" xlink:href="d_09.01-rend.xml#eba_c86717" xlink:label="loc_eba_c86717" />
    <label:label xlink:type="resource" xlink:label="label_eba_c86717" xml:lang="en" xlink:role="http://www.xbrl.org/2008/role/label">Equity instruments</label:label>
    <gen:arc xlink:type="arc" xlink:arcrole="http://xbrl.org/arcrole/2008/element-label" xlink:from="loc_eba_c86717" xlink:to="label_eba_c86717" />
    <link:loc xlink:type="locator" xlink:href="d_09.01-rend.xml#eba_c86718" xlink:label="loc_eba_c86718" />
    <label:label xlink:type="resource" xlink:label="label_eba_c86718" xml:lang="en" xlink:role="http://www.xbrl.org/2008/role/label">TOTAL BTAR ASSETS</label:label>
    <gen:arc xlink:type="arc" xlink:arcrole="http://xbrl.org/arcrole/2008/element-label" xlink:from="loc_eba_c86718" xlink:to="label_eba_c86718" />
    <link:loc xlink:type="locator" xlink:href="d_09.01-rend.xml#eba_c86719" xlink:label="loc_eba_c86719" />
    <label:label xlink:type="resource" xlink:label="label_eba_c86719" xml:lang="en" xlink:role="http://www.xbrl.org/2008/role/label">Assets excluded from the numerator of BTAR (covered in the denominator)</label:label>
    <gen:arc xlink:type="arc" xlink:arcrole="http://xbrl.org/arcrole/2008/element-label" xlink:from="loc_eba_c86719" xlink:to="label_eba_c86719" />
    <link:loc xlink:type="locator" xlink:href="d_09.01-rend.xml#eba_c86720" xlink:label="loc_eba_c86720" />
    <label:label xlink:type="resource" xlink:label="label_eba_c86720" xml:lang="en" xlink:role="http://www.xbrl.org/2008/role/label">Derivatives</label:label>
    <gen:arc xlink:type="arc" xlink:arcrole="http://xbrl.org/arcrole/2008/element-label" xlink:from="loc_eba_c86720" xlink:to="label_eba_c86720" />
    <link:loc xlink:type="locator" xlink:href="d_09.01-rend.xml#eba_c86721" xlink:label="loc_eba_c86721" />
    <label:label xlink:type="resource" xlink:label="label_eba_c86721" xml:lang="en" xlink:role="http://www.xbrl.org/2008/role/label">On demand interbank loans</label:label>
    <gen:arc xlink:type="arc" xlink:arcrole="http://xbrl.org/arcrole/2008/element-label" xlink:from="loc_eba_c86721" xlink:to="label_eba_c86721" />
    <link:loc xlink:type="locator" xlink:href="d_09.01-rend.xml#eba_c86722" xlink:label="loc_eba_c86722" />
    <label:label xlink:type="resource" xlink:label="label_eba_c86722" xml:lang="en" xlink:role="http://www.xbrl.org/2008/role/label">Cash and cash-related assets</label:label>
    <gen:arc xlink:type="arc" xlink:arcrole="http://xbrl.org/arcrole/2008/element-label" xlink:from="loc_eba_c86722" xlink:to="label_eba_c86722" />
    <link:loc xlink:type="locator" xlink:href="d_09.01-rend.xml#eba_c86723" xlink:label="loc_eba_c86723" />
    <label:label xlink:type="resource" xlink:label="label_eba_c86723" xml:lang="en" xlink:role="http://www.xbrl.org/2008/role/label">Other assets (e.g. Goodwill, commodities etc.)</label:label>
    <gen:arc xlink:type="arc" xlink:arcrole="http://xbrl.org/arcrole/2008/element-label" xlink:from="loc_eba_c86723" xlink:to="label_eba_c86723" />
    <link:loc xlink:type="locator" xlink:href="d_09.01-rend.xml#eba_c86724" xlink:label="loc_eba_c86724" />
    <label:label xlink:type="resource" xlink:label="label_eba_c86724" xml:lang="en" xlink:role="http://www.xbrl.org/2008/role/label">TOTAL ASSETS IN THE DENOMINATOR</label:label>
    <gen:arc xlink:type="arc" xlink:arcrole="http://xbrl.org/arcrole/2008/element-label" xlink:from="loc_eba_c86724" xlink:to="label_eba_c86724" />
    <link:loc xlink:type="locator" xlink:href="d_09.01-rend.xml#eba_c86725" xlink:label="loc_eba_c86725" />
    <label:label xlink:type="resource" xlink:label="label_eba_c86725" xml:lang="en" xlink:role="http://www.xbrl.org/2008/role/label">Other assets excluded from both the numerator and denominator for BTAR calculation</label:label>
    <gen:arc xlink:type="arc" xlink:arcrole="http://xbrl.org/arcrole/2008/element-label" xlink:from="loc_eba_c86725" xlink:to="label_eba_c86725" />
    <link:loc xlink:type="locator" xlink:href="d_09.01-rend.xml#eba_c86726" xlink:label="loc_eba_c86726" />
    <label:label xlink:type="resource" xlink:label="label_eba_c86726" xml:lang="en" xlink:role="http://www.xbrl.org/2008/role/label">TOTAL ASSETS EXCLUDED FROM NUMERATOR AND DENOMINATOR</label:label>
    <gen:arc xlink:type="arc" xlink:arcrole="http://xbrl.org/arcrole/2008/element-label" xlink:from="loc_eba_c86726" xlink:to="label_eba_c86726" />
    <link:loc xlink:type="locator" xlink:href="d_09.01-rend.xml#eba_c86727" xlink:label="loc_eba_c86727" />
    <label:label xlink:type="resource" xlink:label="label_eba_c86727" xml:lang="en" xlink:role="http://www.xbrl.org/2008/role/label">TOTAL ASSETS</label:label>
    <gen:arc xlink:type="arc" xlink:arcrole="http://xbrl.org/arcrole/2008/element-label" xlink:from="loc_eba_c86727" xlink:to="label_eba_c86727" />
  </gen:link>
</link:linkbase>