{
    "documentInfo": {
        "documentType": "https://xbrl.org/CR/2021-02-03/xbrl-csv",
        "namespaces": {
            "eba": "http://www.eba.europa.eu",
            "eba_AP": "http://www.eba.europa.eu/xbrl/crr/dict/dom/AP",
            "eba_BA": "http://www.eba.europa.eu/xbrl/crr/dict/dom/BA",
            "eba_CT": "http://www.eba.europa.eu/xbrl/crr/dict/dom/CT",
            "eba_EA": "http://www.eba.europa.eu/xbrl/crr/dict/dom/EA",
            "eba_EC": "http://www.eba.europa.eu/xbrl/crr/dict/dom/EC",
            "eba_GA": "http://www.eba.europa.eu/xbrl/crr/dict/dom/GA",
            "eba_MC": "http://www.eba.europa.eu/xbrl/crr/dict/dom/MC",
            "eba_PL": "http://www.eba.europa.eu/xbrl/crr/dict/dom/PL",
            "eba_PU": "http://www.eba.europa.eu/xbrl/crr/dict/dom/PU",
            "eba_dim": "http://www.eba.europa.eu/xbrl/crr/dict/dim",
            "eba_met": "http://www.eba.europa.eu/xbrl/crr/dict/met"
        }
    },
    "tableTemplates": {
        "D_09-02-b": {
            "columns": {
                "datapoint": {
                    "propertyGroups": {
                        "dp472500": {
                            "decimals": "$decimalsPercentage",
                            "dimensions": {
                                "concept": "eba_met:pi950",
                                "eba_dim:APL": "eba_PL:x772",
                                "eba_dim:BAS": "eba_BA:x17",
                                "eba_dim:CPS": "eba_CT:x20",
                                "eba_dim:CPY": "eba_CT:x642",
                                "eba_dim:EAQ": "eba_EA:x21",
                                "eba_dim:EAW": "eba_EA:x24",
                                "eba_dim:EPC": "eba_EA:x19",
                                "eba_dim:GBC": "eba_AP:x238",
                                "eba_dim:MCG": "eba_MC:x293",
                                "eba_dim:MCY": "eba_MC:x469",
                                "eba_dim:RCP": "eba_GA:x33"
                            },
                            "eba:documentation": {
                                "CellCode": "{D 09.02.b, r0040, c0210}",
                                "DataPointVersionId": "472500"
                            }
                        },
                        "dp472501": {
                            "decimals": "$decimalsPercentage",
                            "dimensions": {
                                "concept": "eba_met:pi950",
                                "eba_dim:APL": "eba_PL:x772",
                                "eba_dim:BAS": "eba_BA:x17",
                                "eba_dim:CPS": "eba_CT:x20",
                                "eba_dim:CPY": "eba_CT:x642",
                                "eba_dim:EAQ": "eba_EA:x21",
                                "eba_dim:EAW": "eba_EA:x24",
                                "eba_dim:EPC": "eba_EA:x19",
                                "eba_dim:GBC": "eba_AP:x238",
                                "eba_dim:MCY": "eba_MC:x143",
                                "eba_dim:RCP": "eba_GA:x33"
                            },
                            "eba:documentation": {
                                "CellCode": "{D 09.02.b, r0030, c0210}",
                                "DataPointVersionId": "472501"
                            }
                        },
                        "dp472502": {
                            "decimals": "$decimalsPercentage",
                            "dimensions": {
                                "concept": "eba_met:pi950",
                                "eba_dim:APL": "eba_PL:x772",
                                "eba_dim:BAS": "eba_BA:x17",
                                "eba_dim:CPS": "eba_CT:x20",
                                "eba_dim:CPY": "eba_CT:x642",
                                "eba_dim:EAQ": "eba_EA:x21",
                                "eba_dim:EAW": "eba_EA:x24",
                                "eba_dim:EPC": "eba_EA:x19",
                                "eba_dim:GBC": "eba_AP:x238",
                                "eba_dim:MCY": "eba_MC:x143",
                                "eba_dim:RCP": "eba_GA:x41"
                            },
                            "eba:documentation": {
                                "CellCode": "{D 09.02.b, r0060, c0210}",
                                "DataPointVersionId": "472502"
                            }
                        },
                        "dp472503": {
                            "decimals": "$decimalsPercentage",
                            "dimensions": {
                                "concept": "eba_met:pi950",
                                "eba_dim:APL": "eba_PL:x772",
                                "eba_dim:BAS": "eba_BA:x17",
                                "eba_dim:CPS": "eba_CT:x20",
                                "eba_dim:CPY": "eba_CT:x642",
                                "eba_dim:EAQ": "eba_EA:x21",
                                "eba_dim:EAW": "eba_EA:x24",
                                "eba_dim:EPC": "eba_EA:x19",
                                "eba_dim:GBC": "eba_AP:x238",
                                "eba_dim:MCY": "eba_MC:x469",
                                "eba_dim:PUR": "eba_PU:x41",
                                "eba_dim:RCP": "eba_GA:x33"
                            },
                            "eba:documentation": {
                                "CellCode": "{D 09.02.b, r0050, c0210}",
                                "DataPointVersionId": "472503"
                            }
                        },
                        "dp472508": {
                            "decimals": "$decimalsPercentage",
                            "dimensions": {
                                "concept": "eba_met:pi950",
                                "eba_dim:APL": "eba_PL:x772",
                                "eba_dim:BAS": "eba_BA:x17",
                                "eba_dim:CPS": "eba_CT:x20",
                                "eba_dim:CPY": "eba_CT:x642",
                                "eba_dim:EAQ": "eba_EA:x21",
                                "eba_dim:EAW": "eba_EA:x25",
                                "eba_dim:EPC": "eba_EA:x19",
                                "eba_dim:GBC": "eba_AP:x238",
                                "eba_dim:MCG": "eba_MC:x293",
                                "eba_dim:MCY": "eba_MC:x469",
                                "eba_dim:RCP": "eba_GA:x33"
                            },
                            "eba:documentation": {
                                "CellCode": "{D 09.02.b, r0040, c0200}",
                                "DataPointVersionId": "472508"
                            }
                        },
                        "dp472509": {
                            "decimals": "$decimalsPercentage",
                            "dimensions": {
                                "concept": "eba_met:pi950",
                                "eba_dim:APL": "eba_PL:x772",
                                "eba_dim:BAS": "eba_BA:x17",
                                "eba_dim:CPS": "eba_CT:x20",
                                "eba_dim:CPY": "eba_CT:x642",
                                "eba_dim:EAQ": "eba_EA:x21",
                                "eba_dim:EAW": "eba_EA:x25",
                                "eba_dim:EPC": "eba_EA:x19",
                                "eba_dim:GBC": "eba_AP:x238",
                                "eba_dim:MCY": "eba_MC:x143",
                                "eba_dim:RCP": "eba_GA:x33"
                            },
                            "eba:documentation": {
                                "CellCode": "{D 09.02.b, r0030, c0200}",
                                "DataPointVersionId": "472509"
                            }
                        },
                        "dp472510": {
                            "decimals": "$decimalsPercentage",
                            "dimensions": {
                                "concept": "eba_met:pi950",
                                "eba_dim:APL": "eba_PL:x772",
                                "eba_dim:BAS": "eba_BA:x17",
                                "eba_dim:CPS": "eba_CT:x20",
                                "eba_dim:CPY": "eba_CT:x642",
                                "eba_dim:EAQ": "eba_EA:x21",
                                "eba_dim:EAW": "eba_EA:x25",
                                "eba_dim:EPC": "eba_EA:x19",
                                "eba_dim:GBC": "eba_AP:x238",
                                "eba_dim:MCY": "eba_MC:x143",
                                "eba_dim:RCP": "eba_GA:x41"
                            },
                            "eba:documentation": {
                                "CellCode": "{D 09.02.b, r0060, c0200}",
                                "DataPointVersionId": "472510"
                            }
                        },
                        "dp472511": {
                            "decimals": "$decimalsPercentage",
                            "dimensions": {
                                "concept": "eba_met:pi950",
                                "eba_dim:APL": "eba_PL:x772",
                                "eba_dim:BAS": "eba_BA:x17",
                                "eba_dim:CPS": "eba_CT:x20",
                                "eba_dim:CPY": "eba_CT:x642",
                                "eba_dim:EAQ": "eba_EA:x21",
                                "eba_dim:EAW": "eba_EA:x25",
                                "eba_dim:EPC": "eba_EA:x19",
                                "eba_dim:GBC": "eba_AP:x238",
                                "eba_dim:MCY": "eba_MC:x469",
                                "eba_dim:PUR": "eba_PU:x41",
                                "eba_dim:RCP": "eba_GA:x33"
                            },
                            "eba:documentation": {
                                "CellCode": "{D 09.02.b, r0050, c0200}",
                                "DataPointVersionId": "472511"
                            }
                        },
                        "dp472516": {
                            "decimals": "$decimalsPercentage",
                            "dimensions": {
                                "concept": "eba_met:pi950",
                                "eba_dim:APL": "eba_PL:x772",
                                "eba_dim:BAS": "eba_BA:x17",
                                "eba_dim:CPS": "eba_CT:x20",
                                "eba_dim:CPY": "eba_CT:x642",
                                "eba_dim:EAQ": "eba_EA:x21",
                                "eba_dim:EPC": "eba_EA:x19",
                                "eba_dim:EXC": "eba_EC:x3",
                                "eba_dim:GBC": "eba_AP:x238",
                                "eba_dim:KUP": "eba_PU:x45",
                                "eba_dim:MCG": "eba_MC:x293",
                                "eba_dim:MCY": "eba_MC:x469",
                                "eba_dim:RCP": "eba_GA:x33"
                            },
                            "eba:documentation": {
                                "CellCode": "{D 09.02.b, r0040, c0190}",
                                "DataPointVersionId": "472516"
                            }
                        },
                        "dp472517": {
                            "decimals": "$decimalsPercentage",
                            "dimensions": {
                                "concept": "eba_met:pi950",
                                "eba_dim:APL": "eba_PL:x772",
                                "eba_dim:BAS": "eba_BA:x17",
                                "eba_dim:CPS": "eba_CT:x20",
                                "eba_dim:CPY": "eba_CT:x642",
                                "eba_dim:EAQ": "eba_EA:x21",
                                "eba_dim:EPC": "eba_EA:x19",
                                "eba_dim:EXC": "eba_EC:x3",
                                "eba_dim:GBC": "eba_AP:x238",
                                "eba_dim:KUP": "eba_PU:x45",
                                "eba_dim:MCY": "eba_MC:x143",
                                "eba_dim:RCP": "eba_GA:x33"
                            },
                            "eba:documentation": {
                                "CellCode": "{D 09.02.b, r0030, c0190}",
                                "DataPointVersionId": "472517"
                            }
                        },
                        "dp472518": {
                            "decimals": "$decimalsPercentage",
                            "dimensions": {
                                "concept": "eba_met:pi950",
                                "eba_dim:APL": "eba_PL:x772",
                                "eba_dim:BAS": "eba_BA:x17",
                                "eba_dim:CPS": "eba_CT:x20",
                                "eba_dim:CPY": "eba_CT:x642",
                                "eba_dim:EAQ": "eba_EA:x21",
                                "eba_dim:EPC": "eba_EA:x19",
                                "eba_dim:EXC": "eba_EC:x3",
                                "eba_dim:GBC": "eba_AP:x238",
                                "eba_dim:KUP": "eba_PU:x45",
                                "eba_dim:MCY": "eba_MC:x143",
                                "eba_dim:RCP": "eba_GA:x41"
                            },
                            "eba:documentation": {
                                "CellCode": "{D 09.02.b, r0060, c0190}",
                                "DataPointVersionId": "472518"
                            }
                        },
                        "dp472519": {
                            "decimals": "$decimalsPercentage",
                            "dimensions": {
                                "concept": "eba_met:pi950",
                                "eba_dim:APL": "eba_PL:x772",
                                "eba_dim:BAS": "eba_BA:x17",
                                "eba_dim:CPS": "eba_CT:x20",
                                "eba_dim:CPY": "eba_CT:x642",
                                "eba_dim:EAQ": "eba_EA:x21",
                                "eba_dim:EPC": "eba_EA:x19",
                                "eba_dim:EXC": "eba_EC:x3",
                                "eba_dim:GBC": "eba_AP:x238",
                                "eba_dim:KUP": "eba_PU:x45",
                                "eba_dim:MCY": "eba_MC:x469",
                                "eba_dim:PUR": "eba_PU:x41",
                                "eba_dim:RCP": "eba_GA:x33"
                            },
                            "eba:documentation": {
                                "CellCode": "{D 09.02.b, r0050, c0190}",
                                "DataPointVersionId": "472519"
                            }
                        },
                        "dp472524": {
                            "decimals": "$decimalsPercentage",
                            "dimensions": {
                                "concept": "eba_met:pi950",
                                "eba_dim:APL": "eba_PL:x772",
                                "eba_dim:BAS": "eba_BA:x17",
                                "eba_dim:CPS": "eba_CT:x20",
                                "eba_dim:CPY": "eba_CT:x642",
                                "eba_dim:EAQ": "eba_EA:x21",
                                "eba_dim:EPC": "eba_EA:x19",
                                "eba_dim:GBC": "eba_AP:x238",
                                "eba_dim:MCG": "eba_MC:x293",
                                "eba_dim:MCY": "eba_MC:x469",
                                "eba_dim:RCP": "eba_GA:x33"
                            },
                            "eba:documentation": {
                                "CellCode": "{D 09.02.b, r0040, c0180}",
                                "DataPointVersionId": "472524"
                            }
                        },
                        "dp472525": {
                            "decimals": "$decimalsPercentage",
                            "dimensions": {
                                "concept": "eba_met:pi950",
                                "eba_dim:APL": "eba_PL:x772",
                                "eba_dim:BAS": "eba_BA:x17",
                                "eba_dim:CPS": "eba_CT:x20",
                                "eba_dim:CPY": "eba_CT:x642",
                                "eba_dim:EAQ": "eba_EA:x21",
                                "eba_dim:EPC": "eba_EA:x19",
                                "eba_dim:GBC": "eba_AP:x238",
                                "eba_dim:MCY": "eba_MC:x143",
                                "eba_dim:RCP": "eba_GA:x33"
                            },
                            "eba:documentation": {
                                "CellCode": "{D 09.02.b, r0030, c0180}",
                                "DataPointVersionId": "472525"
                            }
                        },
                        "dp472526": {
                            "decimals": "$decimalsPercentage",
                            "dimensions": {
                                "concept": "eba_met:pi950",
                                "eba_dim:APL": "eba_PL:x772",
                                "eba_dim:BAS": "eba_BA:x17",
                                "eba_dim:CPS": "eba_CT:x20",
                                "eba_dim:CPY": "eba_CT:x642",
                                "eba_dim:EAQ": "eba_EA:x21",
                                "eba_dim:EPC": "eba_EA:x19",
                                "eba_dim:GBC": "eba_AP:x238",
                                "eba_dim:MCY": "eba_MC:x143",
                                "eba_dim:RCP": "eba_GA:x41"
                            },
                            "eba:documentation": {
                                "CellCode": "{D 09.02.b, r0060, c0180}",
                                "DataPointVersionId": "472526"
                            }
                        },
                        "dp472527": {
                            "decimals": "$decimalsPercentage",
                            "dimensions": {
                                "concept": "eba_met:pi950",
                                "eba_dim:APL": "eba_PL:x772",
                                "eba_dim:BAS": "eba_BA:x17",
                                "eba_dim:CPS": "eba_CT:x20",
                                "eba_dim:CPY": "eba_CT:x642",
                                "eba_dim:EAQ": "eba_EA:x21",
                                "eba_dim:EPC": "eba_EA:x19",
                                "eba_dim:GBC": "eba_AP:x238",
                                "eba_dim:MCY": "eba_MC:x469",
                                "eba_dim:PUR": "eba_PU:x41",
                                "eba_dim:RCP": "eba_GA:x33"
                            },
                            "eba:documentation": {
                                "CellCode": "{D 09.02.b, r0050, c0180}",
                                "DataPointVersionId": "472527"
                            }
                        },
                        "dp472532": {
                            "decimals": "$decimalsPercentage",
                            "dimensions": {
                                "concept": "eba_met:pi950",
                                "eba_dim:APL": "eba_PL:x772",
                                "eba_dim:BAS": "eba_BA:x17",
                                "eba_dim:CPS": "eba_CT:x20",
                                "eba_dim:CPY": "eba_CT:x642",
                                "eba_dim:EAQ": "eba_EA:x21",
                                "eba_dim:EPC": "eba_EA:x20",
                                "eba_dim:GBC": "eba_AP:x238",
                                "eba_dim:MCG": "eba_MC:x293",
                                "eba_dim:MCY": "eba_MC:x469",
                                "eba_dim:RCP": "eba_GA:x33"
                            },
                            "eba:documentation": {
                                "CellCode": "{D 09.02.b, r0040, c0170}",
                                "DataPointVersionId": "472532"
                            }
                        },
                        "dp472533": {
                            "decimals": "$decimalsPercentage",
                            "dimensions": {
                                "concept": "eba_met:pi950",
                                "eba_dim:APL": "eba_PL:x772",
                                "eba_dim:BAS": "eba_BA:x17",
                                "eba_dim:CPS": "eba_CT:x20",
                                "eba_dim:CPY": "eba_CT:x642",
                                "eba_dim:EAQ": "eba_EA:x21",
                                "eba_dim:EPC": "eba_EA:x20",
                                "eba_dim:GBC": "eba_AP:x238",
                                "eba_dim:MCY": "eba_MC:x143",
                                "eba_dim:RCP": "eba_GA:x33"
                            },
                            "eba:documentation": {
                                "CellCode": "{D 09.02.b, r0030, c0170}",
                                "DataPointVersionId": "472533"
                            }
                        },
                        "dp472534": {
                            "decimals": "$decimalsPercentage",
                            "dimensions": {
                                "concept": "eba_met:pi950",
                                "eba_dim:APL": "eba_PL:x772",
                                "eba_dim:BAS": "eba_BA:x17",
                                "eba_dim:CPS": "eba_CT:x20",
                                "eba_dim:CPY": "eba_CT:x642",
                                "eba_dim:EAQ": "eba_EA:x21",
                                "eba_dim:EPC": "eba_EA:x20",
                                "eba_dim:GBC": "eba_AP:x238",
                                "eba_dim:MCY": "eba_MC:x143",
                                "eba_dim:RCP": "eba_GA:x41"
                            },
                            "eba:documentation": {
                                "CellCode": "{D 09.02.b, r0060, c0170}",
                                "DataPointVersionId": "472534"
                            }
                        },
                        "dp472535": {
                            "decimals": "$decimalsPercentage",
                            "dimensions": {
                                "concept": "eba_met:pi950",
                                "eba_dim:APL": "eba_PL:x772",
                                "eba_dim:BAS": "eba_BA:x17",
                                "eba_dim:CPS": "eba_CT:x20",
                                "eba_dim:CPY": "eba_CT:x642",
                                "eba_dim:EAQ": "eba_EA:x21",
                                "eba_dim:EPC": "eba_EA:x20",
                                "eba_dim:GBC": "eba_AP:x238",
                                "eba_dim:MCY": "eba_MC:x469",
                                "eba_dim:PUR": "eba_PU:x41",
                                "eba_dim:RCP": "eba_GA:x33"
                            },
                            "eba:documentation": {
                                "CellCode": "{D 09.02.b, r0050, c0170}",
                                "DataPointVersionId": "472535"
                            }
                        },
                        "dp472538": {
                            "decimals": "$decimalsPercentage",
                            "dimensions": {
                                "concept": "eba_met:pi950",
                                "eba_dim:APL": "eba_PL:x772",
                                "eba_dim:BAS": "eba_BA:x17",
                                "eba_dim:CPS": "eba_CT:x20",
                                "eba_dim:CPY": "eba_CT:x642",
                                "eba_dim:EAQ": "eba_EA:x22",
                                "eba_dim:EAW": "eba_EA:x24",
                                "eba_dim:EPC": "eba_EA:x19",
                                "eba_dim:GBC": "eba_AP:x238",
                                "eba_dim:MCY": "eba_MC:x143",
                                "eba_dim:RCP": "eba_GA:x33"
                            },
                            "eba:documentation": {
                                "CellCode": "{D 09.02.b, r0030, c0260}",
                                "DataPointVersionId": "472538"
                            }
                        },
                        "dp472539": {
                            "decimals": "$decimalsPercentage",
                            "dimensions": {
                                "concept": "eba_met:pi950",
                                "eba_dim:APL": "eba_PL:x772",
                                "eba_dim:BAS": "eba_BA:x17",
                                "eba_dim:CPS": "eba_CT:x20",
                                "eba_dim:CPY": "eba_CT:x642",
                                "eba_dim:EAQ": "eba_EA:x22",
                                "eba_dim:EAW": "eba_EA:x24",
                                "eba_dim:EPC": "eba_EA:x19",
                                "eba_dim:GBC": "eba_AP:x238",
                                "eba_dim:MCY": "eba_MC:x143",
                                "eba_dim:RCP": "eba_GA:x41"
                            },
                            "eba:documentation": {
                                "CellCode": "{D 09.02.b, r0060, c0260}",
                                "DataPointVersionId": "472539"
                            }
                        },
                        "dp472542": {
                            "decimals": "$decimalsPercentage",
                            "dimensions": {
                                "concept": "eba_met:pi950",
                                "eba_dim:APL": "eba_PL:x772",
                                "eba_dim:BAS": "eba_BA:x17",
                                "eba_dim:CPS": "eba_CT:x20",
                                "eba_dim:CPY": "eba_CT:x642",
                                "eba_dim:EAQ": "eba_EA:x22",
                                "eba_dim:EAW": "eba_EA:x26",
                                "eba_dim:EPC": "eba_EA:x19",
                                "eba_dim:GBC": "eba_AP:x238",
                                "eba_dim:MCY": "eba_MC:x143",
                                "eba_dim:RCP": "eba_GA:x33"
                            },
                            "eba:documentation": {
                                "CellCode": "{D 09.02.b, r0030, c0250}",
                                "DataPointVersionId": "472542"
                            }
                        },
                        "dp472543": {
                            "decimals": "$decimalsPercentage",
                            "dimensions": {
                                "concept": "eba_met:pi950",
                                "eba_dim:APL": "eba_PL:x772",
                                "eba_dim:BAS": "eba_BA:x17",
                                "eba_dim:CPS": "eba_CT:x20",
                                "eba_dim:CPY": "eba_CT:x642",
                                "eba_dim:EAQ": "eba_EA:x22",
                                "eba_dim:EAW": "eba_EA:x26",
                                "eba_dim:EPC": "eba_EA:x19",
                                "eba_dim:GBC": "eba_AP:x238",
                                "eba_dim:MCY": "eba_MC:x143",
                                "eba_dim:RCP": "eba_GA:x41"
                            },
                            "eba:documentation": {
                                "CellCode": "{D 09.02.b, r0060, c0250}",
                                "DataPointVersionId": "472543"
                            }
                        },
                        "dp472546": {
                            "decimals": "$decimalsPercentage",
                            "dimensions": {
                                "concept": "eba_met:pi950",
                                "eba_dim:APL": "eba_PL:x772",
                                "eba_dim:BAS": "eba_BA:x17",
                                "eba_dim:CPS": "eba_CT:x20",
                                "eba_dim:CPY": "eba_CT:x642",
                                "eba_dim:EAQ": "eba_EA:x22",
                                "eba_dim:EPC": "eba_EA:x19",
                                "eba_dim:EXC": "eba_EC:x3",
                                "eba_dim:GBC": "eba_AP:x238",
                                "eba_dim:KUP": "eba_PU:x45",
                                "eba_dim:MCY": "eba_MC:x143",
                                "eba_dim:RCP": "eba_GA:x33"
                            },
                            "eba:documentation": {
                                "CellCode": "{D 09.02.b, r0030, c0240}",
                                "DataPointVersionId": "472546"
                            }
                        },
                        "dp472547": {
                            "decimals": "$decimalsPercentage",
                            "dimensions": {
                                "concept": "eba_met:pi950",
                                "eba_dim:APL": "eba_PL:x772",
                                "eba_dim:BAS": "eba_BA:x17",
                                "eba_dim:CPS": "eba_CT:x20",
                                "eba_dim:CPY": "eba_CT:x642",
                                "eba_dim:EAQ": "eba_EA:x22",
                                "eba_dim:EPC": "eba_EA:x19",
                                "eba_dim:EXC": "eba_EC:x3",
                                "eba_dim:GBC": "eba_AP:x238",
                                "eba_dim:KUP": "eba_PU:x45",
                                "eba_dim:MCY": "eba_MC:x143",
                                "eba_dim:RCP": "eba_GA:x41"
                            },
                            "eba:documentation": {
                                "CellCode": "{D 09.02.b, r0060, c0240}",
                                "DataPointVersionId": "472547"
                            }
                        },
                        "dp472550": {
                            "decimals": "$decimalsPercentage",
                            "dimensions": {
                                "concept": "eba_met:pi950",
                                "eba_dim:APL": "eba_PL:x772",
                                "eba_dim:BAS": "eba_BA:x17",
                                "eba_dim:CPS": "eba_CT:x20",
                                "eba_dim:CPY": "eba_CT:x642",
                                "eba_dim:EAQ": "eba_EA:x22",
                                "eba_dim:EPC": "eba_EA:x19",
                                "eba_dim:GBC": "eba_AP:x238",
                                "eba_dim:MCY": "eba_MC:x143",
                                "eba_dim:RCP": "eba_GA:x33"
                            },
                            "eba:documentation": {
                                "CellCode": "{D 09.02.b, r0030, c0230}",
                                "DataPointVersionId": "472550"
                            }
                        },
                        "dp472551": {
                            "decimals": "$decimalsPercentage",
                            "dimensions": {
                                "concept": "eba_met:pi950",
                                "eba_dim:APL": "eba_PL:x772",
                                "eba_dim:BAS": "eba_BA:x17",
                                "eba_dim:CPS": "eba_CT:x20",
                                "eba_dim:CPY": "eba_CT:x642",
                                "eba_dim:EAQ": "eba_EA:x22",
                                "eba_dim:EPC": "eba_EA:x19",
                                "eba_dim:GBC": "eba_AP:x238",
                                "eba_dim:MCY": "eba_MC:x143",
                                "eba_dim:RCP": "eba_GA:x41"
                            },
                            "eba:documentation": {
                                "CellCode": "{D 09.02.b, r0060, c0230}",
                                "DataPointVersionId": "472551"
                            }
                        },
                        "dp472554": {
                            "decimals": "$decimalsPercentage",
                            "dimensions": {
                                "concept": "eba_met:pi950",
                                "eba_dim:APL": "eba_PL:x772",
                                "eba_dim:BAS": "eba_BA:x17",
                                "eba_dim:CPS": "eba_CT:x20",
                                "eba_dim:CPY": "eba_CT:x642",
                                "eba_dim:EAQ": "eba_EA:x22",
                                "eba_dim:EPC": "eba_EA:x20",
                                "eba_dim:GBC": "eba_AP:x238",
                                "eba_dim:MCY": "eba_MC:x143",
                                "eba_dim:RCP": "eba_GA:x33"
                            },
                            "eba:documentation": {
                                "CellCode": "{D 09.02.b, r0030, c0220}",
                                "DataPointVersionId": "472554"
                            }
                        },
                        "dp472555": {
                            "decimals": "$decimalsPercentage",
                            "dimensions": {
                                "concept": "eba_met:pi950",
                                "eba_dim:APL": "eba_PL:x772",
                                "eba_dim:BAS": "eba_BA:x17",
                                "eba_dim:CPS": "eba_CT:x20",
                                "eba_dim:CPY": "eba_CT:x642",
                                "eba_dim:EAQ": "eba_EA:x22",
                                "eba_dim:EPC": "eba_EA:x20",
                                "eba_dim:GBC": "eba_AP:x238",
                                "eba_dim:MCY": "eba_MC:x143",
                                "eba_dim:RCP": "eba_GA:x41"
                            },
                            "eba:documentation": {
                                "CellCode": "{D 09.02.b, r0060, c0220}",
                                "DataPointVersionId": "472555"
                            }
                        },
                        "dp472560": {
                            "decimals": "$decimalsPercentage",
                            "dimensions": {
                                "concept": "eba_met:pi950",
                                "eba_dim:APL": "eba_PL:x772",
                                "eba_dim:BAS": "eba_BA:x17",
                                "eba_dim:CPS": "eba_CT:x20",
                                "eba_dim:CPY": "eba_CT:x642",
                                "eba_dim:EAQ": "eba_EA:x23",
                                "eba_dim:EAW": "eba_EA:x24",
                                "eba_dim:EPC": "eba_EA:x19",
                                "eba_dim:GBC": "eba_AP:x238",
                                "eba_dim:MCG": "eba_MC:x293",
                                "eba_dim:MCY": "eba_MC:x469",
                                "eba_dim:RCP": "eba_GA:x33"
                            },
                            "eba:documentation": {
                                "CellCode": "{D 09.02.b, r0040, c0310}",
                                "DataPointVersionId": "472560"
                            }
                        },
                        "dp472561": {
                            "decimals": "$decimalsPercentage",
                            "dimensions": {
                                "concept": "eba_met:pi950",
                                "eba_dim:APL": "eba_PL:x772",
                                "eba_dim:BAS": "eba_BA:x17",
                                "eba_dim:CPS": "eba_CT:x20",
                                "eba_dim:CPY": "eba_CT:x642",
                                "eba_dim:EAQ": "eba_EA:x23",
                                "eba_dim:EAW": "eba_EA:x24",
                                "eba_dim:EPC": "eba_EA:x19",
                                "eba_dim:GBC": "eba_AP:x238",
                                "eba_dim:MCY": "eba_MC:x143",
                                "eba_dim:RCP": "eba_GA:x33"
                            },
                            "eba:documentation": {
                                "CellCode": "{D 09.02.b, r0030, c0310}",
                                "DataPointVersionId": "472561"
                            }
                        },
                        "dp472562": {
                            "decimals": "$decimalsPercentage",
                            "dimensions": {
                                "concept": "eba_met:pi950",
                                "eba_dim:APL": "eba_PL:x772",
                                "eba_dim:BAS": "eba_BA:x17",
                                "eba_dim:CPS": "eba_CT:x20",
                                "eba_dim:CPY": "eba_CT:x642",
                                "eba_dim:EAQ": "eba_EA:x23",
                                "eba_dim:EAW": "eba_EA:x24",
                                "eba_dim:EPC": "eba_EA:x19",
                                "eba_dim:GBC": "eba_AP:x238",
                                "eba_dim:MCY": "eba_MC:x143",
                                "eba_dim:RCP": "eba_GA:x41"
                            },
                            "eba:documentation": {
                                "CellCode": "{D 09.02.b, r0060, c0310}",
                                "DataPointVersionId": "472562"
                            }
                        },
                        "dp472563": {
                            "decimals": "$decimalsPercentage",
                            "dimensions": {
                                "concept": "eba_met:pi950",
                                "eba_dim:APL": "eba_PL:x772",
                                "eba_dim:BAS": "eba_BA:x17",
                                "eba_dim:CPS": "eba_CT:x20",
                                "eba_dim:CPY": "eba_CT:x642",
                                "eba_dim:EAQ": "eba_EA:x23",
                                "eba_dim:EAW": "eba_EA:x24",
                                "eba_dim:EPC": "eba_EA:x19",
                                "eba_dim:GBC": "eba_AP:x238",
                                "eba_dim:MCY": "eba_MC:x469",
                                "eba_dim:PUR": "eba_PU:x41",
                                "eba_dim:RCP": "eba_GA:x33"
                            },
                            "eba:documentation": {
                                "CellCode": "{D 09.02.b, r0050, c0310}",
                                "DataPointVersionId": "472563"
                            }
                        },
                        "dp472568": {
                            "decimals": "$decimalsPercentage",
                            "dimensions": {
                                "concept": "eba_met:pi950",
                                "eba_dim:APL": "eba_PL:x772",
                                "eba_dim:BAS": "eba_BA:x17",
                                "eba_dim:CPS": "eba_CT:x20",
                                "eba_dim:CPY": "eba_CT:x642",
                                "eba_dim:EAQ": "eba_EA:x23",
                                "eba_dim:EAW": "eba_EA:x32",
                                "eba_dim:EPC": "eba_EA:x19",
                                "eba_dim:GBC": "eba_AP:x238",
                                "eba_dim:MCG": "eba_MC:x293",
                                "eba_dim:MCY": "eba_MC:x469",
                                "eba_dim:RCP": "eba_GA:x33"
                            },
                            "eba:documentation": {
                                "CellCode": "{D 09.02.b, r0040, c0300}",
                                "DataPointVersionId": "472568"
                            }
                        },
                        "dp472569": {
                            "decimals": "$decimalsPercentage",
                            "dimensions": {
                                "concept": "eba_met:pi950",
                                "eba_dim:APL": "eba_PL:x772",
                                "eba_dim:BAS": "eba_BA:x17",
                                "eba_dim:CPS": "eba_CT:x20",
                                "eba_dim:CPY": "eba_CT:x642",
                                "eba_dim:EAQ": "eba_EA:x23",
                                "eba_dim:EAW": "eba_EA:x32",
                                "eba_dim:EPC": "eba_EA:x19",
                                "eba_dim:GBC": "eba_AP:x238",
                                "eba_dim:MCY": "eba_MC:x143",
                                "eba_dim:RCP": "eba_GA:x33"
                            },
                            "eba:documentation": {
                                "CellCode": "{D 09.02.b, r0030, c0300}",
                                "DataPointVersionId": "472569"
                            }
                        },
                        "dp472570": {
                            "decimals": "$decimalsPercentage",
                            "dimensions": {
                                "concept": "eba_met:pi950",
                                "eba_dim:APL": "eba_PL:x772",
                                "eba_dim:BAS": "eba_BA:x17",
                                "eba_dim:CPS": "eba_CT:x20",
                                "eba_dim:CPY": "eba_CT:x642",
                                "eba_dim:EAQ": "eba_EA:x23",
                                "eba_dim:EAW": "eba_EA:x32",
                                "eba_dim:EPC": "eba_EA:x19",
                                "eba_dim:GBC": "eba_AP:x238",
                                "eba_dim:MCY": "eba_MC:x143",
                                "eba_dim:RCP": "eba_GA:x41"
                            },
                            "eba:documentation": {
                                "CellCode": "{D 09.02.b, r0060, c0300}",
                                "DataPointVersionId": "472570"
                            }
                        },
                        "dp472571": {
                            "decimals": "$decimalsPercentage",
                            "dimensions": {
                                "concept": "eba_met:pi950",
                                "eba_dim:APL": "eba_PL:x772",
                                "eba_dim:BAS": "eba_BA:x17",
                                "eba_dim:CPS": "eba_CT:x20",
                                "eba_dim:CPY": "eba_CT:x642",
                                "eba_dim:EAQ": "eba_EA:x23",
                                "eba_dim:EAW": "eba_EA:x32",
                                "eba_dim:EPC": "eba_EA:x19",
                                "eba_dim:GBC": "eba_AP:x238",
                                "eba_dim:MCY": "eba_MC:x469",
                                "eba_dim:PUR": "eba_PU:x41",
                                "eba_dim:RCP": "eba_GA:x33"
                            },
                            "eba:documentation": {
                                "CellCode": "{D 09.02.b, r0050, c0300}",
                                "DataPointVersionId": "472571"
                            }
                        },
                        "dp472576": {
                            "decimals": "$decimalsPercentage",
                            "dimensions": {
                                "concept": "eba_met:pi950",
                                "eba_dim:APL": "eba_PL:x772",
                                "eba_dim:BAS": "eba_BA:x17",
                                "eba_dim:CPS": "eba_CT:x20",
                                "eba_dim:CPY": "eba_CT:x642",
                                "eba_dim:EAQ": "eba_EA:x23",
                                "eba_dim:EPC": "eba_EA:x19",
                                "eba_dim:EXC": "eba_EC:x3",
                                "eba_dim:GBC": "eba_AP:x238",
                                "eba_dim:KUP": "eba_PU:x45",
                                "eba_dim:MCG": "eba_MC:x293",
                                "eba_dim:MCY": "eba_MC:x469",
                                "eba_dim:RCP": "eba_GA:x33"
                            },
                            "eba:documentation": {
                                "CellCode": "{D 09.02.b, r0040, c0290}",
                                "DataPointVersionId": "472576"
                            }
                        },
                        "dp472577": {
                            "decimals": "$decimalsPercentage",
                            "dimensions": {
                                "concept": "eba_met:pi950",
                                "eba_dim:APL": "eba_PL:x772",
                                "eba_dim:BAS": "eba_BA:x17",
                                "eba_dim:CPS": "eba_CT:x20",
                                "eba_dim:CPY": "eba_CT:x642",
                                "eba_dim:EAQ": "eba_EA:x23",
                                "eba_dim:EPC": "eba_EA:x19",
                                "eba_dim:EXC": "eba_EC:x3",
                                "eba_dim:GBC": "eba_AP:x238",
                                "eba_dim:KUP": "eba_PU:x45",
                                "eba_dim:MCY": "eba_MC:x143",
                                "eba_dim:RCP": "eba_GA:x33"
                            },
                            "eba:documentation": {
                                "CellCode": "{D 09.02.b, r0030, c0290}",
                                "DataPointVersionId": "472577"
                            }
                        },
                        "dp472578": {
                            "decimals": "$decimalsPercentage",
                            "dimensions": {
                                "concept": "eba_met:pi950",
                                "eba_dim:APL": "eba_PL:x772",
                                "eba_dim:BAS": "eba_BA:x17",
                                "eba_dim:CPS": "eba_CT:x20",
                                "eba_dim:CPY": "eba_CT:x642",
                                "eba_dim:EAQ": "eba_EA:x23",
                                "eba_dim:EPC": "eba_EA:x19",
                                "eba_dim:EXC": "eba_EC:x3",
                                "eba_dim:GBC": "eba_AP:x238",
                                "eba_dim:KUP": "eba_PU:x45",
                                "eba_dim:MCY": "eba_MC:x143",
                                "eba_dim:RCP": "eba_GA:x41"
                            },
                            "eba:documentation": {
                                "CellCode": "{D 09.02.b, r0060, c0290}",
                                "DataPointVersionId": "472578"
                            }
                        },
                        "dp472579": {
                            "decimals": "$decimalsPercentage",
                            "dimensions": {
                                "concept": "eba_met:pi950",
                                "eba_dim:APL": "eba_PL:x772",
                                "eba_dim:BAS": "eba_BA:x17",
                                "eba_dim:CPS": "eba_CT:x20",
                                "eba_dim:CPY": "eba_CT:x642",
                                "eba_dim:EAQ": "eba_EA:x23",
                                "eba_dim:EPC": "eba_EA:x19",
                                "eba_dim:EXC": "eba_EC:x3",
                                "eba_dim:GBC": "eba_AP:x238",
                                "eba_dim:KUP": "eba_PU:x45",
                                "eba_dim:MCY": "eba_MC:x469",
                                "eba_dim:PUR": "eba_PU:x41",
                                "eba_dim:RCP": "eba_GA:x33"
                            },
                            "eba:documentation": {
                                "CellCode": "{D 09.02.b, r0050, c0290}",
                                "DataPointVersionId": "472579"
                            }
                        },
                        "dp472584": {
                            "decimals": "$decimalsPercentage",
                            "dimensions": {
                                "concept": "eba_met:pi950",
                                "eba_dim:APL": "eba_PL:x772",
                                "eba_dim:BAS": "eba_BA:x17",
                                "eba_dim:CPS": "eba_CT:x20",
                                "eba_dim:CPY": "eba_CT:x642",
                                "eba_dim:EAQ": "eba_EA:x23",
                                "eba_dim:EPC": "eba_EA:x19",
                                "eba_dim:GBC": "eba_AP:x238",
                                "eba_dim:MCG": "eba_MC:x293",
                                "eba_dim:MCY": "eba_MC:x469",
                                "eba_dim:RCP": "eba_GA:x33"
                            },
                            "eba:documentation": {
                                "CellCode": "{D 09.02.b, r0040, c0280}",
                                "DataPointVersionId": "472584"
                            }
                        },
                        "dp472585": {
                            "decimals": "$decimalsPercentage",
                            "dimensions": {
                                "concept": "eba_met:pi950",
                                "eba_dim:APL": "eba_PL:x772",
                                "eba_dim:BAS": "eba_BA:x17",
                                "eba_dim:CPS": "eba_CT:x20",
                                "eba_dim:CPY": "eba_CT:x642",
                                "eba_dim:EAQ": "eba_EA:x23",
                                "eba_dim:EPC": "eba_EA:x19",
                                "eba_dim:GBC": "eba_AP:x238",
                                "eba_dim:MCY": "eba_MC:x143",
                                "eba_dim:RCP": "eba_GA:x33"
                            },
                            "eba:documentation": {
                                "CellCode": "{D 09.02.b, r0030, c0280}",
                                "DataPointVersionId": "472585"
                            }
                        },
                        "dp472586": {
                            "decimals": "$decimalsPercentage",
                            "dimensions": {
                                "concept": "eba_met:pi950",
                                "eba_dim:APL": "eba_PL:x772",
                                "eba_dim:BAS": "eba_BA:x17",
                                "eba_dim:CPS": "eba_CT:x20",
                                "eba_dim:CPY": "eba_CT:x642",
                                "eba_dim:EAQ": "eba_EA:x23",
                                "eba_dim:EPC": "eba_EA:x19",
                                "eba_dim:GBC": "eba_AP:x238",
                                "eba_dim:MCY": "eba_MC:x143",
                                "eba_dim:RCP": "eba_GA:x41"
                            },
                            "eba:documentation": {
                                "CellCode": "{D 09.02.b, r0060, c0280}",
                                "DataPointVersionId": "472586"
                            }
                        },
                        "dp472587": {
                            "decimals": "$decimalsPercentage",
                            "dimensions": {
                                "concept": "eba_met:pi950",
                                "eba_dim:APL": "eba_PL:x772",
                                "eba_dim:BAS": "eba_BA:x17",
                                "eba_dim:CPS": "eba_CT:x20",
                                "eba_dim:CPY": "eba_CT:x642",
                                "eba_dim:EAQ": "eba_EA:x23",
                                "eba_dim:EPC": "eba_EA:x19",
                                "eba_dim:GBC": "eba_AP:x238",
                                "eba_dim:MCY": "eba_MC:x469",
                                "eba_dim:PUR": "eba_PU:x41",
                                "eba_dim:RCP": "eba_GA:x33"
                            },
                            "eba:documentation": {
                                "CellCode": "{D 09.02.b, r0050, c0280}",
                                "DataPointVersionId": "472587"
                            }
                        },
                        "dp472592": {
                            "decimals": "$decimalsPercentage",
                            "dimensions": {
                                "concept": "eba_met:pi950",
                                "eba_dim:APL": "eba_PL:x772",
                                "eba_dim:BAS": "eba_BA:x17",
                                "eba_dim:CPS": "eba_CT:x20",
                                "eba_dim:CPY": "eba_CT:x642",
                                "eba_dim:EAQ": "eba_EA:x23",
                                "eba_dim:EPC": "eba_EA:x20",
                                "eba_dim:GBC": "eba_AP:x238",
                                "eba_dim:MCG": "eba_MC:x293",
                                "eba_dim:MCY": "eba_MC:x469",
                                "eba_dim:RCP": "eba_GA:x33"
                            },
                            "eba:documentation": {
                                "CellCode": "{D 09.02.b, r0040, c0270}",
                                "DataPointVersionId": "472592"
                            }
                        },
                        "dp472593": {
                            "decimals": "$decimalsPercentage",
                            "dimensions": {
                                "concept": "eba_met:pi950",
                                "eba_dim:APL": "eba_PL:x772",
                                "eba_dim:BAS": "eba_BA:x17",
                                "eba_dim:CPS": "eba_CT:x20",
                                "eba_dim:CPY": "eba_CT:x642",
                                "eba_dim:EAQ": "eba_EA:x23",
                                "eba_dim:EPC": "eba_EA:x20",
                                "eba_dim:GBC": "eba_AP:x238",
                                "eba_dim:MCY": "eba_MC:x143",
                                "eba_dim:RCP": "eba_GA:x33"
                            },
                            "eba:documentation": {
                                "CellCode": "{D 09.02.b, r0030, c0270}",
                                "DataPointVersionId": "472593"
                            }
                        },
                        "dp472594": {
                            "decimals": "$decimalsPercentage",
                            "dimensions": {
                                "concept": "eba_met:pi950",
                                "eba_dim:APL": "eba_PL:x772",
                                "eba_dim:BAS": "eba_BA:x17",
                                "eba_dim:CPS": "eba_CT:x20",
                                "eba_dim:CPY": "eba_CT:x642",
                                "eba_dim:EAQ": "eba_EA:x23",
                                "eba_dim:EPC": "eba_EA:x20",
                                "eba_dim:GBC": "eba_AP:x238",
                                "eba_dim:MCY": "eba_MC:x143",
                                "eba_dim:RCP": "eba_GA:x41"
                            },
                            "eba:documentation": {
                                "CellCode": "{D 09.02.b, r0060, c0270}",
                                "DataPointVersionId": "472594"
                            }
                        },
                        "dp472595": {
                            "decimals": "$decimalsPercentage",
                            "dimensions": {
                                "concept": "eba_met:pi950",
                                "eba_dim:APL": "eba_PL:x772",
                                "eba_dim:BAS": "eba_BA:x17",
                                "eba_dim:CPS": "eba_CT:x20",
                                "eba_dim:CPY": "eba_CT:x642",
                                "eba_dim:EAQ": "eba_EA:x23",
                                "eba_dim:EPC": "eba_EA:x20",
                                "eba_dim:GBC": "eba_AP:x238",
                                "eba_dim:MCY": "eba_MC:x469",
                                "eba_dim:PUR": "eba_PU:x41",
                                "eba_dim:RCP": "eba_GA:x33"
                            },
                            "eba:documentation": {
                                "CellCode": "{D 09.02.b, r0050, c0270}",
                                "DataPointVersionId": "472595"
                            }
                        },
                        "dp475646": {
                            "decimals": "$decimalsPercentage",
                            "dimensions": {
                                "concept": "eba_met:pi950",
                                "eba_dim:BAS": "eba_BA:x17",
                                "eba_dim:EAQ": "eba_EA:x21",
                                "eba_dim:EAW": "eba_EA:x24",
                                "eba_dim:EPC": "eba_EA:x19",
                                "eba_dim:GBC": "eba_AP:x234"
                            },
                            "eba:documentation": {
                                "CellCode": "{D 09.02.b, r0020, c0210}",
                                "DataPointVersionId": "475646"
                            }
                        },
                        "dp475648": {
                            "decimals": "$decimalsPercentage",
                            "dimensions": {
                                "concept": "eba_met:pi950",
                                "eba_dim:BAS": "eba_BA:x17",
                                "eba_dim:EAQ": "eba_EA:x21",
                                "eba_dim:EAW": "eba_EA:x24",
                                "eba_dim:EPC": "eba_EA:x19",
                                "eba_dim:GBC": "eba_AP:x238"
                            },
                            "eba:documentation": {
                                "CellCode": "{D 09.02.b, r0010, c0210}",
                                "DataPointVersionId": "475648"
                            }
                        },
                        "dp475650": {
                            "decimals": "$decimalsPercentage",
                            "dimensions": {
                                "concept": "eba_met:pi950",
                                "eba_dim:BAS": "eba_BA:x17",
                                "eba_dim:EAQ": "eba_EA:x21",
                                "eba_dim:EAW": "eba_EA:x25",
                                "eba_dim:EPC": "eba_EA:x19",
                                "eba_dim:GBC": "eba_AP:x234"
                            },
                            "eba:documentation": {
                                "CellCode": "{D 09.02.b, r0020, c0200}",
                                "DataPointVersionId": "475650"
                            }
                        },
                        "dp475652": {
                            "decimals": "$decimalsPercentage",
                            "dimensions": {
                                "concept": "eba_met:pi950",
                                "eba_dim:BAS": "eba_BA:x17",
                                "eba_dim:EAQ": "eba_EA:x21",
                                "eba_dim:EAW": "eba_EA:x25",
                                "eba_dim:EPC": "eba_EA:x19",
                                "eba_dim:GBC": "eba_AP:x238"
                            },
                            "eba:documentation": {
                                "CellCode": "{D 09.02.b, r0010, c0200}",
                                "DataPointVersionId": "475652"
                            }
                        },
                        "dp475655": {
                            "decimals": "$decimalsPercentage",
                            "dimensions": {
                                "concept": "eba_met:pi950",
                                "eba_dim:BAS": "eba_BA:x17",
                                "eba_dim:EAQ": "eba_EA:x21",
                                "eba_dim:EPC": "eba_EA:x19",
                                "eba_dim:EXC": "eba_EC:x3",
                                "eba_dim:GBC": "eba_AP:x234",
                                "eba_dim:KUP": "eba_PU:x45"
                            },
                            "eba:documentation": {
                                "CellCode": "{D 09.02.b, r0020, c0190}",
                                "DataPointVersionId": "475655"
                            }
                        },
                        "dp475657": {
                            "decimals": "$decimalsPercentage",
                            "dimensions": {
                                "concept": "eba_met:pi950",
                                "eba_dim:BAS": "eba_BA:x17",
                                "eba_dim:EAQ": "eba_EA:x21",
                                "eba_dim:EPC": "eba_EA:x19",
                                "eba_dim:EXC": "eba_EC:x3",
                                "eba_dim:GBC": "eba_AP:x238",
                                "eba_dim:KUP": "eba_PU:x45"
                            },
                            "eba:documentation": {
                                "CellCode": "{D 09.02.b, r0010, c0190}",
                                "DataPointVersionId": "475657"
                            }
                        },
                        "dp475659": {
                            "decimals": "$decimalsPercentage",
                            "dimensions": {
                                "concept": "eba_met:pi950",
                                "eba_dim:BAS": "eba_BA:x17",
                                "eba_dim:EAQ": "eba_EA:x21",
                                "eba_dim:EPC": "eba_EA:x19",
                                "eba_dim:GBC": "eba_AP:x234"
                            },
                            "eba:documentation": {
                                "CellCode": "{D 09.02.b, r0020, c0180}",
                                "DataPointVersionId": "475659"
                            }
                        },
                        "dp475661": {
                            "decimals": "$decimalsPercentage",
                            "dimensions": {
                                "concept": "eba_met:pi950",
                                "eba_dim:BAS": "eba_BA:x17",
                                "eba_dim:EAQ": "eba_EA:x21",
                                "eba_dim:EPC": "eba_EA:x19",
                                "eba_dim:GBC": "eba_AP:x238"
                            },
                            "eba:documentation": {
                                "CellCode": "{D 09.02.b, r0010, c0180}",
                                "DataPointVersionId": "475661"
                            }
                        },
                        "dp475663": {
                            "decimals": "$decimalsPercentage",
                            "dimensions": {
                                "concept": "eba_met:pi950",
                                "eba_dim:BAS": "eba_BA:x17",
                                "eba_dim:EAQ": "eba_EA:x21",
                                "eba_dim:EPC": "eba_EA:x20",
                                "eba_dim:GBC": "eba_AP:x234"
                            },
                            "eba:documentation": {
                                "CellCode": "{D 09.02.b, r0020, c0170}",
                                "DataPointVersionId": "475663"
                            }
                        },
                        "dp475665": {
                            "decimals": "$decimalsPercentage",
                            "dimensions": {
                                "concept": "eba_met:pi950",
                                "eba_dim:BAS": "eba_BA:x17",
                                "eba_dim:EAQ": "eba_EA:x21",
                                "eba_dim:EPC": "eba_EA:x20",
                                "eba_dim:GBC": "eba_AP:x238"
                            },
                            "eba:documentation": {
                                "CellCode": "{D 09.02.b, r0010, c0170}",
                                "DataPointVersionId": "475665"
                            }
                        },
                        "dp475667": {
                            "decimals": "$decimalsPercentage",
                            "dimensions": {
                                "concept": "eba_met:pi950",
                                "eba_dim:BAS": "eba_BA:x17",
                                "eba_dim:EAQ": "eba_EA:x22",
                                "eba_dim:EAW": "eba_EA:x24",
                                "eba_dim:EPC": "eba_EA:x19",
                                "eba_dim:GBC": "eba_AP:x234"
                            },
                            "eba:documentation": {
                                "CellCode": "{D 09.02.b, r0020, c0260}",
                                "DataPointVersionId": "475667"
                            }
                        },
                        "dp475669": {
                            "decimals": "$decimalsPercentage",
                            "dimensions": {
                                "concept": "eba_met:pi950",
                                "eba_dim:BAS": "eba_BA:x17",
                                "eba_dim:EAQ": "eba_EA:x22",
                                "eba_dim:EAW": "eba_EA:x24",
                                "eba_dim:EPC": "eba_EA:x19",
                                "eba_dim:GBC": "eba_AP:x238"
                            },
                            "eba:documentation": {
                                "CellCode": "{D 09.02.b, r0010, c0260}",
                                "DataPointVersionId": "475669"
                            }
                        },
                        "dp475671": {
                            "decimals": "$decimalsPercentage",
                            "dimensions": {
                                "concept": "eba_met:pi950",
                                "eba_dim:BAS": "eba_BA:x17",
                                "eba_dim:EAQ": "eba_EA:x22",
                                "eba_dim:EAW": "eba_EA:x26",
                                "eba_dim:EPC": "eba_EA:x19",
                                "eba_dim:GBC": "eba_AP:x234"
                            },
                            "eba:documentation": {
                                "CellCode": "{D 09.02.b, r0020, c0250}",
                                "DataPointVersionId": "475671"
                            }
                        },
                        "dp475673": {
                            "decimals": "$decimalsPercentage",
                            "dimensions": {
                                "concept": "eba_met:pi950",
                                "eba_dim:BAS": "eba_BA:x17",
                                "eba_dim:EAQ": "eba_EA:x22",
                                "eba_dim:EAW": "eba_EA:x26",
                                "eba_dim:EPC": "eba_EA:x19",
                                "eba_dim:GBC": "eba_AP:x238"
                            },
                            "eba:documentation": {
                                "CellCode": "{D 09.02.b, r0010, c0250}",
                                "DataPointVersionId": "475673"
                            }
                        },
                        "dp475675": {
                            "decimals": "$decimalsPercentage",
                            "dimensions": {
                                "concept": "eba_met:pi950",
                                "eba_dim:BAS": "eba_BA:x17",
                                "eba_dim:EAQ": "eba_EA:x22",
                                "eba_dim:EPC": "eba_EA:x19",
                                "eba_dim:EXC": "eba_EC:x3",
                                "eba_dim:GBC": "eba_AP:x234",
                                "eba_dim:KUP": "eba_PU:x45"
                            },
                            "eba:documentation": {
                                "CellCode": "{D 09.02.b, r0020, c0240}",
                                "DataPointVersionId": "475675"
                            }
                        },
                        "dp475677": {
                            "decimals": "$decimalsPercentage",
                            "dimensions": {
                                "concept": "eba_met:pi950",
                                "eba_dim:BAS": "eba_BA:x17",
                                "eba_dim:EAQ": "eba_EA:x22",
                                "eba_dim:EPC": "eba_EA:x19",
                                "eba_dim:EXC": "eba_EC:x3",
                                "eba_dim:GBC": "eba_AP:x238",
                                "eba_dim:KUP": "eba_PU:x45"
                            },
                            "eba:documentation": {
                                "CellCode": "{D 09.02.b, r0010, c0240}",
                                "DataPointVersionId": "475677"
                            }
                        },
                        "dp475679": {
                            "decimals": "$decimalsPercentage",
                            "dimensions": {
                                "concept": "eba_met:pi950",
                                "eba_dim:BAS": "eba_BA:x17",
                                "eba_dim:EAQ": "eba_EA:x22",
                                "eba_dim:EPC": "eba_EA:x19",
                                "eba_dim:GBC": "eba_AP:x234"
                            },
                            "eba:documentation": {
                                "CellCode": "{D 09.02.b, r0020, c0230}",
                                "DataPointVersionId": "475679"
                            }
                        },
                        "dp475681": {
                            "decimals": "$decimalsPercentage",
                            "dimensions": {
                                "concept": "eba_met:pi950",
                                "eba_dim:BAS": "eba_BA:x17",
                                "eba_dim:EAQ": "eba_EA:x22",
                                "eba_dim:EPC": "eba_EA:x19",
                                "eba_dim:GBC": "eba_AP:x238"
                            },
                            "eba:documentation": {
                                "CellCode": "{D 09.02.b, r0010, c0230}",
                                "DataPointVersionId": "475681"
                            }
                        },
                        "dp475683": {
                            "decimals": "$decimalsPercentage",
                            "dimensions": {
                                "concept": "eba_met:pi950",
                                "eba_dim:BAS": "eba_BA:x17",
                                "eba_dim:EAQ": "eba_EA:x22",
                                "eba_dim:EPC": "eba_EA:x20",
                                "eba_dim:GBC": "eba_AP:x234"
                            },
                            "eba:documentation": {
                                "CellCode": "{D 09.02.b, r0020, c0220}",
                                "DataPointVersionId": "475683"
                            }
                        },
                        "dp475685": {
                            "decimals": "$decimalsPercentage",
                            "dimensions": {
                                "concept": "eba_met:pi950",
                                "eba_dim:BAS": "eba_BA:x17",
                                "eba_dim:EAQ": "eba_EA:x22",
                                "eba_dim:EPC": "eba_EA:x20",
                                "eba_dim:GBC": "eba_AP:x238"
                            },
                            "eba:documentation": {
                                "CellCode": "{D 09.02.b, r0010, c0220}",
                                "DataPointVersionId": "475685"
                            }
                        },
                        "dp475687": {
                            "decimals": "$decimalsPercentage",
                            "dimensions": {
                                "concept": "eba_met:pi950",
                                "eba_dim:BAS": "eba_BA:x17",
                                "eba_dim:EAQ": "eba_EA:x23",
                                "eba_dim:EAW": "eba_EA:x24",
                                "eba_dim:EPC": "eba_EA:x19",
                                "eba_dim:GBC": "eba_AP:x234"
                            },
                            "eba:documentation": {
                                "CellCode": "{D 09.02.b, r0020, c0310}",
                                "DataPointVersionId": "475687"
                            }
                        },
                        "dp475689": {
                            "decimals": "$decimalsPercentage",
                            "dimensions": {
                                "concept": "eba_met:pi950",
                                "eba_dim:BAS": "eba_BA:x17",
                                "eba_dim:EAQ": "eba_EA:x23",
                                "eba_dim:EAW": "eba_EA:x24",
                                "eba_dim:EPC": "eba_EA:x19",
                                "eba_dim:GBC": "eba_AP:x238"
                            },
                            "eba:documentation": {
                                "CellCode": "{D 09.02.b, r0010, c0310}",
                                "DataPointVersionId": "475689"
                            }
                        },
                        "dp475691": {
                            "decimals": "$decimalsPercentage",
                            "dimensions": {
                                "concept": "eba_met:pi950",
                                "eba_dim:BAS": "eba_BA:x17",
                                "eba_dim:EAQ": "eba_EA:x23",
                                "eba_dim:EAW": "eba_EA:x32",
                                "eba_dim:EPC": "eba_EA:x19",
                                "eba_dim:GBC": "eba_AP:x234"
                            },
                            "eba:documentation": {
                                "CellCode": "{D 09.02.b, r0020, c0300}",
                                "DataPointVersionId": "475691"
                            }
                        },
                        "dp475693": {
                            "decimals": "$decimalsPercentage",
                            "dimensions": {
                                "concept": "eba_met:pi950",
                                "eba_dim:BAS": "eba_BA:x17",
                                "eba_dim:EAQ": "eba_EA:x23",
                                "eba_dim:EAW": "eba_EA:x32",
                                "eba_dim:EPC": "eba_EA:x19",
                                "eba_dim:GBC": "eba_AP:x238"
                            },
                            "eba:documentation": {
                                "CellCode": "{D 09.02.b, r0010, c0300}",
                                "DataPointVersionId": "475693"
                            }
                        },
                        "dp475695": {
                            "decimals": "$decimalsPercentage",
                            "dimensions": {
                                "concept": "eba_met:pi950",
                                "eba_dim:BAS": "eba_BA:x17",
                                "eba_dim:EAQ": "eba_EA:x23",
                                "eba_dim:EPC": "eba_EA:x19",
                                "eba_dim:EXC": "eba_EC:x3",
                                "eba_dim:GBC": "eba_AP:x234",
                                "eba_dim:KUP": "eba_PU:x45"
                            },
                            "eba:documentation": {
                                "CellCode": "{D 09.02.b, r0020, c0290}",
                                "DataPointVersionId": "475695"
                            }
                        },
                        "dp475697": {
                            "decimals": "$decimalsPercentage",
                            "dimensions": {
                                "concept": "eba_met:pi950",
                                "eba_dim:BAS": "eba_BA:x17",
                                "eba_dim:EAQ": "eba_EA:x23",
                                "eba_dim:EPC": "eba_EA:x19",
                                "eba_dim:EXC": "eba_EC:x3",
                                "eba_dim:GBC": "eba_AP:x238",
                                "eba_dim:KUP": "eba_PU:x45"
                            },
                            "eba:documentation": {
                                "CellCode": "{D 09.02.b, r0010, c0290}",
                                "DataPointVersionId": "475697"
                            }
                        },
                        "dp475699": {
                            "decimals": "$decimalsPercentage",
                            "dimensions": {
                                "concept": "eba_met:pi950",
                                "eba_dim:BAS": "eba_BA:x17",
                                "eba_dim:EAQ": "eba_EA:x23",
                                "eba_dim:EPC": "eba_EA:x19",
                                "eba_dim:GBC": "eba_AP:x234"
                            },
                            "eba:documentation": {
                                "CellCode": "{D 09.02.b, r0020, c0280}",
                                "DataPointVersionId": "475699"
                            }
                        },
                        "dp475701": {
                            "decimals": "$decimalsPercentage",
                            "dimensions": {
                                "concept": "eba_met:pi950",
                                "eba_dim:BAS": "eba_BA:x17",
                                "eba_dim:EAQ": "eba_EA:x23",
                                "eba_dim:EPC": "eba_EA:x19",
                                "eba_dim:GBC": "eba_AP:x238"
                            },
                            "eba:documentation": {
                                "CellCode": "{D 09.02.b, r0010, c0280}",
                                "DataPointVersionId": "475701"
                            }
                        },
                        "dp475703": {
                            "decimals": "$decimalsPercentage",
                            "dimensions": {
                                "concept": "eba_met:pi950",
                                "eba_dim:BAS": "eba_BA:x17",
                                "eba_dim:EAQ": "eba_EA:x23",
                                "eba_dim:EPC": "eba_EA:x20",
                                "eba_dim:GBC": "eba_AP:x234"
                            },
                            "eba:documentation": {
                                "CellCode": "{D 09.02.b, r0020, c0270}",
                                "DataPointVersionId": "475703"
                            }
                        },
                        "dp475705": {
                            "decimals": "$decimalsPercentage",
                            "dimensions": {
                                "concept": "eba_met:pi950",
                                "eba_dim:BAS": "eba_BA:x17",
                                "eba_dim:EAQ": "eba_EA:x23",
                                "eba_dim:EPC": "eba_EA:x20",
                                "eba_dim:GBC": "eba_AP:x238"
                            },
                            "eba:documentation": {
                                "CellCode": "{D 09.02.b, r0010, c0270}",
                                "DataPointVersionId": "475705"
                            }
                        }
                    }
                },
                "factValue": {
                    "dimensions": {},
                    "propertiesFrom": [
                        "datapoint"
                    ]
                }
            }
        }
    }
}