﻿<?xml version="1.0" encoding="utf-8"?>
<?taxonomy-version 1.0.0.0 ?>  <?taxonomy-set-overall-version 3.3.0.0 ?>
<!--(C) EBA-->
<link:linkbase xmlns:xsi="http://www.w3.org/2001/XMLSchema-instance" xmlns:xlink="http://www.w3.org/1999/xlink" xmlns:link="http://www.xbrl.org/2003/linkbase" xmlns:gen="http://xbrl.org/2008/generic" xmlns:label="http://xbrl.org/2008/label" xsi:schemaLocation="http://www.xbrl.org/2003/linkbase http://www.xbrl.org/2003/xbrl-linkbase-2003-12-31.xsd http://xbrl.org/2008/generic http://www.xbrl.org/2008/generic-link.xsd http://xbrl.org/2008/label http://www.xbrl.org/2008/generic-label.xsd">
  <link:arcroleRef arcroleURI="http://xbrl.org/arcrole/2008/element-label" xlink:type="simple" xlink:href="http://www.xbrl.org/2008/generic-label.xsd#element-label" />
  <link:roleRef roleURI="http://www.xbrl.org/2008/role/label" xlink:type="simple" xlink:href="http://www.xbrl.org/2008/generic-label.xsd#standard-label" />
  <link:roleRef roleURI="http://www.xbrl.org/2008/role/verboseLabel" xlink:type="simple" xlink:href="http://www.xbrl.org/2008/generic-label.xsd#verbose-label" />
  <gen:link xlink:type="extended" xlink:role="http://www.xbrl.org/2003/role/link">
    <link:loc xlink:type="locator" xlink:href="d_09.02.b-rend.xml#eba_tD_09.02.b" xlink:label="loc_eba_tD_09.02.b" />
    <label:label xlink:type="resource" xlink:label="label_eba_tD_09.02.b" xml:lang="en" xlink:role="http://www.xbrl.org/2008/role/label">D 09.02.b</label:label>
    <gen:arc xlink:type="arc" xlink:arcrole="http://xbrl.org/arcrole/2008/element-label" xlink:from="loc_eba_tD_09.02.b" xlink:to="label_eba_tD_09.02.b" />
    <label:label xlink:type="resource" xlink:label="label_eba_tD_09.02.b_1" xml:lang="en" xlink:role="http://www.xbrl.org/2008/role/verboseLabel">D 09.02.b BTAR % (flow) (II)</label:label>
    <gen:arc xlink:type="arc" xlink:arcrole="http://xbrl.org/arcrole/2008/element-label" xlink:from="loc_eba_tD_09.02.b" xlink:to="label_eba_tD_09.02.b_1" />
    <link:loc xlink:type="locator" xlink:href="d_09.02.b-rend.xml#eba_a1" xlink:label="loc_eba_a1" />
    <label:label xlink:type="resource" xlink:label="label_eba_a1" xml:lang="en" xlink:role="http://www.xbrl.org/2008/role/label">Columns</label:label>
    <gen:arc xlink:type="arc" xlink:arcrole="http://xbrl.org/arcrole/2008/element-label" xlink:from="loc_eba_a1" xlink:to="label_eba_a1" />
    <link:loc xlink:type="locator" xlink:href="d_09.02.b-rend.xml#eba_c86905" xlink:label="loc_eba_c86905" />
    <label:label xlink:type="resource" xlink:label="label_eba_c86905" xml:lang="en" xlink:role="http://www.xbrl.org/2008/role/label">Disclosure reference date T: KPIs on flow</label:label>
    <gen:arc xlink:type="arc" xlink:arcrole="http://xbrl.org/arcrole/2008/element-label" xlink:from="loc_eba_c86905" xlink:to="label_eba_c86905" />
    <link:loc xlink:type="locator" xlink:href="d_09.02.b-rend.xml#eba_c86906" xlink:label="loc_eba_c86906" />
    <label:label xlink:type="resource" xlink:label="label_eba_c86906" xml:lang="en" xlink:role="http://www.xbrl.org/2008/role/label">Climate Change Mitigation (CCM)</label:label>
    <gen:arc xlink:type="arc" xlink:arcrole="http://xbrl.org/arcrole/2008/element-label" xlink:from="loc_eba_c86906" xlink:to="label_eba_c86906" />
    <link:loc xlink:type="locator" xlink:href="d_09.02.b-rend.xml#eba_c86907" xlink:label="loc_eba_c86907" />
    <label:label xlink:type="resource" xlink:label="label_eba_c86907" xml:lang="en" xlink:role="http://www.xbrl.org/2008/role/label">Proportion of eligible assets funding taxonomy relevant sectors</label:label>
    <gen:arc xlink:type="arc" xlink:arcrole="http://xbrl.org/arcrole/2008/element-label" xlink:from="loc_eba_c86907" xlink:to="label_eba_c86907" />
    <link:loc xlink:type="locator" xlink:href="d_09.02.b-rend.xml#eba_c86908" xlink:label="loc_eba_c86908" />
    <label:label xlink:type="resource" xlink:label="label_eba_c86908" xml:lang="en" xlink:role="http://www.xbrl.org/2008/role/label">Of which environmentally sustainable</label:label>
    <gen:arc xlink:type="arc" xlink:arcrole="http://xbrl.org/arcrole/2008/element-label" xlink:from="loc_eba_c86908" xlink:to="label_eba_c86908" />
    <link:loc xlink:type="locator" xlink:href="d_09.02.b-rend.xml#eba_c86909" xlink:label="loc_eba_c86909" />
    <label:label xlink:type="resource" xlink:label="label_eba_c86909" xml:lang="en" xlink:role="http://www.xbrl.org/2008/role/label">Of which specialised lending</label:label>
    <gen:arc xlink:type="arc" xlink:arcrole="http://xbrl.org/arcrole/2008/element-label" xlink:from="loc_eba_c86909" xlink:to="label_eba_c86909" />
    <link:loc xlink:type="locator" xlink:href="d_09.02.b-rend.xml#eba_c86910" xlink:label="loc_eba_c86910" />
    <label:label xlink:type="resource" xlink:label="label_eba_c86910" xml:lang="en" xlink:role="http://www.xbrl.org/2008/role/label">Of which transitional</label:label>
    <gen:arc xlink:type="arc" xlink:arcrole="http://xbrl.org/arcrole/2008/element-label" xlink:from="loc_eba_c86910" xlink:to="label_eba_c86910" />
    <link:loc xlink:type="locator" xlink:href="d_09.02.b-rend.xml#eba_c86911" xlink:label="loc_eba_c86911" />
    <label:label xlink:type="resource" xlink:label="label_eba_c86911" xml:lang="en" xlink:role="http://www.xbrl.org/2008/role/label">Of which enabling</label:label>
    <gen:arc xlink:type="arc" xlink:arcrole="http://xbrl.org/arcrole/2008/element-label" xlink:from="loc_eba_c86911" xlink:to="label_eba_c86911" />
    <link:loc xlink:type="locator" xlink:href="d_09.02.b-rend.xml#eba_c86912" xlink:label="loc_eba_c86912" />
    <label:label xlink:type="resource" xlink:label="label_eba_c86912" xml:lang="en" xlink:role="http://www.xbrl.org/2008/role/label">Climate Change Adaptation (CCA)</label:label>
    <gen:arc xlink:type="arc" xlink:arcrole="http://xbrl.org/arcrole/2008/element-label" xlink:from="loc_eba_c86912" xlink:to="label_eba_c86912" />
    <link:loc xlink:type="locator" xlink:href="d_09.02.b-rend.xml#eba_c86913" xlink:label="loc_eba_c86913" />
    <label:label xlink:type="resource" xlink:label="label_eba_c86913" xml:lang="en" xlink:role="http://www.xbrl.org/2008/role/label">Proportion of eligible assets funding taxonomy relevant sectors</label:label>
    <gen:arc xlink:type="arc" xlink:arcrole="http://xbrl.org/arcrole/2008/element-label" xlink:from="loc_eba_c86913" xlink:to="label_eba_c86913" />
    <link:loc xlink:type="locator" xlink:href="d_09.02.b-rend.xml#eba_c86914" xlink:label="loc_eba_c86914" />
    <label:label xlink:type="resource" xlink:label="label_eba_c86914" xml:lang="en" xlink:role="http://www.xbrl.org/2008/role/label">Of which environmentally sustainable</label:label>
    <gen:arc xlink:type="arc" xlink:arcrole="http://xbrl.org/arcrole/2008/element-label" xlink:from="loc_eba_c86914" xlink:to="label_eba_c86914" />
    <link:loc xlink:type="locator" xlink:href="d_09.02.b-rend.xml#eba_c86915" xlink:label="loc_eba_c86915" />
    <label:label xlink:type="resource" xlink:label="label_eba_c86915" xml:lang="en" xlink:role="http://www.xbrl.org/2008/role/label">Of which specialised lending</label:label>
    <gen:arc xlink:type="arc" xlink:arcrole="http://xbrl.org/arcrole/2008/element-label" xlink:from="loc_eba_c86915" xlink:to="label_eba_c86915" />
    <link:loc xlink:type="locator" xlink:href="d_09.02.b-rend.xml#eba_c86916" xlink:label="loc_eba_c86916" />
    <label:label xlink:type="resource" xlink:label="label_eba_c86916" xml:lang="en" xlink:role="http://www.xbrl.org/2008/role/label">Of which adaptation</label:label>
    <gen:arc xlink:type="arc" xlink:arcrole="http://xbrl.org/arcrole/2008/element-label" xlink:from="loc_eba_c86916" xlink:to="label_eba_c86916" />
    <link:loc xlink:type="locator" xlink:href="d_09.02.b-rend.xml#eba_c86917" xlink:label="loc_eba_c86917" />
    <label:label xlink:type="resource" xlink:label="label_eba_c86917" xml:lang="en" xlink:role="http://www.xbrl.org/2008/role/label">Of which enabling</label:label>
    <gen:arc xlink:type="arc" xlink:arcrole="http://xbrl.org/arcrole/2008/element-label" xlink:from="loc_eba_c86917" xlink:to="label_eba_c86917" />
    <link:loc xlink:type="locator" xlink:href="d_09.02.b-rend.xml#eba_c86918" xlink:label="loc_eba_c86918" />
    <label:label xlink:type="resource" xlink:label="label_eba_c86918" xml:lang="en" xlink:role="http://www.xbrl.org/2008/role/label">TOTAL (CCM + CCA)</label:label>
    <gen:arc xlink:type="arc" xlink:arcrole="http://xbrl.org/arcrole/2008/element-label" xlink:from="loc_eba_c86918" xlink:to="label_eba_c86918" />
    <link:loc xlink:type="locator" xlink:href="d_09.02.b-rend.xml#eba_c86919" xlink:label="loc_eba_c86919" />
    <label:label xlink:type="resource" xlink:label="label_eba_c86919" xml:lang="en" xlink:role="http://www.xbrl.org/2008/role/label">Proportion of eligible assets funding taxonomy relevant sectors</label:label>
    <gen:arc xlink:type="arc" xlink:arcrole="http://xbrl.org/arcrole/2008/element-label" xlink:from="loc_eba_c86919" xlink:to="label_eba_c86919" />
    <link:loc xlink:type="locator" xlink:href="d_09.02.b-rend.xml#eba_c86920" xlink:label="loc_eba_c86920" />
    <label:label xlink:type="resource" xlink:label="label_eba_c86920" xml:lang="en" xlink:role="http://www.xbrl.org/2008/role/label">Of which environmentally sustainable</label:label>
    <gen:arc xlink:type="arc" xlink:arcrole="http://xbrl.org/arcrole/2008/element-label" xlink:from="loc_eba_c86920" xlink:to="label_eba_c86920" />
    <link:loc xlink:type="locator" xlink:href="d_09.02.b-rend.xml#eba_c86921" xlink:label="loc_eba_c86921" />
    <label:label xlink:type="resource" xlink:label="label_eba_c86921" xml:lang="en" xlink:role="http://www.xbrl.org/2008/role/label">Of which specialised lending</label:label>
    <gen:arc xlink:type="arc" xlink:arcrole="http://xbrl.org/arcrole/2008/element-label" xlink:from="loc_eba_c86921" xlink:to="label_eba_c86921" />
    <link:loc xlink:type="locator" xlink:href="d_09.02.b-rend.xml#eba_c86922" xlink:label="loc_eba_c86922" />
    <label:label xlink:type="resource" xlink:label="label_eba_c86922" xml:lang="en" xlink:role="http://www.xbrl.org/2008/role/label">Of which transitional/adaptation</label:label>
    <gen:arc xlink:type="arc" xlink:arcrole="http://xbrl.org/arcrole/2008/element-label" xlink:from="loc_eba_c86922" xlink:to="label_eba_c86922" />
    <link:loc xlink:type="locator" xlink:href="d_09.02.b-rend.xml#eba_c86923" xlink:label="loc_eba_c86923" />
    <label:label xlink:type="resource" xlink:label="label_eba_c86923" xml:lang="en" xlink:role="http://www.xbrl.org/2008/role/label">Of which enabling</label:label>
    <gen:arc xlink:type="arc" xlink:arcrole="http://xbrl.org/arcrole/2008/element-label" xlink:from="loc_eba_c86923" xlink:to="label_eba_c86923" />
    <link:loc xlink:type="locator" xlink:href="d_09.02.b-rend.xml#eba_a2" xlink:label="loc_eba_a2" />
    <label:label xlink:type="resource" xlink:label="label_eba_a2" xml:lang="en" xlink:role="http://www.xbrl.org/2008/role/label">Rows</label:label>
    <gen:arc xlink:type="arc" xlink:arcrole="http://xbrl.org/arcrole/2008/element-label" xlink:from="loc_eba_a2" xlink:to="label_eba_a2" />
    <link:loc xlink:type="locator" xlink:href="d_09.02.b-rend.xml#eba_c86924" xlink:label="loc_eba_c86924" />
    <label:label xlink:type="resource" xlink:label="label_eba_c86924" xml:lang="en" xlink:role="http://www.xbrl.org/2008/role/label">BTAR</label:label>
    <gen:arc xlink:type="arc" xlink:arcrole="http://xbrl.org/arcrole/2008/element-label" xlink:from="loc_eba_c86924" xlink:to="label_eba_c86924" />
    <link:loc xlink:type="locator" xlink:href="d_09.02.b-rend.xml#eba_c86925" xlink:label="loc_eba_c86925" />
    <label:label xlink:type="resource" xlink:label="label_eba_c86925" xml:lang="en" xlink:role="http://www.xbrl.org/2008/role/label">GAR</label:label>
    <gen:arc xlink:type="arc" xlink:arcrole="http://xbrl.org/arcrole/2008/element-label" xlink:from="loc_eba_c86925" xlink:to="label_eba_c86925" />
    <link:loc xlink:type="locator" xlink:href="d_09.02.b-rend.xml#eba_c86926" xlink:label="loc_eba_c86926" />
    <label:label xlink:type="resource" xlink:label="label_eba_c86926" xml:lang="en" xlink:role="http://www.xbrl.org/2008/role/label">EU Non-financial corporations not subject to NFRD disclosure obligations</label:label>
    <gen:arc xlink:type="arc" xlink:arcrole="http://xbrl.org/arcrole/2008/element-label" xlink:from="loc_eba_c86926" xlink:to="label_eba_c86926" />
    <link:loc xlink:type="locator" xlink:href="d_09.02.b-rend.xml#eba_c86927" xlink:label="loc_eba_c86927" />
    <label:label xlink:type="resource" xlink:label="label_eba_c86927" xml:lang="en" xlink:role="http://www.xbrl.org/2008/role/label">of which loans collateralised by commercial immovable property</label:label>
    <gen:arc xlink:type="arc" xlink:arcrole="http://xbrl.org/arcrole/2008/element-label" xlink:from="loc_eba_c86927" xlink:to="label_eba_c86927" />
    <link:loc xlink:type="locator" xlink:href="d_09.02.b-rend.xml#eba_c86928" xlink:label="loc_eba_c86928" />
    <label:label xlink:type="resource" xlink:label="label_eba_c86928" xml:lang="en" xlink:role="http://www.xbrl.org/2008/role/label">of which building renovation loans</label:label>
    <gen:arc xlink:type="arc" xlink:arcrole="http://xbrl.org/arcrole/2008/element-label" xlink:from="loc_eba_c86928" xlink:to="label_eba_c86928" />
    <link:loc xlink:type="locator" xlink:href="d_09.02.b-rend.xml#eba_c86929" xlink:label="loc_eba_c86929" />
    <label:label xlink:type="resource" xlink:label="label_eba_c86929" xml:lang="en" xlink:role="http://www.xbrl.org/2008/role/label">Non-EU country counterparties not subject to NFRD disclosure obligations</label:label>
    <gen:arc xlink:type="arc" xlink:arcrole="http://xbrl.org/arcrole/2008/element-label" xlink:from="loc_eba_c86929" xlink:to="label_eba_c86929" />
  </gen:link>
</link:linkbase>