﻿<?xml version="1.0" encoding="utf-8"?>
<?taxonomy-version 1.0.0.0 ?>  <?taxonomy-set-overall-version 3.3.0.0 ?>
<!--(C) EBA-->
<link:linkbase xmlns:xsi="http://www.w3.org/2001/XMLSchema-instance" xmlns:xlink="http://www.w3.org/1999/xlink" xmlns:link="http://www.xbrl.org/2003/linkbase" xmlns:gen="http://xbrl.org/2008/generic" xmlns:label="http://xbrl.org/2008/label" xsi:schemaLocation="http://www.xbrl.org/2003/linkbase http://www.xbrl.org/2003/xbrl-linkbase-2003-12-31.xsd http://xbrl.org/2008/generic http://www.xbrl.org/2008/generic-link.xsd http://xbrl.org/2008/label http://www.xbrl.org/2008/generic-label.xsd">
  <link:arcroleRef arcroleURI="http://xbrl.org/arcrole/2008/element-label" xlink:type="simple" xlink:href="http://www.xbrl.org/2008/generic-label.xsd#element-label" />
  <link:roleRef roleURI="http://www.eba.europa.eu/xbrl/role/dpm-db-id" xlink:type="simple" xlink:href="http://www.eba.europa.eu/eu/fr/xbrl/ext/model.xsd#dpm-db-id" />
  <link:roleRef roleURI="http://www.eurofiling.info/xbrl/role/filing-indicator-code" xlink:type="simple" xlink:href="http://www.eurofiling.info/eu/fr/xbrl/ext/model.xsd#filing-indicator-code" />
  <link:roleRef roleURI="http://www.eurofiling.info/xbrl/role/rc-code" xlink:type="simple" xlink:href="http://www.eurofiling.info/eu/fr/xbrl/ext/model.xsd#rc-code" />
  <gen:link xlink:type="extended" xlink:role="http://www.xbrl.org/2003/role/link">
    <link:loc xlink:type="locator" xlink:href="d_02.00.b-rend.xml#eba_tD_02.00.b" xlink:label="loc_eba_tD_02.00.b" />
    <label:label xlink:type="resource" xlink:label="label_eba_tD_02.00.b" xml:lang="en" xlink:role="http://www.eurofiling.info/xbrl/role/rc-code">D 02.00.b</label:label>
    <gen:arc xlink:type="arc" xlink:arcrole="http://xbrl.org/arcrole/2008/element-label" xlink:from="loc_eba_tD_02.00.b" xlink:to="label_eba_tD_02.00.b" />
    <link:loc xlink:type="locator" xlink:href="d_02.00.b-rend.xml#eba_c88204" xlink:label="loc_eba_c88204" />
    <label:label xlink:type="resource" xlink:label="label_eba_c88204" xml:lang="en" xlink:role="http://www.eurofiling.info/xbrl/role/rc-code">0150</label:label>
    <gen:arc xlink:type="arc" xlink:arcrole="http://xbrl.org/arcrole/2008/element-label" xlink:from="loc_eba_c88204" xlink:to="label_eba_c88204" />
    <link:loc xlink:type="locator" xlink:href="d_02.00.b-rend.xml#eba_c88205" xlink:label="loc_eba_c88205" />
    <label:label xlink:type="resource" xlink:label="label_eba_c88205" xml:lang="en" xlink:role="http://www.eurofiling.info/xbrl/role/rc-code">0160</label:label>
    <gen:arc xlink:type="arc" xlink:arcrole="http://xbrl.org/arcrole/2008/element-label" xlink:from="loc_eba_c88205" xlink:to="label_eba_c88205" />
    <link:loc xlink:type="locator" xlink:href="d_02.00.b-rend.xml#eba_c88206" xlink:label="loc_eba_c88206" />
    <label:label xlink:type="resource" xlink:label="label_eba_c88206" xml:lang="en" xlink:role="http://www.eurofiling.info/xbrl/role/rc-code">0010</label:label>
    <gen:arc xlink:type="arc" xlink:arcrole="http://xbrl.org/arcrole/2008/element-label" xlink:from="loc_eba_c88206" xlink:to="label_eba_c88206" />
    <link:loc xlink:type="locator" xlink:href="d_02.00.b-rend.xml#eba_c88207" xlink:label="loc_eba_c88207" />
    <label:label xlink:type="resource" xlink:label="label_eba_c88207" xml:lang="en" xlink:role="http://www.eurofiling.info/xbrl/role/rc-code">0020</label:label>
    <gen:arc xlink:type="arc" xlink:arcrole="http://xbrl.org/arcrole/2008/element-label" xlink:from="loc_eba_c88207" xlink:to="label_eba_c88207" />
    <link:loc xlink:type="locator" xlink:href="d_02.00.b-rend.xml#eba_c88208" xlink:label="loc_eba_c88208" />
    <label:label xlink:type="resource" xlink:label="label_eba_c88208" xml:lang="en" xlink:role="http://www.eurofiling.info/xbrl/role/rc-code">0030</label:label>
    <gen:arc xlink:type="arc" xlink:arcrole="http://xbrl.org/arcrole/2008/element-label" xlink:from="loc_eba_c88208" xlink:to="label_eba_c88208" />
    <link:loc xlink:type="locator" xlink:href="d_02.00.b-rend.xml#eba_c88209" xlink:label="loc_eba_c88209" />
    <label:label xlink:type="resource" xlink:label="label_eba_c88209" xml:lang="en" xlink:role="http://www.eurofiling.info/xbrl/role/rc-code">0040</label:label>
    <gen:arc xlink:type="arc" xlink:arcrole="http://xbrl.org/arcrole/2008/element-label" xlink:from="loc_eba_c88209" xlink:to="label_eba_c88209" />
    <link:loc xlink:type="locator" xlink:href="d_02.00.b-rend.xml#eba_c88210" xlink:label="loc_eba_c88210" />
    <label:label xlink:type="resource" xlink:label="label_eba_c88210" xml:lang="en" xlink:role="http://www.eurofiling.info/xbrl/role/rc-code">0050</label:label>
    <gen:arc xlink:type="arc" xlink:arcrole="http://xbrl.org/arcrole/2008/element-label" xlink:from="loc_eba_c88210" xlink:to="label_eba_c88210" />
    <link:loc xlink:type="locator" xlink:href="d_02.00.b-rend.xml#eba_c88211" xlink:label="loc_eba_c88211" />
    <label:label xlink:type="resource" xlink:label="label_eba_c88211" xml:lang="en" xlink:role="http://www.eurofiling.info/xbrl/role/rc-code">0060</label:label>
    <gen:arc xlink:type="arc" xlink:arcrole="http://xbrl.org/arcrole/2008/element-label" xlink:from="loc_eba_c88211" xlink:to="label_eba_c88211" />
    <link:loc xlink:type="locator" xlink:href="d_02.00.b-rend.xml#eba_c88212" xlink:label="loc_eba_c88212" />
    <label:label xlink:type="resource" xlink:label="label_eba_c88212" xml:lang="en" xlink:role="http://www.eurofiling.info/xbrl/role/rc-code">0070</label:label>
    <gen:arc xlink:type="arc" xlink:arcrole="http://xbrl.org/arcrole/2008/element-label" xlink:from="loc_eba_c88212" xlink:to="label_eba_c88212" />
    <link:loc xlink:type="locator" xlink:href="d_02.00.b-rend.xml#eba_c88213" xlink:label="loc_eba_c88213" />
    <label:label xlink:type="resource" xlink:label="label_eba_c88213" xml:lang="en" xlink:role="http://www.eurofiling.info/xbrl/role/rc-code">0080</label:label>
    <gen:arc xlink:type="arc" xlink:arcrole="http://xbrl.org/arcrole/2008/element-label" xlink:from="loc_eba_c88213" xlink:to="label_eba_c88213" />
    <link:loc xlink:type="locator" xlink:href="d_02.00.b-rend.xml#eba_c88214" xlink:label="loc_eba_c88214" />
    <label:label xlink:type="resource" xlink:label="label_eba_c88214" xml:lang="en" xlink:role="http://www.eurofiling.info/xbrl/role/rc-code">0090</label:label>
    <gen:arc xlink:type="arc" xlink:arcrole="http://xbrl.org/arcrole/2008/element-label" xlink:from="loc_eba_c88214" xlink:to="label_eba_c88214" />
    <link:loc xlink:type="locator" xlink:href="d_02.00.b-rend.xml#eba_c88215" xlink:label="loc_eba_c88215" />
    <label:label xlink:type="resource" xlink:label="label_eba_c88215" xml:lang="en" xlink:role="http://www.eurofiling.info/xbrl/role/rc-code">0100</label:label>
    <gen:arc xlink:type="arc" xlink:arcrole="http://xbrl.org/arcrole/2008/element-label" xlink:from="loc_eba_c88215" xlink:to="label_eba_c88215" />
    <label:label xlink:type="resource" xlink:label="label_eba_tD_02.00.b_1" xml:lang="en" xlink:role="http://www.eurofiling.info/xbrl/role/filing-indicator-code">D_02.00</label:label>
    <gen:arc xlink:type="arc" xlink:arcrole="http://xbrl.org/arcrole/2008/element-label" xlink:from="loc_eba_tD_02.00.b" xlink:to="label_eba_tD_02.00.b_1" />
    <label:label xlink:type="resource" xlink:label="label_eba_tD_02.00.b_2" xml:lang="en" xlink:role="http://www.eba.europa.eu/xbrl/role/dpm-db-id">876.2408</label:label>
    <gen:arc xlink:type="arc" xlink:arcrole="http://xbrl.org/arcrole/2008/element-label" xlink:from="loc_eba_tD_02.00.b" xlink:to="label_eba_tD_02.00.b_2" />
    <label:label xlink:type="resource" xlink:label="label_eba_c88204_1" xml:lang="en" xlink:role="http://www.eba.europa.eu/xbrl/role/dpm-db-id">88204</label:label>
    <gen:arc xlink:type="arc" xlink:arcrole="http://xbrl.org/arcrole/2008/element-label" xlink:from="loc_eba_c88204" xlink:to="label_eba_c88204_1" />
    <label:label xlink:type="resource" xlink:label="label_eba_c88205_1" xml:lang="en" xlink:role="http://www.eba.europa.eu/xbrl/role/dpm-db-id">88205</label:label>
    <gen:arc xlink:type="arc" xlink:arcrole="http://xbrl.org/arcrole/2008/element-label" xlink:from="loc_eba_c88205" xlink:to="label_eba_c88205_1" />
    <label:label xlink:type="resource" xlink:label="label_eba_c88206_1" xml:lang="en" xlink:role="http://www.eba.europa.eu/xbrl/role/dpm-db-id">88206</label:label>
    <gen:arc xlink:type="arc" xlink:arcrole="http://xbrl.org/arcrole/2008/element-label" xlink:from="loc_eba_c88206" xlink:to="label_eba_c88206_1" />
    <label:label xlink:type="resource" xlink:label="label_eba_c88207_1" xml:lang="en" xlink:role="http://www.eba.europa.eu/xbrl/role/dpm-db-id">88207</label:label>
    <gen:arc xlink:type="arc" xlink:arcrole="http://xbrl.org/arcrole/2008/element-label" xlink:from="loc_eba_c88207" xlink:to="label_eba_c88207_1" />
    <label:label xlink:type="resource" xlink:label="label_eba_c88208_1" xml:lang="en" xlink:role="http://www.eba.europa.eu/xbrl/role/dpm-db-id">88208</label:label>
    <gen:arc xlink:type="arc" xlink:arcrole="http://xbrl.org/arcrole/2008/element-label" xlink:from="loc_eba_c88208" xlink:to="label_eba_c88208_1" />
    <label:label xlink:type="resource" xlink:label="label_eba_c88209_1" xml:lang="en" xlink:role="http://www.eba.europa.eu/xbrl/role/dpm-db-id">88209</label:label>
    <gen:arc xlink:type="arc" xlink:arcrole="http://xbrl.org/arcrole/2008/element-label" xlink:from="loc_eba_c88209" xlink:to="label_eba_c88209_1" />
    <label:label xlink:type="resource" xlink:label="label_eba_c88210_1" xml:lang="en" xlink:role="http://www.eba.europa.eu/xbrl/role/dpm-db-id">88210</label:label>
    <gen:arc xlink:type="arc" xlink:arcrole="http://xbrl.org/arcrole/2008/element-label" xlink:from="loc_eba_c88210" xlink:to="label_eba_c88210_1" />
    <label:label xlink:type="resource" xlink:label="label_eba_c88211_1" xml:lang="en" xlink:role="http://www.eba.europa.eu/xbrl/role/dpm-db-id">88211</label:label>
    <gen:arc xlink:type="arc" xlink:arcrole="http://xbrl.org/arcrole/2008/element-label" xlink:from="loc_eba_c88211" xlink:to="label_eba_c88211_1" />
    <label:label xlink:type="resource" xlink:label="label_eba_c88212_1" xml:lang="en" xlink:role="http://www.eba.europa.eu/xbrl/role/dpm-db-id">88212</label:label>
    <gen:arc xlink:type="arc" xlink:arcrole="http://xbrl.org/arcrole/2008/element-label" xlink:from="loc_eba_c88212" xlink:to="label_eba_c88212_1" />
    <label:label xlink:type="resource" xlink:label="label_eba_c88213_1" xml:lang="en" xlink:role="http://www.eba.europa.eu/xbrl/role/dpm-db-id">88213</label:label>
    <gen:arc xlink:type="arc" xlink:arcrole="http://xbrl.org/arcrole/2008/element-label" xlink:from="loc_eba_c88213" xlink:to="label_eba_c88213_1" />
    <label:label xlink:type="resource" xlink:label="label_eba_c88214_1" xml:lang="en" xlink:role="http://www.eba.europa.eu/xbrl/role/dpm-db-id">88214</label:label>
    <gen:arc xlink:type="arc" xlink:arcrole="http://xbrl.org/arcrole/2008/element-label" xlink:from="loc_eba_c88214" xlink:to="label_eba_c88214_1" />
    <label:label xlink:type="resource" xlink:label="label_eba_c88215_1" xml:lang="en" xlink:role="http://www.eba.europa.eu/xbrl/role/dpm-db-id">88215</label:label>
    <gen:arc xlink:type="arc" xlink:arcrole="http://xbrl.org/arcrole/2008/element-label" xlink:from="loc_eba_c88215" xlink:to="label_eba_c88215_1" />
  </gen:link>
</link:linkbase>