{
    "documentInfo": {
        "documentType": "https://xbrl.org/CR/2021-02-03/xbrl-csv",
        "namespaces": {
            "eba": "http://www.eba.europa.eu",
            "eba_AP": "http://www.eba.europa.eu/xbrl/crr/dict/dom/AP",
            "eba_BA": "http://www.eba.europa.eu/xbrl/crr/dict/dom/BA",
            "eba_CT": "http://www.eba.europa.eu/xbrl/crr/dict/dom/CT",
            "eba_GA": "http://www.eba.europa.eu/xbrl/crr/dict/dom/GA",
            "eba_MC": "http://www.eba.europa.eu/xbrl/crr/dict/dom/MC",
            "eba_dim": "http://www.eba.europa.eu/xbrl/crr/dict/dim",
            "eba_met": "http://www.eba.europa.eu/xbrl/crr/dict/met"
        }
    },
    "tableTemplates": {
        "D_02-00-b": {
            "columns": {
                "datapoint": {
                    "propertyGroups": {
                        "dp470585": {
                            "decimals": "$decimalsPercentage",
                            "dimensions": {
                                "concept": "eba_met:pi977",
                                "eba_dim:AEE": "eba_AP:x246",
                                "eba_dim:BAS": "eba_BA:x6",
                                "eba_dim:CPS": "eba_CT:x20",
                                "eba_dim:LEE": "eba_MC:x1273",
                                "eba_dim:MCB": "eba_MC:x292",
                                "eba_dim:MCY": "eba_MC:x329",
                                "eba_dim:RCP": "eba_GA:x33"
                            },
                            "eba:documentation": {
                                "CellCode": "{D 02.00.b, r0040, c0160}",
                                "DataPointVersionId": "470585"
                            }
                        },
                        "dp470586": {
                            "decimals": "$decimalsPercentage",
                            "dimensions": {
                                "concept": "eba_met:pi977",
                                "eba_dim:AEE": "eba_AP:x246",
                                "eba_dim:BAS": "eba_BA:x6",
                                "eba_dim:CPS": "eba_CT:x20",
                                "eba_dim:LEE": "eba_MC:x1273",
                                "eba_dim:MCB": "eba_MC:x292",
                                "eba_dim:MCY": "eba_MC:x329",
                                "eba_dim:RCP": "eba_GA:x41"
                            },
                            "eba:documentation": {
                                "CellCode": "{D 02.00.b, r0090, c0160}",
                                "DataPointVersionId": "470586"
                            }
                        },
                        "dp470587": {
                            "decimals": "$decimalsPercentage",
                            "dimensions": {
                                "concept": "eba_met:pi977",
                                "eba_dim:AEE": "eba_AP:x246",
                                "eba_dim:BAS": "eba_BA:x6",
                                "eba_dim:CPS": "eba_CT:x20",
                                "eba_dim:LEE": "eba_MC:x1273",
                                "eba_dim:MCG": "eba_MC:x292",
                                "eba_dim:MCY": "eba_MC:x1274",
                                "eba_dim:RCP": "eba_GA:x33"
                            },
                            "eba:documentation": {
                                "CellCode": "{D 02.00.b, r0010, c0160}",
                                "DataPointVersionId": "470587"
                            }
                        },
                        "dp470588": {
                            "decimals": "$decimalsPercentage",
                            "dimensions": {
                                "concept": "eba_met:pi977",
                                "eba_dim:AEE": "eba_AP:x246",
                                "eba_dim:BAS": "eba_BA:x6",
                                "eba_dim:CPS": "eba_CT:x20",
                                "eba_dim:LEE": "eba_MC:x1273",
                                "eba_dim:MCG": "eba_MC:x292",
                                "eba_dim:MCY": "eba_MC:x1274",
                                "eba_dim:RCP": "eba_GA:x41"
                            },
                            "eba:documentation": {
                                "CellCode": "{D 02.00.b, r0060, c0160}",
                                "DataPointVersionId": "470588"
                            }
                        },
                        "dp470589": {
                            "decimals": "$decimalsPercentage",
                            "dimensions": {
                                "concept": "eba_met:pi977",
                                "eba_dim:AEE": "eba_AP:x246",
                                "eba_dim:BAS": "eba_BA:x6",
                                "eba_dim:CPS": "eba_CT:x20",
                                "eba_dim:LEE": "eba_MC:x1273",
                                "eba_dim:MCG": "eba_MC:x293",
                                "eba_dim:MCY": "eba_MC:x469",
                                "eba_dim:RCP": "eba_GA:x33"
                            },
                            "eba:documentation": {
                                "CellCode": "{D 02.00.b, r0020, c0160}",
                                "DataPointVersionId": "470589"
                            }
                        },
                        "dp470590": {
                            "decimals": "$decimalsPercentage",
                            "dimensions": {
                                "concept": "eba_met:pi977",
                                "eba_dim:AEE": "eba_AP:x246",
                                "eba_dim:BAS": "eba_BA:x6",
                                "eba_dim:CPS": "eba_CT:x20",
                                "eba_dim:LEE": "eba_MC:x1273",
                                "eba_dim:MCG": "eba_MC:x293",
                                "eba_dim:MCY": "eba_MC:x469",
                                "eba_dim:RCP": "eba_GA:x41"
                            },
                            "eba:documentation": {
                                "CellCode": "{D 02.00.b, r0070, c0160}",
                                "DataPointVersionId": "470590"
                            }
                        },
                        "dp470591": {
                            "decimals": "$decimalsPercentage",
                            "dimensions": {
                                "concept": "eba_met:pi977",
                                "eba_dim:AEE": "eba_AP:x246",
                                "eba_dim:BAS": "eba_BA:x6",
                                "eba_dim:CPS": "eba_CT:x20",
                                "eba_dim:LEE": "eba_MC:x1273",
                                "eba_dim:MCG": "eba_MC:x294",
                                "eba_dim:MCY": "eba_MC:x469",
                                "eba_dim:RCP": "eba_GA:x33"
                            },
                            "eba:documentation": {
                                "CellCode": "{D 02.00.b, r0030, c0160}",
                                "DataPointVersionId": "470591"
                            }
                        },
                        "dp470592": {
                            "decimals": "$decimalsPercentage",
                            "dimensions": {
                                "concept": "eba_met:pi977",
                                "eba_dim:AEE": "eba_AP:x246",
                                "eba_dim:BAS": "eba_BA:x6",
                                "eba_dim:CPS": "eba_CT:x20",
                                "eba_dim:LEE": "eba_MC:x1273",
                                "eba_dim:MCG": "eba_MC:x294",
                                "eba_dim:MCY": "eba_MC:x469",
                                "eba_dim:RCP": "eba_GA:x41"
                            },
                            "eba:documentation": {
                                "CellCode": "{D 02.00.b, r0080, c0160}",
                                "DataPointVersionId": "470592"
                            }
                        },
                        "dp470593": {
                            "decimals": "$decimalsPercentage",
                            "dimensions": {
                                "concept": "eba_met:pi977",
                                "eba_dim:AEE": "eba_AP:x246",
                                "eba_dim:BAS": "eba_BA:x6",
                                "eba_dim:CPS": "eba_CT:x20",
                                "eba_dim:LEE": "eba_MC:x1273",
                                "eba_dim:MCY": "eba_MC:x469",
                                "eba_dim:RCP": "eba_GA:x33"
                            },
                            "eba:documentation": {
                                "CellCode": "{D 02.00.b, r0050, c0160}",
                                "DataPointVersionId": "470593"
                            }
                        },
                        "dp470594": {
                            "decimals": "$decimalsPercentage",
                            "dimensions": {
                                "concept": "eba_met:pi977",
                                "eba_dim:AEE": "eba_AP:x246",
                                "eba_dim:BAS": "eba_BA:x6",
                                "eba_dim:CPS": "eba_CT:x20",
                                "eba_dim:LEE": "eba_MC:x1273",
                                "eba_dim:MCY": "eba_MC:x469",
                                "eba_dim:RCP": "eba_GA:x41"
                            },
                            "eba:documentation": {
                                "CellCode": "{D 02.00.b, r0100, c0160}",
                                "DataPointVersionId": "470594"
                            }
                        }
                    }
                },
                "factValue": {
                    "dimensions": {},
                    "propertiesFrom": [
                        "datapoint"
                    ]
                }
            }
        }
    }
}