﻿<?xml version="1.0" encoding="utf-8"?>
<?taxonomy-version 1.0.0.0 ?>  <?taxonomy-set-overall-version 3.3.0.0 ?>
<!--(C) EBA-->
<link:linkbase xmlns:xsi="http://www.w3.org/2001/XMLSchema-instance" xmlns:xlink="http://www.w3.org/1999/xlink" xmlns:link="http://www.xbrl.org/2003/linkbase" xmlns:gen="http://xbrl.org/2008/generic" xmlns:label="http://xbrl.org/2008/label" xsi:schemaLocation="http://www.xbrl.org/2003/linkbase http://www.xbrl.org/2003/xbrl-linkbase-2003-12-31.xsd http://xbrl.org/2008/generic http://www.xbrl.org/2008/generic-link.xsd http://xbrl.org/2008/label http://www.xbrl.org/2008/generic-label.xsd">
  <link:arcroleRef arcroleURI="http://xbrl.org/arcrole/2008/element-label" xlink:type="simple" xlink:href="http://www.xbrl.org/2008/generic-label.xsd#element-label" />
  <link:roleRef roleURI="http://www.xbrl.org/2008/role/label" xlink:type="simple" xlink:href="http://www.xbrl.org/2008/generic-label.xsd#standard-label" />
  <link:roleRef roleURI="http://www.xbrl.org/2008/role/verboseLabel" xlink:type="simple" xlink:href="http://www.xbrl.org/2008/generic-label.xsd#verbose-label" />
  <gen:link xlink:type="extended" xlink:role="http://www.xbrl.org/2003/role/link">
    <link:loc xlink:type="locator" xlink:href="d_02.00.b-rend.xml#eba_tD_02.00.b" xlink:label="loc_eba_tD_02.00.b" />
    <label:label xlink:type="resource" xlink:label="label_eba_tD_02.00.b" xml:lang="en" xlink:role="http://www.xbrl.org/2008/role/label">D 02.00.b</label:label>
    <gen:arc xlink:type="arc" xlink:arcrole="http://xbrl.org/arcrole/2008/element-label" xlink:from="loc_eba_tD_02.00.b" xlink:to="label_eba_tD_02.00.b" />
    <label:label xlink:type="resource" xlink:label="label_eba_tD_02.00.b_1" xml:lang="en" xlink:role="http://www.xbrl.org/2008/role/verboseLabel">D 02.00.b Banking book - Indicators of potential climate change transition risk: Loans collateralised by immovable property - Energy efficiency of the collateral (II)</label:label>
    <gen:arc xlink:type="arc" xlink:arcrole="http://xbrl.org/arcrole/2008/element-label" xlink:from="loc_eba_tD_02.00.b" xlink:to="label_eba_tD_02.00.b_1" />
    <link:loc xlink:type="locator" xlink:href="d_02.00.b-rend.xml#eba_a1" xlink:label="loc_eba_a1" />
    <label:label xlink:type="resource" xlink:label="label_eba_a1" xml:lang="en" xlink:role="http://www.xbrl.org/2008/role/label">Columns</label:label>
    <gen:arc xlink:type="arc" xlink:arcrole="http://xbrl.org/arcrole/2008/element-label" xlink:from="loc_eba_a1" xlink:to="label_eba_a1" />
    <link:loc xlink:type="locator" xlink:href="d_02.00.b-rend.xml#eba_c88204" xlink:label="loc_eba_c88204" />
    <label:label xlink:type="resource" xlink:label="label_eba_c88204" xml:lang="en" xlink:role="http://www.xbrl.org/2008/role/label">Without EPC label of collateral</label:label>
    <gen:arc xlink:type="arc" xlink:arcrole="http://xbrl.org/arcrole/2008/element-label" xlink:from="loc_eba_c88204" xlink:to="label_eba_c88204" />
    <link:loc xlink:type="locator" xlink:href="d_02.00.b-rend.xml#eba_c88205" xlink:label="loc_eba_c88205" />
    <label:label xlink:type="resource" xlink:label="label_eba_c88205" xml:lang="en" xlink:role="http://www.xbrl.org/2008/role/label">Of which level of energy efficiency (EP score in kWh/m² of collateral) estimated</label:label>
    <gen:arc xlink:type="arc" xlink:arcrole="http://xbrl.org/arcrole/2008/element-label" xlink:from="loc_eba_c88205" xlink:to="label_eba_c88205" />
    <link:loc xlink:type="locator" xlink:href="d_02.00.b-rend.xml#eba_a2" xlink:label="loc_eba_a2" />
    <label:label xlink:type="resource" xlink:label="label_eba_a2" xml:lang="en" xlink:role="http://www.xbrl.org/2008/role/label">Rows</label:label>
    <gen:arc xlink:type="arc" xlink:arcrole="http://xbrl.org/arcrole/2008/element-label" xlink:from="loc_eba_a2" xlink:to="label_eba_a2" />
    <link:loc xlink:type="locator" xlink:href="d_02.00.b-rend.xml#eba_c88206" xlink:label="loc_eba_c88206" />
    <label:label xlink:type="resource" xlink:label="label_eba_c88206" xml:lang="en" xlink:role="http://www.xbrl.org/2008/role/label">Total EU area</label:label>
    <gen:arc xlink:type="arc" xlink:arcrole="http://xbrl.org/arcrole/2008/element-label" xlink:from="loc_eba_c88206" xlink:to="label_eba_c88206" />
    <link:loc xlink:type="locator" xlink:href="d_02.00.b-rend.xml#eba_c88207" xlink:label="loc_eba_c88207" />
    <label:label xlink:type="resource" xlink:label="label_eba_c88207" xml:lang="en" xlink:role="http://www.xbrl.org/2008/role/label">Of which Loans collateralised by commercial immovable property</label:label>
    <gen:arc xlink:type="arc" xlink:arcrole="http://xbrl.org/arcrole/2008/element-label" xlink:from="loc_eba_c88207" xlink:to="label_eba_c88207" />
    <link:loc xlink:type="locator" xlink:href="d_02.00.b-rend.xml#eba_c88208" xlink:label="loc_eba_c88208" />
    <label:label xlink:type="resource" xlink:label="label_eba_c88208" xml:lang="en" xlink:role="http://www.xbrl.org/2008/role/label">Of which Loans collateralised by residential immovable property</label:label>
    <gen:arc xlink:type="arc" xlink:arcrole="http://xbrl.org/arcrole/2008/element-label" xlink:from="loc_eba_c88208" xlink:to="label_eba_c88208" />
    <link:loc xlink:type="locator" xlink:href="d_02.00.b-rend.xml#eba_c88209" xlink:label="loc_eba_c88209" />
    <label:label xlink:type="resource" xlink:label="label_eba_c88209" xml:lang="en" xlink:role="http://www.xbrl.org/2008/role/label">Of which Collateral obtained by taking possession: residential and commercial immovable properties</label:label>
    <gen:arc xlink:type="arc" xlink:arcrole="http://xbrl.org/arcrole/2008/element-label" xlink:from="loc_eba_c88209" xlink:to="label_eba_c88209" />
    <link:loc xlink:type="locator" xlink:href="d_02.00.b-rend.xml#eba_c88210" xlink:label="loc_eba_c88210" />
    <label:label xlink:type="resource" xlink:label="label_eba_c88210" xml:lang="en" xlink:role="http://www.xbrl.org/2008/role/label">Of which Level of energy efficiency (EP score in kWh/m² of collateral) estimated</label:label>
    <gen:arc xlink:type="arc" xlink:arcrole="http://xbrl.org/arcrole/2008/element-label" xlink:from="loc_eba_c88210" xlink:to="label_eba_c88210" />
    <link:loc xlink:type="locator" xlink:href="d_02.00.b-rend.xml#eba_c88211" xlink:label="loc_eba_c88211" />
    <label:label xlink:type="resource" xlink:label="label_eba_c88211" xml:lang="en" xlink:role="http://www.xbrl.org/2008/role/label">Total non-EU area</label:label>
    <gen:arc xlink:type="arc" xlink:arcrole="http://xbrl.org/arcrole/2008/element-label" xlink:from="loc_eba_c88211" xlink:to="label_eba_c88211" />
    <link:loc xlink:type="locator" xlink:href="d_02.00.b-rend.xml#eba_c88212" xlink:label="loc_eba_c88212" />
    <label:label xlink:type="resource" xlink:label="label_eba_c88212" xml:lang="en" xlink:role="http://www.xbrl.org/2008/role/label">Of which Loans collateralised by commercial immovable property</label:label>
    <gen:arc xlink:type="arc" xlink:arcrole="http://xbrl.org/arcrole/2008/element-label" xlink:from="loc_eba_c88212" xlink:to="label_eba_c88212" />
    <link:loc xlink:type="locator" xlink:href="d_02.00.b-rend.xml#eba_c88213" xlink:label="loc_eba_c88213" />
    <label:label xlink:type="resource" xlink:label="label_eba_c88213" xml:lang="en" xlink:role="http://www.xbrl.org/2008/role/label">Of which Loans collateralised by residential immovable property</label:label>
    <gen:arc xlink:type="arc" xlink:arcrole="http://xbrl.org/arcrole/2008/element-label" xlink:from="loc_eba_c88213" xlink:to="label_eba_c88213" />
    <link:loc xlink:type="locator" xlink:href="d_02.00.b-rend.xml#eba_c88214" xlink:label="loc_eba_c88214" />
    <label:label xlink:type="resource" xlink:label="label_eba_c88214" xml:lang="en" xlink:role="http://www.xbrl.org/2008/role/label">Of which Collateral obtained by taking possession: residential and commercial immovable properties</label:label>
    <gen:arc xlink:type="arc" xlink:arcrole="http://xbrl.org/arcrole/2008/element-label" xlink:from="loc_eba_c88214" xlink:to="label_eba_c88214" />
    <link:loc xlink:type="locator" xlink:href="d_02.00.b-rend.xml#eba_c88215" xlink:label="loc_eba_c88215" />
    <label:label xlink:type="resource" xlink:label="label_eba_c88215" xml:lang="en" xlink:role="http://www.xbrl.org/2008/role/label">Of which Level of energy efficiency (EP score in kWh/m² of collateral) estimated</label:label>
    <gen:arc xlink:type="arc" xlink:arcrole="http://xbrl.org/arcrole/2008/element-label" xlink:from="loc_eba_c88215" xlink:to="label_eba_c88215" />
  </gen:link>
</link:linkbase>