﻿<?xml version="1.0" encoding="utf-8"?>
<?taxonomy-version 1.0.0.0 ?>  <?taxonomy-set-overall-version 3.3.0.0 ?>
<!--(C) EBA-->
<link:linkbase xmlns:xsi="http://www.w3.org/2001/XMLSchema-instance" xmlns:xlink="http://www.w3.org/1999/xlink" xmlns:link="http://www.xbrl.org/2003/linkbase" xmlns:gen="http://xbrl.org/2008/generic" xmlns:label="http://xbrl.org/2008/label" xsi:schemaLocation="http://www.xbrl.org/2003/linkbase http://www.xbrl.org/2003/xbrl-linkbase-2003-12-31.xsd http://xbrl.org/2008/generic http://www.xbrl.org/2008/generic-link.xsd http://xbrl.org/2008/label http://www.xbrl.org/2008/generic-label.xsd">
  <link:arcroleRef arcroleURI="http://xbrl.org/arcrole/2008/element-label" xlink:type="simple" xlink:href="http://www.xbrl.org/2008/generic-label.xsd#element-label" />
  <link:roleRef roleURI="http://www.xbrl.org/2008/role/label" xlink:type="simple" xlink:href="http://www.xbrl.org/2008/generic-label.xsd#standard-label" />
  <link:roleRef roleURI="http://www.xbrl.org/2008/role/verboseLabel" xlink:type="simple" xlink:href="http://www.xbrl.org/2008/generic-label.xsd#verbose-label" />
  <gen:link xlink:type="extended" xlink:role="http://www.xbrl.org/2003/role/link">
    <link:loc xlink:type="locator" xlink:href="k_07.00-rend.xml#eba_tK_07.00" xlink:label="loc_eba_tK_07.00" />
    <label:label xlink:type="resource" xlink:label="label_eba_tK_07.00" xml:lang="en" xlink:role="http://www.xbrl.org/2008/role/label">K 07.00</label:label>
    <gen:arc xlink:type="arc" xlink:arcrole="http://xbrl.org/arcrole/2008/element-label" xlink:from="loc_eba_tK_07.00" xlink:to="label_eba_tK_07.00" />
    <label:label xlink:type="resource" xlink:label="label_eba_tK_07.00_1" xml:lang="en" xlink:role="http://www.xbrl.org/2008/role/verboseLabel">K 07.00 EU CCR7 – RWEA flow statements of CCR exposures under the IMM</label:label>
    <gen:arc xlink:type="arc" xlink:arcrole="http://xbrl.org/arcrole/2008/element-label" xlink:from="loc_eba_tK_07.00" xlink:to="label_eba_tK_07.00_1" />
    <link:loc xlink:type="locator" xlink:href="k_07.00-rend.xml#eba_a1" xlink:label="loc_eba_a1" />
    <label:label xlink:type="resource" xlink:label="label_eba_a1" xml:lang="en" xlink:role="http://www.xbrl.org/2008/role/label">Columns</label:label>
    <gen:arc xlink:type="arc" xlink:arcrole="http://xbrl.org/arcrole/2008/element-label" xlink:from="loc_eba_a1" xlink:to="label_eba_a1" />
    <link:loc xlink:type="locator" xlink:href="k_07.00-rend.xml#eba_c87071" xlink:label="loc_eba_c87071" />
    <label:label xlink:type="resource" xlink:label="label_eba_c87071" xml:lang="en" xlink:role="http://www.xbrl.org/2008/role/label">a. RWEA</label:label>
    <gen:arc xlink:type="arc" xlink:arcrole="http://xbrl.org/arcrole/2008/element-label" xlink:from="loc_eba_c87071" xlink:to="label_eba_c87071" />
    <link:loc xlink:type="locator" xlink:href="k_07.00-rend.xml#eba_a2" xlink:label="loc_eba_a2" />
    <label:label xlink:type="resource" xlink:label="label_eba_a2" xml:lang="en" xlink:role="http://www.xbrl.org/2008/role/label">Rows</label:label>
    <gen:arc xlink:type="arc" xlink:arcrole="http://xbrl.org/arcrole/2008/element-label" xlink:from="loc_eba_a2" xlink:to="label_eba_a2" />
    <link:loc xlink:type="locator" xlink:href="k_07.00-rend.xml#eba_c87074" xlink:label="loc_eba_c87074" />
    <label:label xlink:type="resource" xlink:label="label_eba_c87074" xml:lang="en" xlink:role="http://www.xbrl.org/2008/role/label">1. RWEA as at the end of the previous reporting period</label:label>
    <gen:arc xlink:type="arc" xlink:arcrole="http://xbrl.org/arcrole/2008/element-label" xlink:from="loc_eba_c87074" xlink:to="label_eba_c87074" />
    <link:loc xlink:type="locator" xlink:href="k_07.00-rend.xml#eba_c87075" xlink:label="loc_eba_c87075" />
    <label:label xlink:type="resource" xlink:label="label_eba_c87075" xml:lang="en" xlink:role="http://www.xbrl.org/2008/role/label">2. Asset size</label:label>
    <gen:arc xlink:type="arc" xlink:arcrole="http://xbrl.org/arcrole/2008/element-label" xlink:from="loc_eba_c87075" xlink:to="label_eba_c87075" />
    <link:loc xlink:type="locator" xlink:href="k_07.00-rend.xml#eba_c87076" xlink:label="loc_eba_c87076" />
    <label:label xlink:type="resource" xlink:label="label_eba_c87076" xml:lang="en" xlink:role="http://www.xbrl.org/2008/role/label">3. Credit quality of counterparties</label:label>
    <gen:arc xlink:type="arc" xlink:arcrole="http://xbrl.org/arcrole/2008/element-label" xlink:from="loc_eba_c87076" xlink:to="label_eba_c87076" />
    <link:loc xlink:type="locator" xlink:href="k_07.00-rend.xml#eba_c87077" xlink:label="loc_eba_c87077" />
    <label:label xlink:type="resource" xlink:label="label_eba_c87077" xml:lang="en" xlink:role="http://www.xbrl.org/2008/role/label">4. Model updates (IMM only)</label:label>
    <gen:arc xlink:type="arc" xlink:arcrole="http://xbrl.org/arcrole/2008/element-label" xlink:from="loc_eba_c87077" xlink:to="label_eba_c87077" />
    <link:loc xlink:type="locator" xlink:href="k_07.00-rend.xml#eba_c87078" xlink:label="loc_eba_c87078" />
    <label:label xlink:type="resource" xlink:label="label_eba_c87078" xml:lang="en" xlink:role="http://www.xbrl.org/2008/role/label">5. Methodology and policy (IMM only)</label:label>
    <gen:arc xlink:type="arc" xlink:arcrole="http://xbrl.org/arcrole/2008/element-label" xlink:from="loc_eba_c87078" xlink:to="label_eba_c87078" />
    <link:loc xlink:type="locator" xlink:href="k_07.00-rend.xml#eba_c87079" xlink:label="loc_eba_c87079" />
    <label:label xlink:type="resource" xlink:label="label_eba_c87079" xml:lang="en" xlink:role="http://www.xbrl.org/2008/role/label">6. Acquisitions and disposals</label:label>
    <gen:arc xlink:type="arc" xlink:arcrole="http://xbrl.org/arcrole/2008/element-label" xlink:from="loc_eba_c87079" xlink:to="label_eba_c87079" />
    <link:loc xlink:type="locator" xlink:href="k_07.00-rend.xml#eba_c87080" xlink:label="loc_eba_c87080" />
    <label:label xlink:type="resource" xlink:label="label_eba_c87080" xml:lang="en" xlink:role="http://www.xbrl.org/2008/role/label">7. Foreign exchange movements</label:label>
    <gen:arc xlink:type="arc" xlink:arcrole="http://xbrl.org/arcrole/2008/element-label" xlink:from="loc_eba_c87080" xlink:to="label_eba_c87080" />
    <link:loc xlink:type="locator" xlink:href="k_07.00-rend.xml#eba_c87081" xlink:label="loc_eba_c87081" />
    <label:label xlink:type="resource" xlink:label="label_eba_c87081" xml:lang="en" xlink:role="http://www.xbrl.org/2008/role/label">8. Other</label:label>
    <gen:arc xlink:type="arc" xlink:arcrole="http://xbrl.org/arcrole/2008/element-label" xlink:from="loc_eba_c87081" xlink:to="label_eba_c87081" />
    <link:loc xlink:type="locator" xlink:href="k_07.00-rend.xml#eba_c87082" xlink:label="loc_eba_c87082" />
    <label:label xlink:type="resource" xlink:label="label_eba_c87082" xml:lang="en" xlink:role="http://www.xbrl.org/2008/role/label">9. Risk weighted exposure amount at the end of the current reporting period</label:label>
    <gen:arc xlink:type="arc" xlink:arcrole="http://xbrl.org/arcrole/2008/element-label" xlink:from="loc_eba_c87082" xlink:to="label_eba_c87082" />
  </gen:link>
</link:linkbase>