﻿<?xml version="1.0" encoding="utf-8"?>
<?taxonomy-version 1.0.0.0 ?>  <?taxonomy-set-overall-version 3.3.0.0 ?>
<!--(C) EBA-->
<link:linkbase xmlns:xsi="http://www.w3.org/2001/XMLSchema-instance" xmlns:xlink="http://www.w3.org/1999/xlink" xmlns:link="http://www.xbrl.org/2003/linkbase" xmlns:gen="http://xbrl.org/2008/generic" xmlns:label="http://xbrl.org/2008/label" xsi:schemaLocation="http://www.xbrl.org/2003/linkbase http://www.xbrl.org/2003/xbrl-linkbase-2003-12-31.xsd http://xbrl.org/2008/generic http://www.xbrl.org/2008/generic-link.xsd http://xbrl.org/2008/label http://www.xbrl.org/2008/generic-label.xsd">
  <link:arcroleRef arcroleURI="http://xbrl.org/arcrole/2008/element-label" xlink:type="simple" xlink:href="http://www.xbrl.org/2008/generic-label.xsd#element-label" />
  <link:roleRef roleURI="http://www.eba.europa.eu/xbrl/role/dpm-db-id" xlink:type="simple" xlink:href="http://www.eba.europa.eu/eu/fr/xbrl/ext/model.xsd#dpm-db-id" />
  <link:roleRef roleURI="http://www.eurofiling.info/xbrl/role/filing-indicator-code" xlink:type="simple" xlink:href="http://www.eurofiling.info/eu/fr/xbrl/ext/model.xsd#filing-indicator-code" />
  <link:roleRef roleURI="http://www.eurofiling.info/xbrl/role/rc-code" xlink:type="simple" xlink:href="http://www.eurofiling.info/eu/fr/xbrl/ext/model.xsd#rc-code" />
  <gen:link xlink:type="extended" xlink:role="http://www.xbrl.org/2003/role/link">
    <link:loc xlink:type="locator" xlink:href="k_07.00-rend.xml#eba_tK_07.00" xlink:label="loc_eba_tK_07.00" />
    <label:label xlink:type="resource" xlink:label="label_eba_tK_07.00" xml:lang="en" xlink:role="http://www.eurofiling.info/xbrl/role/rc-code">K 07.00</label:label>
    <gen:arc xlink:type="arc" xlink:arcrole="http://xbrl.org/arcrole/2008/element-label" xlink:from="loc_eba_tK_07.00" xlink:to="label_eba_tK_07.00" />
    <link:loc xlink:type="locator" xlink:href="k_07.00-rend.xml#eba_c87071" xlink:label="loc_eba_c87071" />
    <label:label xlink:type="resource" xlink:label="label_eba_c87071" xml:lang="en" xlink:role="http://www.eurofiling.info/xbrl/role/rc-code">0010</label:label>
    <gen:arc xlink:type="arc" xlink:arcrole="http://xbrl.org/arcrole/2008/element-label" xlink:from="loc_eba_c87071" xlink:to="label_eba_c87071" />
    <link:loc xlink:type="locator" xlink:href="k_07.00-rend.xml#eba_c87074" xlink:label="loc_eba_c87074" />
    <label:label xlink:type="resource" xlink:label="label_eba_c87074" xml:lang="en" xlink:role="http://www.eurofiling.info/xbrl/role/rc-code">0010</label:label>
    <gen:arc xlink:type="arc" xlink:arcrole="http://xbrl.org/arcrole/2008/element-label" xlink:from="loc_eba_c87074" xlink:to="label_eba_c87074" />
    <link:loc xlink:type="locator" xlink:href="k_07.00-rend.xml#eba_c87075" xlink:label="loc_eba_c87075" />
    <label:label xlink:type="resource" xlink:label="label_eba_c87075" xml:lang="en" xlink:role="http://www.eurofiling.info/xbrl/role/rc-code">0020</label:label>
    <gen:arc xlink:type="arc" xlink:arcrole="http://xbrl.org/arcrole/2008/element-label" xlink:from="loc_eba_c87075" xlink:to="label_eba_c87075" />
    <link:loc xlink:type="locator" xlink:href="k_07.00-rend.xml#eba_c87076" xlink:label="loc_eba_c87076" />
    <label:label xlink:type="resource" xlink:label="label_eba_c87076" xml:lang="en" xlink:role="http://www.eurofiling.info/xbrl/role/rc-code">0030</label:label>
    <gen:arc xlink:type="arc" xlink:arcrole="http://xbrl.org/arcrole/2008/element-label" xlink:from="loc_eba_c87076" xlink:to="label_eba_c87076" />
    <link:loc xlink:type="locator" xlink:href="k_07.00-rend.xml#eba_c87077" xlink:label="loc_eba_c87077" />
    <label:label xlink:type="resource" xlink:label="label_eba_c87077" xml:lang="en" xlink:role="http://www.eurofiling.info/xbrl/role/rc-code">0040</label:label>
    <gen:arc xlink:type="arc" xlink:arcrole="http://xbrl.org/arcrole/2008/element-label" xlink:from="loc_eba_c87077" xlink:to="label_eba_c87077" />
    <link:loc xlink:type="locator" xlink:href="k_07.00-rend.xml#eba_c87078" xlink:label="loc_eba_c87078" />
    <label:label xlink:type="resource" xlink:label="label_eba_c87078" xml:lang="en" xlink:role="http://www.eurofiling.info/xbrl/role/rc-code">0050</label:label>
    <gen:arc xlink:type="arc" xlink:arcrole="http://xbrl.org/arcrole/2008/element-label" xlink:from="loc_eba_c87078" xlink:to="label_eba_c87078" />
    <link:loc xlink:type="locator" xlink:href="k_07.00-rend.xml#eba_c87079" xlink:label="loc_eba_c87079" />
    <label:label xlink:type="resource" xlink:label="label_eba_c87079" xml:lang="en" xlink:role="http://www.eurofiling.info/xbrl/role/rc-code">0060</label:label>
    <gen:arc xlink:type="arc" xlink:arcrole="http://xbrl.org/arcrole/2008/element-label" xlink:from="loc_eba_c87079" xlink:to="label_eba_c87079" />
    <link:loc xlink:type="locator" xlink:href="k_07.00-rend.xml#eba_c87080" xlink:label="loc_eba_c87080" />
    <label:label xlink:type="resource" xlink:label="label_eba_c87080" xml:lang="en" xlink:role="http://www.eurofiling.info/xbrl/role/rc-code">0070</label:label>
    <gen:arc xlink:type="arc" xlink:arcrole="http://xbrl.org/arcrole/2008/element-label" xlink:from="loc_eba_c87080" xlink:to="label_eba_c87080" />
    <link:loc xlink:type="locator" xlink:href="k_07.00-rend.xml#eba_c87081" xlink:label="loc_eba_c87081" />
    <label:label xlink:type="resource" xlink:label="label_eba_c87081" xml:lang="en" xlink:role="http://www.eurofiling.info/xbrl/role/rc-code">0080</label:label>
    <gen:arc xlink:type="arc" xlink:arcrole="http://xbrl.org/arcrole/2008/element-label" xlink:from="loc_eba_c87081" xlink:to="label_eba_c87081" />
    <link:loc xlink:type="locator" xlink:href="k_07.00-rend.xml#eba_c87082" xlink:label="loc_eba_c87082" />
    <label:label xlink:type="resource" xlink:label="label_eba_c87082" xml:lang="en" xlink:role="http://www.eurofiling.info/xbrl/role/rc-code">0090</label:label>
    <gen:arc xlink:type="arc" xlink:arcrole="http://xbrl.org/arcrole/2008/element-label" xlink:from="loc_eba_c87082" xlink:to="label_eba_c87082" />
    <label:label xlink:type="resource" xlink:label="label_eba_tK_07.00_1" xml:lang="en" xlink:role="http://www.eurofiling.info/xbrl/role/filing-indicator-code">K_07.00</label:label>
    <gen:arc xlink:type="arc" xlink:arcrole="http://xbrl.org/arcrole/2008/element-label" xlink:from="loc_eba_tK_07.00" xlink:to="label_eba_tK_07.00_1" />
    <label:label xlink:type="resource" xlink:label="label_eba_tK_07.00_2" xml:lang="en" xlink:role="http://www.eba.europa.eu/xbrl/role/dpm-db-id">829.2327</label:label>
    <gen:arc xlink:type="arc" xlink:arcrole="http://xbrl.org/arcrole/2008/element-label" xlink:from="loc_eba_tK_07.00" xlink:to="label_eba_tK_07.00_2" />
    <label:label xlink:type="resource" xlink:label="label_eba_c87071_1" xml:lang="en" xlink:role="http://www.eba.europa.eu/xbrl/role/dpm-db-id">87071</label:label>
    <gen:arc xlink:type="arc" xlink:arcrole="http://xbrl.org/arcrole/2008/element-label" xlink:from="loc_eba_c87071" xlink:to="label_eba_c87071_1" />
    <label:label xlink:type="resource" xlink:label="label_eba_c87074_1" xml:lang="en" xlink:role="http://www.eba.europa.eu/xbrl/role/dpm-db-id">87074</label:label>
    <gen:arc xlink:type="arc" xlink:arcrole="http://xbrl.org/arcrole/2008/element-label" xlink:from="loc_eba_c87074" xlink:to="label_eba_c87074_1" />
    <label:label xlink:type="resource" xlink:label="label_eba_c87075_1" xml:lang="en" xlink:role="http://www.eba.europa.eu/xbrl/role/dpm-db-id">87075</label:label>
    <gen:arc xlink:type="arc" xlink:arcrole="http://xbrl.org/arcrole/2008/element-label" xlink:from="loc_eba_c87075" xlink:to="label_eba_c87075_1" />
    <label:label xlink:type="resource" xlink:label="label_eba_c87076_1" xml:lang="en" xlink:role="http://www.eba.europa.eu/xbrl/role/dpm-db-id">87076</label:label>
    <gen:arc xlink:type="arc" xlink:arcrole="http://xbrl.org/arcrole/2008/element-label" xlink:from="loc_eba_c87076" xlink:to="label_eba_c87076_1" />
    <label:label xlink:type="resource" xlink:label="label_eba_c87077_1" xml:lang="en" xlink:role="http://www.eba.europa.eu/xbrl/role/dpm-db-id">87077</label:label>
    <gen:arc xlink:type="arc" xlink:arcrole="http://xbrl.org/arcrole/2008/element-label" xlink:from="loc_eba_c87077" xlink:to="label_eba_c87077_1" />
    <label:label xlink:type="resource" xlink:label="label_eba_c87078_1" xml:lang="en" xlink:role="http://www.eba.europa.eu/xbrl/role/dpm-db-id">87078</label:label>
    <gen:arc xlink:type="arc" xlink:arcrole="http://xbrl.org/arcrole/2008/element-label" xlink:from="loc_eba_c87078" xlink:to="label_eba_c87078_1" />
    <label:label xlink:type="resource" xlink:label="label_eba_c87079_1" xml:lang="en" xlink:role="http://www.eba.europa.eu/xbrl/role/dpm-db-id">87079</label:label>
    <gen:arc xlink:type="arc" xlink:arcrole="http://xbrl.org/arcrole/2008/element-label" xlink:from="loc_eba_c87079" xlink:to="label_eba_c87079_1" />
    <label:label xlink:type="resource" xlink:label="label_eba_c87080_1" xml:lang="en" xlink:role="http://www.eba.europa.eu/xbrl/role/dpm-db-id">87080</label:label>
    <gen:arc xlink:type="arc" xlink:arcrole="http://xbrl.org/arcrole/2008/element-label" xlink:from="loc_eba_c87080" xlink:to="label_eba_c87080_1" />
    <label:label xlink:type="resource" xlink:label="label_eba_c87081_1" xml:lang="en" xlink:role="http://www.eba.europa.eu/xbrl/role/dpm-db-id">87081</label:label>
    <gen:arc xlink:type="arc" xlink:arcrole="http://xbrl.org/arcrole/2008/element-label" xlink:from="loc_eba_c87081" xlink:to="label_eba_c87081_1" />
    <label:label xlink:type="resource" xlink:label="label_eba_c87082_1" xml:lang="en" xlink:role="http://www.eba.europa.eu/xbrl/role/dpm-db-id">87082</label:label>
    <gen:arc xlink:type="arc" xlink:arcrole="http://xbrl.org/arcrole/2008/element-label" xlink:from="loc_eba_c87082" xlink:to="label_eba_c87082_1" />
  </gen:link>
</link:linkbase>