﻿<?xml version="1.0" encoding="utf-8"?>
<?taxonomy-version 1.0.0.0 ?>  <?taxonomy-set-overall-version 3.3.0.0 ?>
<!--(C) EBA-->
<link:linkbase xmlns:xsi="http://www.w3.org/2001/XMLSchema-instance" xmlns:xlink="http://www.w3.org/1999/xlink" xmlns:link="http://www.xbrl.org/2003/linkbase" xmlns:gen="http://xbrl.org/2008/generic" xmlns:label="http://xbrl.org/2008/label" xsi:schemaLocation="http://www.xbrl.org/2003/linkbase http://www.xbrl.org/2003/xbrl-linkbase-2003-12-31.xsd http://xbrl.org/2008/generic http://www.xbrl.org/2008/generic-link.xsd http://xbrl.org/2008/label http://www.xbrl.org/2008/generic-label.xsd">
  <link:arcroleRef arcroleURI="http://xbrl.org/arcrole/2008/element-label" xlink:type="simple" xlink:href="http://www.xbrl.org/2008/generic-label.xsd#element-label" />
  <link:roleRef roleURI="http://www.eba.europa.eu/xbrl/role/dpm-db-id" xlink:type="simple" xlink:href="http://www.eba.europa.eu/eu/fr/xbrl/ext/model.xsd#dpm-db-id" />
  <link:roleRef roleURI="http://www.eurofiling.info/xbrl/role/filing-indicator-code" xlink:type="simple" xlink:href="http://www.eurofiling.info/eu/fr/xbrl/ext/model.xsd#filing-indicator-code" />
  <link:roleRef roleURI="http://www.eurofiling.info/xbrl/role/rc-code" xlink:type="simple" xlink:href="http://www.eurofiling.info/eu/fr/xbrl/ext/model.xsd#rc-code" />
  <gen:link xlink:type="extended" xlink:role="http://www.xbrl.org/2003/role/link">
    <link:loc xlink:type="locator" xlink:href="k_04.00.a-rend.xml#eba_tK_04.00.a" xlink:label="loc_eba_tK_04.00.a" />
    <label:label xlink:type="resource" xlink:label="label_eba_tK_04.00.a" xml:lang="en" xlink:role="http://www.eurofiling.info/xbrl/role/rc-code">K 04.00.a</label:label>
    <gen:arc xlink:type="arc" xlink:arcrole="http://xbrl.org/arcrole/2008/element-label" xlink:from="loc_eba_tK_04.00.a" xlink:to="label_eba_tK_04.00.a" />
    <link:loc xlink:type="locator" xlink:href="k_04.00.a-rend.xml#eba_c86940" xlink:label="loc_eba_c86940" />
    <label:label xlink:type="resource" xlink:label="label_eba_c86940" xml:lang="en" xlink:role="http://www.eurofiling.info/xbrl/role/rc-code">0010</label:label>
    <gen:arc xlink:type="arc" xlink:arcrole="http://xbrl.org/arcrole/2008/element-label" xlink:from="loc_eba_c86940" xlink:to="label_eba_c86940" />
    <link:loc xlink:type="locator" xlink:href="k_04.00.a-rend.xml#eba_c86941" xlink:label="loc_eba_c86941" />
    <label:label xlink:type="resource" xlink:label="label_eba_c86941" xml:lang="en" xlink:role="http://www.eurofiling.info/xbrl/role/rc-code">0020</label:label>
    <gen:arc xlink:type="arc" xlink:arcrole="http://xbrl.org/arcrole/2008/element-label" xlink:from="loc_eba_c86941" xlink:to="label_eba_c86941" />
    <link:loc xlink:type="locator" xlink:href="k_04.00.a-rend.xml#eba_c86942" xlink:label="loc_eba_c86942" />
    <label:label xlink:type="resource" xlink:label="label_eba_c86942" xml:lang="en" xlink:role="http://www.eurofiling.info/xbrl/role/rc-code">0030</label:label>
    <gen:arc xlink:type="arc" xlink:arcrole="http://xbrl.org/arcrole/2008/element-label" xlink:from="loc_eba_c86942" xlink:to="label_eba_c86942" />
    <link:loc xlink:type="locator" xlink:href="k_04.00.a-rend.xml#eba_c86943" xlink:label="loc_eba_c86943" />
    <label:label xlink:type="resource" xlink:label="label_eba_c86943" xml:lang="en" xlink:role="http://www.eurofiling.info/xbrl/role/rc-code">0040</label:label>
    <gen:arc xlink:type="arc" xlink:arcrole="http://xbrl.org/arcrole/2008/element-label" xlink:from="loc_eba_c86943" xlink:to="label_eba_c86943" />
    <link:loc xlink:type="locator" xlink:href="k_04.00.a-rend.xml#eba_c86944" xlink:label="loc_eba_c86944" />
    <label:label xlink:type="resource" xlink:label="label_eba_c86944" xml:lang="en" xlink:role="http://www.eurofiling.info/xbrl/role/rc-code">0050</label:label>
    <gen:arc xlink:type="arc" xlink:arcrole="http://xbrl.org/arcrole/2008/element-label" xlink:from="loc_eba_c86944" xlink:to="label_eba_c86944" />
    <link:loc xlink:type="locator" xlink:href="k_04.00.a-rend.xml#eba_c86945" xlink:label="loc_eba_c86945" />
    <label:label xlink:type="resource" xlink:label="label_eba_c86945" xml:lang="en" xlink:role="http://www.eurofiling.info/xbrl/role/rc-code">0060</label:label>
    <gen:arc xlink:type="arc" xlink:arcrole="http://xbrl.org/arcrole/2008/element-label" xlink:from="loc_eba_c86945" xlink:to="label_eba_c86945" />
    <link:loc xlink:type="locator" xlink:href="k_04.00.a-rend.xml#eba_c86946" xlink:label="loc_eba_c86946" />
    <label:label xlink:type="resource" xlink:label="label_eba_c86946" xml:lang="en" xlink:role="http://www.eurofiling.info/xbrl/role/rc-code">0070</label:label>
    <gen:arc xlink:type="arc" xlink:arcrole="http://xbrl.org/arcrole/2008/element-label" xlink:from="loc_eba_c86946" xlink:to="label_eba_c86946" />
    <link:loc xlink:type="locator" xlink:href="k_04.00.a-rend.xml#eba_c87544" xlink:label="loc_eba_c87544" />
    <label:label xlink:type="resource" xlink:label="label_eba_c87544" xml:lang="en" xlink:role="http://www.eurofiling.info/xbrl/role/rc-code">0090</label:label>
    <gen:arc xlink:type="arc" xlink:arcrole="http://xbrl.org/arcrole/2008/element-label" xlink:from="loc_eba_c87544" xlink:to="label_eba_c87544" />
    <link:loc xlink:type="locator" xlink:href="k_04.00.a-rend.xml#eba_c86947" xlink:label="loc_eba_c86947" />
    <label:label xlink:type="resource" xlink:label="label_eba_c86947" xml:lang="en" xlink:role="http://www.eurofiling.info/xbrl/role/rc-code">0010</label:label>
    <gen:arc xlink:type="arc" xlink:arcrole="http://xbrl.org/arcrole/2008/element-label" xlink:from="loc_eba_c86947" xlink:to="label_eba_c86947" />
    <link:loc xlink:type="locator" xlink:href="k_04.00.a-rend.xml#eba_c86950" xlink:label="loc_eba_c86950" />
    <label:label xlink:type="resource" xlink:label="label_eba_c86950" xml:lang="en" xlink:role="http://www.eurofiling.info/xbrl/role/rc-code">0020</label:label>
    <gen:arc xlink:type="arc" xlink:arcrole="http://xbrl.org/arcrole/2008/element-label" xlink:from="loc_eba_c86950" xlink:to="label_eba_c86950" />
    <link:loc xlink:type="locator" xlink:href="k_04.00.a-rend.xml#eba_c86951" xlink:label="loc_eba_c86951" />
    <label:label xlink:type="resource" xlink:label="label_eba_c86951" xml:lang="en" xlink:role="http://www.eurofiling.info/xbrl/role/rc-code">0030</label:label>
    <gen:arc xlink:type="arc" xlink:arcrole="http://xbrl.org/arcrole/2008/element-label" xlink:from="loc_eba_c86951" xlink:to="label_eba_c86951" />
    <link:loc xlink:type="locator" xlink:href="k_04.00.a-rend.xml#eba_c86952" xlink:label="loc_eba_c86952" />
    <label:label xlink:type="resource" xlink:label="label_eba_c86952" xml:lang="en" xlink:role="http://www.eurofiling.info/xbrl/role/rc-code">0040</label:label>
    <gen:arc xlink:type="arc" xlink:arcrole="http://xbrl.org/arcrole/2008/element-label" xlink:from="loc_eba_c86952" xlink:to="label_eba_c86952" />
    <link:loc xlink:type="locator" xlink:href="k_04.00.a-rend.xml#eba_c86953" xlink:label="loc_eba_c86953" />
    <label:label xlink:type="resource" xlink:label="label_eba_c86953" xml:lang="en" xlink:role="http://www.eurofiling.info/xbrl/role/rc-code">0050</label:label>
    <gen:arc xlink:type="arc" xlink:arcrole="http://xbrl.org/arcrole/2008/element-label" xlink:from="loc_eba_c86953" xlink:to="label_eba_c86953" />
    <link:loc xlink:type="locator" xlink:href="k_04.00.a-rend.xml#eba_c86956" xlink:label="loc_eba_c86956" />
    <label:label xlink:type="resource" xlink:label="label_eba_c86956" xml:lang="en" xlink:role="http://www.eurofiling.info/xbrl/role/rc-code">0060</label:label>
    <gen:arc xlink:type="arc" xlink:arcrole="http://xbrl.org/arcrole/2008/element-label" xlink:from="loc_eba_c86956" xlink:to="label_eba_c86956" />
    <link:loc xlink:type="locator" xlink:href="k_04.00.a-rend.xml#eba_c86959" xlink:label="loc_eba_c86959" />
    <label:label xlink:type="resource" xlink:label="label_eba_c86959" xml:lang="en" xlink:role="http://www.eurofiling.info/xbrl/role/rc-code">0070</label:label>
    <gen:arc xlink:type="arc" xlink:arcrole="http://xbrl.org/arcrole/2008/element-label" xlink:from="loc_eba_c86959" xlink:to="label_eba_c86959" />
    <link:loc xlink:type="locator" xlink:href="k_04.00.a-rend.xml#eba_c86963" xlink:label="loc_eba_c86963" />
    <label:label xlink:type="resource" xlink:label="label_eba_c86963" xml:lang="en" xlink:role="http://www.eurofiling.info/xbrl/role/rc-code">0080</label:label>
    <gen:arc xlink:type="arc" xlink:arcrole="http://xbrl.org/arcrole/2008/element-label" xlink:from="loc_eba_c86963" xlink:to="label_eba_c86963" />
    <link:loc xlink:type="locator" xlink:href="k_04.00.a-rend.xml#eba_c86967" xlink:label="loc_eba_c86967" />
    <label:label xlink:type="resource" xlink:label="label_eba_c86967" xml:lang="en" xlink:role="http://www.eurofiling.info/xbrl/role/rc-code">0001</label:label>
    <gen:arc xlink:type="arc" xlink:arcrole="http://xbrl.org/arcrole/2008/element-label" xlink:from="loc_eba_c86967" xlink:to="label_eba_c86967" />
    <link:loc xlink:type="locator" xlink:href="k_04.00.a-rend.xml#eba_c86968" xlink:label="loc_eba_c86968" />
    <label:label xlink:type="resource" xlink:label="label_eba_c86968" xml:lang="en" xlink:role="http://www.eurofiling.info/xbrl/role/rc-code">0002</label:label>
    <gen:arc xlink:type="arc" xlink:arcrole="http://xbrl.org/arcrole/2008/element-label" xlink:from="loc_eba_c86968" xlink:to="label_eba_c86968" />
    <link:loc xlink:type="locator" xlink:href="k_04.00.a-rend.xml#eba_c86969" xlink:label="loc_eba_c86969" />
    <label:label xlink:type="resource" xlink:label="label_eba_c86969" xml:lang="en" xlink:role="http://www.eurofiling.info/xbrl/role/rc-code">0003</label:label>
    <gen:arc xlink:type="arc" xlink:arcrole="http://xbrl.org/arcrole/2008/element-label" xlink:from="loc_eba_c86969" xlink:to="label_eba_c86969" />
    <link:loc xlink:type="locator" xlink:href="k_04.00.a-rend.xml#eba_c86970" xlink:label="loc_eba_c86970" />
    <label:label xlink:type="resource" xlink:label="label_eba_c86970" xml:lang="en" xlink:role="http://www.eurofiling.info/xbrl/role/rc-code">0004</label:label>
    <gen:arc xlink:type="arc" xlink:arcrole="http://xbrl.org/arcrole/2008/element-label" xlink:from="loc_eba_c86970" xlink:to="label_eba_c86970" />
    <link:loc xlink:type="locator" xlink:href="k_04.00.a-rend.xml#eba_c86971" xlink:label="loc_eba_c86971" />
    <label:label xlink:type="resource" xlink:label="label_eba_c86971" xml:lang="en" xlink:role="http://www.eurofiling.info/xbrl/role/rc-code">0005</label:label>
    <gen:arc xlink:type="arc" xlink:arcrole="http://xbrl.org/arcrole/2008/element-label" xlink:from="loc_eba_c86971" xlink:to="label_eba_c86971" />
    <link:loc xlink:type="locator" xlink:href="k_04.00.a-rend.xml#eba_c86972" xlink:label="loc_eba_c86972" />
    <label:label xlink:type="resource" xlink:label="label_eba_c86972" xml:lang="en" xlink:role="http://www.eurofiling.info/xbrl/role/rc-code">0006</label:label>
    <gen:arc xlink:type="arc" xlink:arcrole="http://xbrl.org/arcrole/2008/element-label" xlink:from="loc_eba_c86972" xlink:to="label_eba_c86972" />
    <link:loc xlink:type="locator" xlink:href="k_04.00.a-rend.xml#eba_c86977" xlink:label="loc_eba_c86977" />
    <label:label xlink:type="resource" xlink:label="label_eba_c86977" xml:lang="en" xlink:role="http://www.eurofiling.info/xbrl/role/rc-code">0007</label:label>
    <gen:arc xlink:type="arc" xlink:arcrole="http://xbrl.org/arcrole/2008/element-label" xlink:from="loc_eba_c86977" xlink:to="label_eba_c86977" />
    <label:label xlink:type="resource" xlink:label="label_eba_tK_04.00.a_1" xml:lang="en" xlink:role="http://www.eurofiling.info/xbrl/role/filing-indicator-code">K_04.00</label:label>
    <gen:arc xlink:type="arc" xlink:arcrole="http://xbrl.org/arcrole/2008/element-label" xlink:from="loc_eba_tK_04.00.a" xlink:to="label_eba_tK_04.00.a_1" />
    <label:label xlink:type="resource" xlink:label="label_eba_tK_04.00.a_2" xml:lang="en" xlink:role="http://www.eba.europa.eu/xbrl/role/dpm-db-id">825.2322</label:label>
    <gen:arc xlink:type="arc" xlink:arcrole="http://xbrl.org/arcrole/2008/element-label" xlink:from="loc_eba_tK_04.00.a" xlink:to="label_eba_tK_04.00.a_2" />
    <label:label xlink:type="resource" xlink:label="label_eba_c86940_1" xml:lang="en" xlink:role="http://www.eba.europa.eu/xbrl/role/dpm-db-id">86940</label:label>
    <gen:arc xlink:type="arc" xlink:arcrole="http://xbrl.org/arcrole/2008/element-label" xlink:from="loc_eba_c86940" xlink:to="label_eba_c86940_1" />
    <label:label xlink:type="resource" xlink:label="label_eba_c86941_1" xml:lang="en" xlink:role="http://www.eba.europa.eu/xbrl/role/dpm-db-id">86941</label:label>
    <gen:arc xlink:type="arc" xlink:arcrole="http://xbrl.org/arcrole/2008/element-label" xlink:from="loc_eba_c86941" xlink:to="label_eba_c86941_1" />
    <label:label xlink:type="resource" xlink:label="label_eba_c86942_1" xml:lang="en" xlink:role="http://www.eba.europa.eu/xbrl/role/dpm-db-id">86942</label:label>
    <gen:arc xlink:type="arc" xlink:arcrole="http://xbrl.org/arcrole/2008/element-label" xlink:from="loc_eba_c86942" xlink:to="label_eba_c86942_1" />
    <label:label xlink:type="resource" xlink:label="label_eba_c86943_1" xml:lang="en" xlink:role="http://www.eba.europa.eu/xbrl/role/dpm-db-id">86943</label:label>
    <gen:arc xlink:type="arc" xlink:arcrole="http://xbrl.org/arcrole/2008/element-label" xlink:from="loc_eba_c86943" xlink:to="label_eba_c86943_1" />
    <label:label xlink:type="resource" xlink:label="label_eba_c86944_1" xml:lang="en" xlink:role="http://www.eba.europa.eu/xbrl/role/dpm-db-id">86944</label:label>
    <gen:arc xlink:type="arc" xlink:arcrole="http://xbrl.org/arcrole/2008/element-label" xlink:from="loc_eba_c86944" xlink:to="label_eba_c86944_1" />
    <label:label xlink:type="resource" xlink:label="label_eba_c86945_1" xml:lang="en" xlink:role="http://www.eba.europa.eu/xbrl/role/dpm-db-id">86945</label:label>
    <gen:arc xlink:type="arc" xlink:arcrole="http://xbrl.org/arcrole/2008/element-label" xlink:from="loc_eba_c86945" xlink:to="label_eba_c86945_1" />
    <label:label xlink:type="resource" xlink:label="label_eba_c86946_1" xml:lang="en" xlink:role="http://www.eba.europa.eu/xbrl/role/dpm-db-id">86946</label:label>
    <gen:arc xlink:type="arc" xlink:arcrole="http://xbrl.org/arcrole/2008/element-label" xlink:from="loc_eba_c86946" xlink:to="label_eba_c86946_1" />
    <label:label xlink:type="resource" xlink:label="label_eba_c87544_1" xml:lang="en" xlink:role="http://www.eba.europa.eu/xbrl/role/dpm-db-id">87544</label:label>
    <gen:arc xlink:type="arc" xlink:arcrole="http://xbrl.org/arcrole/2008/element-label" xlink:from="loc_eba_c87544" xlink:to="label_eba_c87544_1" />
    <label:label xlink:type="resource" xlink:label="label_eba_c86947_1" xml:lang="en" xlink:role="http://www.eba.europa.eu/xbrl/role/dpm-db-id">86947</label:label>
    <gen:arc xlink:type="arc" xlink:arcrole="http://xbrl.org/arcrole/2008/element-label" xlink:from="loc_eba_c86947" xlink:to="label_eba_c86947_1" />
    <label:label xlink:type="resource" xlink:label="label_eba_c86950_1" xml:lang="en" xlink:role="http://www.eba.europa.eu/xbrl/role/dpm-db-id">86950</label:label>
    <gen:arc xlink:type="arc" xlink:arcrole="http://xbrl.org/arcrole/2008/element-label" xlink:from="loc_eba_c86950" xlink:to="label_eba_c86950_1" />
    <label:label xlink:type="resource" xlink:label="label_eba_c86951_1" xml:lang="en" xlink:role="http://www.eba.europa.eu/xbrl/role/dpm-db-id">86951</label:label>
    <gen:arc xlink:type="arc" xlink:arcrole="http://xbrl.org/arcrole/2008/element-label" xlink:from="loc_eba_c86951" xlink:to="label_eba_c86951_1" />
    <label:label xlink:type="resource" xlink:label="label_eba_c86952_1" xml:lang="en" xlink:role="http://www.eba.europa.eu/xbrl/role/dpm-db-id">86952</label:label>
    <gen:arc xlink:type="arc" xlink:arcrole="http://xbrl.org/arcrole/2008/element-label" xlink:from="loc_eba_c86952" xlink:to="label_eba_c86952_1" />
    <label:label xlink:type="resource" xlink:label="label_eba_c86953_1" xml:lang="en" xlink:role="http://www.eba.europa.eu/xbrl/role/dpm-db-id">86953</label:label>
    <gen:arc xlink:type="arc" xlink:arcrole="http://xbrl.org/arcrole/2008/element-label" xlink:from="loc_eba_c86953" xlink:to="label_eba_c86953_1" />
    <label:label xlink:type="resource" xlink:label="label_eba_c86956_1" xml:lang="en" xlink:role="http://www.eba.europa.eu/xbrl/role/dpm-db-id">86956</label:label>
    <gen:arc xlink:type="arc" xlink:arcrole="http://xbrl.org/arcrole/2008/element-label" xlink:from="loc_eba_c86956" xlink:to="label_eba_c86956_1" />
    <label:label xlink:type="resource" xlink:label="label_eba_c86959_1" xml:lang="en" xlink:role="http://www.eba.europa.eu/xbrl/role/dpm-db-id">86959</label:label>
    <gen:arc xlink:type="arc" xlink:arcrole="http://xbrl.org/arcrole/2008/element-label" xlink:from="loc_eba_c86959" xlink:to="label_eba_c86959_1" />
    <label:label xlink:type="resource" xlink:label="label_eba_c86963_1" xml:lang="en" xlink:role="http://www.eba.europa.eu/xbrl/role/dpm-db-id">86963</label:label>
    <gen:arc xlink:type="arc" xlink:arcrole="http://xbrl.org/arcrole/2008/element-label" xlink:from="loc_eba_c86963" xlink:to="label_eba_c86963_1" />
    <label:label xlink:type="resource" xlink:label="label_eba_c86967_1" xml:lang="en" xlink:role="http://www.eba.europa.eu/xbrl/role/dpm-db-id">86967</label:label>
    <gen:arc xlink:type="arc" xlink:arcrole="http://xbrl.org/arcrole/2008/element-label" xlink:from="loc_eba_c86967" xlink:to="label_eba_c86967_1" />
    <label:label xlink:type="resource" xlink:label="label_eba_c86968_1" xml:lang="en" xlink:role="http://www.eba.europa.eu/xbrl/role/dpm-db-id">86968</label:label>
    <gen:arc xlink:type="arc" xlink:arcrole="http://xbrl.org/arcrole/2008/element-label" xlink:from="loc_eba_c86968" xlink:to="label_eba_c86968_1" />
    <label:label xlink:type="resource" xlink:label="label_eba_c86969_1" xml:lang="en" xlink:role="http://www.eba.europa.eu/xbrl/role/dpm-db-id">86969</label:label>
    <gen:arc xlink:type="arc" xlink:arcrole="http://xbrl.org/arcrole/2008/element-label" xlink:from="loc_eba_c86969" xlink:to="label_eba_c86969_1" />
    <label:label xlink:type="resource" xlink:label="label_eba_c86970_1" xml:lang="en" xlink:role="http://www.eba.europa.eu/xbrl/role/dpm-db-id">86970</label:label>
    <gen:arc xlink:type="arc" xlink:arcrole="http://xbrl.org/arcrole/2008/element-label" xlink:from="loc_eba_c86970" xlink:to="label_eba_c86970_1" />
    <label:label xlink:type="resource" xlink:label="label_eba_c86971_1" xml:lang="en" xlink:role="http://www.eba.europa.eu/xbrl/role/dpm-db-id">86971</label:label>
    <gen:arc xlink:type="arc" xlink:arcrole="http://xbrl.org/arcrole/2008/element-label" xlink:from="loc_eba_c86971" xlink:to="label_eba_c86971_1" />
    <label:label xlink:type="resource" xlink:label="label_eba_c86972_1" xml:lang="en" xlink:role="http://www.eba.europa.eu/xbrl/role/dpm-db-id">86972</label:label>
    <gen:arc xlink:type="arc" xlink:arcrole="http://xbrl.org/arcrole/2008/element-label" xlink:from="loc_eba_c86972" xlink:to="label_eba_c86972_1" />
    <label:label xlink:type="resource" xlink:label="label_eba_c86977_1" xml:lang="en" xlink:role="http://www.eba.europa.eu/xbrl/role/dpm-db-id">86977</label:label>
    <gen:arc xlink:type="arc" xlink:arcrole="http://xbrl.org/arcrole/2008/element-label" xlink:from="loc_eba_c86977" xlink:to="label_eba_c86977_1" />
  </gen:link>
</link:linkbase>