{
    "documentInfo": {
        "documentType": "https://xbrl.org/CR/2021-02-03/xbrl-csv",
        "namespaces": {
            "eba": "http://www.eba.europa.eu",
            "eba_AP": "http://www.eba.europa.eu/xbrl/crr/dict/dom/AP",
            "eba_BA": "http://www.eba.europa.eu/xbrl/crr/dict/dom/BA",
            "eba_MC": "http://www.eba.europa.eu/xbrl/crr/dict/dom/MC",
            "eba_PL": "http://www.eba.europa.eu/xbrl/crr/dict/dom/PL",
            "eba_RF": "http://www.eba.europa.eu/xbrl/crr/dict/dom/RF",
            "eba_TR": "http://www.eba.europa.eu/xbrl/crr/dict/dom/TR",
            "eba_dim": "http://www.eba.europa.eu/xbrl/crr/dict/dim",
            "eba_met": "http://www.eba.europa.eu/xbrl/crr/dict/met"
        }
    },
    "tableTemplates": {
        "K_07-00": {
            "columns": {
                "datapoint": {
                    "propertyGroups": {
                        "dp475555": {
                            "decimals": "$decimalsMonetary",
                            "dimensions": {
                                "concept": "eba_met:mi793",
                                "eba_dim:BAS": "eba_BA:x9",
                                "eba_dim:MCY": "eba_MC:x110",
                                "eba_dim:MDE": "eba_AP:x185",
                                "eba_dim:PRP": "eba_PL:x10",
                                "eba_dim:REF": "eba_RF:x52",
                                "eba_dim:TRI": "eba_TR:x1",
                                "unit": "$baseCurrency"
                            },
                            "eba:documentation": {
                                "CellCode": "{K 07.00, r0090, c0010}",
                                "DataPointVersionId": "475555"
                            }
                        },
                        "dp475556": {
                            "decimals": "$decimalsMonetary",
                            "dimensions": {
                                "concept": "eba_met:mi793",
                                "eba_dim:BAS": "eba_BA:x9",
                                "eba_dim:MCY": "eba_MC:x110",
                                "eba_dim:MDE": "eba_AP:x185",
                                "eba_dim:PRP": "eba_PL:x10",
                                "eba_dim:REF": "eba_RF:x53",
                                "eba_dim:TRI": "eba_TR:x1",
                                "unit": "$baseCurrency"
                            },
                            "eba:documentation": {
                                "CellCode": "{K 07.00, r0010, c0010}",
                                "DataPointVersionId": "475556"
                            }
                        },
                        "dp475557": {
                            "decimals": "$decimalsMonetary",
                            "dimensions": {
                                "concept": "eba_met:mi793",
                                "eba_dim:BAS": "eba_BA:x19",
                                "eba_dim:MCY": "eba_MC:x1035",
                                "eba_dim:MDE": "eba_AP:x185",
                                "eba_dim:PRP": "eba_PL:x10",
                                "eba_dim:TRI": "eba_TR:x1",
                                "unit": "$baseCurrency"
                            },
                            "eba:documentation": {
                                "CellCode": "{K 07.00, r0030, c0010}",
                                "DataPointVersionId": "475557"
                            }
                        },
                        "dp475558": {
                            "decimals": "$decimalsMonetary",
                            "dimensions": {
                                "concept": "eba_met:mi793",
                                "eba_dim:BAS": "eba_BA:x19",
                                "eba_dim:MCY": "eba_MC:x1036",
                                "eba_dim:MDE": "eba_AP:x185",
                                "eba_dim:PRP": "eba_PL:x10",
                                "eba_dim:TRI": "eba_TR:x1",
                                "unit": "$baseCurrency"
                            },
                            "eba:documentation": {
                                "CellCode": "{K 07.00, r0040, c0010}",
                                "DataPointVersionId": "475558"
                            }
                        },
                        "dp475559": {
                            "decimals": "$decimalsMonetary",
                            "dimensions": {
                                "concept": "eba_met:mi793",
                                "eba_dim:BAS": "eba_BA:x19",
                                "eba_dim:MCY": "eba_MC:x1037",
                                "eba_dim:MDE": "eba_AP:x185",
                                "eba_dim:PRP": "eba_PL:x10",
                                "eba_dim:TRI": "eba_TR:x1",
                                "unit": "$baseCurrency"
                            },
                            "eba:documentation": {
                                "CellCode": "{K 07.00, r0050, c0010}",
                                "DataPointVersionId": "475559"
                            }
                        },
                        "dp475560": {
                            "decimals": "$decimalsMonetary",
                            "dimensions": {
                                "concept": "eba_met:mi793",
                                "eba_dim:BAS": "eba_BA:x19",
                                "eba_dim:MCY": "eba_MC:x1038",
                                "eba_dim:MDE": "eba_AP:x185",
                                "eba_dim:PRP": "eba_PL:x10",
                                "eba_dim:TRI": "eba_TR:x1",
                                "unit": "$baseCurrency"
                            },
                            "eba:documentation": {
                                "CellCode": "{K 07.00, r0060, c0010}",
                                "DataPointVersionId": "475560"
                            }
                        },
                        "dp475561": {
                            "decimals": "$decimalsMonetary",
                            "dimensions": {
                                "concept": "eba_met:mi793",
                                "eba_dim:BAS": "eba_BA:x19",
                                "eba_dim:MCY": "eba_MC:x1039",
                                "eba_dim:MDE": "eba_AP:x185",
                                "eba_dim:PRP": "eba_PL:x10",
                                "eba_dim:TRI": "eba_TR:x1",
                                "unit": "$baseCurrency"
                            },
                            "eba:documentation": {
                                "CellCode": "{K 07.00, r0070, c0010}",
                                "DataPointVersionId": "475561"
                            }
                        },
                        "dp475562": {
                            "decimals": "$decimalsMonetary",
                            "dimensions": {
                                "concept": "eba_met:mi793",
                                "eba_dim:BAS": "eba_BA:x19",
                                "eba_dim:MCY": "eba_MC:x1040",
                                "eba_dim:MDE": "eba_AP:x185",
                                "eba_dim:PRP": "eba_PL:x10",
                                "eba_dim:TRI": "eba_TR:x1",
                                "unit": "$baseCurrency"
                            },
                            "eba:documentation": {
                                "CellCode": "{K 07.00, r0080, c0010}",
                                "DataPointVersionId": "475562"
                            }
                        },
                        "dp475563": {
                            "decimals": "$decimalsMonetary",
                            "dimensions": {
                                "concept": "eba_met:mi793",
                                "eba_dim:BAS": "eba_BA:x19",
                                "eba_dim:MCY": "eba_MC:x1041",
                                "eba_dim:MDE": "eba_AP:x185",
                                "eba_dim:PRP": "eba_PL:x10",
                                "eba_dim:TRI": "eba_TR:x1",
                                "unit": "$baseCurrency"
                            },
                            "eba:documentation": {
                                "CellCode": "{K 07.00, r0020, c0010}",
                                "DataPointVersionId": "475563"
                            }
                        }
                    }
                },
                "factValue": {
                    "dimensions": {},
                    "propertiesFrom": [
                        "datapoint"
                    ]
                }
            }
        }
    }
}