{
    "documentInfo": {
        "documentType": "https://xbrl.org/CR/2021-02-03/xbrl-csv",
        "namespaces": {
            "eba": "http://www.eba.europa.eu",
            "eba_AP": "http://www.eba.europa.eu/xbrl/crr/dict/dom/AP",
            "eba_BA": "http://www.eba.europa.eu/xbrl/crr/dict/dom/BA",
            "eba_EA": "http://www.eba.europa.eu/xbrl/crr/dict/dom/EA",
            "eba_dim": "http://www.eba.europa.eu/xbrl/crr/dict/dim",
            "eba_met": "http://www.eba.europa.eu/xbrl/crr/dict/met"
        }
    },
    "tableTemplates": {
        "D_09-03-a": {
            "columns": {
                "datapoint": {
                    "propertyGroups": {
                        "dp475660": {
                            "decimals": "$decimalsPercentage",
                            "dimensions": {
                                "concept": "eba_met:pi950",
                                "eba_dim:BAS": "eba_BA:x17",
                                "eba_dim:EAQ": "eba_EA:x21",
                                "eba_dim:EPC": "eba_EA:x19",
                                "eba_dim:GBC": "eba_AP:x237"
                            },
                            "eba:documentation": {
                                "CellCode": "{D 09.03.a, r0010, c0010}",
                                "DataPointVersionId": "475660"
                            }
                        },
                        "dp475661": {
                            "decimals": "$decimalsPercentage",
                            "dimensions": {
                                "concept": "eba_met:pi950",
                                "eba_dim:BAS": "eba_BA:x17",
                                "eba_dim:EAQ": "eba_EA:x21",
                                "eba_dim:EPC": "eba_EA:x19",
                                "eba_dim:GBC": "eba_AP:x238"
                            },
                            "eba:documentation": {
                                "CellCode": "{D 09.03.a, r0020, c0010}",
                                "DataPointVersionId": "475661"
                            }
                        },
                        "dp475680": {
                            "decimals": "$decimalsPercentage",
                            "dimensions": {
                                "concept": "eba_met:pi950",
                                "eba_dim:BAS": "eba_BA:x17",
                                "eba_dim:EAQ": "eba_EA:x22",
                                "eba_dim:EPC": "eba_EA:x19",
                                "eba_dim:GBC": "eba_AP:x237"
                            },
                            "eba:documentation": {
                                "CellCode": "{D 09.03.a, r0010, c0020}",
                                "DataPointVersionId": "475680"
                            }
                        },
                        "dp475681": {
                            "decimals": "$decimalsPercentage",
                            "dimensions": {
                                "concept": "eba_met:pi950",
                                "eba_dim:BAS": "eba_BA:x17",
                                "eba_dim:EAQ": "eba_EA:x22",
                                "eba_dim:EPC": "eba_EA:x19",
                                "eba_dim:GBC": "eba_AP:x238"
                            },
                            "eba:documentation": {
                                "CellCode": "{D 09.03.a, r0020, c0020}",
                                "DataPointVersionId": "475681"
                            }
                        },
                        "dp475700": {
                            "decimals": "$decimalsPercentage",
                            "dimensions": {
                                "concept": "eba_met:pi950",
                                "eba_dim:BAS": "eba_BA:x17",
                                "eba_dim:EAQ": "eba_EA:x23",
                                "eba_dim:EPC": "eba_EA:x19",
                                "eba_dim:GBC": "eba_AP:x237"
                            },
                            "eba:documentation": {
                                "CellCode": "{D 09.03.a, r0010, c0030}",
                                "DataPointVersionId": "475700"
                            }
                        },
                        "dp475701": {
                            "decimals": "$decimalsPercentage",
                            "dimensions": {
                                "concept": "eba_met:pi950",
                                "eba_dim:BAS": "eba_BA:x17",
                                "eba_dim:EAQ": "eba_EA:x23",
                                "eba_dim:EPC": "eba_EA:x19",
                                "eba_dim:GBC": "eba_AP:x238"
                            },
                            "eba:documentation": {
                                "CellCode": "{D 09.03.a, r0020, c0030}",
                                "DataPointVersionId": "475701"
                            }
                        }
                    }
                },
                "factValue": {
                    "dimensions": {},
                    "propertiesFrom": [
                        "datapoint"
                    ]
                }
            }
        }
    }
}