<?xml version="1.0" encoding="UTF-8"?>
<!--
*******************************************************************************************
Copyright © 2022 Comisión para el Mercado Financiero de Chile (CMF) 
This material is copyright of the CMF Chile and all rights are reserved. 
No part of this material may be translated, reprinted, reproduced or utilised in 
any form or manner that is not expressly permitted by the CMF Chile 
IP Policy see: http://www.cmfchile.cl/sitio/pop/politica.html
*******************************************************************************************
-->
<!-- Generated with Reporting Standard S.L. XBRL Taxonomy builder version 3.7.1.1364 - http://www.reportingstandard.com -->
<link:linkbase xmlns:link="http://www.xbrl.org/2003/linkbase"
               xmlns:xs="http://www.w3.org/2001/XMLSchema"
               xmlns:xbrli="http://www.xbrl.org/2003/instance"
               xmlns:xfi="http://www.xbrl.org/2008/function/instance"
               xmlns:gen="http://xbrl.org/2008/generic"
               xmlns:xlink="http://www.w3.org/1999/xlink"
               xmlns:xsi="http://www.w3.org/2001/XMLSchema-instance"
               xmlns:va="http://xbrl.org/2008/assertion/value"
               xmlns:variable="http://xbrl.org/2008/variable"
               xmlns:cf="http://xbrl.org/2008/filter/concept"
               xmlns:ifrs-full="http://xbrl.ifrs.org/taxonomy/2021-03-24/ifrs-full"
               xmlns:pf="http://xbrl.org/2008/filter/period"
               xmlns:label="http://xbrl.org/2008/label"
               xmlns:msg="http://xbrl.org/2010/message"
               xmlns:df="http://xbrl.org/2008/filter/dimension"
               xsi:schemaLocation="http://xbrl.org/2008/assertion/value http://www.xbrl.org/2008/value-assertion.xsd http://xbrl.org/2008/variable http://www.xbrl.org/2008/variable.xsd http://xbrl.org/2008/filter/concept http://www.xbrl.org/2008/concept-filter.xsd http://xbrl.org/2008/filter/period http://www.xbrl.org/2008/period-filter.xsd http://xbrl.org/2008/label http://www.xbrl.org/2008/generic-label.xsd http://xbrl.org/2010/message http://www.xbrl.org/2010/generic-message.xsd http://xbrl.org/2008/filter/dimension http://www.xbrl.org/2008/dimension-filter.xsd http://xbrl.org/2008/generic http://www.xbrl.org/2008/generic-link.xsd http://xbrl.ifrs.org/taxonomy/2021-03-24/ifrs-full http://xbrl.ifrs.org/taxonomy/2021-03-24/full_ifrs/full_ifrs-cor_2021-03-24.xsd">
  <link:roleRef xlink:type="simple" roleURI="http://www.cmfchile.cl/cl/fr/ci/role/ias-12_2021-03-24_role-835110" xlink:href="../cl-ci_ias-12_2021-03-24_role-835110.xsd#ias-12_2021-03-24_role-835110"/>
  <link:roleRef xlink:type="simple" roleURI="http://www.xbrl.org/2010/role/message" xlink:href="http://www.xbrl.org/2010/generic-message.xsd#standard-message"/>
  <link:arcroleRef xlink:type="simple" arcroleURI="http://xbrl.org/arcrole/2008/variable-set" xlink:href="http://www.xbrl.org/2008/variable.xsd#variable-set"/>
  <link:arcroleRef xlink:type="simple" arcroleURI="http://xbrl.org/arcrole/2008/variable-filter" xlink:href="http://www.xbrl.org/2008/variable.xsd#variable-filter"/>
  <link:arcroleRef xlink:type="simple" arcroleURI="http://xbrl.org/arcrole/2008/element-label" xlink:href="http://www.xbrl.org/2008/generic-label.xsd#element-label"/>
  <link:arcroleRef xlink:type="simple" arcroleURI="http://xbrl.org/arcrole/2010/assertion-satisfied-message" xlink:href="http://www.xbrl.org/2010/validation-message.xsd#assertion-satisfied-message"/>
  <link:arcroleRef xlink:type="simple" arcroleURI="http://xbrl.org/arcrole/2010/assertion-unsatisfied-message" xlink:href="http://www.xbrl.org/2010/validation-message.xsd#assertion-unsatisfied-message"/>
  <gen:link xlink:type="extended" xlink:role="http://www.cmfchile.cl/cl/fr/ci/role/ias-12_2021-03-24_role-835110">
    <va:valueAssertion xlink:type="resource" id="regla835111" aspectModel="dimensional" implicitFiltering="true" test="$ifrs-full:DeferredTaxLiabilityAsset eq $ifrs-full:DeferredTaxLiabilityAsset2  + $ifrs-full:IncreaseDecreaseInDeferredTaxLiabilityAsset" xlink:label="lbl26197"/>
    <variable:factVariable xlink:type="resource" bindAsSequence="false" fallbackValue="0" xlink:label="lbl26198" id="id13028"/>
    <variable:variableArc xlink:type="arc" xlink:arcrole="http://xbrl.org/arcrole/2008/variable-set" name="ifrs-full:DeferredTaxLiabilityAsset" xlink:from="lbl26197" xlink:to="lbl26198"/>
    <variable:factVariable xlink:type="resource" bindAsSequence="false" fallbackValue="0" xlink:label="lbl26201" id="id13029"/>
    <variable:variableArc xlink:type="arc" xlink:arcrole="http://xbrl.org/arcrole/2008/variable-set" name="ifrs-full:DeferredTaxLiabilityAsset2" xlink:from="lbl26197" xlink:to="lbl26201"/>
    <variable:factVariable xlink:type="resource" bindAsSequence="false" xlink:label="lbl26203" id="id13030"/>
    <variable:variableArc xlink:type="arc" xlink:arcrole="http://xbrl.org/arcrole/2008/variable-set" name="ifrs-full:IncreaseDecreaseInDeferredTaxLiabilityAsset" xlink:from="lbl26197" xlink:to="lbl26203"/>
    <va:valueAssertion xlink:type="resource" id="regla835112" aspectModel="dimensional" implicitFiltering="true" test="$ifrs-full:DeferredTaxLiabilityAsset = sum($ifrs-full:DeferredTaxLiabilityAsset2)" xlink:label="lbl26208"/>
    <variable:factVariable xlink:type="resource" bindAsSequence="true" fallbackValue="0" xlink:label="lbl26209" id="id13031"/>
    <variable:variableArc xlink:type="arc" xlink:arcrole="http://xbrl.org/arcrole/2008/variable-set" name="ifrs-full:DeferredTaxLiabilityAsset" xlink:from="lbl26208" xlink:to="lbl26209"/>
    <variable:factVariable xlink:type="resource" bindAsSequence="true" fallbackValue="0" xlink:label="lbl26211" id="id13032"/>
    <variable:variableArc xlink:type="arc" xlink:arcrole="http://xbrl.org/arcrole/2008/variable-set" name="ifrs-full:DeferredTaxLiabilityAsset2" xlink:from="lbl26208" xlink:to="lbl26211"/>
    <va:valueAssertion xlink:type="resource" id="regla835113" aspectModel="dimensional" implicitFiltering="true" test="$ifrs-full:NetDeferredTaxAssets = sum($ifrs-full:NetDeferredTaxAssets2)" xlink:label="lbl26216"/>
    <variable:factVariable xlink:type="resource" bindAsSequence="true" xlink:label="lbl26217" id="id13033"/>
    <variable:variableArc xlink:type="arc" xlink:arcrole="http://xbrl.org/arcrole/2008/variable-set" name="ifrs-full:NetDeferredTaxAssets" xlink:from="lbl26216" xlink:to="lbl26217"/>
    <variable:factVariable xlink:type="resource" bindAsSequence="true" xlink:label="lbl26219" id="id13034"/>
    <variable:variableArc xlink:type="arc" xlink:arcrole="http://xbrl.org/arcrole/2008/variable-set" name="ifrs-full:NetDeferredTaxAssets2" xlink:from="lbl26216" xlink:to="lbl26219"/>
    <va:valueAssertion xlink:type="resource" id="regla835114" aspectModel="dimensional" implicitFiltering="true" test="$ifrs-full:NetDeferredTaxLiabilities = sum($ifrs-full:NetDeferredTaxLiabilities2)" xlink:label="lbl26223"/>
    <variable:factVariable xlink:type="resource" bindAsSequence="true" xlink:label="lbl26224" id="id13035"/>
    <variable:variableArc xlink:type="arc" xlink:arcrole="http://xbrl.org/arcrole/2008/variable-set" name="ifrs-full:NetDeferredTaxLiabilities" xlink:from="lbl26223" xlink:to="lbl26224"/>
    <variable:factVariable xlink:type="resource" bindAsSequence="true" xlink:label="lbl26226" id="id13036"/>
    <variable:variableArc xlink:type="arc" xlink:arcrole="http://xbrl.org/arcrole/2008/variable-set" name="ifrs-full:NetDeferredTaxLiabilities2" xlink:from="lbl26223" xlink:to="lbl26226"/>
    <va:valueAssertion xlink:type="resource" id="regla835115" aspectModel="dimensional" implicitFiltering="true" test="$ifrs-full:DeferredTaxExpenseIncome = sum($ifrs-full:DeferredTaxExpenseIncome2)" xlink:label="lbl26230"/>
    <variable:factVariable xlink:type="resource" bindAsSequence="true" xlink:label="lbl26231" id="id13037"/>
    <variable:variableArc xlink:type="arc" xlink:arcrole="http://xbrl.org/arcrole/2008/variable-set" name="ifrs-full:DeferredTaxExpenseIncome" xlink:from="lbl26230" xlink:to="lbl26231"/>
    <variable:factVariable xlink:type="resource" bindAsSequence="true" xlink:label="lbl26233" id="id13038"/>
    <variable:variableArc xlink:type="arc" xlink:arcrole="http://xbrl.org/arcrole/2008/variable-set" name="ifrs-full:DeferredTaxExpenseIncome2" xlink:from="lbl26230" xlink:to="lbl26233"/>
    <va:valueAssertion xlink:type="resource" id="regla835116" aspectModel="dimensional" implicitFiltering="true" test="$ifrs-full:DeferredTaxExpenseIncomeRecognisedInProfitOrLoss = sum($ifrs-full:DeferredTaxExpenseIncomeRecognisedInProfitOrLoss2)" xlink:label="lbl26237"/>
    <variable:factVariable xlink:type="resource" bindAsSequence="true" xlink:label="lbl26238" id="id13039"/>
    <variable:variableArc xlink:type="arc" xlink:arcrole="http://xbrl.org/arcrole/2008/variable-set" name="ifrs-full:DeferredTaxExpenseIncomeRecognisedInProfitOrLoss" xlink:from="lbl26237" xlink:to="lbl26238"/>
    <variable:factVariable xlink:type="resource" bindAsSequence="true" xlink:label="lbl26240" id="id13040"/>
    <variable:variableArc xlink:type="arc" xlink:arcrole="http://xbrl.org/arcrole/2008/variable-set" name="ifrs-full:DeferredTaxExpenseIncomeRecognisedInProfitOrLoss2" xlink:from="lbl26237" xlink:to="lbl26240"/>
    <va:valueAssertion xlink:type="resource" id="regla835117" aspectModel="dimensional" implicitFiltering="true" test="$ifrs-full:IncreaseDecreaseInDeferredTaxLiabilityAsset = sum($ifrs-full:IncreaseDecreaseInDeferredTaxLiabilityAsset2)" xlink:label="lbl26244"/>
    <variable:factVariable xlink:type="resource" bindAsSequence="true" fallbackValue="0" xlink:label="lbl26245" id="id13041"/>
    <variable:variableArc xlink:type="arc" xlink:arcrole="http://xbrl.org/arcrole/2008/variable-set" name="ifrs-full:IncreaseDecreaseInDeferredTaxLiabilityAsset" xlink:from="lbl26244" xlink:to="lbl26245"/>
    <variable:factVariable xlink:type="resource" bindAsSequence="true" fallbackValue="0" xlink:label="lbl26246" id="id13042"/>
    <variable:variableArc xlink:type="arc" xlink:arcrole="http://xbrl.org/arcrole/2008/variable-set" name="ifrs-full:IncreaseDecreaseInDeferredTaxLiabilityAsset2" xlink:from="lbl26244" xlink:to="lbl26246"/>
    <va:valueAssertion xlink:type="resource" id="regla835118" aspectModel="dimensional" implicitFiltering="true" test="$ifrs-full:DeferredTaxLiabilityAsset = sum($ifrs-full:DeferredTaxLiabilityAsset2)" xlink:label="lbl26250"/>
    <variable:factVariable xlink:type="resource" bindAsSequence="true" fallbackValue="0" xlink:label="lbl26251" id="id13043"/>
    <variable:variableArc xlink:type="arc" xlink:arcrole="http://xbrl.org/arcrole/2008/variable-set" name="ifrs-full:DeferredTaxLiabilityAsset" xlink:from="lbl26250" xlink:to="lbl26251"/>
    <variable:factVariable xlink:type="resource" bindAsSequence="true" fallbackValue="0" xlink:label="lbl26253" id="id13044"/>
    <variable:variableArc xlink:type="arc" xlink:arcrole="http://xbrl.org/arcrole/2008/variable-set" name="ifrs-full:DeferredTaxLiabilityAsset2" xlink:from="lbl26250" xlink:to="lbl26253"/>
    <va:valueAssertion xlink:type="resource" id="regla835119" aspectModel="dimensional" implicitFiltering="true" test="$ifrs-full:NetDeferredTaxAssets = sum($ifrs-full:NetDeferredTaxAssets2)" xlink:label="lbl26258"/>
    <variable:factVariable xlink:type="resource" bindAsSequence="true" xlink:label="lbl26259" id="id13045"/>
    <variable:variableArc xlink:type="arc" xlink:arcrole="http://xbrl.org/arcrole/2008/variable-set" name="ifrs-full:NetDeferredTaxAssets" xlink:from="lbl26258" xlink:to="lbl26259"/>
    <variable:factVariable xlink:type="resource" bindAsSequence="true" xlink:label="lbl26260" id="id13046"/>
    <variable:variableArc xlink:type="arc" xlink:arcrole="http://xbrl.org/arcrole/2008/variable-set" name="ifrs-full:NetDeferredTaxAssets2" xlink:from="lbl26258" xlink:to="lbl26260"/>
    <va:valueAssertion xlink:type="resource" id="regla835120" aspectModel="dimensional" implicitFiltering="true" test="$ifrs-full:NetDeferredTaxLiabilities = sum($ifrs-full:NetDeferredTaxLiabilities2)" xlink:label="lbl26264"/>
    <variable:factVariable xlink:type="resource" bindAsSequence="true" xlink:label="lbl26265" id="id13047"/>
    <variable:variableArc xlink:type="arc" xlink:arcrole="http://xbrl.org/arcrole/2008/variable-set" name="ifrs-full:NetDeferredTaxLiabilities" xlink:from="lbl26264" xlink:to="lbl26265"/>
    <variable:factVariable xlink:type="resource" bindAsSequence="true" xlink:label="lbl26266" id="id13048"/>
    <variable:variableArc xlink:type="arc" xlink:arcrole="http://xbrl.org/arcrole/2008/variable-set" name="ifrs-full:NetDeferredTaxLiabilities2" xlink:from="lbl26264" xlink:to="lbl26266"/>
    <va:valueAssertion xlink:type="resource" id="regla835121" aspectModel="dimensional" implicitFiltering="true" test="$ifrs-full:DeferredTaxExpenseIncome = sum($ifrs-full:DeferredTaxExpenseIncome2)" xlink:label="lbl26270"/>
    <variable:factVariable xlink:type="resource" bindAsSequence="true" xlink:label="lbl26271" id="id13049"/>
    <variable:variableArc xlink:type="arc" xlink:arcrole="http://xbrl.org/arcrole/2008/variable-set" name="ifrs-full:DeferredTaxExpenseIncome" xlink:from="lbl26270" xlink:to="lbl26271"/>
    <variable:factVariable xlink:type="resource" bindAsSequence="true" xlink:label="lbl26272" id="id13050"/>
    <variable:variableArc xlink:type="arc" xlink:arcrole="http://xbrl.org/arcrole/2008/variable-set" name="ifrs-full:DeferredTaxExpenseIncome2" xlink:from="lbl26270" xlink:to="lbl26272"/>
    <va:valueAssertion xlink:type="resource" id="regla835122" aspectModel="dimensional" implicitFiltering="true" test="$ifrs-full:DeferredTaxExpenseIncomeRecognisedInProfitOrLoss = sum($ifrs-full:DeferredTaxExpenseIncomeRecognisedInProfitOrLoss2)" xlink:label="lbl26276"/>
    <variable:factVariable xlink:type="resource" bindAsSequence="true" xlink:label="lbl26277" id="id13051"/>
    <variable:variableArc xlink:type="arc" xlink:arcrole="http://xbrl.org/arcrole/2008/variable-set" name="ifrs-full:DeferredTaxExpenseIncomeRecognisedInProfitOrLoss" xlink:from="lbl26276" xlink:to="lbl26277"/>
    <variable:factVariable xlink:type="resource" bindAsSequence="true" xlink:label="lbl26278" id="id13052"/>
    <variable:variableArc xlink:type="arc" xlink:arcrole="http://xbrl.org/arcrole/2008/variable-set" name="ifrs-full:DeferredTaxExpenseIncomeRecognisedInProfitOrLoss2" xlink:from="lbl26276" xlink:to="lbl26278"/>
    <va:valueAssertion xlink:type="resource" id="regla835123" aspectModel="dimensional" implicitFiltering="true" test="$ifrs-full:IncreaseDecreaseInDeferredTaxLiabilityAsset = sum($ifrs-full:IncreaseDecreaseInDeferredTaxLiabilityAsset2)" xlink:label="lbl26282"/>
    <variable:factVariable xlink:type="resource" bindAsSequence="true" fallbackValue="0" xlink:label="lbl26283" id="id13053"/>
    <variable:variableArc xlink:type="arc" xlink:arcrole="http://xbrl.org/arcrole/2008/variable-set" name="ifrs-full:IncreaseDecreaseInDeferredTaxLiabilityAsset" xlink:from="lbl26282" xlink:to="lbl26283"/>
    <variable:factVariable xlink:type="resource" bindAsSequence="true" fallbackValue="0" xlink:label="lbl26284" id="id13054"/>
    <variable:variableArc xlink:type="arc" xlink:arcrole="http://xbrl.org/arcrole/2008/variable-set" name="ifrs-full:IncreaseDecreaseInDeferredTaxLiabilityAsset2" xlink:from="lbl26282" xlink:to="lbl26284"/>
    <va:valueAssertion xlink:type="resource" id="regla835124" aspectModel="dimensional" implicitFiltering="true" test="$ifrs-full:DeferredTaxLiabilityAsset = sum($ifrs-full:DeferredTaxLiabilityAsset2)" xlink:label="lbl26288"/>
    <variable:factVariable xlink:type="resource" bindAsSequence="true" fallbackValue="0" xlink:label="lbl26289" id="id13055"/>
    <variable:variableArc xlink:type="arc" xlink:arcrole="http://xbrl.org/arcrole/2008/variable-set" name="ifrs-full:DeferredTaxLiabilityAsset" xlink:from="lbl26288" xlink:to="lbl26289"/>
    <variable:factVariable xlink:type="resource" bindAsSequence="true" fallbackValue="0" xlink:label="lbl26291" id="id13056"/>
    <variable:variableArc xlink:type="arc" xlink:arcrole="http://xbrl.org/arcrole/2008/variable-set" name="ifrs-full:DeferredTaxLiabilityAsset2" xlink:from="lbl26288" xlink:to="lbl26291"/>
    <va:valueAssertion xlink:type="resource" id="regla835125" aspectModel="dimensional" implicitFiltering="true" test="$ifrs-full:NetDeferredTaxAssets = sum($ifrs-full:NetDeferredTaxAssets2)" xlink:label="lbl26296"/>
    <variable:factVariable xlink:type="resource" bindAsSequence="true" xlink:label="lbl26297" id="id13057"/>
    <variable:variableArc xlink:type="arc" xlink:arcrole="http://xbrl.org/arcrole/2008/variable-set" name="ifrs-full:NetDeferredTaxAssets" xlink:from="lbl26296" xlink:to="lbl26297"/>
    <variable:factVariable xlink:type="resource" bindAsSequence="true" xlink:label="lbl26298" id="id13058"/>
    <variable:variableArc xlink:type="arc" xlink:arcrole="http://xbrl.org/arcrole/2008/variable-set" name="ifrs-full:NetDeferredTaxAssets2" xlink:from="lbl26296" xlink:to="lbl26298"/>
    <va:valueAssertion xlink:type="resource" id="regla835126" aspectModel="dimensional" implicitFiltering="true" test="$ifrs-full:NetDeferredTaxLiabilities = sum($ifrs-full:NetDeferredTaxLiabilities2)" xlink:label="lbl26302"/>
    <variable:factVariable xlink:type="resource" bindAsSequence="true" xlink:label="lbl26303" id="id13059"/>
    <variable:variableArc xlink:type="arc" xlink:arcrole="http://xbrl.org/arcrole/2008/variable-set" name="ifrs-full:NetDeferredTaxLiabilities" xlink:from="lbl26302" xlink:to="lbl26303"/>
    <variable:factVariable xlink:type="resource" bindAsSequence="true" xlink:label="lbl26304" id="id13060"/>
    <variable:variableArc xlink:type="arc" xlink:arcrole="http://xbrl.org/arcrole/2008/variable-set" name="ifrs-full:NetDeferredTaxLiabilities2" xlink:from="lbl26302" xlink:to="lbl26304"/>
    <va:valueAssertion xlink:type="resource" id="regla835127" aspectModel="dimensional" implicitFiltering="true" test="$ifrs-full:DeferredTaxExpenseIncome = sum($ifrs-full:DeferredTaxExpenseIncome2)" xlink:label="lbl26308"/>
    <variable:factVariable xlink:type="resource" bindAsSequence="true" xlink:label="lbl26309" id="id13061"/>
    <variable:variableArc xlink:type="arc" xlink:arcrole="http://xbrl.org/arcrole/2008/variable-set" name="ifrs-full:DeferredTaxExpenseIncome" xlink:from="lbl26308" xlink:to="lbl26309"/>
    <variable:factVariable xlink:type="resource" bindAsSequence="true" xlink:label="lbl26310" id="id13062"/>
    <variable:variableArc xlink:type="arc" xlink:arcrole="http://xbrl.org/arcrole/2008/variable-set" name="ifrs-full:DeferredTaxExpenseIncome2" xlink:from="lbl26308" xlink:to="lbl26310"/>
    <va:valueAssertion xlink:type="resource" id="regla835128" aspectModel="dimensional" implicitFiltering="true" test="$ifrs-full:DeferredTaxExpenseIncomeRecognisedInProfitOrLoss = sum($ifrs-full:DeferredTaxExpenseIncomeRecognisedInProfitOrLoss2)" xlink:label="lbl26314"/>
    <variable:factVariable xlink:type="resource" bindAsSequence="true" xlink:label="lbl26315" id="id13063"/>
    <variable:variableArc xlink:type="arc" xlink:arcrole="http://xbrl.org/arcrole/2008/variable-set" name="ifrs-full:DeferredTaxExpenseIncomeRecognisedInProfitOrLoss" xlink:from="lbl26314" xlink:to="lbl26315"/>
    <variable:factVariable xlink:type="resource" bindAsSequence="true" xlink:label="lbl26316" id="id13064"/>
    <variable:variableArc xlink:type="arc" xlink:arcrole="http://xbrl.org/arcrole/2008/variable-set" name="ifrs-full:DeferredTaxExpenseIncomeRecognisedInProfitOrLoss2" xlink:from="lbl26314" xlink:to="lbl26316"/>
    <va:valueAssertion xlink:type="resource" id="regla835129" aspectModel="dimensional" implicitFiltering="true" test="$ifrs-full:IncreaseDecreaseInDeferredTaxLiabilityAsset = sum($ifrs-full:IncreaseDecreaseInDeferredTaxLiabilityAsset2)" xlink:label="lbl26320"/>
    <variable:factVariable xlink:type="resource" bindAsSequence="true" fallbackValue="0" xlink:label="lbl26321" id="id13065"/>
    <variable:variableArc xlink:type="arc" xlink:arcrole="http://xbrl.org/arcrole/2008/variable-set" name="ifrs-full:IncreaseDecreaseInDeferredTaxLiabilityAsset" xlink:from="lbl26320" xlink:to="lbl26321"/>
    <variable:factVariable xlink:type="resource" bindAsSequence="true" fallbackValue="0" xlink:label="lbl26322" id="id13066"/>
    <variable:variableArc xlink:type="arc" xlink:arcrole="http://xbrl.org/arcrole/2008/variable-set" name="ifrs-full:IncreaseDecreaseInDeferredTaxLiabilityAsset2" xlink:from="lbl26320" xlink:to="lbl26322"/>
    <va:valueAssertion xlink:type="resource" id="regla835130" aspectModel="dimensional" implicitFiltering="true" test="$ifrs-full:DeferredTaxLiabilityAsset = sum($ifrs-full:DeferredTaxLiabilityAsset2)" xlink:label="lbl26326"/>
    <variable:factVariable xlink:type="resource" bindAsSequence="true" fallbackValue="0" xlink:label="lbl26327" id="id13067"/>
    <variable:variableArc xlink:type="arc" xlink:arcrole="http://xbrl.org/arcrole/2008/variable-set" name="ifrs-full:DeferredTaxLiabilityAsset" xlink:from="lbl26326" xlink:to="lbl26327"/>
    <variable:factVariable xlink:type="resource" bindAsSequence="true" fallbackValue="0" xlink:label="lbl26329" id="id13068"/>
    <variable:variableArc xlink:type="arc" xlink:arcrole="http://xbrl.org/arcrole/2008/variable-set" name="ifrs-full:DeferredTaxLiabilityAsset2" xlink:from="lbl26326" xlink:to="lbl26329"/>
    <va:valueAssertion xlink:type="resource" id="regla835131" aspectModel="dimensional" implicitFiltering="true" test="$ifrs-full:NetDeferredTaxAssets = sum($ifrs-full:NetDeferredTaxAssets2)" xlink:label="lbl26334"/>
    <variable:factVariable xlink:type="resource" bindAsSequence="true" xlink:label="lbl26335" id="id13069"/>
    <variable:variableArc xlink:type="arc" xlink:arcrole="http://xbrl.org/arcrole/2008/variable-set" name="ifrs-full:NetDeferredTaxAssets" xlink:from="lbl26334" xlink:to="lbl26335"/>
    <variable:factVariable xlink:type="resource" bindAsSequence="true" xlink:label="lbl26336" id="id13070"/>
    <variable:variableArc xlink:type="arc" xlink:arcrole="http://xbrl.org/arcrole/2008/variable-set" name="ifrs-full:NetDeferredTaxAssets2" xlink:from="lbl26334" xlink:to="lbl26336"/>
    <va:valueAssertion xlink:type="resource" id="regla835132" aspectModel="dimensional" implicitFiltering="true" test="$ifrs-full:NetDeferredTaxLiabilities = sum($ifrs-full:NetDeferredTaxLiabilities2)" xlink:label="lbl26340"/>
    <variable:factVariable xlink:type="resource" bindAsSequence="true" xlink:label="lbl26341" id="id13071"/>
    <variable:variableArc xlink:type="arc" xlink:arcrole="http://xbrl.org/arcrole/2008/variable-set" name="ifrs-full:NetDeferredTaxLiabilities" xlink:from="lbl26340" xlink:to="lbl26341"/>
    <variable:factVariable xlink:type="resource" bindAsSequence="true" xlink:label="lbl26342" id="id13072"/>
    <variable:variableArc xlink:type="arc" xlink:arcrole="http://xbrl.org/arcrole/2008/variable-set" name="ifrs-full:NetDeferredTaxLiabilities2" xlink:from="lbl26340" xlink:to="lbl26342"/>
    <va:valueAssertion xlink:type="resource" id="regla835133" aspectModel="dimensional" implicitFiltering="true" test="$ifrs-full:DeferredTaxExpenseIncome = sum($ifrs-full:DeferredTaxExpenseIncome2)" xlink:label="lbl26346"/>
    <variable:factVariable xlink:type="resource" bindAsSequence="true" xlink:label="lbl26347" id="id13073"/>
    <variable:variableArc xlink:type="arc" xlink:arcrole="http://xbrl.org/arcrole/2008/variable-set" name="ifrs-full:DeferredTaxExpenseIncome" xlink:from="lbl26346" xlink:to="lbl26347"/>
    <variable:factVariable xlink:type="resource" bindAsSequence="true" xlink:label="lbl26348" id="id13074"/>
    <variable:variableArc xlink:type="arc" xlink:arcrole="http://xbrl.org/arcrole/2008/variable-set" name="ifrs-full:DeferredTaxExpenseIncome2" xlink:from="lbl26346" xlink:to="lbl26348"/>
    <va:valueAssertion xlink:type="resource" id="regla835134" aspectModel="dimensional" implicitFiltering="true" test="$ifrs-full:DeferredTaxExpenseIncomeRecognisedInProfitOrLoss = sum($ifrs-full:DeferredTaxExpenseIncomeRecognisedInProfitOrLoss2)" xlink:label="lbl26352"/>
    <variable:factVariable xlink:type="resource" bindAsSequence="true" xlink:label="lbl26353" id="id13075"/>
    <variable:variableArc xlink:type="arc" xlink:arcrole="http://xbrl.org/arcrole/2008/variable-set" name="ifrs-full:DeferredTaxExpenseIncomeRecognisedInProfitOrLoss" xlink:from="lbl26352" xlink:to="lbl26353"/>
    <variable:factVariable xlink:type="resource" bindAsSequence="true" xlink:label="lbl26354" id="id13076"/>
    <variable:variableArc xlink:type="arc" xlink:arcrole="http://xbrl.org/arcrole/2008/variable-set" name="ifrs-full:DeferredTaxExpenseIncomeRecognisedInProfitOrLoss2" xlink:from="lbl26352" xlink:to="lbl26354"/>
    <va:valueAssertion xlink:type="resource" id="regla835135" aspectModel="dimensional" implicitFiltering="true" test="$ifrs-full:IncreaseDecreaseInDeferredTaxLiabilityAsset = sum($ifrs-full:IncreaseDecreaseInDeferredTaxLiabilityAsset2)" xlink:label="lbl26358"/>
    <variable:factVariable xlink:type="resource" bindAsSequence="true" fallbackValue="0" xlink:label="lbl26359" id="id13077"/>
    <variable:variableArc xlink:type="arc" xlink:arcrole="http://xbrl.org/arcrole/2008/variable-set" name="ifrs-full:IncreaseDecreaseInDeferredTaxLiabilityAsset" xlink:from="lbl26358" xlink:to="lbl26359"/>
    <variable:factVariable xlink:type="resource" bindAsSequence="true" fallbackValue="0" xlink:label="lbl26360" id="id13078"/>
    <variable:variableArc xlink:type="arc" xlink:arcrole="http://xbrl.org/arcrole/2008/variable-set" name="ifrs-full:IncreaseDecreaseInDeferredTaxLiabilityAsset2" xlink:from="lbl26358" xlink:to="lbl26360"/>
    <cf:conceptName xlink:type="resource" xlink:label="lbl26199" id="id13079">
      <cf:concept>
        <cf:qname>ifrs-full:DeferredTaxLiabilityAsset</cf:qname>
      </cf:concept>
    </cf:conceptName>
    <variable:variableFilterArc xlink:type="arc" xlink:arcrole="http://xbrl.org/arcrole/2008/variable-filter" complement="false" cover="true" xlink:from="lbl26198" xlink:to="lbl26199"/>
    <pf:instantDuration xlink:type="resource" boundary="end" variable="ifrs-full:IncreaseDecreaseInDeferredTaxLiabilityAsset" xlink:label="lbl26200" id="id13080"/>
    <variable:variableFilterArc xlink:type="arc" xlink:arcrole="http://xbrl.org/arcrole/2008/variable-filter" complement="false" cover="true" xlink:from="lbl26198" xlink:to="lbl26200"/>
    <variable:variableFilterArc xlink:type="arc" xlink:arcrole="http://xbrl.org/arcrole/2008/variable-filter" complement="false" cover="true" xlink:from="lbl26201" xlink:to="lbl26199"/>
    <pf:instantDuration xlink:type="resource" boundary="start" variable="ifrs-full:IncreaseDecreaseInDeferredTaxLiabilityAsset" xlink:label="lbl26202" id="id13081"/>
    <variable:variableFilterArc xlink:type="arc" xlink:arcrole="http://xbrl.org/arcrole/2008/variable-filter" complement="false" cover="true" xlink:from="lbl26201" xlink:to="lbl26202"/>
    <cf:conceptName xlink:type="resource" xlink:label="lbl26204" id="id13082">
      <cf:concept>
        <cf:qname>ifrs-full:IncreaseDecreaseInDeferredTaxLiabilityAsset</cf:qname>
      </cf:concept>
    </cf:conceptName>
    <variable:variableFilterArc xlink:type="arc" xlink:arcrole="http://xbrl.org/arcrole/2008/variable-filter" complement="false" cover="true" xlink:from="lbl26203" xlink:to="lbl26204"/>
    <variable:variableFilterArc xlink:type="arc" xlink:arcrole="http://xbrl.org/arcrole/2008/variable-filter" complement="false" cover="true" xlink:from="lbl26209" xlink:to="lbl26199"/>
    <df:explicitDimension xlink:type="resource" xlink:label="lbl26210" id="id13083">
      <df:dimension>
        <df:qname>ifrs-full:TemporaryDifferenceUnusedTaxLossesAndUnusedTaxCreditsAxis</df:qname>
      </df:dimension>
      <df:member>
        <df:qname>ifrs-full:TemporaryDifferenceUnusedTaxLossesAndUnusedTaxCreditsMember</df:qname>
      </df:member>
    </df:explicitDimension>
    <variable:variableFilterArc xlink:type="arc" xlink:arcrole="http://xbrl.org/arcrole/2008/variable-filter" complement="false" cover="true" xlink:from="lbl26209" xlink:to="lbl26210"/>
    <variable:variableFilterArc xlink:type="arc" xlink:arcrole="http://xbrl.org/arcrole/2008/variable-filter" complement="false" cover="true" xlink:from="lbl26211" xlink:to="lbl26199"/>
    <df:explicitDimension xlink:type="resource" xlink:label="lbl26212" id="id13084">
      <df:dimension>
        <df:qname>ifrs-full:TemporaryDifferenceUnusedTaxLossesAndUnusedTaxCreditsAxis</df:qname>
      </df:dimension>
      <df:member>
        <df:qname>ifrs-full:TemporaryDifferenceUnusedTaxLossesAndUnusedTaxCreditsMember</df:qname>
        <df:linkrole>http://www.cmfchile.cl/cl/fr/ci/role/ias-12_2021-03-24_role-835110d</df:linkrole>
        <df:arcrole>http://xbrl.org/int/dim/arcrole/domain-member</df:arcrole>
        <df:axis>child</df:axis>
      </df:member>
    </df:explicitDimension>
    <variable:variableFilterArc xlink:type="arc" xlink:arcrole="http://xbrl.org/arcrole/2008/variable-filter" complement="false" cover="true" xlink:from="lbl26211" xlink:to="lbl26212"/>
    <cf:conceptName xlink:type="resource" xlink:label="lbl26218" id="id13085">
      <cf:concept>
        <cf:qname>ifrs-full:NetDeferredTaxAssets</cf:qname>
      </cf:concept>
    </cf:conceptName>
    <variable:variableFilterArc xlink:type="arc" xlink:arcrole="http://xbrl.org/arcrole/2008/variable-filter" complement="false" cover="true" xlink:from="lbl26217" xlink:to="lbl26218"/>
    <variable:variableFilterArc xlink:type="arc" xlink:arcrole="http://xbrl.org/arcrole/2008/variable-filter" complement="false" cover="true" xlink:from="lbl26217" xlink:to="lbl26210"/>
    <variable:variableFilterArc xlink:type="arc" xlink:arcrole="http://xbrl.org/arcrole/2008/variable-filter" complement="false" cover="true" xlink:from="lbl26219" xlink:to="lbl26218"/>
    <variable:variableFilterArc xlink:type="arc" xlink:arcrole="http://xbrl.org/arcrole/2008/variable-filter" complement="false" cover="true" xlink:from="lbl26219" xlink:to="lbl26212"/>
    <cf:conceptName xlink:type="resource" xlink:label="lbl26225" id="id13086">
      <cf:concept>
        <cf:qname>ifrs-full:NetDeferredTaxLiabilities</cf:qname>
      </cf:concept>
    </cf:conceptName>
    <variable:variableFilterArc xlink:type="arc" xlink:arcrole="http://xbrl.org/arcrole/2008/variable-filter" complement="false" cover="true" xlink:from="lbl26224" xlink:to="lbl26225"/>
    <variable:variableFilterArc xlink:type="arc" xlink:arcrole="http://xbrl.org/arcrole/2008/variable-filter" complement="false" cover="true" xlink:from="lbl26224" xlink:to="lbl26210"/>
    <variable:variableFilterArc xlink:type="arc" xlink:arcrole="http://xbrl.org/arcrole/2008/variable-filter" complement="false" cover="true" xlink:from="lbl26226" xlink:to="lbl26225"/>
    <variable:variableFilterArc xlink:type="arc" xlink:arcrole="http://xbrl.org/arcrole/2008/variable-filter" complement="false" cover="true" xlink:from="lbl26226" xlink:to="lbl26212"/>
    <cf:conceptName xlink:type="resource" xlink:label="lbl26232" id="id13087">
      <cf:concept>
        <cf:qname>ifrs-full:DeferredTaxExpenseIncome</cf:qname>
      </cf:concept>
    </cf:conceptName>
    <variable:variableFilterArc xlink:type="arc" xlink:arcrole="http://xbrl.org/arcrole/2008/variable-filter" complement="false" cover="true" xlink:from="lbl26231" xlink:to="lbl26232"/>
    <variable:variableFilterArc xlink:type="arc" xlink:arcrole="http://xbrl.org/arcrole/2008/variable-filter" complement="false" cover="true" xlink:from="lbl26231" xlink:to="lbl26210"/>
    <variable:variableFilterArc xlink:type="arc" xlink:arcrole="http://xbrl.org/arcrole/2008/variable-filter" complement="false" cover="true" xlink:from="lbl26233" xlink:to="lbl26232"/>
    <variable:variableFilterArc xlink:type="arc" xlink:arcrole="http://xbrl.org/arcrole/2008/variable-filter" complement="false" cover="true" xlink:from="lbl26233" xlink:to="lbl26212"/>
    <cf:conceptName xlink:type="resource" xlink:label="lbl26239" id="id13088">
      <cf:concept>
        <cf:qname>ifrs-full:DeferredTaxExpenseIncomeRecognisedInProfitOrLoss</cf:qname>
      </cf:concept>
    </cf:conceptName>
    <variable:variableFilterArc xlink:type="arc" xlink:arcrole="http://xbrl.org/arcrole/2008/variable-filter" complement="false" cover="true" xlink:from="lbl26238" xlink:to="lbl26239"/>
    <variable:variableFilterArc xlink:type="arc" xlink:arcrole="http://xbrl.org/arcrole/2008/variable-filter" complement="false" cover="true" xlink:from="lbl26238" xlink:to="lbl26210"/>
    <variable:variableFilterArc xlink:type="arc" xlink:arcrole="http://xbrl.org/arcrole/2008/variable-filter" complement="false" cover="true" xlink:from="lbl26240" xlink:to="lbl26239"/>
    <variable:variableFilterArc xlink:type="arc" xlink:arcrole="http://xbrl.org/arcrole/2008/variable-filter" complement="false" cover="true" xlink:from="lbl26240" xlink:to="lbl26212"/>
    <variable:variableFilterArc xlink:type="arc" xlink:arcrole="http://xbrl.org/arcrole/2008/variable-filter" complement="false" cover="true" xlink:from="lbl26245" xlink:to="lbl26204"/>
    <variable:variableFilterArc xlink:type="arc" xlink:arcrole="http://xbrl.org/arcrole/2008/variable-filter" complement="false" cover="true" xlink:from="lbl26245" xlink:to="lbl26210"/>
    <variable:variableFilterArc xlink:type="arc" xlink:arcrole="http://xbrl.org/arcrole/2008/variable-filter" complement="false" cover="true" xlink:from="lbl26246" xlink:to="lbl26204"/>
    <variable:variableFilterArc xlink:type="arc" xlink:arcrole="http://xbrl.org/arcrole/2008/variable-filter" complement="false" cover="true" xlink:from="lbl26246" xlink:to="lbl26212"/>
    <variable:variableFilterArc xlink:type="arc" xlink:arcrole="http://xbrl.org/arcrole/2008/variable-filter" complement="false" cover="true" xlink:from="lbl26251" xlink:to="lbl26199"/>
    <df:explicitDimension xlink:type="resource" xlink:label="lbl26252" id="id13089">
      <df:dimension>
        <df:qname>ifrs-full:TemporaryDifferenceUnusedTaxLossesAndUnusedTaxCreditsAxis</df:qname>
      </df:dimension>
      <df:member>
        <df:qname>ifrs-full:TemporaryDifferenceMember</df:qname>
      </df:member>
    </df:explicitDimension>
    <variable:variableFilterArc xlink:type="arc" xlink:arcrole="http://xbrl.org/arcrole/2008/variable-filter" complement="false" cover="true" xlink:from="lbl26251" xlink:to="lbl26252"/>
    <variable:variableFilterArc xlink:type="arc" xlink:arcrole="http://xbrl.org/arcrole/2008/variable-filter" complement="false" cover="true" xlink:from="lbl26253" xlink:to="lbl26199"/>
    <df:explicitDimension xlink:type="resource" xlink:label="lbl26254" id="id13090">
      <df:dimension>
        <df:qname>ifrs-full:TemporaryDifferenceUnusedTaxLossesAndUnusedTaxCreditsAxis</df:qname>
      </df:dimension>
      <df:member>
        <df:qname>ifrs-full:TemporaryDifferenceMember</df:qname>
        <df:linkrole>http://www.cmfchile.cl/cl/fr/ci/role/ias-12_2021-03-24_role-835110d</df:linkrole>
        <df:arcrole>http://xbrl.org/int/dim/arcrole/domain-member</df:arcrole>
        <df:axis>child</df:axis>
      </df:member>
    </df:explicitDimension>
    <variable:variableFilterArc xlink:type="arc" xlink:arcrole="http://xbrl.org/arcrole/2008/variable-filter" complement="false" cover="true" xlink:from="lbl26253" xlink:to="lbl26254"/>
    <variable:variableFilterArc xlink:type="arc" xlink:arcrole="http://xbrl.org/arcrole/2008/variable-filter" complement="false" cover="true" xlink:from="lbl26259" xlink:to="lbl26218"/>
    <variable:variableFilterArc xlink:type="arc" xlink:arcrole="http://xbrl.org/arcrole/2008/variable-filter" complement="false" cover="true" xlink:from="lbl26259" xlink:to="lbl26252"/>
    <variable:variableFilterArc xlink:type="arc" xlink:arcrole="http://xbrl.org/arcrole/2008/variable-filter" complement="false" cover="true" xlink:from="lbl26260" xlink:to="lbl26218"/>
    <variable:variableFilterArc xlink:type="arc" xlink:arcrole="http://xbrl.org/arcrole/2008/variable-filter" complement="false" cover="true" xlink:from="lbl26260" xlink:to="lbl26254"/>
    <variable:variableFilterArc xlink:type="arc" xlink:arcrole="http://xbrl.org/arcrole/2008/variable-filter" complement="false" cover="true" xlink:from="lbl26265" xlink:to="lbl26225"/>
    <variable:variableFilterArc xlink:type="arc" xlink:arcrole="http://xbrl.org/arcrole/2008/variable-filter" complement="false" cover="true" xlink:from="lbl26265" xlink:to="lbl26252"/>
    <variable:variableFilterArc xlink:type="arc" xlink:arcrole="http://xbrl.org/arcrole/2008/variable-filter" complement="false" cover="true" xlink:from="lbl26266" xlink:to="lbl26225"/>
    <variable:variableFilterArc xlink:type="arc" xlink:arcrole="http://xbrl.org/arcrole/2008/variable-filter" complement="false" cover="true" xlink:from="lbl26266" xlink:to="lbl26254"/>
    <variable:variableFilterArc xlink:type="arc" xlink:arcrole="http://xbrl.org/arcrole/2008/variable-filter" complement="false" cover="true" xlink:from="lbl26271" xlink:to="lbl26232"/>
    <variable:variableFilterArc xlink:type="arc" xlink:arcrole="http://xbrl.org/arcrole/2008/variable-filter" complement="false" cover="true" xlink:from="lbl26271" xlink:to="lbl26252"/>
    <variable:variableFilterArc xlink:type="arc" xlink:arcrole="http://xbrl.org/arcrole/2008/variable-filter" complement="false" cover="true" xlink:from="lbl26272" xlink:to="lbl26232"/>
    <variable:variableFilterArc xlink:type="arc" xlink:arcrole="http://xbrl.org/arcrole/2008/variable-filter" complement="false" cover="true" xlink:from="lbl26272" xlink:to="lbl26254"/>
    <variable:variableFilterArc xlink:type="arc" xlink:arcrole="http://xbrl.org/arcrole/2008/variable-filter" complement="false" cover="true" xlink:from="lbl26277" xlink:to="lbl26239"/>
    <variable:variableFilterArc xlink:type="arc" xlink:arcrole="http://xbrl.org/arcrole/2008/variable-filter" complement="false" cover="true" xlink:from="lbl26277" xlink:to="lbl26252"/>
    <variable:variableFilterArc xlink:type="arc" xlink:arcrole="http://xbrl.org/arcrole/2008/variable-filter" complement="false" cover="true" xlink:from="lbl26278" xlink:to="lbl26239"/>
    <variable:variableFilterArc xlink:type="arc" xlink:arcrole="http://xbrl.org/arcrole/2008/variable-filter" complement="false" cover="true" xlink:from="lbl26278" xlink:to="lbl26254"/>
    <variable:variableFilterArc xlink:type="arc" xlink:arcrole="http://xbrl.org/arcrole/2008/variable-filter" complement="false" cover="true" xlink:from="lbl26283" xlink:to="lbl26204"/>
    <variable:variableFilterArc xlink:type="arc" xlink:arcrole="http://xbrl.org/arcrole/2008/variable-filter" complement="false" cover="true" xlink:from="lbl26283" xlink:to="lbl26252"/>
    <variable:variableFilterArc xlink:type="arc" xlink:arcrole="http://xbrl.org/arcrole/2008/variable-filter" complement="false" cover="true" xlink:from="lbl26284" xlink:to="lbl26204"/>
    <variable:variableFilterArc xlink:type="arc" xlink:arcrole="http://xbrl.org/arcrole/2008/variable-filter" complement="false" cover="true" xlink:from="lbl26284" xlink:to="lbl26254"/>
    <variable:variableFilterArc xlink:type="arc" xlink:arcrole="http://xbrl.org/arcrole/2008/variable-filter" complement="false" cover="true" xlink:from="lbl26289" xlink:to="lbl26199"/>
    <df:explicitDimension xlink:type="resource" xlink:label="lbl26290" id="id13091">
      <df:dimension>
        <df:qname>ifrs-full:TemporaryDifferenceUnusedTaxLossesAndUnusedTaxCreditsAxis</df:qname>
      </df:dimension>
      <df:member>
        <df:qname>ifrs-full:UnusedTaxLossesMember</df:qname>
      </df:member>
    </df:explicitDimension>
    <variable:variableFilterArc xlink:type="arc" xlink:arcrole="http://xbrl.org/arcrole/2008/variable-filter" complement="false" cover="true" xlink:from="lbl26289" xlink:to="lbl26290"/>
    <variable:variableFilterArc xlink:type="arc" xlink:arcrole="http://xbrl.org/arcrole/2008/variable-filter" complement="false" cover="true" xlink:from="lbl26291" xlink:to="lbl26199"/>
    <df:explicitDimension xlink:type="resource" xlink:label="lbl26292" id="id13092">
      <df:dimension>
        <df:qname>ifrs-full:TemporaryDifferenceUnusedTaxLossesAndUnusedTaxCreditsAxis</df:qname>
      </df:dimension>
      <df:member>
        <df:qname>ifrs-full:UnusedTaxLossesMember</df:qname>
        <df:linkrole>http://www.cmfchile.cl/cl/fr/ci/role/ias-12_2021-03-24_role-835110d</df:linkrole>
        <df:arcrole>http://xbrl.org/int/dim/arcrole/domain-member</df:arcrole>
        <df:axis>child</df:axis>
      </df:member>
    </df:explicitDimension>
    <variable:variableFilterArc xlink:type="arc" xlink:arcrole="http://xbrl.org/arcrole/2008/variable-filter" complement="false" cover="true" xlink:from="lbl26291" xlink:to="lbl26292"/>
    <variable:variableFilterArc xlink:type="arc" xlink:arcrole="http://xbrl.org/arcrole/2008/variable-filter" complement="false" cover="true" xlink:from="lbl26297" xlink:to="lbl26218"/>
    <variable:variableFilterArc xlink:type="arc" xlink:arcrole="http://xbrl.org/arcrole/2008/variable-filter" complement="false" cover="true" xlink:from="lbl26297" xlink:to="lbl26290"/>
    <variable:variableFilterArc xlink:type="arc" xlink:arcrole="http://xbrl.org/arcrole/2008/variable-filter" complement="false" cover="true" xlink:from="lbl26298" xlink:to="lbl26218"/>
    <variable:variableFilterArc xlink:type="arc" xlink:arcrole="http://xbrl.org/arcrole/2008/variable-filter" complement="false" cover="true" xlink:from="lbl26298" xlink:to="lbl26292"/>
    <variable:variableFilterArc xlink:type="arc" xlink:arcrole="http://xbrl.org/arcrole/2008/variable-filter" complement="false" cover="true" xlink:from="lbl26303" xlink:to="lbl26225"/>
    <variable:variableFilterArc xlink:type="arc" xlink:arcrole="http://xbrl.org/arcrole/2008/variable-filter" complement="false" cover="true" xlink:from="lbl26303" xlink:to="lbl26290"/>
    <variable:variableFilterArc xlink:type="arc" xlink:arcrole="http://xbrl.org/arcrole/2008/variable-filter" complement="false" cover="true" xlink:from="lbl26304" xlink:to="lbl26225"/>
    <variable:variableFilterArc xlink:type="arc" xlink:arcrole="http://xbrl.org/arcrole/2008/variable-filter" complement="false" cover="true" xlink:from="lbl26304" xlink:to="lbl26292"/>
    <variable:variableFilterArc xlink:type="arc" xlink:arcrole="http://xbrl.org/arcrole/2008/variable-filter" complement="false" cover="true" xlink:from="lbl26309" xlink:to="lbl26232"/>
    <variable:variableFilterArc xlink:type="arc" xlink:arcrole="http://xbrl.org/arcrole/2008/variable-filter" complement="false" cover="true" xlink:from="lbl26309" xlink:to="lbl26290"/>
    <variable:variableFilterArc xlink:type="arc" xlink:arcrole="http://xbrl.org/arcrole/2008/variable-filter" complement="false" cover="true" xlink:from="lbl26310" xlink:to="lbl26232"/>
    <variable:variableFilterArc xlink:type="arc" xlink:arcrole="http://xbrl.org/arcrole/2008/variable-filter" complement="false" cover="true" xlink:from="lbl26310" xlink:to="lbl26292"/>
    <variable:variableFilterArc xlink:type="arc" xlink:arcrole="http://xbrl.org/arcrole/2008/variable-filter" complement="false" cover="true" xlink:from="lbl26315" xlink:to="lbl26239"/>
    <variable:variableFilterArc xlink:type="arc" xlink:arcrole="http://xbrl.org/arcrole/2008/variable-filter" complement="false" cover="true" xlink:from="lbl26315" xlink:to="lbl26290"/>
    <variable:variableFilterArc xlink:type="arc" xlink:arcrole="http://xbrl.org/arcrole/2008/variable-filter" complement="false" cover="true" xlink:from="lbl26316" xlink:to="lbl26239"/>
    <variable:variableFilterArc xlink:type="arc" xlink:arcrole="http://xbrl.org/arcrole/2008/variable-filter" complement="false" cover="true" xlink:from="lbl26316" xlink:to="lbl26292"/>
    <variable:variableFilterArc xlink:type="arc" xlink:arcrole="http://xbrl.org/arcrole/2008/variable-filter" complement="false" cover="true" xlink:from="lbl26321" xlink:to="lbl26204"/>
    <variable:variableFilterArc xlink:type="arc" xlink:arcrole="http://xbrl.org/arcrole/2008/variable-filter" complement="false" cover="true" xlink:from="lbl26321" xlink:to="lbl26290"/>
    <variable:variableFilterArc xlink:type="arc" xlink:arcrole="http://xbrl.org/arcrole/2008/variable-filter" complement="false" cover="true" xlink:from="lbl26322" xlink:to="lbl26204"/>
    <variable:variableFilterArc xlink:type="arc" xlink:arcrole="http://xbrl.org/arcrole/2008/variable-filter" complement="false" cover="true" xlink:from="lbl26322" xlink:to="lbl26292"/>
    <variable:variableFilterArc xlink:type="arc" xlink:arcrole="http://xbrl.org/arcrole/2008/variable-filter" complement="false" cover="true" xlink:from="lbl26327" xlink:to="lbl26199"/>
    <df:explicitDimension xlink:type="resource" xlink:label="lbl26328" id="id13093">
      <df:dimension>
        <df:qname>ifrs-full:TemporaryDifferenceUnusedTaxLossesAndUnusedTaxCreditsAxis</df:qname>
      </df:dimension>
      <df:member>
        <df:qname>ifrs-full:UnusedTaxCreditsMember</df:qname>
      </df:member>
    </df:explicitDimension>
    <variable:variableFilterArc xlink:type="arc" xlink:arcrole="http://xbrl.org/arcrole/2008/variable-filter" complement="false" cover="true" xlink:from="lbl26327" xlink:to="lbl26328"/>
    <variable:variableFilterArc xlink:type="arc" xlink:arcrole="http://xbrl.org/arcrole/2008/variable-filter" complement="false" cover="true" xlink:from="lbl26329" xlink:to="lbl26199"/>
    <df:explicitDimension xlink:type="resource" xlink:label="lbl26330" id="id13094">
      <df:dimension>
        <df:qname>ifrs-full:TemporaryDifferenceUnusedTaxLossesAndUnusedTaxCreditsAxis</df:qname>
      </df:dimension>
      <df:member>
        <df:qname>ifrs-full:UnusedTaxCreditsMember</df:qname>
        <df:linkrole>http://www.cmfchile.cl/cl/fr/ci/role/ias-12_2021-03-24_role-835110d</df:linkrole>
        <df:arcrole>http://xbrl.org/int/dim/arcrole/domain-member</df:arcrole>
        <df:axis>child</df:axis>
      </df:member>
    </df:explicitDimension>
    <variable:variableFilterArc xlink:type="arc" xlink:arcrole="http://xbrl.org/arcrole/2008/variable-filter" complement="false" cover="true" xlink:from="lbl26329" xlink:to="lbl26330"/>
    <variable:variableFilterArc xlink:type="arc" xlink:arcrole="http://xbrl.org/arcrole/2008/variable-filter" complement="false" cover="true" xlink:from="lbl26335" xlink:to="lbl26218"/>
    <variable:variableFilterArc xlink:type="arc" xlink:arcrole="http://xbrl.org/arcrole/2008/variable-filter" complement="false" cover="true" xlink:from="lbl26335" xlink:to="lbl26328"/>
    <variable:variableFilterArc xlink:type="arc" xlink:arcrole="http://xbrl.org/arcrole/2008/variable-filter" complement="false" cover="true" xlink:from="lbl26336" xlink:to="lbl26218"/>
    <variable:variableFilterArc xlink:type="arc" xlink:arcrole="http://xbrl.org/arcrole/2008/variable-filter" complement="false" cover="true" xlink:from="lbl26336" xlink:to="lbl26330"/>
    <variable:variableFilterArc xlink:type="arc" xlink:arcrole="http://xbrl.org/arcrole/2008/variable-filter" complement="false" cover="true" xlink:from="lbl26341" xlink:to="lbl26225"/>
    <variable:variableFilterArc xlink:type="arc" xlink:arcrole="http://xbrl.org/arcrole/2008/variable-filter" complement="false" cover="true" xlink:from="lbl26341" xlink:to="lbl26328"/>
    <variable:variableFilterArc xlink:type="arc" xlink:arcrole="http://xbrl.org/arcrole/2008/variable-filter" complement="false" cover="true" xlink:from="lbl26342" xlink:to="lbl26225"/>
    <variable:variableFilterArc xlink:type="arc" xlink:arcrole="http://xbrl.org/arcrole/2008/variable-filter" complement="false" cover="true" xlink:from="lbl26342" xlink:to="lbl26330"/>
    <variable:variableFilterArc xlink:type="arc" xlink:arcrole="http://xbrl.org/arcrole/2008/variable-filter" complement="false" cover="true" xlink:from="lbl26347" xlink:to="lbl26232"/>
    <variable:variableFilterArc xlink:type="arc" xlink:arcrole="http://xbrl.org/arcrole/2008/variable-filter" complement="false" cover="true" xlink:from="lbl26347" xlink:to="lbl26328"/>
    <variable:variableFilterArc xlink:type="arc" xlink:arcrole="http://xbrl.org/arcrole/2008/variable-filter" complement="false" cover="true" xlink:from="lbl26348" xlink:to="lbl26232"/>
    <variable:variableFilterArc xlink:type="arc" xlink:arcrole="http://xbrl.org/arcrole/2008/variable-filter" complement="false" cover="true" xlink:from="lbl26348" xlink:to="lbl26330"/>
    <variable:variableFilterArc xlink:type="arc" xlink:arcrole="http://xbrl.org/arcrole/2008/variable-filter" complement="false" cover="true" xlink:from="lbl26353" xlink:to="lbl26239"/>
    <variable:variableFilterArc xlink:type="arc" xlink:arcrole="http://xbrl.org/arcrole/2008/variable-filter" complement="false" cover="true" xlink:from="lbl26353" xlink:to="lbl26328"/>
    <variable:variableFilterArc xlink:type="arc" xlink:arcrole="http://xbrl.org/arcrole/2008/variable-filter" complement="false" cover="true" xlink:from="lbl26354" xlink:to="lbl26239"/>
    <variable:variableFilterArc xlink:type="arc" xlink:arcrole="http://xbrl.org/arcrole/2008/variable-filter" complement="false" cover="true" xlink:from="lbl26354" xlink:to="lbl26330"/>
    <variable:variableFilterArc xlink:type="arc" xlink:arcrole="http://xbrl.org/arcrole/2008/variable-filter" complement="false" cover="true" xlink:from="lbl26359" xlink:to="lbl26204"/>
    <variable:variableFilterArc xlink:type="arc" xlink:arcrole="http://xbrl.org/arcrole/2008/variable-filter" complement="false" cover="true" xlink:from="lbl26359" xlink:to="lbl26328"/>
    <variable:variableFilterArc xlink:type="arc" xlink:arcrole="http://xbrl.org/arcrole/2008/variable-filter" complement="false" cover="true" xlink:from="lbl26360" xlink:to="lbl26204"/>
    <variable:variableFilterArc xlink:type="arc" xlink:arcrole="http://xbrl.org/arcrole/2008/variable-filter" complement="false" cover="true" xlink:from="lbl26360" xlink:to="lbl26330"/>
    <label:label xlink:type="resource" xml:lang="es" id="id12953" xlink:label="lbl26205">835111</label:label>
    <gen:arc xlink:type="arc" xlink:arcrole="http://xbrl.org/arcrole/2008/element-label" xlink:from="lbl26197" xlink:to="lbl26205"/>
    <label:label xlink:type="resource" xml:lang="es" id="id12956" xlink:label="lbl26213">835112</label:label>
    <gen:arc xlink:type="arc" xlink:arcrole="http://xbrl.org/arcrole/2008/element-label" xlink:from="lbl26208" xlink:to="lbl26213"/>
    <label:label xlink:type="resource" xml:lang="es" id="id12959" xlink:label="lbl26220">835113</label:label>
    <gen:arc xlink:type="arc" xlink:arcrole="http://xbrl.org/arcrole/2008/element-label" xlink:from="lbl26216" xlink:to="lbl26220"/>
    <label:label xlink:type="resource" xml:lang="es" id="id12962" xlink:label="lbl26227">835114</label:label>
    <gen:arc xlink:type="arc" xlink:arcrole="http://xbrl.org/arcrole/2008/element-label" xlink:from="lbl26223" xlink:to="lbl26227"/>
    <label:label xlink:type="resource" xml:lang="es" id="id12965" xlink:label="lbl26234">835115</label:label>
    <gen:arc xlink:type="arc" xlink:arcrole="http://xbrl.org/arcrole/2008/element-label" xlink:from="lbl26230" xlink:to="lbl26234"/>
    <label:label xlink:type="resource" xml:lang="es" id="id12968" xlink:label="lbl26241">835116</label:label>
    <gen:arc xlink:type="arc" xlink:arcrole="http://xbrl.org/arcrole/2008/element-label" xlink:from="lbl26237" xlink:to="lbl26241"/>
    <label:label xlink:type="resource" xml:lang="es" id="id12971" xlink:label="lbl26247">835117</label:label>
    <gen:arc xlink:type="arc" xlink:arcrole="http://xbrl.org/arcrole/2008/element-label" xlink:from="lbl26244" xlink:to="lbl26247"/>
    <label:label xlink:type="resource" xml:lang="es" id="id12974" xlink:label="lbl26255">835118</label:label>
    <gen:arc xlink:type="arc" xlink:arcrole="http://xbrl.org/arcrole/2008/element-label" xlink:from="lbl26250" xlink:to="lbl26255"/>
    <label:label xlink:type="resource" xml:lang="es" id="id12977" xlink:label="lbl26261">835119</label:label>
    <gen:arc xlink:type="arc" xlink:arcrole="http://xbrl.org/arcrole/2008/element-label" xlink:from="lbl26258" xlink:to="lbl26261"/>
    <label:label xlink:type="resource" xml:lang="es" id="id12980" xlink:label="lbl26267">835120</label:label>
    <gen:arc xlink:type="arc" xlink:arcrole="http://xbrl.org/arcrole/2008/element-label" xlink:from="lbl26264" xlink:to="lbl26267"/>
    <label:label xlink:type="resource" xml:lang="es" id="id12983" xlink:label="lbl26273">835121</label:label>
    <gen:arc xlink:type="arc" xlink:arcrole="http://xbrl.org/arcrole/2008/element-label" xlink:from="lbl26270" xlink:to="lbl26273"/>
    <label:label xlink:type="resource" xml:lang="es" id="id12986" xlink:label="lbl26279">835122</label:label>
    <gen:arc xlink:type="arc" xlink:arcrole="http://xbrl.org/arcrole/2008/element-label" xlink:from="lbl26276" xlink:to="lbl26279"/>
    <label:label xlink:type="resource" xml:lang="es" id="id12989" xlink:label="lbl26285">835123</label:label>
    <gen:arc xlink:type="arc" xlink:arcrole="http://xbrl.org/arcrole/2008/element-label" xlink:from="lbl26282" xlink:to="lbl26285"/>
    <label:label xlink:type="resource" xml:lang="es" id="id12992" xlink:label="lbl26293">835124</label:label>
    <gen:arc xlink:type="arc" xlink:arcrole="http://xbrl.org/arcrole/2008/element-label" xlink:from="lbl26288" xlink:to="lbl26293"/>
    <label:label xlink:type="resource" xml:lang="es" id="id12995" xlink:label="lbl26299">835125</label:label>
    <gen:arc xlink:type="arc" xlink:arcrole="http://xbrl.org/arcrole/2008/element-label" xlink:from="lbl26296" xlink:to="lbl26299"/>
    <label:label xlink:type="resource" xml:lang="es" id="id12998" xlink:label="lbl26305">835126</label:label>
    <gen:arc xlink:type="arc" xlink:arcrole="http://xbrl.org/arcrole/2008/element-label" xlink:from="lbl26302" xlink:to="lbl26305"/>
    <label:label xlink:type="resource" xml:lang="es" id="id13001" xlink:label="lbl26311">835127</label:label>
    <gen:arc xlink:type="arc" xlink:arcrole="http://xbrl.org/arcrole/2008/element-label" xlink:from="lbl26308" xlink:to="lbl26311"/>
    <label:label xlink:type="resource" xml:lang="es" id="id13004" xlink:label="lbl26317">835128</label:label>
    <gen:arc xlink:type="arc" xlink:arcrole="http://xbrl.org/arcrole/2008/element-label" xlink:from="lbl26314" xlink:to="lbl26317"/>
    <label:label xlink:type="resource" xml:lang="es" id="id13007" xlink:label="lbl26323">835129</label:label>
    <gen:arc xlink:type="arc" xlink:arcrole="http://xbrl.org/arcrole/2008/element-label" xlink:from="lbl26320" xlink:to="lbl26323"/>
    <label:label xlink:type="resource" xml:lang="es" id="id13010" xlink:label="lbl26331">835130</label:label>
    <gen:arc xlink:type="arc" xlink:arcrole="http://xbrl.org/arcrole/2008/element-label" xlink:from="lbl26326" xlink:to="lbl26331"/>
    <label:label xlink:type="resource" xml:lang="es" id="id13013" xlink:label="lbl26337">835131</label:label>
    <gen:arc xlink:type="arc" xlink:arcrole="http://xbrl.org/arcrole/2008/element-label" xlink:from="lbl26334" xlink:to="lbl26337"/>
    <label:label xlink:type="resource" xml:lang="es" id="id13016" xlink:label="lbl26343">835132</label:label>
    <gen:arc xlink:type="arc" xlink:arcrole="http://xbrl.org/arcrole/2008/element-label" xlink:from="lbl26340" xlink:to="lbl26343"/>
    <label:label xlink:type="resource" xml:lang="es" id="id13019" xlink:label="lbl26349">835133</label:label>
    <gen:arc xlink:type="arc" xlink:arcrole="http://xbrl.org/arcrole/2008/element-label" xlink:from="lbl26346" xlink:to="lbl26349"/>
    <label:label xlink:type="resource" xml:lang="es" id="id13022" xlink:label="lbl26355">835134</label:label>
    <gen:arc xlink:type="arc" xlink:arcrole="http://xbrl.org/arcrole/2008/element-label" xlink:from="lbl26352" xlink:to="lbl26355"/>
    <label:label xlink:type="resource" xml:lang="es" id="id13025" xlink:label="lbl26361">835135</label:label>
    <gen:arc xlink:type="arc" xlink:arcrole="http://xbrl.org/arcrole/2008/element-label" xlink:from="lbl26358" xlink:to="lbl26361"/>
    <msg:message xlink:type="resource" id="id12954" xml:lang="es" xlink:role="http://www.xbrl.org/2010/role/message" xlink:label="lbl26206">Rol[835110d] Regla835111: Informa Pasivos (activos) por impuestos diferidos al final del periodo OK; contexto  {$ifrs-full:IncreaseDecreaseInDeferredTaxLiabilityAsset/@contextRef}</msg:message>
    <gen:arc xlink:type="arc" xlink:arcrole="http://xbrl.org/arcrole/2010/assertion-satisfied-message" xlink:from="lbl26197" xlink:to="lbl26206"/>
    <msg:message xlink:type="resource" id="id12957" xml:lang="es" xlink:role="http://www.xbrl.org/2010/role/message" xlink:label="lbl26214">Rol[835110d] Regla835112: Suma dimensiones Pasivo (activo) por impuestos diferidos neto OK; contexto  {$ifrs-full:DeferredTaxLiabilityAsset/@contextRef}</msg:message>
    <gen:arc xlink:type="arc" xlink:arcrole="http://xbrl.org/arcrole/2010/assertion-satisfied-message" xlink:from="lbl26208" xlink:to="lbl26214"/>
    <msg:message xlink:type="resource" id="id12960" xml:lang="es" xlink:role="http://www.xbrl.org/2010/role/message" xlink:label="lbl26221">Rol[835110d] Regla835113: Suma dimensiones Activos por impuestos diferidos netos OK; contexto  {$ifrs-full:NetDeferredTaxAssets/@contextRef}</msg:message>
    <gen:arc xlink:type="arc" xlink:arcrole="http://xbrl.org/arcrole/2010/assertion-satisfied-message" xlink:from="lbl26216" xlink:to="lbl26221"/>
    <msg:message xlink:type="resource" id="id12963" xml:lang="es" xlink:role="http://www.xbrl.org/2010/role/message" xlink:label="lbl26228">Rol[835110d] Regla835114: Suma dimensiones Pasivos por impuestos diferidos netos OK; contexto  {$ifrs-full:NetDeferredTaxLiabilities/@contextRef}</msg:message>
    <gen:arc xlink:type="arc" xlink:arcrole="http://xbrl.org/arcrole/2010/assertion-satisfied-message" xlink:from="lbl26223" xlink:to="lbl26228"/>
    <msg:message xlink:type="resource" id="id12966" xml:lang="es" xlink:role="http://www.xbrl.org/2010/role/message" xlink:label="lbl26235">Rol[835110d] Regla835115: Suma dimensiones Gasto (ingreso) por impuestos diferidos OK; contexto  {$ifrs-full:DeferredTaxExpenseIncome/@contextRef}</msg:message>
    <gen:arc xlink:type="arc" xlink:arcrole="http://xbrl.org/arcrole/2010/assertion-satisfied-message" xlink:from="lbl26230" xlink:to="lbl26235"/>
    <msg:message xlink:type="resource" id="id12969" xml:lang="es" xlink:role="http://www.xbrl.org/2010/role/message" xlink:label="lbl26242">Rol[835110d] Regla835116: Suma dimensiones Gasto (ingreso) por impuestos diferidos reconocidos como resultados OK; contexto  {$ifrs-full:DeferredTaxExpenseIncomeRecognisedInProfitOrLoss/@contextRef}</msg:message>
    <gen:arc xlink:type="arc" xlink:arcrole="http://xbrl.org/arcrole/2010/assertion-satisfied-message" xlink:from="lbl26237" xlink:to="lbl26242"/>
    <msg:message xlink:type="resource" id="id12972" xml:lang="es" xlink:role="http://www.xbrl.org/2010/role/message" xlink:label="lbl26248">Rol[835110d] Regla835117: Suma dimensiones Total incrementos (disminuciones) de pasivos (activos) por impuestos diferidos OK; contexto  {$ifrs-full:IncreaseDecreaseInDeferredTaxLiabilityAsset/@contextRef}</msg:message>
    <gen:arc xlink:type="arc" xlink:arcrole="http://xbrl.org/arcrole/2010/assertion-satisfied-message" xlink:from="lbl26244" xlink:to="lbl26248"/>
    <msg:message xlink:type="resource" id="id12975" xml:lang="es" xlink:role="http://www.xbrl.org/2010/role/message" xlink:label="lbl26256">Rol[835110d] Regla835118: Suma dimensiones Pasivo (activo) por impuestos diferidos neto OK; contexto  {$ifrs-full:DeferredTaxLiabilityAsset/@contextRef}</msg:message>
    <gen:arc xlink:type="arc" xlink:arcrole="http://xbrl.org/arcrole/2010/assertion-satisfied-message" xlink:from="lbl26250" xlink:to="lbl26256"/>
    <msg:message xlink:type="resource" id="id12978" xml:lang="es" xlink:role="http://www.xbrl.org/2010/role/message" xlink:label="lbl26262">Rol[835110d] Regla835119: Suma dimensiones Activos por impuestos diferidos netos OK; contexto  {$ifrs-full:NetDeferredTaxAssets/@contextRef}</msg:message>
    <gen:arc xlink:type="arc" xlink:arcrole="http://xbrl.org/arcrole/2010/assertion-satisfied-message" xlink:from="lbl26258" xlink:to="lbl26262"/>
    <msg:message xlink:type="resource" id="id12981" xml:lang="es" xlink:role="http://www.xbrl.org/2010/role/message" xlink:label="lbl26268">Rol[835110d] Regla835120: Suma dimensiones Pasivos por impuestos diferidos netos OK; contexto  {$ifrs-full:NetDeferredTaxLiabilities/@contextRef}</msg:message>
    <gen:arc xlink:type="arc" xlink:arcrole="http://xbrl.org/arcrole/2010/assertion-satisfied-message" xlink:from="lbl26264" xlink:to="lbl26268"/>
    <msg:message xlink:type="resource" id="id12984" xml:lang="es" xlink:role="http://www.xbrl.org/2010/role/message" xlink:label="lbl26274">Rol[835110d] Regla835121: Suma dimensiones Gasto (ingreso) por impuestos diferidos OK; contexto  {$ifrs-full:DeferredTaxExpenseIncome/@contextRef}</msg:message>
    <gen:arc xlink:type="arc" xlink:arcrole="http://xbrl.org/arcrole/2010/assertion-satisfied-message" xlink:from="lbl26270" xlink:to="lbl26274"/>
    <msg:message xlink:type="resource" id="id12987" xml:lang="es" xlink:role="http://www.xbrl.org/2010/role/message" xlink:label="lbl26280">Rol[835110d] Regla835122: Suma dimensiones Gasto (ingreso) por impuestos diferidos reconocidos como resultados OK; contexto  {$ifrs-full:DeferredTaxExpenseIncomeRecognisedInProfitOrLoss/@contextRef}</msg:message>
    <gen:arc xlink:type="arc" xlink:arcrole="http://xbrl.org/arcrole/2010/assertion-satisfied-message" xlink:from="lbl26276" xlink:to="lbl26280"/>
    <msg:message xlink:type="resource" id="id12990" xml:lang="es" xlink:role="http://www.xbrl.org/2010/role/message" xlink:label="lbl26286">Rol[835110d] Regla835123: Suma dimensiones Total incrementos (disminuciones) de pasivos (activos) por impuestos diferidos OK; contexto  {$ifrs-full:IncreaseDecreaseInDeferredTaxLiabilityAsset/@contextRef}</msg:message>
    <gen:arc xlink:type="arc" xlink:arcrole="http://xbrl.org/arcrole/2010/assertion-satisfied-message" xlink:from="lbl26282" xlink:to="lbl26286"/>
    <msg:message xlink:type="resource" id="id12993" xml:lang="es" xlink:role="http://www.xbrl.org/2010/role/message" xlink:label="lbl26294">Rol[835110d] Regla835124: Suma dimensiones Pasivo (activo) por impuestos diferidos neto OK; contexto  {$ifrs-full:DeferredTaxLiabilityAsset/@contextRef}</msg:message>
    <gen:arc xlink:type="arc" xlink:arcrole="http://xbrl.org/arcrole/2010/assertion-satisfied-message" xlink:from="lbl26288" xlink:to="lbl26294"/>
    <msg:message xlink:type="resource" id="id12996" xml:lang="es" xlink:role="http://www.xbrl.org/2010/role/message" xlink:label="lbl26300">Rol[835110d] Regla835125: Suma dimensiones Activos por impuestos diferidos netos OK; contexto  {$ifrs-full:NetDeferredTaxAssets/@contextRef}</msg:message>
    <gen:arc xlink:type="arc" xlink:arcrole="http://xbrl.org/arcrole/2010/assertion-satisfied-message" xlink:from="lbl26296" xlink:to="lbl26300"/>
    <msg:message xlink:type="resource" id="id12999" xml:lang="es" xlink:role="http://www.xbrl.org/2010/role/message" xlink:label="lbl26306">Rol[835110d] Regla835126: Suma dimensiones Pasivos por impuestos diferidos netos OK; contexto  {$ifrs-full:NetDeferredTaxLiabilities/@contextRef}</msg:message>
    <gen:arc xlink:type="arc" xlink:arcrole="http://xbrl.org/arcrole/2010/assertion-satisfied-message" xlink:from="lbl26302" xlink:to="lbl26306"/>
    <msg:message xlink:type="resource" id="id13002" xml:lang="es" xlink:role="http://www.xbrl.org/2010/role/message" xlink:label="lbl26312">Rol[835110d] Regla835127: Suma dimensiones Gasto (ingreso) por impuestos diferidos OK; contexto  {$ifrs-full:DeferredTaxExpenseIncome/@contextRef}</msg:message>
    <gen:arc xlink:type="arc" xlink:arcrole="http://xbrl.org/arcrole/2010/assertion-satisfied-message" xlink:from="lbl26308" xlink:to="lbl26312"/>
    <msg:message xlink:type="resource" id="id13005" xml:lang="es" xlink:role="http://www.xbrl.org/2010/role/message" xlink:label="lbl26318">Rol[835110d] Regla835128: Suma dimensiones Gasto (ingreso) por impuestos diferidos reconocidos como resultados OK; contexto  {$ifrs-full:DeferredTaxExpenseIncomeRecognisedInProfitOrLoss/@contextRef}</msg:message>
    <gen:arc xlink:type="arc" xlink:arcrole="http://xbrl.org/arcrole/2010/assertion-satisfied-message" xlink:from="lbl26314" xlink:to="lbl26318"/>
    <msg:message xlink:type="resource" id="id13008" xml:lang="es" xlink:role="http://www.xbrl.org/2010/role/message" xlink:label="lbl26324">Rol[835110d] Regla835129: Suma dimensiones Total incrementos (disminuciones) de pasivos (activos) por impuestos diferidos OK; contexto  {$ifrs-full:IncreaseDecreaseInDeferredTaxLiabilityAsset/@contextRef}</msg:message>
    <gen:arc xlink:type="arc" xlink:arcrole="http://xbrl.org/arcrole/2010/assertion-satisfied-message" xlink:from="lbl26320" xlink:to="lbl26324"/>
    <msg:message xlink:type="resource" id="id13011" xml:lang="es" xlink:role="http://www.xbrl.org/2010/role/message" xlink:label="lbl26332">Rol[835110d] Regla835130: Suma dimensiones Pasivo (activo) por impuestos diferidos neto OK; contexto  {$ifrs-full:DeferredTaxLiabilityAsset/@contextRef}</msg:message>
    <gen:arc xlink:type="arc" xlink:arcrole="http://xbrl.org/arcrole/2010/assertion-satisfied-message" xlink:from="lbl26326" xlink:to="lbl26332"/>
    <msg:message xlink:type="resource" id="id13014" xml:lang="es" xlink:role="http://www.xbrl.org/2010/role/message" xlink:label="lbl26338">Rol[835110d] Regla835131: Suma dimensiones Activos por impuestos diferidos netos OK; contexto  {$ifrs-full:NetDeferredTaxAssets/@contextRef}</msg:message>
    <gen:arc xlink:type="arc" xlink:arcrole="http://xbrl.org/arcrole/2010/assertion-satisfied-message" xlink:from="lbl26334" xlink:to="lbl26338"/>
    <msg:message xlink:type="resource" id="id13017" xml:lang="es" xlink:role="http://www.xbrl.org/2010/role/message" xlink:label="lbl26344">Rol[835110d] Regla835132: Suma dimensiones Pasivos por impuestos diferidos netos OK; contexto  {$ifrs-full:NetDeferredTaxLiabilities/@contextRef}</msg:message>
    <gen:arc xlink:type="arc" xlink:arcrole="http://xbrl.org/arcrole/2010/assertion-satisfied-message" xlink:from="lbl26340" xlink:to="lbl26344"/>
    <msg:message xlink:type="resource" id="id13020" xml:lang="es" xlink:role="http://www.xbrl.org/2010/role/message" xlink:label="lbl26350">Rol[835110d] Regla835133: Suma dimensiones Gasto (ingreso) por impuestos diferidos OK; contexto  {$ifrs-full:DeferredTaxExpenseIncome/@contextRef}</msg:message>
    <gen:arc xlink:type="arc" xlink:arcrole="http://xbrl.org/arcrole/2010/assertion-satisfied-message" xlink:from="lbl26346" xlink:to="lbl26350"/>
    <msg:message xlink:type="resource" id="id13023" xml:lang="es" xlink:role="http://www.xbrl.org/2010/role/message" xlink:label="lbl26356">Rol[835110d] Regla835134: Suma dimensiones Gasto (ingreso) por impuestos diferidos reconocidos como resultados OK; contexto  {$ifrs-full:DeferredTaxExpenseIncomeRecognisedInProfitOrLoss/@contextRef}</msg:message>
    <gen:arc xlink:type="arc" xlink:arcrole="http://xbrl.org/arcrole/2010/assertion-satisfied-message" xlink:from="lbl26352" xlink:to="lbl26356"/>
    <msg:message xlink:type="resource" id="id13026" xml:lang="es" xlink:role="http://www.xbrl.org/2010/role/message" xlink:label="lbl26362">Rol[835110d] Regla835135: Suma dimensiones Total incrementos (disminuciones) de pasivos (activos) por impuestos diferidos OK; contexto  {$ifrs-full:IncreaseDecreaseInDeferredTaxLiabilityAsset/@contextRef}</msg:message>
    <gen:arc xlink:type="arc" xlink:arcrole="http://xbrl.org/arcrole/2010/assertion-satisfied-message" xlink:from="lbl26358" xlink:to="lbl26362"/>
    <msg:message xlink:type="resource" id="id12955" xml:lang="es" xlink:role="http://www.xbrl.org/2010/role/message" xlink:label="lbl26207">Rol[835110d] Regla835111: Error Pasivos (activos) por impuestos diferidos al final del periodo; contexto  {$ifrs-full:IncreaseDecreaseInDeferredTaxLiabilityAsset/@contextRef}</msg:message>
    <gen:arc xlink:type="arc" xlink:arcrole="http://xbrl.org/arcrole/2010/assertion-unsatisfied-message" xlink:from="lbl26197" xlink:to="lbl26207"/>
    <msg:message xlink:type="resource" id="id12958" xml:lang="es" xlink:role="http://www.xbrl.org/2010/role/message" xlink:label="lbl26215">Rol[835110d] Regla835112: Error en suma dimensiones Pasivo (activo) por impuestos diferidos neto; contexto  {$ifrs-full:DeferredTaxLiabilityAsset/@contextRef}</msg:message>
    <gen:arc xlink:type="arc" xlink:arcrole="http://xbrl.org/arcrole/2010/assertion-unsatisfied-message" xlink:from="lbl26208" xlink:to="lbl26215"/>
    <msg:message xlink:type="resource" id="id12961" xml:lang="es" xlink:role="http://www.xbrl.org/2010/role/message" xlink:label="lbl26222">Rol[835110d] Regla835113: Error en suma dimensiones Activos por impuestos diferidos netos; contexto  {$ifrs-full:NetDeferredTaxAssets/@contextRef}</msg:message>
    <gen:arc xlink:type="arc" xlink:arcrole="http://xbrl.org/arcrole/2010/assertion-unsatisfied-message" xlink:from="lbl26216" xlink:to="lbl26222"/>
    <msg:message xlink:type="resource" id="id12964" xml:lang="es" xlink:role="http://www.xbrl.org/2010/role/message" xlink:label="lbl26229">Rol[835110d] Regla835114: Error en suma dimensiones Pasivos por impuestos diferidos netos; contexto  {$ifrs-full:NetDeferredTaxLiabilities/@contextRef}</msg:message>
    <gen:arc xlink:type="arc" xlink:arcrole="http://xbrl.org/arcrole/2010/assertion-unsatisfied-message" xlink:from="lbl26223" xlink:to="lbl26229"/>
    <msg:message xlink:type="resource" id="id12967" xml:lang="es" xlink:role="http://www.xbrl.org/2010/role/message" xlink:label="lbl26236">Rol[835110d] Regla835115: Error en suma dimensiones Gasto (ingreso) por impuestos diferidos; contexto  {$ifrs-full:DeferredTaxExpenseIncome/@contextRef}</msg:message>
    <gen:arc xlink:type="arc" xlink:arcrole="http://xbrl.org/arcrole/2010/assertion-unsatisfied-message" xlink:from="lbl26230" xlink:to="lbl26236"/>
    <msg:message xlink:type="resource" id="id12970" xml:lang="es" xlink:role="http://www.xbrl.org/2010/role/message" xlink:label="lbl26243">Rol[835110d] Regla835116: Error en suma dimensiones Gasto (ingreso) por impuestos diferidos reconocidos como resultados; contexto  {$ifrs-full:DeferredTaxExpenseIncomeRecognisedInProfitOrLoss/@contextRef}</msg:message>
    <gen:arc xlink:type="arc" xlink:arcrole="http://xbrl.org/arcrole/2010/assertion-unsatisfied-message" xlink:from="lbl26237" xlink:to="lbl26243"/>
    <msg:message xlink:type="resource" id="id12973" xml:lang="es" xlink:role="http://www.xbrl.org/2010/role/message" xlink:label="lbl26249">Rol[835110d] Regla835117: Error en suma dimensiones Total incrementos (disminuciones) de pasivos (activos) por impuestos diferidos; contexto  {$ifrs-full:IncreaseDecreaseInDeferredTaxLiabilityAsset/@contextRef}</msg:message>
    <gen:arc xlink:type="arc" xlink:arcrole="http://xbrl.org/arcrole/2010/assertion-unsatisfied-message" xlink:from="lbl26244" xlink:to="lbl26249"/>
    <msg:message xlink:type="resource" id="id12976" xml:lang="es" xlink:role="http://www.xbrl.org/2010/role/message" xlink:label="lbl26257">Rol[835110d] Regla835118: Error en suma dimensiones Pasivo (activo) por impuestos diferidos neto; contexto  {$ifrs-full:DeferredTaxLiabilityAsset/@contextRef}</msg:message>
    <gen:arc xlink:type="arc" xlink:arcrole="http://xbrl.org/arcrole/2010/assertion-unsatisfied-message" xlink:from="lbl26250" xlink:to="lbl26257"/>
    <msg:message xlink:type="resource" id="id12979" xml:lang="es" xlink:role="http://www.xbrl.org/2010/role/message" xlink:label="lbl26263">Rol[835110d] Regla835119: Error en suma dimensiones Activos por impuestos diferidos netos; contexto  {$ifrs-full:NetDeferredTaxAssets/@contextRef}</msg:message>
    <gen:arc xlink:type="arc" xlink:arcrole="http://xbrl.org/arcrole/2010/assertion-unsatisfied-message" xlink:from="lbl26258" xlink:to="lbl26263"/>
    <msg:message xlink:type="resource" id="id12982" xml:lang="es" xlink:role="http://www.xbrl.org/2010/role/message" xlink:label="lbl26269">Rol[835110d] Regla835120: Error en suma dimensiones Pasivos por impuestos diferidos netos; contexto  {$ifrs-full:NetDeferredTaxLiabilities/@contextRef}</msg:message>
    <gen:arc xlink:type="arc" xlink:arcrole="http://xbrl.org/arcrole/2010/assertion-unsatisfied-message" xlink:from="lbl26264" xlink:to="lbl26269"/>
    <msg:message xlink:type="resource" id="id12985" xml:lang="es" xlink:role="http://www.xbrl.org/2010/role/message" xlink:label="lbl26275">Rol[835110d] Regla835121: Error en suma dimensiones Gasto (ingreso) por impuestos diferidos; contexto  {$ifrs-full:DeferredTaxExpenseIncome/@contextRef}</msg:message>
    <gen:arc xlink:type="arc" xlink:arcrole="http://xbrl.org/arcrole/2010/assertion-unsatisfied-message" xlink:from="lbl26270" xlink:to="lbl26275"/>
    <msg:message xlink:type="resource" id="id12988" xml:lang="es" xlink:role="http://www.xbrl.org/2010/role/message" xlink:label="lbl26281">Rol[835110d] Regla835122: Error en suma dimensiones Gasto (ingreso) por impuestos diferidos reconocidos como resultados; contexto  {$ifrs-full:DeferredTaxExpenseIncomeRecognisedInProfitOrLoss/@contextRef}</msg:message>
    <gen:arc xlink:type="arc" xlink:arcrole="http://xbrl.org/arcrole/2010/assertion-unsatisfied-message" xlink:from="lbl26276" xlink:to="lbl26281"/>
    <msg:message xlink:type="resource" id="id12991" xml:lang="es" xlink:role="http://www.xbrl.org/2010/role/message" xlink:label="lbl26287">Rol[835110d] Regla835123: Error en suma dimensiones Total incrementos (disminuciones) de pasivos (activos) por impuestos diferidos; contexto  {$ifrs-full:IncreaseDecreaseInDeferredTaxLiabilityAsset/@contextRef}</msg:message>
    <gen:arc xlink:type="arc" xlink:arcrole="http://xbrl.org/arcrole/2010/assertion-unsatisfied-message" xlink:from="lbl26282" xlink:to="lbl26287"/>
    <msg:message xlink:type="resource" id="id12994" xml:lang="es" xlink:role="http://www.xbrl.org/2010/role/message" xlink:label="lbl26295">Rol[835110d] Regla835124: Error en suma dimensiones Pasivo (activo) por impuestos diferidos neto; contexto  {$ifrs-full:DeferredTaxLiabilityAsset/@contextRef}</msg:message>
    <gen:arc xlink:type="arc" xlink:arcrole="http://xbrl.org/arcrole/2010/assertion-unsatisfied-message" xlink:from="lbl26288" xlink:to="lbl26295"/>
    <msg:message xlink:type="resource" id="id12997" xml:lang="es" xlink:role="http://www.xbrl.org/2010/role/message" xlink:label="lbl26301">Rol[835110d] Regla835125: Error en suma dimensiones Activos por impuestos diferidos netos; contexto  {$ifrs-full:NetDeferredTaxAssets/@contextRef}</msg:message>
    <gen:arc xlink:type="arc" xlink:arcrole="http://xbrl.org/arcrole/2010/assertion-unsatisfied-message" xlink:from="lbl26296" xlink:to="lbl26301"/>
    <msg:message xlink:type="resource" id="id13000" xml:lang="es" xlink:role="http://www.xbrl.org/2010/role/message" xlink:label="lbl26307">Rol[835110d] Regla835126: Error en suma dimensiones Pasivos por impuestos diferidos netos; contexto  {$ifrs-full:NetDeferredTaxLiabilities/@contextRef}</msg:message>
    <gen:arc xlink:type="arc" xlink:arcrole="http://xbrl.org/arcrole/2010/assertion-unsatisfied-message" xlink:from="lbl26302" xlink:to="lbl26307"/>
    <msg:message xlink:type="resource" id="id13003" xml:lang="es" xlink:role="http://www.xbrl.org/2010/role/message" xlink:label="lbl26313">Rol[835110d] Regla835127: Error en suma dimensiones Gasto (ingreso) por impuestos diferidos; contexto  {$ifrs-full:DeferredTaxExpenseIncome/@contextRef}</msg:message>
    <gen:arc xlink:type="arc" xlink:arcrole="http://xbrl.org/arcrole/2010/assertion-unsatisfied-message" xlink:from="lbl26308" xlink:to="lbl26313"/>
    <msg:message xlink:type="resource" id="id13006" xml:lang="es" xlink:role="http://www.xbrl.org/2010/role/message" xlink:label="lbl26319">Rol[835110d] Regla835128: Error en suma dimensiones Gasto (ingreso) por impuestos diferidos reconocidos como resultados; contexto  {$ifrs-full:DeferredTaxExpenseIncomeRecognisedInProfitOrLoss/@contextRef}</msg:message>
    <gen:arc xlink:type="arc" xlink:arcrole="http://xbrl.org/arcrole/2010/assertion-unsatisfied-message" xlink:from="lbl26314" xlink:to="lbl26319"/>
    <msg:message xlink:type="resource" id="id13009" xml:lang="es" xlink:role="http://www.xbrl.org/2010/role/message" xlink:label="lbl26325">Rol[835110d] Regla835129: Error en suma dimensiones Total incrementos (disminuciones) de pasivos (activos) por impuestos diferidos; contexto  {$ifrs-full:IncreaseDecreaseInDeferredTaxLiabilityAsset/@contextRef}</msg:message>
    <gen:arc xlink:type="arc" xlink:arcrole="http://xbrl.org/arcrole/2010/assertion-unsatisfied-message" xlink:from="lbl26320" xlink:to="lbl26325"/>
    <msg:message xlink:type="resource" id="id13012" xml:lang="es" xlink:role="http://www.xbrl.org/2010/role/message" xlink:label="lbl26333">Rol[835110d] Regla835130: Error en suma dimensiones Pasivo (activo) por impuestos diferidos neto; contexto  {$ifrs-full:DeferredTaxLiabilityAsset/@contextRef}</msg:message>
    <gen:arc xlink:type="arc" xlink:arcrole="http://xbrl.org/arcrole/2010/assertion-unsatisfied-message" xlink:from="lbl26326" xlink:to="lbl26333"/>
    <msg:message xlink:type="resource" id="id13015" xml:lang="es" xlink:role="http://www.xbrl.org/2010/role/message" xlink:label="lbl26339">Rol[835110d] Regla835131: Error en suma dimensiones Activos por impuestos diferidos netos; contexto  {$ifrs-full:NetDeferredTaxAssets/@contextRef}</msg:message>
    <gen:arc xlink:type="arc" xlink:arcrole="http://xbrl.org/arcrole/2010/assertion-unsatisfied-message" xlink:from="lbl26334" xlink:to="lbl26339"/>
    <msg:message xlink:type="resource" id="id13018" xml:lang="es" xlink:role="http://www.xbrl.org/2010/role/message" xlink:label="lbl26345">Rol[835110d] Regla835132: Error en suma dimensiones Pasivos por impuestos diferidos netos; contexto  {$ifrs-full:NetDeferredTaxLiabilities/@contextRef}</msg:message>
    <gen:arc xlink:type="arc" xlink:arcrole="http://xbrl.org/arcrole/2010/assertion-unsatisfied-message" xlink:from="lbl26340" xlink:to="lbl26345"/>
    <msg:message xlink:type="resource" id="id13021" xml:lang="es" xlink:role="http://www.xbrl.org/2010/role/message" xlink:label="lbl26351">Rol[835110d] Regla835133: Error en suma dimensiones Gasto (ingreso) por impuestos diferidos; contexto  {$ifrs-full:DeferredTaxExpenseIncome/@contextRef}</msg:message>
    <gen:arc xlink:type="arc" xlink:arcrole="http://xbrl.org/arcrole/2010/assertion-unsatisfied-message" xlink:from="lbl26346" xlink:to="lbl26351"/>
    <msg:message xlink:type="resource" id="id13024" xml:lang="es" xlink:role="http://www.xbrl.org/2010/role/message" xlink:label="lbl26357">Rol[835110d] Regla835134: Error en suma dimensiones Gasto (ingreso) por impuestos diferidos reconocidos como resultados; contexto  {$ifrs-full:DeferredTaxExpenseIncomeRecognisedInProfitOrLoss/@contextRef}</msg:message>
    <gen:arc xlink:type="arc" xlink:arcrole="http://xbrl.org/arcrole/2010/assertion-unsatisfied-message" xlink:from="lbl26352" xlink:to="lbl26357"/>
    <msg:message xlink:type="resource" id="id13027" xml:lang="es" xlink:role="http://www.xbrl.org/2010/role/message" xlink:label="lbl26363">Rol[835110d] Regla835135: Error en suma dimensiones Total incrementos (disminuciones) de pasivos (activos) por impuestos diferidos; contexto  {$ifrs-full:IncreaseDecreaseInDeferredTaxLiabilityAsset/@contextRef}</msg:message>
    <gen:arc xlink:type="arc" xlink:arcrole="http://xbrl.org/arcrole/2010/assertion-unsatisfied-message" xlink:from="lbl26358" xlink:to="lbl26363"/>
  </gen:link>
</link:linkbase>