<?xml version="1.0" encoding="UTF-8"?>
<!--
*******************************************************************************************
Copyright © 2022 Comisión para el Mercado Financiero de Chile (CMF) 
This material is copyright of the CMF Chile and all rights are reserved. 
No part of this material may be translated, reprinted, reproduced or utilised in 
any form or manner that is not expressly permitted by the CMF Chile 
IP Policy see: http://www.cmfchile.cl/sitio/pop/politica.html
*******************************************************************************************
-->
<!-- Generated with Reporting Standard S.L. XBRL Taxonomy builder version 3.7.1.1364 - http://www.reportingstandard.com -->
<link:linkbase xmlns:link="http://www.xbrl.org/2003/linkbase" xmlns:xlink="http://www.w3.org/1999/xlink">
  <link:roleRef xlink:type="simple" roleURI="http://www.cmfchile.cl/cl/fr/ci/role/ias-1_2021-03-24_role-800200" xlink:href="../cl-ci_ias-1_2021-03-24_role-800200.xsd#ias-1_2021-03-24_role-800200"/>
  <link:calculationLink xlink:type="extended" xlink:role="http://www.cmfchile.cl/cl/fr/ci/role/ias-1_2021-03-24_role-800200">
    <link:loc xlink:type="locator" xlink:href="http://xbrl.ifrs.org/taxonomy/2021-03-24/full_ifrs/full_ifrs-cor_2021-03-24.xsd#ifrs-full_RevenueFromRenderingOfInternetAndDataServices" xlink:label="lbl15910"/>
    <link:loc xlink:type="locator" xlink:href="http://xbrl.ifrs.org/taxonomy/2021-03-24/full_ifrs/full_ifrs-cor_2021-03-24.xsd#ifrs-full_RevenueFromRenderingOfInternetServices" xlink:label="lbl15911"/>
    <link:calculationArc xlink:type="arc" xlink:arcrole="http://www.xbrl.org/2003/arcrole/summation-item" weight="+1" order="170.0" xlink:from="lbl15910" xlink:to="lbl15911"/>
    <link:loc xlink:type="locator" xlink:href="http://xbrl.ifrs.org/taxonomy/2021-03-24/full_ifrs/full_ifrs-cor_2021-03-24.xsd#ifrs-full_RevenueFromRenderingOfDataServices" xlink:label="lbl15912"/>
    <link:calculationArc xlink:type="arc" xlink:arcrole="http://www.xbrl.org/2003/arcrole/summation-item" weight="+1" order="180.0" xlink:to="lbl15912" xlink:from="lbl15910"/>
    <link:loc xlink:type="locator" xlink:href="http://xbrl.ifrs.org/taxonomy/2021-03-24/full_ifrs/full_ifrs-cor_2021-03-24.xsd#ifrs-full_RevenueFromRenderingOfTelecommunicationServices" xlink:label="lbl15913"/>
    <link:loc xlink:type="locator" xlink:href="http://xbrl.ifrs.org/taxonomy/2021-03-24/full_ifrs/full_ifrs-cor_2021-03-24.xsd#ifrs-full_RevenueFromRenderingOfTelephoneServices" xlink:label="lbl15914"/>
    <link:calculationArc xlink:type="arc" xlink:arcrole="http://www.xbrl.org/2003/arcrole/summation-item" weight="+1" order="130.0" xlink:from="lbl15913" xlink:to="lbl15914"/>
    <link:calculationArc xlink:type="arc" xlink:arcrole="http://www.xbrl.org/2003/arcrole/summation-item" weight="+1" order="190.0" xlink:from="lbl15913" xlink:to="lbl15910"/>
    <link:loc xlink:type="locator" xlink:href="http://xbrl.ifrs.org/taxonomy/2021-03-24/full_ifrs/full_ifrs-cor_2021-03-24.xsd#ifrs-full_RevenueFromRenderingOfInterconnectionServices" xlink:label="lbl15915"/>
    <link:calculationArc xlink:type="arc" xlink:arcrole="http://www.xbrl.org/2003/arcrole/summation-item" weight="+1" order="200.0" xlink:to="lbl15915" xlink:from="lbl15913"/>
    <link:loc xlink:type="locator" xlink:href="http://xbrl.ifrs.org/taxonomy/2021-03-24/full_ifrs/full_ifrs-cor_2021-03-24.xsd#ifrs-full_RevenueFromRenderingOfOtherTelecommunicationServices" xlink:label="lbl15916"/>
    <link:calculationArc xlink:type="arc" xlink:arcrole="http://www.xbrl.org/2003/arcrole/summation-item" weight="+1" order="210.0" xlink:to="lbl15916" xlink:from="lbl15913"/>
    <link:loc xlink:type="locator" xlink:href="http://xbrl.ifrs.org/taxonomy/2021-03-24/full_ifrs/full_ifrs-cor_2021-03-24.xsd#ifrs-full_Revenue" xlink:label="lbl15917"/>
    <link:loc xlink:type="locator" xlink:href="http://xbrl.ifrs.org/taxonomy/2021-03-24/full_ifrs/full_ifrs-cor_2021-03-24.xsd#ifrs-full_RevenueFromSaleOfGoods" xlink:label="lbl15918"/>
    <link:calculationArc xlink:type="arc" xlink:arcrole="http://www.xbrl.org/2003/arcrole/summation-item" weight="+1" order="30.0" xlink:from="lbl15917" xlink:to="lbl15918"/>
    <link:loc xlink:type="locator" xlink:href="http://xbrl.ifrs.org/taxonomy/2021-03-24/full_ifrs/full_ifrs-cor_2021-03-24.xsd#ifrs-full_RevenueFromRenderingOfServices" xlink:label="lbl15919"/>
    <link:calculationArc xlink:type="arc" xlink:arcrole="http://www.xbrl.org/2003/arcrole/summation-item" weight="+1" order="110.0" xlink:to="lbl15919" xlink:from="lbl15917"/>
    <link:loc xlink:type="locator" xlink:href="http://xbrl.ifrs.org/taxonomy/2021-03-24/full_ifrs/full_ifrs-cor_2021-03-24.xsd#ifrs-full_RevenueFromConstructionContracts" xlink:label="lbl15920"/>
    <link:calculationArc xlink:type="arc" xlink:arcrole="http://www.xbrl.org/2003/arcrole/summation-item" weight="+1" order="268.0" xlink:to="lbl15920" xlink:from="lbl15917"/>
    <link:loc xlink:type="locator" xlink:href="http://xbrl.ifrs.org/taxonomy/2021-03-24/full_ifrs/full_ifrs-cor_2021-03-24.xsd#ifrs-full_RevenueFromRoyalties" xlink:label="lbl15921"/>
    <link:calculationArc xlink:type="arc" xlink:arcrole="http://www.xbrl.org/2003/arcrole/summation-item" weight="+1" order="270.0" xlink:to="lbl15921" xlink:from="lbl15917"/>
    <link:loc xlink:type="locator" xlink:href="http://xbrl.ifrs.org/taxonomy/2021-03-24/full_ifrs/full_ifrs-cor_2021-03-24.xsd#ifrs-full_LicenceFeeIncome" xlink:label="lbl15922"/>
    <link:calculationArc xlink:type="arc" xlink:arcrole="http://www.xbrl.org/2003/arcrole/summation-item" weight="+1" order="280.0" xlink:to="lbl15922" xlink:from="lbl15917"/>
    <link:loc xlink:type="locator" xlink:href="http://xbrl.ifrs.org/taxonomy/2021-03-24/full_ifrs/full_ifrs-cor_2021-03-24.xsd#ifrs-full_FranchiseFeeIncome" xlink:label="lbl15923"/>
    <link:calculationArc xlink:type="arc" xlink:arcrole="http://www.xbrl.org/2003/arcrole/summation-item" weight="+1" order="285.0" xlink:to="lbl15923" xlink:from="lbl15917"/>
    <link:loc xlink:type="locator" xlink:href="../../cl-ci_cor_2022-01-03.xsd#cl-ci_IngresosActividadesInteresesNota" xlink:label="lbl15924"/>
    <link:calculationArc xlink:type="arc" xlink:arcrole="http://www.xbrl.org/2003/arcrole/summation-item" weight="+1" order="290.0" xlink:to="lbl15924" xlink:from="lbl15917"/>
    <link:loc xlink:type="locator" xlink:href="http://xbrl.ifrs.org/taxonomy/2021-03-24/full_ifrs/full_ifrs-cor_2021-03-24.xsd#ifrs-full_RevenueFromDividends" xlink:label="lbl15925"/>
    <link:calculationArc xlink:type="arc" xlink:arcrole="http://www.xbrl.org/2003/arcrole/summation-item" weight="+1" order="430.0" xlink:to="lbl15925" xlink:from="lbl15917"/>
    <link:loc xlink:type="locator" xlink:href="http://xbrl.ifrs.org/taxonomy/2021-03-24/full_ifrs/full_ifrs-cor_2021-03-24.xsd#ifrs-full_OtherRevenue" xlink:label="lbl15926"/>
    <link:calculationArc xlink:type="arc" xlink:arcrole="http://www.xbrl.org/2003/arcrole/summation-item" weight="+1" order="440.0" xlink:to="lbl15926" xlink:from="lbl15917"/>
    <link:loc xlink:type="locator" xlink:href="http://xbrl.ifrs.org/taxonomy/2021-03-24/full_ifrs/full_ifrs-cor_2021-03-24.xsd#ifrs-full_WritedownsReversalsOfInventories" xlink:label="lbl15927"/>
    <link:loc xlink:type="locator" xlink:href="http://xbrl.ifrs.org/taxonomy/2021-03-24/full_ifrs/full_ifrs-cor_2021-03-24.xsd#ifrs-full_InventoryWritedown2011" xlink:label="lbl15928"/>
    <link:calculationArc xlink:type="arc" xlink:arcrole="http://www.xbrl.org/2003/arcrole/summation-item" weight="+1" order="570.0" xlink:from="lbl15927" xlink:to="lbl15928"/>
    <link:loc xlink:type="locator" xlink:href="http://xbrl.ifrs.org/taxonomy/2021-03-24/full_ifrs/full_ifrs-cor_2021-03-24.xsd#ifrs-full_ReversalOfInventoryWritedown" xlink:label="lbl15929"/>
    <link:calculationArc xlink:type="arc" xlink:arcrole="http://www.xbrl.org/2003/arcrole/summation-item" weight="-1" order="580.0" xlink:to="lbl15929" xlink:from="lbl15927"/>
    <link:loc xlink:type="locator" xlink:href="http://xbrl.ifrs.org/taxonomy/2021-03-24/full_ifrs/full_ifrs-cor_2021-03-24.xsd#ifrs-full_WritedownsReversalsOfPropertyPlantAndEquipment" xlink:label="lbl15930"/>
    <link:loc xlink:type="locator" xlink:href="http://xbrl.ifrs.org/taxonomy/2021-03-24/full_ifrs/full_ifrs-cor_2021-03-24.xsd#ifrs-full_ImpairmentLossRecognisedInProfitOrLossPropertyPlantAndEquipment" xlink:label="lbl15931"/>
    <link:calculationArc xlink:type="arc" xlink:arcrole="http://www.xbrl.org/2003/arcrole/summation-item" weight="+1" order="610.0" xlink:from="lbl15930" xlink:to="lbl15931"/>
    <link:loc xlink:type="locator" xlink:href="http://xbrl.ifrs.org/taxonomy/2021-03-24/full_ifrs/full_ifrs-cor_2021-03-24.xsd#ifrs-full_ReversalOfImpairmentLossRecognisedInProfitOrLossPropertyPlantAndEquipment" xlink:label="lbl15932"/>
    <link:calculationArc xlink:type="arc" xlink:arcrole="http://www.xbrl.org/2003/arcrole/summation-item" weight="-1" order="620.0" xlink:to="lbl15932" xlink:from="lbl15930"/>
    <link:loc xlink:type="locator" xlink:href="http://xbrl.ifrs.org/taxonomy/2021-03-24/full_ifrs/full_ifrs-cor_2021-03-24.xsd#ifrs-full_ImpairmentLossReversalOfImpairmentLossRecognisedInProfitOrLossTradeReceivables" xlink:label="lbl15933"/>
    <link:loc xlink:type="locator" xlink:href="http://xbrl.ifrs.org/taxonomy/2021-03-24/full_ifrs/full_ifrs-cor_2021-03-24.xsd#ifrs-full_ImpairmentLossRecognisedInProfitOrLossTradeReceivables" xlink:label="lbl15934"/>
    <link:calculationArc xlink:type="arc" xlink:arcrole="http://www.xbrl.org/2003/arcrole/summation-item" weight="+1" order="650.0" xlink:from="lbl15933" xlink:to="lbl15934"/>
    <link:loc xlink:type="locator" xlink:href="http://xbrl.ifrs.org/taxonomy/2021-03-24/full_ifrs/full_ifrs-cor_2021-03-24.xsd#ifrs-full_ReversalOfImpairmentLossRecognisedInProfitOrLossTradeReceivables" xlink:label="lbl15935"/>
    <link:calculationArc xlink:type="arc" xlink:arcrole="http://www.xbrl.org/2003/arcrole/summation-item" weight="-1" order="660.0" xlink:to="lbl15935" xlink:from="lbl15933"/>
    <link:loc xlink:type="locator" xlink:href="http://xbrl.ifrs.org/taxonomy/2021-03-24/full_ifrs/full_ifrs-cor_2021-03-24.xsd#ifrs-full_ImpairmentLossReversalOfImpairmentLossRecognisedInProfitOrLossLoansAndAdvances" xlink:label="lbl15936"/>
    <link:loc xlink:type="locator" xlink:href="http://xbrl.ifrs.org/taxonomy/2021-03-24/full_ifrs/full_ifrs-cor_2021-03-24.xsd#ifrs-full_ImpairmentLossRecognisedInProfitOrLossLoansAndAdvances" xlink:label="lbl15937"/>
    <link:calculationArc xlink:type="arc" xlink:arcrole="http://www.xbrl.org/2003/arcrole/summation-item" weight="+1" order="674.0" xlink:from="lbl15936" xlink:to="lbl15937"/>
    <link:loc xlink:type="locator" xlink:href="http://xbrl.ifrs.org/taxonomy/2021-03-24/full_ifrs/full_ifrs-cor_2021-03-24.xsd#ifrs-full_ReversalOfImpairmentLossRecognisedInProfitOrLossLoansAndAdvances" xlink:label="lbl15938"/>
    <link:calculationArc xlink:type="arc" xlink:arcrole="http://www.xbrl.org/2003/arcrole/summation-item" weight="-1" order="676.0" xlink:to="lbl15938" xlink:from="lbl15936"/>
    <link:loc xlink:type="locator" xlink:href="http://xbrl.ifrs.org/taxonomy/2021-03-24/full_ifrs/full_ifrs-cor_2021-03-24.xsd#ifrs-full_GainsLossesOnDisposalsOfNoncurrentAssets" xlink:label="lbl15939"/>
    <link:loc xlink:type="locator" xlink:href="http://xbrl.ifrs.org/taxonomy/2021-03-24/full_ifrs/full_ifrs-cor_2021-03-24.xsd#ifrs-full_GainsOnDisposalsOfNoncurrentAssets" xlink:label="lbl15940"/>
    <link:calculationArc xlink:type="arc" xlink:arcrole="http://www.xbrl.org/2003/arcrole/summation-item" weight="+1" order="710.0" xlink:from="lbl15939" xlink:to="lbl15940"/>
    <link:loc xlink:type="locator" xlink:href="http://xbrl.ifrs.org/taxonomy/2021-03-24/full_ifrs/full_ifrs-cor_2021-03-24.xsd#ifrs-full_LossesOnDisposalsOfNoncurrentAssets" xlink:label="lbl15941"/>
    <link:calculationArc xlink:type="arc" xlink:arcrole="http://www.xbrl.org/2003/arcrole/summation-item" weight="-1" order="720.0" xlink:to="lbl15941" xlink:from="lbl15939"/>
    <link:loc xlink:type="locator" xlink:href="http://xbrl.ifrs.org/taxonomy/2021-03-24/full_ifrs/full_ifrs-cor_2021-03-24.xsd#ifrs-full_GainsLossesOnDisposalsOfPropertyPlantAndEquipment" xlink:label="lbl15942"/>
    <link:loc xlink:type="locator" xlink:href="http://xbrl.ifrs.org/taxonomy/2021-03-24/full_ifrs/full_ifrs-cor_2021-03-24.xsd#ifrs-full_GainsOnDisposalsOfPropertyPlantAndEquipment" xlink:label="lbl15943"/>
    <link:calculationArc xlink:type="arc" xlink:arcrole="http://www.xbrl.org/2003/arcrole/summation-item" weight="+1" order="750.0" xlink:from="lbl15942" xlink:to="lbl15943"/>
    <link:loc xlink:type="locator" xlink:href="http://xbrl.ifrs.org/taxonomy/2021-03-24/full_ifrs/full_ifrs-cor_2021-03-24.xsd#ifrs-full_LossesOnDisposalsOfPropertyPlantAndEquipment" xlink:label="lbl15944"/>
    <link:calculationArc xlink:type="arc" xlink:arcrole="http://www.xbrl.org/2003/arcrole/summation-item" weight="-1" order="760.0" xlink:to="lbl15944" xlink:from="lbl15942"/>
    <link:loc xlink:type="locator" xlink:href="http://xbrl.ifrs.org/taxonomy/2021-03-24/full_ifrs/full_ifrs-cor_2021-03-24.xsd#ifrs-full_GainsLossesOnDisposalsOfInvestmentProperties" xlink:label="lbl15945"/>
    <link:loc xlink:type="locator" xlink:href="http://xbrl.ifrs.org/taxonomy/2021-03-24/full_ifrs/full_ifrs-cor_2021-03-24.xsd#ifrs-full_GainsOnDisposalsOfInvestmentProperties" xlink:label="lbl15946"/>
    <link:calculationArc xlink:type="arc" xlink:arcrole="http://www.xbrl.org/2003/arcrole/summation-item" weight="+1" order="790.0" xlink:from="lbl15945" xlink:to="lbl15946"/>
    <link:loc xlink:type="locator" xlink:href="http://xbrl.ifrs.org/taxonomy/2021-03-24/full_ifrs/full_ifrs-cor_2021-03-24.xsd#ifrs-full_LossesOnDisposalsOfInvestmentProperties" xlink:label="lbl15947"/>
    <link:calculationArc xlink:type="arc" xlink:arcrole="http://www.xbrl.org/2003/arcrole/summation-item" weight="-1" order="800.0" xlink:to="lbl15947" xlink:from="lbl15945"/>
    <link:loc xlink:type="locator" xlink:href="http://xbrl.ifrs.org/taxonomy/2021-03-24/full_ifrs/full_ifrs-cor_2021-03-24.xsd#ifrs-full_GainsLossesOnDisposalsOfInvestments" xlink:label="lbl15948"/>
    <link:loc xlink:type="locator" xlink:href="http://xbrl.ifrs.org/taxonomy/2021-03-24/full_ifrs/full_ifrs-cor_2021-03-24.xsd#ifrs-full_GainsOnDisposalsOfInvestments" xlink:label="lbl15949"/>
    <link:calculationArc xlink:type="arc" xlink:arcrole="http://www.xbrl.org/2003/arcrole/summation-item" weight="+1" order="830.0" xlink:from="lbl15948" xlink:to="lbl15949"/>
    <link:loc xlink:type="locator" xlink:href="http://xbrl.ifrs.org/taxonomy/2021-03-24/full_ifrs/full_ifrs-cor_2021-03-24.xsd#ifrs-full_LossesOnDisposalsOfInvestments" xlink:label="lbl15950"/>
    <link:calculationArc xlink:type="arc" xlink:arcrole="http://www.xbrl.org/2003/arcrole/summation-item" weight="-1" order="840.0" xlink:to="lbl15950" xlink:from="lbl15948"/>
    <link:loc xlink:type="locator" xlink:href="http://xbrl.ifrs.org/taxonomy/2021-03-24/full_ifrs/full_ifrs-cor_2021-03-24.xsd#ifrs-full_GainsLossesOnLitigationSettlements" xlink:label="lbl15951"/>
    <link:loc xlink:type="locator" xlink:href="http://xbrl.ifrs.org/taxonomy/2021-03-24/full_ifrs/full_ifrs-cor_2021-03-24.xsd#ifrs-full_GainsOnLitigationSettlements" xlink:label="lbl15952"/>
    <link:calculationArc xlink:type="arc" xlink:arcrole="http://www.xbrl.org/2003/arcrole/summation-item" weight="+1" order="900.0" xlink:from="lbl15951" xlink:to="lbl15952"/>
    <link:loc xlink:type="locator" xlink:href="http://xbrl.ifrs.org/taxonomy/2021-03-24/full_ifrs/full_ifrs-cor_2021-03-24.xsd#ifrs-full_LossesOnLitigationSettlements" xlink:label="lbl15953"/>
    <link:calculationArc xlink:type="arc" xlink:arcrole="http://www.xbrl.org/2003/arcrole/summation-item" weight="-1" order="910.0" xlink:to="lbl15953" xlink:from="lbl15951"/>
    <link:loc xlink:type="locator" xlink:href="http://xbrl.ifrs.org/taxonomy/2021-03-24/full_ifrs/full_ifrs-cor_2021-03-24.xsd#ifrs-full_SellingGeneralAndAdministrativeExpense" xlink:label="lbl15954"/>
    <link:loc xlink:type="locator" xlink:href="http://xbrl.ifrs.org/taxonomy/2021-03-24/full_ifrs/full_ifrs-cor_2021-03-24.xsd#ifrs-full_SellingExpense" xlink:label="lbl15955"/>
    <link:calculationArc xlink:type="arc" xlink:arcrole="http://www.xbrl.org/2003/arcrole/summation-item" weight="+1" order="1284.0" xlink:from="lbl15954" xlink:to="lbl15955"/>
    <link:loc xlink:type="locator" xlink:href="http://xbrl.ifrs.org/taxonomy/2021-03-24/full_ifrs/full_ifrs-cor_2021-03-24.xsd#ifrs-full_GeneralAndAdministrativeExpense" xlink:label="lbl15956"/>
    <link:calculationArc xlink:type="arc" xlink:arcrole="http://www.xbrl.org/2003/arcrole/summation-item" weight="+1" order="1286.0" xlink:to="lbl15956" xlink:from="lbl15954"/>
    <link:loc xlink:type="locator" xlink:href="http://xbrl.ifrs.org/taxonomy/2021-03-24/full_ifrs/full_ifrs-cor_2021-03-24.xsd#ifrs-full_PropertyServiceChargeIncomeExpense" xlink:label="lbl15957"/>
    <link:loc xlink:type="locator" xlink:href="http://xbrl.ifrs.org/taxonomy/2021-03-24/full_ifrs/full_ifrs-cor_2021-03-24.xsd#ifrs-full_PropertyServiceChargeIncome" xlink:label="lbl15958"/>
    <link:calculationArc xlink:type="arc" xlink:arcrole="http://www.xbrl.org/2003/arcrole/summation-item" weight="+1" order="1360.0" xlink:from="lbl15957" xlink:to="lbl15958"/>
    <link:loc xlink:type="locator" xlink:href="http://xbrl.ifrs.org/taxonomy/2021-03-24/full_ifrs/full_ifrs-cor_2021-03-24.xsd#ifrs-full_PropertyServiceChargeExpense" xlink:label="lbl15959"/>
    <link:calculationArc xlink:type="arc" xlink:arcrole="http://www.xbrl.org/2003/arcrole/summation-item" weight="-1" order="1370.0" xlink:to="lbl15959" xlink:from="lbl15957"/>
    <link:loc xlink:type="locator" xlink:href="http://xbrl.ifrs.org/taxonomy/2021-03-24/full_ifrs/full_ifrs-cor_2021-03-24.xsd#ifrs-full_GainsLossesOnChangeInFairValueOfDerivatives" xlink:label="lbl15960"/>
    <link:loc xlink:type="locator" xlink:href="http://xbrl.ifrs.org/taxonomy/2021-03-24/full_ifrs/full_ifrs-cor_2021-03-24.xsd#ifrs-full_GainsOnChangeInFairValueOfDerivatives" xlink:label="lbl15961"/>
    <link:calculationArc xlink:type="arc" xlink:arcrole="http://www.xbrl.org/2003/arcrole/summation-item" weight="+1" order="1480.0" xlink:from="lbl15960" xlink:to="lbl15961"/>
    <link:loc xlink:type="locator" xlink:href="http://xbrl.ifrs.org/taxonomy/2021-03-24/full_ifrs/full_ifrs-cor_2021-03-24.xsd#ifrs-full_LossesOnChangeInFairValueOfDerivatives" xlink:label="lbl15962"/>
    <link:calculationArc xlink:type="arc" xlink:arcrole="http://www.xbrl.org/2003/arcrole/summation-item" weight="-1" order="1490.0" xlink:to="lbl15962" xlink:from="lbl15960"/>
    <link:loc xlink:type="locator" xlink:href="http://xbrl.ifrs.org/taxonomy/2021-03-24/full_ifrs/full_ifrs-cor_2021-03-24.xsd#ifrs-full_FeeAndCommissionIncome" xlink:label="lbl15963"/>
    <link:loc xlink:type="locator" xlink:href="http://xbrl.ifrs.org/taxonomy/2021-03-24/full_ifrs/full_ifrs-cor_2021-03-24.xsd#ifrs-full_BrokerageFeeIncome" xlink:label="lbl15964"/>
    <link:calculationArc xlink:type="arc" xlink:arcrole="http://www.xbrl.org/2003/arcrole/summation-item" weight="+1" order="1530.0" xlink:from="lbl15963" xlink:to="lbl15964"/>
    <link:loc xlink:type="locator" xlink:href="http://xbrl.ifrs.org/taxonomy/2021-03-24/full_ifrs/full_ifrs-cor_2021-03-24.xsd#ifrs-full_PortfolioAndOtherManagementFeeIncome" xlink:label="lbl15965"/>
    <link:calculationArc xlink:type="arc" xlink:arcrole="http://www.xbrl.org/2003/arcrole/summation-item" weight="+1" order="1540.0" xlink:to="lbl15965" xlink:from="lbl15963"/>
    <link:loc xlink:type="locator" xlink:href="http://xbrl.ifrs.org/taxonomy/2021-03-24/full_ifrs/full_ifrs-cor_2021-03-24.xsd#ifrs-full_CreditrelatedFeeAndCommissionIncome" xlink:label="lbl15966"/>
    <link:calculationArc xlink:type="arc" xlink:arcrole="http://www.xbrl.org/2003/arcrole/summation-item" weight="+1" order="1550.0" xlink:to="lbl15966" xlink:from="lbl15963"/>
    <link:loc xlink:type="locator" xlink:href="http://xbrl.ifrs.org/taxonomy/2021-03-24/full_ifrs/full_ifrs-cor_2021-03-24.xsd#ifrs-full_OtherFeeAndCommissionIncome" xlink:label="lbl15967"/>
    <link:calculationArc xlink:type="arc" xlink:arcrole="http://www.xbrl.org/2003/arcrole/summation-item" weight="+1" order="1560.0" xlink:to="lbl15967" xlink:from="lbl15963"/>
    <link:loc xlink:type="locator" xlink:href="http://xbrl.ifrs.org/taxonomy/2021-03-24/full_ifrs/full_ifrs-cor_2021-03-24.xsd#ifrs-full_FeeAndCommissionExpense" xlink:label="lbl15968"/>
    <link:loc xlink:type="locator" xlink:href="http://xbrl.ifrs.org/taxonomy/2021-03-24/full_ifrs/full_ifrs-cor_2021-03-24.xsd#ifrs-full_BrokerageFeeExpense" xlink:label="lbl15969"/>
    <link:calculationArc xlink:type="arc" xlink:arcrole="http://www.xbrl.org/2003/arcrole/summation-item" weight="+1" order="1590.0" xlink:from="lbl15968" xlink:to="lbl15969"/>
    <link:loc xlink:type="locator" xlink:href="http://xbrl.ifrs.org/taxonomy/2021-03-24/full_ifrs/full_ifrs-cor_2021-03-24.xsd#ifrs-full_OtherFeeAndCommissionExpense" xlink:label="lbl15970"/>
    <link:calculationArc xlink:type="arc" xlink:arcrole="http://www.xbrl.org/2003/arcrole/summation-item" weight="+1" order="1600.0" xlink:to="lbl15970" xlink:from="lbl15968"/>
    <link:loc xlink:type="locator" xlink:href="http://xbrl.ifrs.org/taxonomy/2021-03-24/full_ifrs/full_ifrs-cor_2021-03-24.xsd#ifrs-full_FeeAndCommissionIncomeExpense" xlink:label="lbl15971"/>
    <link:calculationArc xlink:type="arc" xlink:arcrole="http://www.xbrl.org/2003/arcrole/summation-item" weight="+1" order="1570.0" xlink:from="lbl15971" xlink:to="lbl15963"/>
    <link:calculationArc xlink:type="arc" xlink:arcrole="http://www.xbrl.org/2003/arcrole/summation-item" weight="-1" order="1610.0" xlink:from="lbl15971" xlink:to="lbl15968"/>
    <link:loc xlink:type="locator" xlink:href="http://xbrl.ifrs.org/taxonomy/2021-03-24/full_ifrs/full_ifrs-cor_2021-03-24.xsd#ifrs-full_TradingIncomeExpense" xlink:label="lbl15972"/>
    <link:loc xlink:type="locator" xlink:href="http://xbrl.ifrs.org/taxonomy/2021-03-24/full_ifrs/full_ifrs-cor_2021-03-24.xsd#ifrs-full_TradingIncomeExpenseOnDebtInstruments" xlink:label="lbl15973"/>
    <link:calculationArc xlink:type="arc" xlink:arcrole="http://www.xbrl.org/2003/arcrole/summation-item" weight="+1" order="1640.0" xlink:from="lbl15972" xlink:to="lbl15973"/>
    <link:loc xlink:type="locator" xlink:href="http://xbrl.ifrs.org/taxonomy/2021-03-24/full_ifrs/full_ifrs-cor_2021-03-24.xsd#ifrs-full_TradingIncomeExpenseOnEquityInstruments" xlink:label="lbl15974"/>
    <link:calculationArc xlink:type="arc" xlink:arcrole="http://www.xbrl.org/2003/arcrole/summation-item" weight="+1" order="1650.0" xlink:to="lbl15974" xlink:from="lbl15972"/>
    <link:loc xlink:type="locator" xlink:href="http://xbrl.ifrs.org/taxonomy/2021-03-24/full_ifrs/full_ifrs-cor_2021-03-24.xsd#ifrs-full_TradingIncomeExpenseOnDerivativeFinancialInstruments" xlink:label="lbl15975"/>
    <link:calculationArc xlink:type="arc" xlink:arcrole="http://www.xbrl.org/2003/arcrole/summation-item" weight="+1" order="1660.0" xlink:to="lbl15975" xlink:from="lbl15972"/>
    <link:loc xlink:type="locator" xlink:href="http://xbrl.ifrs.org/taxonomy/2021-03-24/full_ifrs/full_ifrs-cor_2021-03-24.xsd#ifrs-full_OtherTradingIncomeExpense" xlink:label="lbl15976"/>
    <link:calculationArc xlink:type="arc" xlink:arcrole="http://www.xbrl.org/2003/arcrole/summation-item" weight="+1" order="1680.0" xlink:to="lbl15976" xlink:from="lbl15972"/>
    <link:loc xlink:type="locator" xlink:href="http://xbrl.ifrs.org/taxonomy/2021-03-24/full_ifrs/full_ifrs-cor_2021-03-24.xsd#ifrs-full_ShorttermEmployeeBenefitsExpense" xlink:label="lbl15977"/>
    <link:loc xlink:type="locator" xlink:href="http://xbrl.ifrs.org/taxonomy/2021-03-24/full_ifrs/full_ifrs-cor_2021-03-24.xsd#ifrs-full_WagesAndSalaries" xlink:label="lbl15978"/>
    <link:calculationArc xlink:type="arc" xlink:arcrole="http://www.xbrl.org/2003/arcrole/summation-item" weight="+1" order="1800.0" xlink:from="lbl15977" xlink:to="lbl15978"/>
    <link:loc xlink:type="locator" xlink:href="http://xbrl.ifrs.org/taxonomy/2021-03-24/full_ifrs/full_ifrs-cor_2021-03-24.xsd#ifrs-full_SocialSecurityContributions" xlink:label="lbl15979"/>
    <link:calculationArc xlink:type="arc" xlink:arcrole="http://www.xbrl.org/2003/arcrole/summation-item" weight="+1" order="1810.0" xlink:to="lbl15979" xlink:from="lbl15977"/>
    <link:loc xlink:type="locator" xlink:href="http://xbrl.ifrs.org/taxonomy/2021-03-24/full_ifrs/full_ifrs-cor_2021-03-24.xsd#ifrs-full_OtherShorttermEmployeeBenefits" xlink:label="lbl15980"/>
    <link:calculationArc xlink:type="arc" xlink:arcrole="http://www.xbrl.org/2003/arcrole/summation-item" weight="+1" order="1820.0" xlink:to="lbl15980" xlink:from="lbl15977"/>
    <link:loc xlink:type="locator" xlink:href="http://xbrl.ifrs.org/taxonomy/2021-03-24/full_ifrs/full_ifrs-cor_2021-03-24.xsd#ifrs-full_PostemploymentBenefitExpenseInProfitOrLoss" xlink:label="lbl15981"/>
    <link:loc xlink:type="locator" xlink:href="http://xbrl.ifrs.org/taxonomy/2021-03-24/full_ifrs/full_ifrs-cor_2021-03-24.xsd#ifrs-full_PostemploymentBenefitExpenseDefinedContributionPlans" xlink:label="lbl15982"/>
    <link:calculationArc xlink:type="arc" xlink:arcrole="http://www.xbrl.org/2003/arcrole/summation-item" weight="+1" order="1840.0" xlink:from="lbl15981" xlink:to="lbl15982"/>
    <link:loc xlink:type="locator" xlink:href="http://xbrl.ifrs.org/taxonomy/2021-03-24/full_ifrs/full_ifrs-cor_2021-03-24.xsd#ifrs-full_PostemploymentBenefitExpenseDefinedBenefitPlans" xlink:label="lbl15983"/>
    <link:calculationArc xlink:type="arc" xlink:arcrole="http://www.xbrl.org/2003/arcrole/summation-item" weight="+1" order="1850.0" xlink:to="lbl15983" xlink:from="lbl15981"/>
    <link:loc xlink:type="locator" xlink:href="http://xbrl.ifrs.org/taxonomy/2021-03-24/full_ifrs/full_ifrs-cor_2021-03-24.xsd#ifrs-full_EmployeeBenefitsExpense" xlink:label="lbl15984"/>
    <link:calculationArc xlink:type="arc" xlink:arcrole="http://www.xbrl.org/2003/arcrole/summation-item" weight="+1" order="1830.0" xlink:from="lbl15984" xlink:to="lbl15977"/>
    <link:calculationArc xlink:type="arc" xlink:arcrole="http://www.xbrl.org/2003/arcrole/summation-item" weight="+1" order="1855.0" xlink:from="lbl15984" xlink:to="lbl15981"/>
    <link:loc xlink:type="locator" xlink:href="http://xbrl.ifrs.org/taxonomy/2021-03-24/full_ifrs/full_ifrs-cor_2021-03-24.xsd#ifrs-full_TerminationBenefitsExpense" xlink:label="lbl15985"/>
    <link:calculationArc xlink:type="arc" xlink:arcrole="http://www.xbrl.org/2003/arcrole/summation-item" weight="+1" order="1860.0" xlink:to="lbl15985" xlink:from="lbl15984"/>
    <link:loc xlink:type="locator" xlink:href="http://xbrl.ifrs.org/taxonomy/2021-03-24/full_ifrs/full_ifrs-cor_2021-03-24.xsd#ifrs-full_OtherLongtermBenefits" xlink:label="lbl15986"/>
    <link:calculationArc xlink:type="arc" xlink:arcrole="http://www.xbrl.org/2003/arcrole/summation-item" weight="+1" order="1870.0" xlink:to="lbl15986" xlink:from="lbl15984"/>
    <link:loc xlink:type="locator" xlink:href="http://xbrl.ifrs.org/taxonomy/2021-03-24/full_ifrs/full_ifrs-cor_2021-03-24.xsd#ifrs-full_ExpenseFromSharebasedPaymentTransactionsWithEmployees" xlink:label="lbl15987"/>
    <link:calculationArc xlink:type="arc" xlink:arcrole="http://www.xbrl.org/2003/arcrole/summation-item" weight="+1" order="1875.0" xlink:to="lbl15987" xlink:from="lbl15984"/>
    <link:loc xlink:type="locator" xlink:href="http://xbrl.ifrs.org/taxonomy/2021-03-24/full_ifrs/full_ifrs-cor_2021-03-24.xsd#ifrs-full_OtherEmployeeExpense" xlink:label="lbl15988"/>
    <link:calculationArc xlink:type="arc" xlink:arcrole="http://www.xbrl.org/2003/arcrole/summation-item" weight="+1" order="1880.0" xlink:to="lbl15988" xlink:from="lbl15984"/>
    <link:loc xlink:type="locator" xlink:href="http://xbrl.ifrs.org/taxonomy/2021-03-24/full_ifrs/full_ifrs-cor_2021-03-24.xsd#ifrs-full_DepreciationAndAmortisationExpense" xlink:label="lbl15989"/>
    <link:loc xlink:type="locator" xlink:href="http://xbrl.ifrs.org/taxonomy/2021-03-24/full_ifrs/full_ifrs-cor_2021-03-24.xsd#ifrs-full_DepreciationExpense" xlink:label="lbl15990"/>
    <link:calculationArc xlink:type="arc" xlink:arcrole="http://www.xbrl.org/2003/arcrole/summation-item" weight="+1" order="1920.0" xlink:from="lbl15989" xlink:to="lbl15990"/>
    <link:loc xlink:type="locator" xlink:href="http://xbrl.ifrs.org/taxonomy/2021-03-24/full_ifrs/full_ifrs-cor_2021-03-24.xsd#ifrs-full_AmortisationExpense" xlink:label="lbl15991"/>
    <link:calculationArc xlink:type="arc" xlink:arcrole="http://www.xbrl.org/2003/arcrole/summation-item" weight="+1" order="1930.0" xlink:to="lbl15991" xlink:from="lbl15989"/>
    <link:loc xlink:type="locator" xlink:href="http://xbrl.ifrs.org/taxonomy/2021-03-24/full_ifrs/full_ifrs-cor_2021-03-24.xsd#ifrs-full_DepreciationAmortisationAndImpairmentLossReversalOfImpairmentLossRecognisedInProfitOrLoss" xlink:label="lbl15992"/>
    <link:calculationArc xlink:type="arc" xlink:arcrole="http://www.xbrl.org/2003/arcrole/summation-item" weight="+1" order="1940.0" xlink:from="lbl15992" xlink:to="lbl15989"/>
    <link:loc xlink:type="locator" xlink:href="http://xbrl.ifrs.org/taxonomy/2021-03-24/full_ifrs/full_ifrs-cor_2021-03-24.xsd#ifrs-full_ImpairmentLossReversalOfImpairmentLossRecognisedInProfitOrLoss" xlink:label="lbl15993"/>
    <link:calculationArc xlink:type="arc" xlink:arcrole="http://www.xbrl.org/2003/arcrole/summation-item" weight="+1" order="1950.0" xlink:to="lbl15993" xlink:from="lbl15992"/>
    <link:loc xlink:type="locator" xlink:href="http://xbrl.ifrs.org/taxonomy/2021-03-24/full_ifrs/full_ifrs-cor_2021-03-24.xsd#ifrs-full_ExpenseByNature" xlink:label="lbl15994"/>
    <link:loc xlink:type="locator" xlink:href="http://xbrl.ifrs.org/taxonomy/2021-03-24/full_ifrs/full_ifrs-cor_2021-03-24.xsd#ifrs-full_RawMaterialsAndConsumablesUsed" xlink:label="lbl15995"/>
    <link:calculationArc xlink:type="arc" xlink:arcrole="http://www.xbrl.org/2003/arcrole/summation-item" weight="+1" order="1720.0" xlink:from="lbl15994" xlink:to="lbl15995"/>
    <link:loc xlink:type="locator" xlink:href="http://xbrl.ifrs.org/taxonomy/2021-03-24/full_ifrs/full_ifrs-cor_2021-03-24.xsd#ifrs-full_CostOfMerchandiseSold" xlink:label="lbl15996"/>
    <link:calculationArc xlink:type="arc" xlink:arcrole="http://www.xbrl.org/2003/arcrole/summation-item" weight="+1" order="1722.0" xlink:to="lbl15996" xlink:from="lbl15994"/>
    <link:loc xlink:type="locator" xlink:href="http://xbrl.ifrs.org/taxonomy/2021-03-24/full_ifrs/full_ifrs-cor_2021-03-24.xsd#ifrs-full_ServicesExpense" xlink:label="lbl15997"/>
    <link:calculationArc xlink:type="arc" xlink:arcrole="http://www.xbrl.org/2003/arcrole/summation-item" weight="+1" order="1730.0" xlink:to="lbl15997" xlink:from="lbl15994"/>
    <link:calculationArc xlink:type="arc" xlink:arcrole="http://www.xbrl.org/2003/arcrole/summation-item" weight="+1" order="1890.0" xlink:from="lbl15994" xlink:to="lbl15984"/>
    <link:calculationArc xlink:type="arc" xlink:arcrole="http://www.xbrl.org/2003/arcrole/summation-item" weight="+1" order="1960.0" xlink:from="lbl15994" xlink:to="lbl15992"/>
    <link:loc xlink:type="locator" xlink:href="http://xbrl.ifrs.org/taxonomy/2021-03-24/full_ifrs/full_ifrs-cor_2021-03-24.xsd#ifrs-full_TaxExpenseOtherThanIncomeTaxExpense" xlink:label="lbl15998"/>
    <link:calculationArc xlink:type="arc" xlink:arcrole="http://www.xbrl.org/2003/arcrole/summation-item" weight="+1" order="1970.0" xlink:to="lbl15998" xlink:from="lbl15994"/>
    <link:loc xlink:type="locator" xlink:href="http://xbrl.ifrs.org/taxonomy/2021-03-24/full_ifrs/full_ifrs-cor_2021-03-24.xsd#ifrs-full_OtherExpenseByNature" xlink:label="lbl15999"/>
    <link:calculationArc xlink:type="arc" xlink:arcrole="http://www.xbrl.org/2003/arcrole/summation-item" weight="+1" order="1990.0" xlink:to="lbl15999" xlink:from="lbl15994"/>
    <link:loc xlink:type="locator" xlink:href="http://xbrl.ifrs.org/taxonomy/2021-03-24/full_ifrs/full_ifrs-cor_2021-03-24.xsd#ifrs-full_OtherComprehensiveIncomeNetOfTaxExchangeDifferencesOnTranslationOfForeignOperationsAndHedgesOfNetInvestmentsInForeignOperations" xlink:label="lbl16000"/>
    <link:loc xlink:type="locator" xlink:href="http://xbrl.ifrs.org/taxonomy/2021-03-24/full_ifrs/full_ifrs-cor_2021-03-24.xsd#ifrs-full_OtherComprehensiveIncomeNetOfTaxExchangeDifferencesOnTranslation" xlink:label="lbl16001"/>
    <link:calculationArc xlink:type="arc" xlink:arcrole="http://www.xbrl.org/2003/arcrole/summation-item" weight="+1" order="2080.0" xlink:from="lbl16000" xlink:to="lbl16001"/>
    <link:loc xlink:type="locator" xlink:href="http://xbrl.ifrs.org/taxonomy/2021-03-24/full_ifrs/full_ifrs-cor_2021-03-24.xsd#ifrs-full_OtherComprehensiveIncomeNetOfTaxHedgesOfNetInvestmentsInForeignOperations" xlink:label="lbl16002"/>
    <link:calculationArc xlink:type="arc" xlink:arcrole="http://www.xbrl.org/2003/arcrole/summation-item" weight="+1" order="2085.0" xlink:to="lbl16002" xlink:from="lbl16000"/>
    <link:loc xlink:type="locator" xlink:href="http://xbrl.ifrs.org/taxonomy/2021-03-24/full_ifrs/full_ifrs-cor_2021-03-24.xsd#ifrs-full_OtherComprehensiveIncomeBeforeTaxExchangeDifferencesOnTranslationOfForeignOperationsAndHedgesOfNetInvestmentsInForeignOperations" xlink:label="lbl16003"/>
    <link:loc xlink:type="locator" xlink:href="http://xbrl.ifrs.org/taxonomy/2021-03-24/full_ifrs/full_ifrs-cor_2021-03-24.xsd#ifrs-full_OtherComprehensiveIncomeBeforeTaxExchangeDifferencesOnTranslation" xlink:label="lbl16004"/>
    <link:calculationArc xlink:type="arc" xlink:arcrole="http://www.xbrl.org/2003/arcrole/summation-item" weight="+1" order="2100.0" xlink:from="lbl16003" xlink:to="lbl16004"/>
    <link:loc xlink:type="locator" xlink:href="http://xbrl.ifrs.org/taxonomy/2021-03-24/full_ifrs/full_ifrs-cor_2021-03-24.xsd#ifrs-full_OtherComprehensiveIncomeBeforeTaxHedgesOfNetInvestmentsInForeignOperations" xlink:label="lbl16005"/>
    <link:calculationArc xlink:type="arc" xlink:arcrole="http://www.xbrl.org/2003/arcrole/summation-item" weight="+1" order="2105.0" xlink:to="lbl16005" xlink:from="lbl16003"/>
    <link:loc xlink:type="locator" xlink:href="http://xbrl.ifrs.org/taxonomy/2021-03-24/full_ifrs/full_ifrs-cor_2021-03-24.xsd#ifrs-full_IncomeTaxRelatingToExchangeDifferencesOnTranslationOfForeignOperationsAndHedgesOfNetInvestmentsInForeignOperationsIncludedInOtherComprehensiveIncome" xlink:label="lbl16006"/>
    <link:loc xlink:type="locator" xlink:href="http://xbrl.ifrs.org/taxonomy/2021-03-24/full_ifrs/full_ifrs-cor_2021-03-24.xsd#ifrs-full_IncomeTaxRelatingToExchangeDifferencesOnTranslationOfOtherComprehensiveIncome" xlink:label="lbl16007"/>
    <link:calculationArc xlink:type="arc" xlink:arcrole="http://www.xbrl.org/2003/arcrole/summation-item" weight="+1" order="2120.0" xlink:from="lbl16006" xlink:to="lbl16007"/>
    <link:loc xlink:type="locator" xlink:href="http://xbrl.ifrs.org/taxonomy/2021-03-24/full_ifrs/full_ifrs-cor_2021-03-24.xsd#ifrs-full_IncomeTaxRelatingToHedgesOfNetInvestmentsInForeignOperationsOfOtherComprehensiveIncome" xlink:label="lbl16008"/>
    <link:calculationArc xlink:type="arc" xlink:arcrole="http://www.xbrl.org/2003/arcrole/summation-item" weight="+1" order="2125.0" xlink:to="lbl16008" xlink:from="lbl16006"/>
    <link:loc xlink:type="locator" xlink:href="http://xbrl.ifrs.org/taxonomy/2021-03-24/full_ifrs/full_ifrs-cor_2021-03-24.xsd#ifrs-full_ShareOfProfitLossOfAssociatesAndJointVenturesAccountedForUsingEquityMethod" xlink:label="lbl16009"/>
    <link:loc xlink:type="locator" xlink:href="http://xbrl.ifrs.org/taxonomy/2021-03-24/full_ifrs/full_ifrs-cor_2021-03-24.xsd#ifrs-full_ShareOfProfitLossOfAssociatesAccountedForUsingEquityMethod" xlink:label="lbl16010"/>
    <link:calculationArc xlink:type="arc" xlink:arcrole="http://www.xbrl.org/2003/arcrole/summation-item" weight="+1" order="2165.0" xlink:from="lbl16009" xlink:to="lbl16010"/>
    <link:loc xlink:type="locator" xlink:href="http://xbrl.ifrs.org/taxonomy/2021-03-24/full_ifrs/full_ifrs-cor_2021-03-24.xsd#ifrs-full_ShareOfProfitLossOfJointVenturesAccountedForUsingEquityMethod" xlink:label="lbl16011"/>
    <link:calculationArc xlink:type="arc" xlink:arcrole="http://www.xbrl.org/2003/arcrole/summation-item" weight="+1" order="2170.0" xlink:to="lbl16011" xlink:from="lbl16009"/>
    <link:loc xlink:type="locator" xlink:href="http://xbrl.ifrs.org/taxonomy/2021-03-24/full_ifrs/full_ifrs-cor_2021-03-24.xsd#ifrs-full_ShareOfOtherComprehensiveIncomeOfAssociatesAndJointVenturesAccountedForUsingEquityMethodBeforeTax" xlink:label="lbl16012"/>
    <link:loc xlink:type="locator" xlink:href="http://xbrl.ifrs.org/taxonomy/2021-03-24/full_ifrs/full_ifrs-cor_2021-03-24.xsd#ifrs-full_ShareOfOtherComprehensiveIncomeOfAssociatesAndJointVenturesAccountedForUsingEquityMethodThatWillNotBeReclassifiedToProfitOrLossBeforeTax" xlink:label="lbl16013"/>
    <link:calculationArc xlink:type="arc" xlink:arcrole="http://www.xbrl.org/2003/arcrole/summation-item" weight="+1" order="2185.0" xlink:from="lbl16012" xlink:to="lbl16013"/>
    <link:loc xlink:type="locator" xlink:href="http://xbrl.ifrs.org/taxonomy/2021-03-24/full_ifrs/full_ifrs-cor_2021-03-24.xsd#ifrs-full_ShareOfOtherComprehensiveIncomeOfAssociatesAndJointVenturesAccountedForUsingEquityMethodThatWillBeReclassifiedToProfitOrLossBeforeTax" xlink:label="lbl16014"/>
    <link:calculationArc xlink:type="arc" xlink:arcrole="http://www.xbrl.org/2003/arcrole/summation-item" weight="+1" order="2190.0" xlink:to="lbl16014" xlink:from="lbl16012"/>
    <link:loc xlink:type="locator" xlink:href="http://xbrl.ifrs.org/taxonomy/2021-03-24/full_ifrs/full_ifrs-cor_2021-03-24.xsd#ifrs-full_IncomeTaxRelatingToShareOfOtherComprehensiveIncomeOfAssociatesAndJointVenturesAccountedForUsingEquityMethod" xlink:label="lbl16015"/>
    <link:loc xlink:type="locator" xlink:href="http://xbrl.ifrs.org/taxonomy/2021-03-24/full_ifrs/full_ifrs-cor_2021-03-24.xsd#ifrs-full_IncomeTaxRelatingToShareOfOtherComprehensiveIncomeOfAssociatesAndJointVenturesAccountedForUsingEquityMethodThatWillNotBeReclassifiedToProfitOrLoss" xlink:label="lbl16016"/>
    <link:calculationArc xlink:type="arc" xlink:arcrole="http://www.xbrl.org/2003/arcrole/summation-item" weight="+1" order="2205.0" xlink:from="lbl16015" xlink:to="lbl16016"/>
    <link:loc xlink:type="locator" xlink:href="http://xbrl.ifrs.org/taxonomy/2021-03-24/full_ifrs/full_ifrs-cor_2021-03-24.xsd#ifrs-full_IncomeTaxRelatingToShareOfOtherComprehensiveIncomeOfAssociatesAndJointVenturesAccountedForUsingEquityMethodThatWillBeReclassifiedToProfitOrLoss" xlink:label="lbl16017"/>
    <link:calculationArc xlink:type="arc" xlink:arcrole="http://www.xbrl.org/2003/arcrole/summation-item" weight="+1" order="2210.0" xlink:to="lbl16017" xlink:from="lbl16015"/>
    <link:loc xlink:type="locator" xlink:href="http://xbrl.ifrs.org/taxonomy/2021-03-24/full_ifrs/full_ifrs-cor_2021-03-24.xsd#ifrs-full_IncomeTaxRelatingToComponentsOfOtherComprehensiveIncome" xlink:label="lbl16018"/>
    <link:loc xlink:type="locator" xlink:href="http://xbrl.ifrs.org/taxonomy/2021-03-24/full_ifrs/full_ifrs-cor_2021-03-24.xsd#ifrs-full_IncomeTaxRelatingToComponentsOfOtherComprehensiveIncomeThatWillNotBeReclassifiedToProfitOrLoss" xlink:label="lbl16019"/>
    <link:calculationArc xlink:type="arc" xlink:arcrole="http://www.xbrl.org/2003/arcrole/summation-item" weight="+1" order="2225.0" xlink:from="lbl16018" xlink:to="lbl16019"/>
    <link:loc xlink:type="locator" xlink:href="http://xbrl.ifrs.org/taxonomy/2021-03-24/full_ifrs/full_ifrs-cor_2021-03-24.xsd#ifrs-full_IncomeTaxRelatingToComponentsOfOtherComprehensiveIncomeThatWillBeReclassifiedToProfitOrLoss" xlink:label="lbl16020"/>
    <link:calculationArc xlink:type="arc" xlink:arcrole="http://www.xbrl.org/2003/arcrole/summation-item" weight="+1" order="2230.0" xlink:to="lbl16020" xlink:from="lbl16018"/>
    <link:loc xlink:type="locator" xlink:href="http://xbrl.ifrs.org/taxonomy/2021-03-24/full_ifrs/full_ifrs-cor_2021-03-24.xsd#ifrs-full_ComprehensiveIncome" xlink:label="lbl16021"/>
    <link:loc xlink:type="locator" xlink:href="http://xbrl.ifrs.org/taxonomy/2021-03-24/full_ifrs/full_ifrs-cor_2021-03-24.xsd#ifrs-full_ComprehensiveIncomeFromContinuingOperations" xlink:label="lbl16022"/>
    <link:calculationArc xlink:type="arc" xlink:arcrole="http://www.xbrl.org/2003/arcrole/summation-item" weight="+1" order="2245.0" xlink:from="lbl16021" xlink:to="lbl16022"/>
    <link:loc xlink:type="locator" xlink:href="http://xbrl.ifrs.org/taxonomy/2021-03-24/full_ifrs/full_ifrs-cor_2021-03-24.xsd#ifrs-full_ComprehensiveIncomeFromDiscontinuedOperations" xlink:label="lbl16023"/>
    <link:calculationArc xlink:type="arc" xlink:arcrole="http://www.xbrl.org/2003/arcrole/summation-item" weight="+1" order="2250.0" xlink:to="lbl16023" xlink:from="lbl16021"/>
    <link:loc xlink:type="locator" xlink:href="http://xbrl.ifrs.org/taxonomy/2021-03-24/full_ifrs/full_ifrs-cor_2021-03-24.xsd#ifrs-full_ComprehensiveIncomeAttributableToOwnersOfParent" xlink:label="lbl16024"/>
    <link:loc xlink:type="locator" xlink:href="http://xbrl.ifrs.org/taxonomy/2021-03-24/full_ifrs/full_ifrs-cor_2021-03-24.xsd#ifrs-full_ComprehensiveIncomeFromContinuingOperationsAttributableToOwnersOfParent" xlink:label="lbl16025"/>
    <link:calculationArc xlink:type="arc" xlink:arcrole="http://www.xbrl.org/2003/arcrole/summation-item" weight="+1" order="2265.0" xlink:from="lbl16024" xlink:to="lbl16025"/>
    <link:loc xlink:type="locator" xlink:href="http://xbrl.ifrs.org/taxonomy/2021-03-24/full_ifrs/full_ifrs-cor_2021-03-24.xsd#ifrs-full_ComprehensiveIncomeFromDiscontinuedOperationsAttributableToOwnersOfParent" xlink:label="lbl16026"/>
    <link:calculationArc xlink:type="arc" xlink:arcrole="http://www.xbrl.org/2003/arcrole/summation-item" weight="+1" order="2270.0" xlink:to="lbl16026" xlink:from="lbl16024"/>
    <link:loc xlink:type="locator" xlink:href="http://xbrl.ifrs.org/taxonomy/2021-03-24/full_ifrs/full_ifrs-cor_2021-03-24.xsd#ifrs-full_ComprehensiveIncomeAttributableToNoncontrollingInterests" xlink:label="lbl16027"/>
    <link:loc xlink:type="locator" xlink:href="http://xbrl.ifrs.org/taxonomy/2021-03-24/full_ifrs/full_ifrs-cor_2021-03-24.xsd#ifrs-full_ComprehensiveIncomeFromContinuingOperationsAttributableToNoncontrollingInterests" xlink:label="lbl16028"/>
    <link:calculationArc xlink:type="arc" xlink:arcrole="http://www.xbrl.org/2003/arcrole/summation-item" weight="+1" order="2285.0" xlink:from="lbl16027" xlink:to="lbl16028"/>
    <link:loc xlink:type="locator" xlink:href="http://xbrl.ifrs.org/taxonomy/2021-03-24/full_ifrs/full_ifrs-cor_2021-03-24.xsd#ifrs-full_ComprehensiveIncomeFromDiscontinuedOperationsAttributableToNoncontrollingInterests" xlink:label="lbl16029"/>
    <link:calculationArc xlink:type="arc" xlink:arcrole="http://www.xbrl.org/2003/arcrole/summation-item" weight="+1" order="2290.0" xlink:to="lbl16029" xlink:from="lbl16027"/>
  </link:calculationLink>
</link:linkbase>