<?xml version="1.0" encoding="UTF-8"?>
<!--
*******************************************************************************************
Copyright © 2022 Comisión para el Mercado Financiero de Chile (CMF) 
This material is copyright of the CMF Chile and all rights are reserved. 
No part of this material may be translated, reprinted, reproduced or utilised in 
any form or manner that is not expressly permitted by the CMF Chile 
IP Policy see: http://www.cmfchile.cl/sitio/pop/politica.html
*******************************************************************************************
-->
<!-- Generated with Reporting Standard S.L. XBRL Taxonomy builder version 3.7.1.1364 - http://www.reportingstandard.com -->
<link:linkbase xmlns:link="http://www.xbrl.org/2003/linkbase"
               xmlns:xs="http://www.w3.org/2001/XMLSchema"
               xmlns:xbrli="http://www.xbrl.org/2003/instance"
               xmlns:xfi="http://www.xbrl.org/2008/function/instance"
               xmlns:gen="http://xbrl.org/2008/generic"
               xmlns:xlink="http://www.w3.org/1999/xlink"
               xmlns:xsi="http://www.w3.org/2001/XMLSchema-instance"
               xmlns:ea="http://xbrl.org/2008/assertion/existence"
               xmlns:variable="http://xbrl.org/2008/variable"
               xmlns:cf="http://xbrl.org/2008/filter/concept"
               xmlns:ifrs-full="http://xbrl.ifrs.org/taxonomy/2021-03-24/ifrs-full"
               xmlns:label="http://xbrl.org/2008/label"
               xmlns:msg="http://xbrl.org/2010/message"
               xmlns:cl-ci="http://www.cmfchile.cl/cl/fr/ci/2022-01-03"
               xmlns:va="http://xbrl.org/2008/assertion/value"
               xsi:schemaLocation="http://xbrl.org/2008/assertion/existence http://www.xbrl.org/2008/existence-assertion.xsd http://xbrl.org/2008/variable http://www.xbrl.org/2008/variable.xsd http://xbrl.org/2008/filter/concept http://www.xbrl.org/2008/concept-filter.xsd http://xbrl.org/2008/label http://www.xbrl.org/2008/generic-label.xsd http://xbrl.org/2010/message http://www.xbrl.org/2010/generic-message.xsd http://xbrl.org/2008/assertion/value http://www.xbrl.org/2008/value-assertion.xsd http://xbrl.org/2008/generic http://www.xbrl.org/2008/generic-link.xsd http://xbrl.ifrs.org/taxonomy/2021-03-24/ifrs-full http://xbrl.ifrs.org/taxonomy/2021-03-24/full_ifrs/full_ifrs-cor_2021-03-24.xsd http://www.cmfchile.cl/cl/fr/ci/2022-01-03 ../../cl-ci_cor_2022-01-03.xsd">
  <link:roleRef xlink:type="simple" roleURI="http://www.cmfchile.cl/cl/fr/ci/role/ias-1_2021-03-24_role-110000" xlink:href="../cl-ci_ias-1_2021-03-24_role-110000.xsd#ias-1_2021-03-24_role-110000"/>
  <link:roleRef xlink:type="simple" roleURI="http://www.xbrl.org/2010/role/message" xlink:href="http://www.xbrl.org/2010/generic-message.xsd#standard-message"/>
  <link:arcroleRef xlink:type="simple" arcroleURI="http://xbrl.org/arcrole/2008/variable-set" xlink:href="http://www.xbrl.org/2008/variable.xsd#variable-set"/>
  <link:arcroleRef xlink:type="simple" arcroleURI="http://xbrl.org/arcrole/2008/variable-filter" xlink:href="http://www.xbrl.org/2008/variable.xsd#variable-filter"/>
  <link:arcroleRef xlink:type="simple" arcroleURI="http://xbrl.org/arcrole/2008/element-label" xlink:href="http://www.xbrl.org/2008/generic-label.xsd#element-label"/>
  <link:arcroleRef xlink:type="simple" arcroleURI="http://xbrl.org/arcrole/2010/assertion-satisfied-message" xlink:href="http://www.xbrl.org/2010/validation-message.xsd#assertion-satisfied-message"/>
  <link:arcroleRef xlink:type="simple" arcroleURI="http://xbrl.org/arcrole/2010/assertion-unsatisfied-message" xlink:href="http://www.xbrl.org/2010/validation-message.xsd#assertion-unsatisfied-message"/>
  <gen:link xlink:type="extended" xlink:role="http://www.cmfchile.cl/cl/fr/ci/role/ias-1_2021-03-24_role-110000">
    <ea:existenceAssertion xlink:type="resource" id="regla110001" aspectModel="dimensional" implicitFiltering="true" test=". ge 1" xlink:label="lbl13105"/>
    <variable:factVariable xlink:type="resource" bindAsSequence="false" xlink:label="lbl13106" id="id7193"/>
    <variable:variableArc xlink:type="arc" xlink:arcrole="http://xbrl.org/arcrole/2008/variable-set" name="acum_regla110001" xlink:from="lbl13105" xlink:to="lbl13106"/>
    <ea:existenceAssertion xlink:type="resource" id="regla110002" aspectModel="dimensional" implicitFiltering="true" test=". ge 1" xlink:label="lbl13111"/>
    <variable:factVariable xlink:type="resource" bindAsSequence="false" xlink:label="lbl13112" id="id7194"/>
    <variable:variableArc xlink:type="arc" xlink:arcrole="http://xbrl.org/arcrole/2008/variable-set" name="acum_regla110002" xlink:from="lbl13111" xlink:to="lbl13112"/>
    <ea:existenceAssertion xlink:type="resource" id="regla110003" aspectModel="dimensional" implicitFiltering="true" test=". ge 1" xlink:label="lbl13117"/>
    <variable:factVariable xlink:type="resource" bindAsSequence="false" xlink:label="lbl13118" id="id7195"/>
    <variable:variableArc xlink:type="arc" xlink:arcrole="http://xbrl.org/arcrole/2008/variable-set" name="acum_regla110003" xlink:from="lbl13117" xlink:to="lbl13118"/>
    <ea:existenceAssertion xlink:type="resource" id="regla110004" aspectModel="dimensional" implicitFiltering="true" test=". ge 1" xlink:label="lbl13123"/>
    <variable:factVariable xlink:type="resource" bindAsSequence="false" xlink:label="lbl13124" id="id7196"/>
    <variable:variableArc xlink:type="arc" xlink:arcrole="http://xbrl.org/arcrole/2008/variable-set" name="acum_regla110004" xlink:from="lbl13123" xlink:to="lbl13124"/>
    <ea:existenceAssertion xlink:type="resource" id="regla110005" aspectModel="dimensional" implicitFiltering="true" test=". ge 1" xlink:label="lbl13129"/>
    <variable:factVariable xlink:type="resource" bindAsSequence="false" xlink:label="lbl13130" id="id7197"/>
    <variable:variableArc xlink:type="arc" xlink:arcrole="http://xbrl.org/arcrole/2008/variable-set" name="acum_regla110005" xlink:from="lbl13129" xlink:to="lbl13130"/>
    <ea:existenceAssertion xlink:type="resource" id="regla110006" aspectModel="dimensional" implicitFiltering="true" test=". ge 1" xlink:label="lbl13135"/>
    <variable:factVariable xlink:type="resource" bindAsSequence="false" xlink:label="lbl13136" id="id7198"/>
    <variable:variableArc xlink:type="arc" xlink:arcrole="http://xbrl.org/arcrole/2008/variable-set" name="acum_regla110006" xlink:from="lbl13135" xlink:to="lbl13136"/>
    <ea:existenceAssertion xlink:type="resource" id="regla110007" aspectModel="dimensional" implicitFiltering="true" test=". eq 1" xlink:label="lbl13141"/>
    <variable:factVariable xlink:type="resource" bindAsSequence="false" xlink:label="lbl13142" id="id7199"/>
    <variable:variableArc xlink:type="arc" xlink:arcrole="http://xbrl.org/arcrole/2008/variable-set" name="acum_regla110007" xlink:from="lbl13141" xlink:to="lbl13142"/>
    <ea:existenceAssertion xlink:type="resource" id="regla110008" aspectModel="dimensional" implicitFiltering="true" test=". ge 1" xlink:label="lbl13147"/>
    <variable:factVariable xlink:type="resource" bindAsSequence="false" xlink:label="lbl13148" id="id7200"/>
    <variable:variableArc xlink:type="arc" xlink:arcrole="http://xbrl.org/arcrole/2008/variable-set" name="acum_regla110008" xlink:from="lbl13147" xlink:to="lbl13148"/>
    <ea:existenceAssertion xlink:type="resource" id="regla110009" aspectModel="dimensional" implicitFiltering="true" test=". ge 1" xlink:label="lbl13153"/>
    <variable:factVariable xlink:type="resource" bindAsSequence="false" xlink:label="lbl13154" id="id7201"/>
    <variable:variableArc xlink:type="arc" xlink:arcrole="http://xbrl.org/arcrole/2008/variable-set" name="acum_regla110009" xlink:from="lbl13153" xlink:to="lbl13154"/>
    <ea:existenceAssertion xlink:type="resource" id="regla110010" aspectModel="dimensional" implicitFiltering="true" test=". ge 1" xlink:label="lbl13159"/>
    <variable:factVariable xlink:type="resource" bindAsSequence="false" xlink:label="lbl13160" id="id7202"/>
    <variable:variableArc xlink:type="arc" xlink:arcrole="http://xbrl.org/arcrole/2008/variable-set" name="acum_regla110010" xlink:from="lbl13159" xlink:to="lbl13160"/>
    <ea:existenceAssertion xlink:type="resource" id="regla110011" aspectModel="dimensional" implicitFiltering="true" test=". ge 1" xlink:label="lbl13165"/>
    <variable:factVariable xlink:type="resource" bindAsSequence="false" xlink:label="lbl13166" id="id7203"/>
    <variable:variableArc xlink:type="arc" xlink:arcrole="http://xbrl.org/arcrole/2008/variable-set" name="acum_regla110011" xlink:from="lbl13165" xlink:to="lbl13166"/>
    <ea:existenceAssertion xlink:type="resource" id="regla110012" aspectModel="dimensional" implicitFiltering="true" test=". ge 1" xlink:label="lbl13171"/>
    <variable:factVariable xlink:type="resource" bindAsSequence="false" xlink:label="lbl13172" id="id7204"/>
    <variable:variableArc xlink:type="arc" xlink:arcrole="http://xbrl.org/arcrole/2008/variable-set" name="acum_regla110012" xlink:from="lbl13171" xlink:to="lbl13172"/>
    <cf:conceptName xlink:type="resource" xlink:label="lbl13107" id="id7205">
      <cf:concept>
        <cf:qname>ifrs-full:DisclosureOfGeneralInformationAboutFinancialStatementsExplanatory</cf:qname>
      </cf:concept>
    </cf:conceptName>
    <variable:variableFilterArc xlink:type="arc" xlink:arcrole="http://xbrl.org/arcrole/2008/variable-filter" complement="false" cover="true" xlink:from="lbl13106" xlink:to="lbl13107"/>
    <cf:conceptName xlink:type="resource" xlink:label="lbl13113" id="id7206">
      <cf:concept>
        <cf:qname>ifrs-full:NameOfReportingEntityOrOtherMeansOfIdentification</cf:qname>
      </cf:concept>
    </cf:conceptName>
    <variable:variableFilterArc xlink:type="arc" xlink:arcrole="http://xbrl.org/arcrole/2008/variable-filter" complement="false" cover="true" xlink:from="lbl13112" xlink:to="lbl13113"/>
    <cf:conceptName xlink:type="resource" xlink:label="lbl13119" id="id7207">
      <cf:concept>
        <cf:qname>cl-ci:RUTEntidadInforma</cf:qname>
      </cf:concept>
    </cf:conceptName>
    <variable:variableFilterArc xlink:type="arc" xlink:arcrole="http://xbrl.org/arcrole/2008/variable-filter" complement="false" cover="true" xlink:from="lbl13118" xlink:to="lbl13119"/>
    <cf:conceptName xlink:type="resource" xlink:label="lbl13125" id="id7208">
      <cf:concept>
        <cf:qname>cl-ci:NumeroRegistroValores</cf:qname>
      </cf:concept>
    </cf:conceptName>
    <variable:variableFilterArc xlink:type="arc" xlink:arcrole="http://xbrl.org/arcrole/2008/variable-filter" complement="false" cover="true" xlink:from="lbl13124" xlink:to="lbl13125"/>
    <cf:conceptName xlink:type="resource" xlink:label="lbl13131" id="id7209">
      <cf:concept>
        <cf:qname>ifrs-full:DescriptionOfNatureOfFinancialStatements</cf:qname>
      </cf:concept>
    </cf:conceptName>
    <variable:variableFilterArc xlink:type="arc" xlink:arcrole="http://xbrl.org/arcrole/2008/variable-filter" complement="false" cover="true" xlink:from="lbl13130" xlink:to="lbl13131"/>
    <cf:conceptName xlink:type="resource" xlink:label="lbl13137" id="id7210">
      <cf:concept>
        <cf:qname>cl-ci:TipoEEFF</cf:qname>
      </cf:concept>
    </cf:conceptName>
    <variable:variableFilterArc xlink:type="arc" xlink:arcrole="http://xbrl.org/arcrole/2008/variable-filter" complement="false" cover="true" xlink:from="lbl13136" xlink:to="lbl13137"/>
    <cf:conceptName xlink:type="resource" xlink:label="lbl13143" id="id7211">
      <cf:concept>
        <cf:qname>cl-ci:DateOfEndOfReportingPeriod</cf:qname>
      </cf:concept>
    </cf:conceptName>
    <variable:variableFilterArc xlink:type="arc" xlink:arcrole="http://xbrl.org/arcrole/2008/variable-filter" complement="false" cover="true" xlink:from="lbl13142" xlink:to="lbl13143"/>
    <cf:conceptName xlink:type="resource" xlink:label="lbl13149" id="id7212">
      <cf:concept>
        <cf:qname>ifrs-full:PeriodCoveredByFinancialStatements</cf:qname>
      </cf:concept>
    </cf:conceptName>
    <variable:variableFilterArc xlink:type="arc" xlink:arcrole="http://xbrl.org/arcrole/2008/variable-filter" complement="false" cover="true" xlink:from="lbl13148" xlink:to="lbl13149"/>
    <cf:conceptName xlink:type="resource" xlink:label="lbl13155" id="id7213">
      <cf:concept>
        <cf:qname>cl-ci:DescriptionOfPresentationCurrency</cf:qname>
      </cf:concept>
    </cf:conceptName>
    <variable:variableFilterArc xlink:type="arc" xlink:arcrole="http://xbrl.org/arcrole/2008/variable-filter" complement="false" cover="true" xlink:from="lbl13154" xlink:to="lbl13155"/>
    <cf:conceptName xlink:type="resource" xlink:label="lbl13161" id="id7214">
      <cf:concept>
        <cf:qname>ifrs-full:LevelOfRoundingUsedInFinancialStatements</cf:qname>
      </cf:concept>
    </cf:conceptName>
    <variable:variableFilterArc xlink:type="arc" xlink:arcrole="http://xbrl.org/arcrole/2008/variable-filter" complement="false" cover="true" xlink:from="lbl13160" xlink:to="lbl13161"/>
    <cf:conceptName xlink:type="resource" xlink:label="lbl13167" id="id7215">
      <cf:concept>
        <cf:qname>cl-ci:CodigoActividadPrincipal</cf:qname>
      </cf:concept>
    </cf:conceptName>
    <variable:variableFilterArc xlink:type="arc" xlink:arcrole="http://xbrl.org/arcrole/2008/variable-filter" complement="false" cover="true" xlink:from="lbl13166" xlink:to="lbl13167"/>
    <cf:conceptName xlink:type="resource" xlink:label="lbl13173" id="id7216">
      <cf:concept>
        <cf:qname>cl-ci:FechaSesionDirectorioAprobaronEstadosFinancieros</cf:qname>
      </cf:concept>
    </cf:conceptName>
    <variable:variableFilterArc xlink:type="arc" xlink:arcrole="http://xbrl.org/arcrole/2008/variable-filter" complement="false" cover="true" xlink:from="lbl13172" xlink:to="lbl13173"/>
    <label:label xlink:type="resource" xml:lang="es" id="id7127" xlink:label="lbl13108">110001</label:label>
    <gen:arc xlink:type="arc" xlink:arcrole="http://xbrl.org/arcrole/2008/element-label" xlink:from="lbl13105" xlink:to="lbl13108"/>
    <label:label xlink:type="resource" xml:lang="es" id="id7130" xlink:label="lbl13114">110002</label:label>
    <gen:arc xlink:type="arc" xlink:arcrole="http://xbrl.org/arcrole/2008/element-label" xlink:from="lbl13111" xlink:to="lbl13114"/>
    <label:label xlink:type="resource" xml:lang="es" id="id7133" xlink:label="lbl13120">110003</label:label>
    <gen:arc xlink:type="arc" xlink:arcrole="http://xbrl.org/arcrole/2008/element-label" xlink:from="lbl13117" xlink:to="lbl13120"/>
    <label:label xlink:type="resource" xml:lang="es" id="id7136" xlink:label="lbl13126">110004</label:label>
    <gen:arc xlink:type="arc" xlink:arcrole="http://xbrl.org/arcrole/2008/element-label" xlink:from="lbl13123" xlink:to="lbl13126"/>
    <label:label xlink:type="resource" xml:lang="es" id="id7139" xlink:label="lbl13132">110005</label:label>
    <gen:arc xlink:type="arc" xlink:arcrole="http://xbrl.org/arcrole/2008/element-label" xlink:from="lbl13129" xlink:to="lbl13132"/>
    <label:label xlink:type="resource" xml:lang="es" id="id7142" xlink:label="lbl13138">110006</label:label>
    <gen:arc xlink:type="arc" xlink:arcrole="http://xbrl.org/arcrole/2008/element-label" xlink:from="lbl13135" xlink:to="lbl13138"/>
    <label:label xlink:type="resource" xml:lang="es" id="id7145" xlink:label="lbl13144">110007</label:label>
    <gen:arc xlink:type="arc" xlink:arcrole="http://xbrl.org/arcrole/2008/element-label" xlink:from="lbl13141" xlink:to="lbl13144"/>
    <label:label xlink:type="resource" xml:lang="es" id="id7148" xlink:label="lbl13150">110008</label:label>
    <gen:arc xlink:type="arc" xlink:arcrole="http://xbrl.org/arcrole/2008/element-label" xlink:from="lbl13147" xlink:to="lbl13150"/>
    <label:label xlink:type="resource" xml:lang="es" id="id7151" xlink:label="lbl13156">110009</label:label>
    <gen:arc xlink:type="arc" xlink:arcrole="http://xbrl.org/arcrole/2008/element-label" xlink:from="lbl13153" xlink:to="lbl13156"/>
    <label:label xlink:type="resource" xml:lang="es" id="id7154" xlink:label="lbl13162">110010</label:label>
    <gen:arc xlink:type="arc" xlink:arcrole="http://xbrl.org/arcrole/2008/element-label" xlink:from="lbl13159" xlink:to="lbl13162"/>
    <label:label xlink:type="resource" xml:lang="es" id="id7157" xlink:label="lbl13168">110011</label:label>
    <gen:arc xlink:type="arc" xlink:arcrole="http://xbrl.org/arcrole/2008/element-label" xlink:from="lbl13165" xlink:to="lbl13168"/>
    <label:label xlink:type="resource" xml:lang="es" id="id7160" xlink:label="lbl13174">110012</label:label>
    <gen:arc xlink:type="arc" xlink:arcrole="http://xbrl.org/arcrole/2008/element-label" xlink:from="lbl13171" xlink:to="lbl13174"/>
    <va:valueAssertion xlink:type="resource" id="regla110013" aspectModel="dimensional" implicitFiltering="true" test="if (count(//cl-ci:DateOfEndOfReportingPeriod) eq 1) then (if (//cl-ci:DateOfEndOfReportingPeriod eq xs:date('2022-12-31')) then (count(//cl-ci:NombreEmpresaAuditoriExterna[xs:date(xfi:period-end(xfi:period(.))) eq xs:date('2023-01-01')]) eq 1) else true()) else true()" xlink:label="lbl13177"/>
    <label:label xlink:type="resource" xml:lang="es" id="id7163" xlink:label="lbl13178">110013</label:label>
    <gen:arc xlink:type="arc" xlink:arcrole="http://xbrl.org/arcrole/2008/element-label" xlink:from="lbl13177" xlink:to="lbl13178"/>
    <va:valueAssertion xlink:type="resource" id="regla110014" aspectModel="dimensional" implicitFiltering="true" test="if (count(//cl-ci:DateOfEndOfReportingPeriod) eq 1) then (if (//cl-ci:DateOfEndOfReportingPeriod eq xs:date('2022-12-31')) then (count(//cl-ci:NombreSocioFirmaOpinion[xs:date(xfi:period-end(xfi:period(.))) eq xs:date('2023-01-01')]) eq 1) else true()) else true()" xlink:label="lbl13181"/>
    <label:label xlink:type="resource" xml:lang="es" id="id7166" xlink:label="lbl13182">110014</label:label>
    <gen:arc xlink:type="arc" xlink:arcrole="http://xbrl.org/arcrole/2008/element-label" xlink:from="lbl13181" xlink:to="lbl13182"/>
    <va:valueAssertion xlink:type="resource" id="regla110015" aspectModel="dimensional" implicitFiltering="true" test="if (count(//cl-ci:DateOfEndOfReportingPeriod) eq 1) then (if (//cl-ci:DateOfEndOfReportingPeriod eq xs:date('2022-12-31')) then (count(//cl-ci:RutSocioFirmaOpinion[xs:date(xfi:period-end(xfi:period(.))) eq xs:date('2023-01-01')]) eq 1) else true()) else true()" xlink:label="lbl13185"/>
    <label:label xlink:type="resource" xml:lang="es" id="id7169" xlink:label="lbl13186">110015</label:label>
    <gen:arc xlink:type="arc" xlink:arcrole="http://xbrl.org/arcrole/2008/element-label" xlink:from="lbl13185" xlink:to="lbl13186"/>
    <va:valueAssertion xlink:type="resource" id="regla110016" aspectModel="dimensional" implicitFiltering="true" test="if (count(//cl-ci:DateOfEndOfReportingPeriod) eq 1) then (if (//cl-ci:DateOfEndOfReportingPeriod eq xs:date('2022-12-31')) then (count(//cl-ci:TipoOpinionEEFFDiciembre[xs:date(xfi:period-end(xfi:period(.))) eq xs:date('2023-01-01')]) eq 1) else true()) else true()" xlink:label="lbl13189"/>
    <label:label xlink:type="resource" xml:lang="es" id="id7172" xlink:label="lbl13190">110016</label:label>
    <gen:arc xlink:type="arc" xlink:arcrole="http://xbrl.org/arcrole/2008/element-label" xlink:from="lbl13189" xlink:to="lbl13190"/>
    <va:valueAssertion xlink:type="resource" id="regla110017" aspectModel="dimensional" implicitFiltering="true" test="if (count(//cl-ci:DateOfEndOfReportingPeriod) eq 1) then (if (//cl-ci:DateOfEndOfReportingPeriod eq xs:date('2022-12-31')) then (count(//cl-ci:FechaEmisionOpinionEstadosFinancieros[xs:date(xfi:period-end(xfi:period(.))) eq xs:date('2023-01-01')]) eq 1) else true()) else true()" xlink:label="lbl13193"/>
    <label:label xlink:type="resource" xml:lang="es" id="id7175" xlink:label="lbl13194">110017</label:label>
    <gen:arc xlink:type="arc" xlink:arcrole="http://xbrl.org/arcrole/2008/element-label" xlink:from="lbl13193" xlink:to="lbl13194"/>
    <va:valueAssertion xlink:type="resource" id="regla110018" aspectModel="dimensional" implicitFiltering="true" test="if (count(//cl-ci:DateOfEndOfReportingPeriod) eq 1) then (if (//cl-ci:DateOfEndOfReportingPeriod eq xs:date('2022-06-30')) then (count(//cl-ci:NombreEmpresaAuditoriExterna[xs:date(xfi:period-end(xfi:period(.))) eq xs:date('2022-07-01')]) eq 1) else true()) else true()" xlink:label="lbl13197"/>
    <label:label xlink:type="resource" xml:lang="es" id="id7178" xlink:label="lbl13198">110018</label:label>
    <gen:arc xlink:type="arc" xlink:arcrole="http://xbrl.org/arcrole/2008/element-label" xlink:from="lbl13197" xlink:to="lbl13198"/>
    <va:valueAssertion xlink:type="resource" id="regla110019" aspectModel="dimensional" implicitFiltering="true" test="if (count(//cl-ci:DateOfEndOfReportingPeriod) eq 1) then (if (//cl-ci:DateOfEndOfReportingPeriod eq xs:date('2022-06-30')) then (count(//cl-ci:NombreSocioFirmaOpinion[xs:date(xfi:period-end(xfi:period(.))) eq xs:date('2022-07-01')]) eq 1) else true()) else true()" xlink:label="lbl13201"/>
    <label:label xlink:type="resource" xml:lang="es" id="id7181" xlink:label="lbl13202">110019</label:label>
    <gen:arc xlink:type="arc" xlink:arcrole="http://xbrl.org/arcrole/2008/element-label" xlink:from="lbl13201" xlink:to="lbl13202"/>
    <va:valueAssertion xlink:type="resource" id="regla110020" aspectModel="dimensional" implicitFiltering="true" test="if (count(//cl-ci:DateOfEndOfReportingPeriod) eq 1) then (if (//cl-ci:DateOfEndOfReportingPeriod eq xs:date('2022-06-30')) then (count(//cl-ci:RutSocioFirmaOpinion[xs:date(xfi:period-end(xfi:period(.))) eq xs:date('2022-07-01')]) eq 1) else true()) else true()" xlink:label="lbl13205"/>
    <label:label xlink:type="resource" xml:lang="es" id="id7184" xlink:label="lbl13206">110020</label:label>
    <gen:arc xlink:type="arc" xlink:arcrole="http://xbrl.org/arcrole/2008/element-label" xlink:from="lbl13205" xlink:to="lbl13206"/>
    <va:valueAssertion xlink:type="resource" id="regla110021" aspectModel="dimensional" implicitFiltering="true" test="if (count(//cl-ci:DateOfEndOfReportingPeriod) eq 1) then (if (//cl-ci:DateOfEndOfReportingPeriod eq xs:date('2022-06-30')) then (count(//cl-ci:InformeEEFFJunio[xs:date(xfi:period-end(xfi:period(.))) eq xs:date('2022-07-01')]) eq 1) else true()) else true()" xlink:label="lbl13209"/>
    <label:label xlink:type="resource" xml:lang="es" id="id7187" xlink:label="lbl13210">110021</label:label>
    <gen:arc xlink:type="arc" xlink:arcrole="http://xbrl.org/arcrole/2008/element-label" xlink:from="lbl13209" xlink:to="lbl13210"/>
    <va:valueAssertion xlink:type="resource" id="regla110022" aspectModel="dimensional" implicitFiltering="true" test="if (count(//cl-ci:DateOfEndOfReportingPeriod) eq 1) then (if (//cl-ci:DateOfEndOfReportingPeriod eq xs:date('2022-06-30')) then (count(//cl-ci:FechaEmisionOpinionEstadosFinancieros[xs:date(xfi:period-end(xfi:period(.))) eq xs:date('2022-07-01')]) eq 1) else true()) else true()" xlink:label="lbl13213"/>
    <label:label xlink:type="resource" xml:lang="es" id="id7190" xlink:label="lbl13214">110022</label:label>
    <gen:arc xlink:type="arc" xlink:arcrole="http://xbrl.org/arcrole/2008/element-label" xlink:from="lbl13213" xlink:to="lbl13214"/>
    <msg:message xlink:type="resource" id="id7128" xml:lang="es" xlink:role="http://www.xbrl.org/2010/role/message" xlink:label="lbl13109">Rol[110000] Regla110001:  Información a revelar sobre información general sobre los estados financieros [bloque de texto], está informado</msg:message>
    <gen:arc xlink:type="arc" xlink:arcrole="http://xbrl.org/arcrole/2010/assertion-satisfied-message" xlink:from="lbl13105" xlink:to="lbl13109"/>
    <msg:message xlink:type="resource" id="id7131" xml:lang="es" xlink:role="http://www.xbrl.org/2010/role/message" xlink:label="lbl13115">Rol[110000] Regla110002:  Nombre de la entidad que informa u otras formas de identificación , está informado</msg:message>
    <gen:arc xlink:type="arc" xlink:arcrole="http://xbrl.org/arcrole/2010/assertion-satisfied-message" xlink:from="lbl13111" xlink:to="lbl13115"/>
    <msg:message xlink:type="resource" id="id7134" xml:lang="es" xlink:role="http://www.xbrl.org/2010/role/message" xlink:label="lbl13121">Rol[110000] Regla110003:  RUT de entidad que Informa, está informado</msg:message>
    <gen:arc xlink:type="arc" xlink:arcrole="http://xbrl.org/arcrole/2010/assertion-satisfied-message" xlink:from="lbl13117" xlink:to="lbl13121"/>
    <msg:message xlink:type="resource" id="id7137" xml:lang="es" xlink:role="http://www.xbrl.org/2010/role/message" xlink:label="lbl13127">Rol[110000] Regla110004:  Número del registro de valores, está informado</msg:message>
    <gen:arc xlink:type="arc" xlink:arcrole="http://xbrl.org/arcrole/2010/assertion-satisfied-message" xlink:from="lbl13123" xlink:to="lbl13127"/>
    <msg:message xlink:type="resource" id="id7140" xml:lang="es" xlink:role="http://www.xbrl.org/2010/role/message" xlink:label="lbl13133">Rol[110000] Regla110005:  Descripción de la naturaleza de los estados financieros, está informado</msg:message>
    <gen:arc xlink:type="arc" xlink:arcrole="http://xbrl.org/arcrole/2010/assertion-satisfied-message" xlink:from="lbl13129" xlink:to="lbl13133"/>
    <msg:message xlink:type="resource" id="id7143" xml:lang="es" xlink:role="http://www.xbrl.org/2010/role/message" xlink:label="lbl13139">Rol[110000] Regla110006:  Tipo de estados financieros, está informado</msg:message>
    <gen:arc xlink:type="arc" xlink:arcrole="http://xbrl.org/arcrole/2010/assertion-satisfied-message" xlink:from="lbl13135" xlink:to="lbl13139"/>
    <msg:message xlink:type="resource" id="id7146" xml:lang="es" xlink:role="http://www.xbrl.org/2010/role/message" xlink:label="lbl13145">Rol[110000] Regla110007:  Fecha de cierre del periodo sobre el que se informa, está informado</msg:message>
    <gen:arc xlink:type="arc" xlink:arcrole="http://xbrl.org/arcrole/2010/assertion-satisfied-message" xlink:from="lbl13141" xlink:to="lbl13145"/>
    <msg:message xlink:type="resource" id="id7149" xml:lang="es" xlink:role="http://www.xbrl.org/2010/role/message" xlink:label="lbl13151">Rol[110000] Regla110008:  Periodo cubierto por los estados financieros, está informado</msg:message>
    <gen:arc xlink:type="arc" xlink:arcrole="http://xbrl.org/arcrole/2010/assertion-satisfied-message" xlink:from="lbl13147" xlink:to="lbl13151"/>
    <msg:message xlink:type="resource" id="id7152" xml:lang="es" xlink:role="http://www.xbrl.org/2010/role/message" xlink:label="lbl13157">Rol[110000] Regla110009:  Descripción de la moneda de presentación, está informado</msg:message>
    <gen:arc xlink:type="arc" xlink:arcrole="http://xbrl.org/arcrole/2010/assertion-satisfied-message" xlink:from="lbl13153" xlink:to="lbl13157"/>
    <msg:message xlink:type="resource" id="id7155" xml:lang="es" xlink:role="http://www.xbrl.org/2010/role/message" xlink:label="lbl13163">Rol[110000] Regla110010:  Grado de redondeo utilizado en los estados financieros, está informado</msg:message>
    <gen:arc xlink:type="arc" xlink:arcrole="http://xbrl.org/arcrole/2010/assertion-satisfied-message" xlink:from="lbl13159" xlink:to="lbl13163"/>
    <msg:message xlink:type="resource" id="id7158" xml:lang="es" xlink:role="http://www.xbrl.org/2010/role/message" xlink:label="lbl13169">Rol[110000] Regla110011:  Código de actividad principal, está informado</msg:message>
    <gen:arc xlink:type="arc" xlink:arcrole="http://xbrl.org/arcrole/2010/assertion-satisfied-message" xlink:from="lbl13165" xlink:to="lbl13169"/>
    <msg:message xlink:type="resource" id="id7161" xml:lang="es" xlink:role="http://www.xbrl.org/2010/role/message" xlink:label="lbl13175">Rol[110000] Regla110012:  Fecha Sesión Directorio en que se aprobaron los estados  financieros, está informado</msg:message>
    <gen:arc xlink:type="arc" xlink:arcrole="http://xbrl.org/arcrole/2010/assertion-satisfied-message" xlink:from="lbl13171" xlink:to="lbl13175"/>
    <msg:message xlink:type="resource" id="id7164" xml:lang="es" xlink:role="http://www.xbrl.org/2010/role/message" xlink:label="lbl13179">Rol[110000] Regla110013: OK, valida si se debe informar Nombre de empresa de auditoría externa</msg:message>
    <gen:arc xlink:type="arc" xlink:arcrole="http://xbrl.org/arcrole/2010/assertion-satisfied-message" xlink:from="lbl13177" xlink:to="lbl13179"/>
    <msg:message xlink:type="resource" id="id7167" xml:lang="es" xlink:role="http://www.xbrl.org/2010/role/message" xlink:label="lbl13183">Rol[110000] Regla110014: OK, valida si se debe informar Nombre del Socio que firma opinión</msg:message>
    <gen:arc xlink:type="arc" xlink:arcrole="http://xbrl.org/arcrole/2010/assertion-satisfied-message" xlink:from="lbl13181" xlink:to="lbl13183"/>
    <msg:message xlink:type="resource" id="id7170" xml:lang="es" xlink:role="http://www.xbrl.org/2010/role/message" xlink:label="lbl13187">Rol[110000] Regla110015: OK, valida si se debe informar Rut del socio que firma opinión</msg:message>
    <gen:arc xlink:type="arc" xlink:arcrole="http://xbrl.org/arcrole/2010/assertion-satisfied-message" xlink:from="lbl13185" xlink:to="lbl13187"/>
    <msg:message xlink:type="resource" id="id7173" xml:lang="es" xlink:role="http://www.xbrl.org/2010/role/message" xlink:label="lbl13191">Rol[110000] Regla110016: OK, valida si se debe informar Tipo de opinión a los estados financieros diciembre</msg:message>
    <gen:arc xlink:type="arc" xlink:arcrole="http://xbrl.org/arcrole/2010/assertion-satisfied-message" xlink:from="lbl13189" xlink:to="lbl13191"/>
    <msg:message xlink:type="resource" id="id7176" xml:lang="es" xlink:role="http://www.xbrl.org/2010/role/message" xlink:label="lbl13195">Rol[110000] Regla110017: OK, valida si se debe informar Fecha de emisión de la opinión sobre estados financieros</msg:message>
    <gen:arc xlink:type="arc" xlink:arcrole="http://xbrl.org/arcrole/2010/assertion-satisfied-message" xlink:from="lbl13193" xlink:to="lbl13195"/>
    <msg:message xlink:type="resource" id="id7179" xml:lang="es" xlink:role="http://www.xbrl.org/2010/role/message" xlink:label="lbl13199">Rol[110000] Regla110018: OK, valida si se debe informar Nombre de empresa de auditoría externa</msg:message>
    <gen:arc xlink:type="arc" xlink:arcrole="http://xbrl.org/arcrole/2010/assertion-satisfied-message" xlink:from="lbl13197" xlink:to="lbl13199"/>
    <msg:message xlink:type="resource" id="id7182" xml:lang="es" xlink:role="http://www.xbrl.org/2010/role/message" xlink:label="lbl13203">Rol[110000] Regla110019: OK, valida si se debe informar Nombre del Socio que firma opinión</msg:message>
    <gen:arc xlink:type="arc" xlink:arcrole="http://xbrl.org/arcrole/2010/assertion-satisfied-message" xlink:from="lbl13201" xlink:to="lbl13203"/>
    <msg:message xlink:type="resource" id="id7185" xml:lang="es" xlink:role="http://www.xbrl.org/2010/role/message" xlink:label="lbl13207">Rol[110000] Regla110020: OK, valida si se debe informar Rut del socio que firma opinión</msg:message>
    <gen:arc xlink:type="arc" xlink:arcrole="http://xbrl.org/arcrole/2010/assertion-satisfied-message" xlink:from="lbl13205" xlink:to="lbl13207"/>
    <msg:message xlink:type="resource" id="id7188" xml:lang="es" xlink:role="http://www.xbrl.org/2010/role/message" xlink:label="lbl13211">Rol[110000] Regla110021: OK, valida si se debe informar Informe revisión estados financieros junio</msg:message>
    <gen:arc xlink:type="arc" xlink:arcrole="http://xbrl.org/arcrole/2010/assertion-satisfied-message" xlink:from="lbl13209" xlink:to="lbl13211"/>
    <msg:message xlink:type="resource" id="id7191" xml:lang="es" xlink:role="http://www.xbrl.org/2010/role/message" xlink:label="lbl13215">Rol[110000] Regla110022: OK, valida si se debe informar Fecha de emisión de la opinión sobre estados financieros</msg:message>
    <gen:arc xlink:type="arc" xlink:arcrole="http://xbrl.org/arcrole/2010/assertion-satisfied-message" xlink:from="lbl13213" xlink:to="lbl13215"/>
    <msg:message xlink:type="resource" id="id7129" xml:lang="es" xlink:role="http://www.xbrl.org/2010/role/message" xlink:label="lbl13110">Rol[110000] Regla110001: Error Información a revelar sobre información general sobre los estados financieros [bloque de texto], no está informado</msg:message>
    <gen:arc xlink:type="arc" xlink:arcrole="http://xbrl.org/arcrole/2010/assertion-unsatisfied-message" xlink:from="lbl13105" xlink:to="lbl13110"/>
    <msg:message xlink:type="resource" id="id7132" xml:lang="es" xlink:role="http://www.xbrl.org/2010/role/message" xlink:label="lbl13116">Rol[110000] Regla110002: Error Nombre de la entidad que informa u otras formas de identificación , no está informado</msg:message>
    <gen:arc xlink:type="arc" xlink:arcrole="http://xbrl.org/arcrole/2010/assertion-unsatisfied-message" xlink:from="lbl13111" xlink:to="lbl13116"/>
    <msg:message xlink:type="resource" id="id7135" xml:lang="es" xlink:role="http://www.xbrl.org/2010/role/message" xlink:label="lbl13122">Rol[110000] Regla110003: Error RUT de entidad que Informa, no está informado</msg:message>
    <gen:arc xlink:type="arc" xlink:arcrole="http://xbrl.org/arcrole/2010/assertion-unsatisfied-message" xlink:from="lbl13117" xlink:to="lbl13122"/>
    <msg:message xlink:type="resource" id="id7138" xml:lang="es" xlink:role="http://www.xbrl.org/2010/role/message" xlink:label="lbl13128">Rol[110000] Regla110004: Error Número del registro de valores, no está informado</msg:message>
    <gen:arc xlink:type="arc" xlink:arcrole="http://xbrl.org/arcrole/2010/assertion-unsatisfied-message" xlink:from="lbl13123" xlink:to="lbl13128"/>
    <msg:message xlink:type="resource" id="id7141" xml:lang="es" xlink:role="http://www.xbrl.org/2010/role/message" xlink:label="lbl13134">Rol[110000] Regla110005: Error Descripción de la naturaleza de los estados financieros, no está informado</msg:message>
    <gen:arc xlink:type="arc" xlink:arcrole="http://xbrl.org/arcrole/2010/assertion-unsatisfied-message" xlink:from="lbl13129" xlink:to="lbl13134"/>
    <msg:message xlink:type="resource" id="id7144" xml:lang="es" xlink:role="http://www.xbrl.org/2010/role/message" xlink:label="lbl13140">Rol[110000] Regla110006: Error Tipo de estados financieros, no está informado</msg:message>
    <gen:arc xlink:type="arc" xlink:arcrole="http://xbrl.org/arcrole/2010/assertion-unsatisfied-message" xlink:from="lbl13135" xlink:to="lbl13140"/>
    <msg:message xlink:type="resource" id="id7147" xml:lang="es" xlink:role="http://www.xbrl.org/2010/role/message" xlink:label="lbl13146">Rol[110000] Regla110007: Error Fecha de cierre del periodo sobre el que se informa, no está informado</msg:message>
    <gen:arc xlink:type="arc" xlink:arcrole="http://xbrl.org/arcrole/2010/assertion-unsatisfied-message" xlink:from="lbl13141" xlink:to="lbl13146"/>
    <msg:message xlink:type="resource" id="id7150" xml:lang="es" xlink:role="http://www.xbrl.org/2010/role/message" xlink:label="lbl13152">Rol[110000] Regla110008: Error Periodo cubierto por los estados financieros, no está informado</msg:message>
    <gen:arc xlink:type="arc" xlink:arcrole="http://xbrl.org/arcrole/2010/assertion-unsatisfied-message" xlink:from="lbl13147" xlink:to="lbl13152"/>
    <msg:message xlink:type="resource" id="id7153" xml:lang="es" xlink:role="http://www.xbrl.org/2010/role/message" xlink:label="lbl13158">Rol[110000] Regla110009: Error Descripción de la moneda de presentación, no está informado</msg:message>
    <gen:arc xlink:type="arc" xlink:arcrole="http://xbrl.org/arcrole/2010/assertion-unsatisfied-message" xlink:from="lbl13153" xlink:to="lbl13158"/>
    <msg:message xlink:type="resource" id="id7156" xml:lang="es" xlink:role="http://www.xbrl.org/2010/role/message" xlink:label="lbl13164">Rol[110000] Regla110010: Error Grado de redondeo utilizado en los estados financieros, no está informado</msg:message>
    <gen:arc xlink:type="arc" xlink:arcrole="http://xbrl.org/arcrole/2010/assertion-unsatisfied-message" xlink:from="lbl13159" xlink:to="lbl13164"/>
    <msg:message xlink:type="resource" id="id7159" xml:lang="es" xlink:role="http://www.xbrl.org/2010/role/message" xlink:label="lbl13170">Rol[110000] Regla110011: Error Código de actividad principal, no está informado</msg:message>
    <gen:arc xlink:type="arc" xlink:arcrole="http://xbrl.org/arcrole/2010/assertion-unsatisfied-message" xlink:from="lbl13165" xlink:to="lbl13170"/>
    <msg:message xlink:type="resource" id="id7162" xml:lang="es" xlink:role="http://www.xbrl.org/2010/role/message" xlink:label="lbl13176">Rol[110000] Regla110012: Error Fecha Sesión Directorio en que se aprobaron los estados  financieros, no está informado</msg:message>
    <gen:arc xlink:type="arc" xlink:arcrole="http://xbrl.org/arcrole/2010/assertion-unsatisfied-message" xlink:from="lbl13171" xlink:to="lbl13176"/>
    <msg:message xlink:type="resource" id="id7165" xml:lang="es" xlink:role="http://www.xbrl.org/2010/role/message" xlink:label="lbl13180">Rol[110000] Regla110013: Error Nombre de empresa de auditoría externa, no está informado</msg:message>
    <gen:arc xlink:type="arc" xlink:arcrole="http://xbrl.org/arcrole/2010/assertion-unsatisfied-message" xlink:from="lbl13177" xlink:to="lbl13180"/>
    <msg:message xlink:type="resource" id="id7168" xml:lang="es" xlink:role="http://www.xbrl.org/2010/role/message" xlink:label="lbl13184">Rol[110000] Regla110014: Error Nombre del Socio que firma opinión, no está informado</msg:message>
    <gen:arc xlink:type="arc" xlink:arcrole="http://xbrl.org/arcrole/2010/assertion-unsatisfied-message" xlink:from="lbl13181" xlink:to="lbl13184"/>
    <msg:message xlink:type="resource" id="id7171" xml:lang="es" xlink:role="http://www.xbrl.org/2010/role/message" xlink:label="lbl13188">Rol[110000] Regla110015: Error Rut del socio que firma opinión, no está informado</msg:message>
    <gen:arc xlink:type="arc" xlink:arcrole="http://xbrl.org/arcrole/2010/assertion-unsatisfied-message" xlink:from="lbl13185" xlink:to="lbl13188"/>
    <msg:message xlink:type="resource" id="id7174" xml:lang="es" xlink:role="http://www.xbrl.org/2010/role/message" xlink:label="lbl13192">Rol[110000] Regla110016: Error Tipo de opinión a los estados financieros diciembre, no está informado</msg:message>
    <gen:arc xlink:type="arc" xlink:arcrole="http://xbrl.org/arcrole/2010/assertion-unsatisfied-message" xlink:from="lbl13189" xlink:to="lbl13192"/>
    <msg:message xlink:type="resource" id="id7177" xml:lang="es" xlink:role="http://www.xbrl.org/2010/role/message" xlink:label="lbl13196">Rol[110000] Regla110017: Error Fecha de emisión de la opinión sobre estados financieros, no está informado</msg:message>
    <gen:arc xlink:type="arc" xlink:arcrole="http://xbrl.org/arcrole/2010/assertion-unsatisfied-message" xlink:from="lbl13193" xlink:to="lbl13196"/>
    <msg:message xlink:type="resource" id="id7180" xml:lang="es" xlink:role="http://www.xbrl.org/2010/role/message" xlink:label="lbl13200">Rol[110000] Regla110018: Error Nombre de empresa de auditoría externa, no está informado</msg:message>
    <gen:arc xlink:type="arc" xlink:arcrole="http://xbrl.org/arcrole/2010/assertion-unsatisfied-message" xlink:from="lbl13197" xlink:to="lbl13200"/>
    <msg:message xlink:type="resource" id="id7183" xml:lang="es" xlink:role="http://www.xbrl.org/2010/role/message" xlink:label="lbl13204">Rol[110000] Regla110019: Error Nombre del Socio que firma opinión, no está informado</msg:message>
    <gen:arc xlink:type="arc" xlink:arcrole="http://xbrl.org/arcrole/2010/assertion-unsatisfied-message" xlink:from="lbl13201" xlink:to="lbl13204"/>
    <msg:message xlink:type="resource" id="id7186" xml:lang="es" xlink:role="http://www.xbrl.org/2010/role/message" xlink:label="lbl13208">Rol[110000] Regla110020: Error Rut del socio que firma opinión, no está informado</msg:message>
    <gen:arc xlink:type="arc" xlink:arcrole="http://xbrl.org/arcrole/2010/assertion-unsatisfied-message" xlink:from="lbl13205" xlink:to="lbl13208"/>
    <msg:message xlink:type="resource" id="id7189" xml:lang="es" xlink:role="http://www.xbrl.org/2010/role/message" xlink:label="lbl13212">Rol[110000] Regla110021: Error Informe revisión estados financieros junio, no está informado</msg:message>
    <gen:arc xlink:type="arc" xlink:arcrole="http://xbrl.org/arcrole/2010/assertion-unsatisfied-message" xlink:from="lbl13209" xlink:to="lbl13212"/>
    <msg:message xlink:type="resource" id="id7192" xml:lang="es" xlink:role="http://www.xbrl.org/2010/role/message" xlink:label="lbl13216">Rol[110000] Regla110022: Error Fecha de emisión de la opinión sobre estados financieros, no está informado</msg:message>
    <gen:arc xlink:type="arc" xlink:arcrole="http://xbrl.org/arcrole/2010/assertion-unsatisfied-message" xlink:from="lbl13213" xlink:to="lbl13216"/>
  </gen:link>
</link:linkbase>