<?xml version="1.0" encoding="UTF-8"?>
<!--
*******************************************************************************************
Copyright © 2022 Comisión para el Mercado Financiero de Chile (CMF) 
This material is copyright of the CMF Chile and all rights are reserved. 
No part of this material may be translated, reprinted, reproduced or utilised in 
any form or manner that is not expressly permitted by the CMF Chile 
IP Policy see: http://www.cmfchile.cl/sitio/pop/politica.html
*******************************************************************************************
-->
<!-- Generated with Reporting Standard S.L. XBRL Taxonomy builder version 3.7.1.1364 - http://www.reportingstandard.com -->
<link:linkbase xmlns:link="http://www.xbrl.org/2003/linkbase"
               xmlns:xs="http://www.w3.org/2001/XMLSchema"
               xmlns:xbrli="http://www.xbrl.org/2003/instance"
               xmlns:xfi="http://www.xbrl.org/2008/function/instance"
               xmlns:gen="http://xbrl.org/2008/generic"
               xmlns:xlink="http://www.w3.org/1999/xlink"
               xmlns:xsi="http://www.w3.org/2001/XMLSchema-instance"
               xmlns:ea="http://xbrl.org/2008/assertion/existence"
               xmlns:variable="http://xbrl.org/2008/variable"
               xmlns:cf="http://xbrl.org/2008/filter/concept"
               xmlns:ifrs-full="http://xbrl.ifrs.org/taxonomy/2021-03-24/ifrs-full"
               xmlns:label="http://xbrl.org/2008/label"
               xmlns:msg="http://xbrl.org/2010/message"
               xmlns:va="http://xbrl.org/2008/assertion/value"
               xmlns:pf="http://xbrl.org/2008/filter/period"
               xmlns:mf="http://xbrl.org/2008/filter/match"
               xmlns:df="http://xbrl.org/2008/filter/dimension"
               xmlns:cl-ci="http://www.cmfchile.cl/cl/fr/ci/2022-01-03"
               xsi:schemaLocation="http://xbrl.org/2008/assertion/existence http://www.xbrl.org/2008/existence-assertion.xsd http://xbrl.org/2008/variable http://www.xbrl.org/2008/variable.xsd http://xbrl.org/2008/filter/concept http://www.xbrl.org/2008/concept-filter.xsd http://xbrl.org/2008/label http://www.xbrl.org/2008/generic-label.xsd http://xbrl.org/2010/message http://www.xbrl.org/2010/generic-message.xsd http://xbrl.org/2008/assertion/value http://www.xbrl.org/2008/value-assertion.xsd http://xbrl.org/2008/filter/period http://www.xbrl.org/2008/period-filter.xsd http://xbrl.org/2008/filter/match http://www.xbrl.org/2013/match-filter.xsd http://xbrl.org/2008/filter/dimension http://www.xbrl.org/2008/dimension-filter.xsd http://xbrl.org/2008/generic http://www.xbrl.org/2008/generic-link.xsd http://xbrl.ifrs.org/taxonomy/2021-03-24/ifrs-full http://xbrl.ifrs.org/taxonomy/2021-03-24/full_ifrs/full_ifrs-cor_2021-03-24.xsd http://www.cmfchile.cl/cl/fr/ci/2022-01-03 ../../cl-ci_cor_2022-01-03.xsd">
  <link:roleRef xlink:type="simple" roleURI="http://www.cmfchile.cl/cl/fr/ci/role/ias-1_2021-03-24_role-861200" xlink:href="../cl-ci_ias-1_2021-03-24_role-861200.xsd#ias-1_2021-03-24_role-861200"/>
  <link:roleRef xlink:type="simple" roleURI="http://www.xbrl.org/2010/role/message" xlink:href="http://www.xbrl.org/2010/generic-message.xsd#standard-message"/>
  <link:arcroleRef xlink:type="simple" arcroleURI="http://xbrl.org/arcrole/2008/variable-set" xlink:href="http://www.xbrl.org/2008/variable.xsd#variable-set"/>
  <link:arcroleRef xlink:type="simple" arcroleURI="http://xbrl.org/arcrole/2008/variable-filter" xlink:href="http://www.xbrl.org/2008/variable.xsd#variable-filter"/>
  <link:arcroleRef xlink:type="simple" arcroleURI="http://xbrl.org/arcrole/2008/element-label" xlink:href="http://www.xbrl.org/2008/generic-label.xsd#element-label"/>
  <link:arcroleRef xlink:type="simple" arcroleURI="http://xbrl.org/arcrole/2010/assertion-satisfied-message" xlink:href="http://www.xbrl.org/2010/validation-message.xsd#assertion-satisfied-message"/>
  <link:arcroleRef xlink:type="simple" arcroleURI="http://xbrl.org/arcrole/2010/assertion-unsatisfied-message" xlink:href="http://www.xbrl.org/2010/validation-message.xsd#assertion-unsatisfied-message"/>
  <gen:link xlink:type="extended" xlink:role="http://www.cmfchile.cl/cl/fr/ci/role/ias-1_2021-03-24_role-861200">
    <ea:existenceAssertion xlink:type="resource" id="regla861201" aspectModel="dimensional" implicitFiltering="true" test=". ge 1" xlink:label="lbl26656"/>
    <variable:factVariable xlink:type="resource" bindAsSequence="false" xlink:label="lbl26657" id="id13195"/>
    <variable:variableArc xlink:type="arc" xlink:arcrole="http://xbrl.org/arcrole/2008/variable-set" name="acum_regla861201" xlink:from="lbl26656" xlink:to="lbl26657"/>
    <ea:existenceAssertion xlink:type="resource" id="regla861202" aspectModel="dimensional" implicitFiltering="true" test=". ge 1" xlink:label="lbl26662"/>
    <variable:factVariable xlink:type="resource" bindAsSequence="false" xlink:label="lbl26663" id="id13196"/>
    <variable:variableArc xlink:type="arc" xlink:arcrole="http://xbrl.org/arcrole/2008/variable-set" name="acum_regla861202" xlink:from="lbl26662" xlink:to="lbl26663"/>
    <ea:existenceAssertion xlink:type="resource" id="regla861203" aspectModel="dimensional" implicitFiltering="true" test=". ge 1" xlink:label="lbl26668"/>
    <variable:factVariable xlink:type="resource" bindAsSequence="false" xlink:label="lbl26669" id="id13197"/>
    <variable:variableArc xlink:type="arc" xlink:arcrole="http://xbrl.org/arcrole/2008/variable-set" name="acum_regla861203" xlink:from="lbl26668" xlink:to="lbl26669"/>
    <ea:existenceAssertion xlink:type="resource" id="regla861204" aspectModel="dimensional" implicitFiltering="true" test=". ge 2" xlink:label="lbl26674"/>
    <variable:factVariable xlink:type="resource" bindAsSequence="false" xlink:label="lbl26675" id="id13198"/>
    <variable:variableArc xlink:type="arc" xlink:arcrole="http://xbrl.org/arcrole/2008/variable-set" name="acum_regla861204" xlink:from="lbl26674" xlink:to="lbl26675"/>
    <va:valueAssertion xlink:type="resource" id="regla861205" aspectModel="dimensional" implicitFiltering="true" test="$ifrs-full:NumberOfSharesOutstanding eq $ifrs-full:NumberOfSharesOutstanding2  + $ifrs-full:IncreaseDecreaseInNumberOfSharesOutstanding" xlink:label="lbl26680"/>
    <variable:factVariable xlink:type="resource" bindAsSequence="false" fallbackValue="0" xlink:label="lbl26681" id="id13199"/>
    <variable:variableArc xlink:type="arc" xlink:arcrole="http://xbrl.org/arcrole/2008/variable-set" name="ifrs-full:NumberOfSharesOutstanding" xlink:from="lbl26680" xlink:to="lbl26681"/>
    <variable:factVariable xlink:type="resource" bindAsSequence="false" fallbackValue="0" xlink:label="lbl26683" id="id13200"/>
    <variable:variableArc xlink:type="arc" xlink:arcrole="http://xbrl.org/arcrole/2008/variable-set" name="ifrs-full:NumberOfSharesOutstanding2" xlink:from="lbl26680" xlink:to="lbl26683"/>
    <variable:factVariable xlink:type="resource" bindAsSequence="false" xlink:label="lbl26685" id="id13201"/>
    <variable:variableArc xlink:type="arc" xlink:arcrole="http://xbrl.org/arcrole/2008/variable-set" name="ifrs-full:IncreaseDecreaseInNumberOfSharesOutstanding" xlink:from="lbl26680" xlink:to="lbl26685"/>
    <va:valueAssertion xlink:type="resource" id="regla861206" aspectModel="dimensional" implicitFiltering="true" test="$ifrs-full:NumberOfSharesAuthorised ge $ifrs-full:NumberOfSharesIssued" xlink:label="lbl26690"/>
    <variable:factVariable xlink:type="resource" bindAsSequence="false" xlink:label="lbl26691" id="id13202"/>
    <variable:variableArc xlink:type="arc" xlink:arcrole="http://xbrl.org/arcrole/2008/variable-set" name="ifrs-full:NumberOfSharesAuthorised" xlink:from="lbl26690" xlink:to="lbl26691"/>
    <variable:factVariable xlink:type="resource" bindAsSequence="false" xlink:label="lbl26692" id="id13203"/>
    <variable:variableArc xlink:type="arc" xlink:arcrole="http://xbrl.org/arcrole/2008/variable-set" name="ifrs-full:NumberOfSharesIssued" xlink:from="lbl26690" xlink:to="lbl26692"/>
    <va:valueAssertion xlink:type="resource" id="regla861207" aspectModel="dimensional" implicitFiltering="true" test="$ifrs-full:NumberOfSharesIssued ge $ifrs-full:NumberOfSharesOutstanding" xlink:label="lbl26697"/>
    <variable:factVariable xlink:type="resource" bindAsSequence="false" xlink:label="lbl26698" id="id13204"/>
    <variable:variableArc xlink:type="arc" xlink:arcrole="http://xbrl.org/arcrole/2008/variable-set" name="ifrs-full:NumberOfSharesIssued" xlink:from="lbl26697" xlink:to="lbl26698"/>
    <variable:factVariable xlink:type="resource" bindAsSequence="false" xlink:label="lbl26699" id="id13205"/>
    <variable:variableArc xlink:type="arc" xlink:arcrole="http://xbrl.org/arcrole/2008/variable-set" name="ifrs-full:NumberOfSharesOutstanding" xlink:from="lbl26697" xlink:to="lbl26699"/>
    <va:valueAssertion xlink:type="resource" id="regla861208" aspectModel="dimensional" implicitFiltering="true" test="$ifrs-full:NumberOfSharesAuthorised = sum($ifrs-full:NumberOfSharesAuthorised2)" xlink:label="lbl26704"/>
    <variable:factVariable xlink:type="resource" bindAsSequence="true" xlink:label="lbl26705" id="id13206"/>
    <variable:variableArc xlink:type="arc" xlink:arcrole="http://xbrl.org/arcrole/2008/variable-set" name="ifrs-full:NumberOfSharesAuthorised" xlink:from="lbl26704" xlink:to="lbl26705"/>
    <variable:factVariable xlink:type="resource" bindAsSequence="true" xlink:label="lbl26707" id="id13207"/>
    <variable:variableArc xlink:type="arc" xlink:arcrole="http://xbrl.org/arcrole/2008/variable-set" name="ifrs-full:NumberOfSharesAuthorised2" xlink:from="lbl26704" xlink:to="lbl26707"/>
    <va:valueAssertion xlink:type="resource" id="regla861209" aspectModel="dimensional" implicitFiltering="true" test="$ifrs-full:NumberOfSharesIssued = sum($ifrs-full:NumberOfSharesIssued2)" xlink:label="lbl26712"/>
    <variable:factVariable xlink:type="resource" bindAsSequence="true" xlink:label="lbl26713" id="id13208"/>
    <variable:variableArc xlink:type="arc" xlink:arcrole="http://xbrl.org/arcrole/2008/variable-set" name="ifrs-full:NumberOfSharesIssued" xlink:from="lbl26712" xlink:to="lbl26713"/>
    <variable:factVariable xlink:type="resource" bindAsSequence="true" xlink:label="lbl26714" id="id13209"/>
    <variable:variableArc xlink:type="arc" xlink:arcrole="http://xbrl.org/arcrole/2008/variable-set" name="ifrs-full:NumberOfSharesIssued2" xlink:from="lbl26712" xlink:to="lbl26714"/>
    <va:valueAssertion xlink:type="resource" id="regla861210" aspectModel="dimensional" implicitFiltering="true" test="$ifrs-full:Equity = sum($ifrs-full:Equity2)" xlink:label="lbl26718"/>
    <variable:factVariable xlink:type="resource" bindAsSequence="true" xlink:label="lbl26719" id="id13210"/>
    <variable:variableArc xlink:type="arc" xlink:arcrole="http://xbrl.org/arcrole/2008/variable-set" name="ifrs-full:Equity" xlink:from="lbl26718" xlink:to="lbl26719"/>
    <variable:factVariable xlink:type="resource" bindAsSequence="true" xlink:label="lbl26721" id="id13211"/>
    <variable:variableArc xlink:type="arc" xlink:arcrole="http://xbrl.org/arcrole/2008/variable-set" name="ifrs-full:Equity2" xlink:from="lbl26718" xlink:to="lbl26721"/>
    <va:valueAssertion xlink:type="resource" id="regla861211" aspectModel="dimensional" implicitFiltering="true" test="$ifrs-full:IssuedCapital = sum($ifrs-full:IssuedCapital2)" xlink:label="lbl26725"/>
    <variable:factVariable xlink:type="resource" bindAsSequence="true" xlink:label="lbl26726" id="id13212"/>
    <variable:variableArc xlink:type="arc" xlink:arcrole="http://xbrl.org/arcrole/2008/variable-set" name="ifrs-full:IssuedCapital" xlink:from="lbl26725" xlink:to="lbl26726"/>
    <variable:factVariable xlink:type="resource" bindAsSequence="true" xlink:label="lbl26728" id="id13213"/>
    <variable:variableArc xlink:type="arc" xlink:arcrole="http://xbrl.org/arcrole/2008/variable-set" name="ifrs-full:IssuedCapital2" xlink:from="lbl26725" xlink:to="lbl26728"/>
    <va:valueAssertion xlink:type="resource" id="regla861212" aspectModel="dimensional" implicitFiltering="true" test="$ifrs-full:NumberOfSharesOutstanding = sum($ifrs-full:NumberOfSharesOutstanding2)" xlink:label="lbl26732"/>
    <variable:factVariable xlink:type="resource" bindAsSequence="true" xlink:label="lbl26733" id="id13214"/>
    <variable:variableArc xlink:type="arc" xlink:arcrole="http://xbrl.org/arcrole/2008/variable-set" name="ifrs-full:NumberOfSharesOutstanding" xlink:from="lbl26732" xlink:to="lbl26733"/>
    <variable:factVariable xlink:type="resource" bindAsSequence="true" xlink:label="lbl26734" id="id13215"/>
    <variable:variableArc xlink:type="arc" xlink:arcrole="http://xbrl.org/arcrole/2008/variable-set" name="ifrs-full:NumberOfSharesOutstanding2" xlink:from="lbl26732" xlink:to="lbl26734"/>
    <va:valueAssertion xlink:type="resource" id="regla861213" aspectModel="dimensional" implicitFiltering="true" test="$ifrs-full:IncreaseDecreaseInNumberOfSharesOutstanding = sum($ifrs-full:IncreaseDecreaseInNumberOfSharesOutstanding2)" xlink:label="lbl26738"/>
    <variable:factVariable xlink:type="resource" bindAsSequence="true" xlink:label="lbl26739" id="id13216"/>
    <variable:variableArc xlink:type="arc" xlink:arcrole="http://xbrl.org/arcrole/2008/variable-set" name="ifrs-full:IncreaseDecreaseInNumberOfSharesOutstanding" xlink:from="lbl26738" xlink:to="lbl26739"/>
    <variable:factVariable xlink:type="resource" bindAsSequence="true" xlink:label="lbl26740" id="id13217"/>
    <variable:variableArc xlink:type="arc" xlink:arcrole="http://xbrl.org/arcrole/2008/variable-set" name="ifrs-full:IncreaseDecreaseInNumberOfSharesOutstanding2" xlink:from="lbl26738" xlink:to="lbl26740"/>
    <va:valueAssertion xlink:type="resource" id="regla861214" aspectModel="dimensional" implicitFiltering="true" test="$ifrs-full:SharesInEntityHeldByEntityOrByItsSubsidiariesOrAssociates = sum($ifrs-full:SharesInEntityHeldByEntityOrByItsSubsidiariesOrAssociates2)" xlink:label="lbl26744"/>
    <variable:factVariable xlink:type="resource" bindAsSequence="true" xlink:label="lbl26745" id="id13218"/>
    <variable:variableArc xlink:type="arc" xlink:arcrole="http://xbrl.org/arcrole/2008/variable-set" name="ifrs-full:SharesInEntityHeldByEntityOrByItsSubsidiariesOrAssociates" xlink:from="lbl26744" xlink:to="lbl26745"/>
    <variable:factVariable xlink:type="resource" bindAsSequence="true" xlink:label="lbl26747" id="id13219"/>
    <variable:variableArc xlink:type="arc" xlink:arcrole="http://xbrl.org/arcrole/2008/variable-set" name="ifrs-full:SharesInEntityHeldByEntityOrByItsSubsidiariesOrAssociates2" xlink:from="lbl26744" xlink:to="lbl26747"/>
    <va:valueAssertion xlink:type="resource" id="regla861215" aspectModel="dimensional" implicitFiltering="true" test="$ifrs-full:SharesReservedForIssueUnderOptionsAndContractsForSaleOfShares = sum($ifrs-full:SharesReservedForIssueUnderOptionsAndContractsForSaleOfShares2)" xlink:label="lbl26751"/>
    <variable:factVariable xlink:type="resource" bindAsSequence="true" xlink:label="lbl26752" id="id13220"/>
    <variable:variableArc xlink:type="arc" xlink:arcrole="http://xbrl.org/arcrole/2008/variable-set" name="ifrs-full:SharesReservedForIssueUnderOptionsAndContractsForSaleOfShares" xlink:from="lbl26751" xlink:to="lbl26752"/>
    <variable:factVariable xlink:type="resource" bindAsSequence="true" xlink:label="lbl26754" id="id13221"/>
    <variable:variableArc xlink:type="arc" xlink:arcrole="http://xbrl.org/arcrole/2008/variable-set" name="ifrs-full:SharesReservedForIssueUnderOptionsAndContractsForSaleOfShares2" xlink:from="lbl26751" xlink:to="lbl26754"/>
    <va:valueAssertion xlink:type="resource" id="regla861216" aspectModel="dimensional" implicitFiltering="true" test="$ifrs-full:NumberOfSharesAuthorised = sum($ifrs-full:NumberOfSharesAuthorised2)" xlink:label="lbl26758"/>
    <variable:factVariable xlink:type="resource" bindAsSequence="true" xlink:label="lbl26759" id="id13222"/>
    <variable:variableArc xlink:type="arc" xlink:arcrole="http://xbrl.org/arcrole/2008/variable-set" name="ifrs-full:NumberOfSharesAuthorised" xlink:from="lbl26758" xlink:to="lbl26759"/>
    <variable:factVariable xlink:type="resource" bindAsSequence="true" xlink:label="lbl26761" id="id13223"/>
    <variable:variableArc xlink:type="arc" xlink:arcrole="http://xbrl.org/arcrole/2008/variable-set" name="ifrs-full:NumberOfSharesAuthorised2" xlink:from="lbl26758" xlink:to="lbl26761"/>
    <va:valueAssertion xlink:type="resource" id="regla861217" aspectModel="dimensional" implicitFiltering="true" test="$ifrs-full:NumberOfSharesIssued = sum($ifrs-full:NumberOfSharesIssued2)" xlink:label="lbl26766"/>
    <variable:factVariable xlink:type="resource" bindAsSequence="true" xlink:label="lbl26767" id="id13224"/>
    <variable:variableArc xlink:type="arc" xlink:arcrole="http://xbrl.org/arcrole/2008/variable-set" name="ifrs-full:NumberOfSharesIssued" xlink:from="lbl26766" xlink:to="lbl26767"/>
    <variable:factVariable xlink:type="resource" bindAsSequence="true" xlink:label="lbl26768" id="id13225"/>
    <variable:variableArc xlink:type="arc" xlink:arcrole="http://xbrl.org/arcrole/2008/variable-set" name="ifrs-full:NumberOfSharesIssued2" xlink:from="lbl26766" xlink:to="lbl26768"/>
    <va:valueAssertion xlink:type="resource" id="regla861218" aspectModel="dimensional" implicitFiltering="true" test="$ifrs-full:Equity = sum($ifrs-full:Equity2)" xlink:label="lbl26772"/>
    <variable:factVariable xlink:type="resource" bindAsSequence="true" xlink:label="lbl26773" id="id13226"/>
    <variable:variableArc xlink:type="arc" xlink:arcrole="http://xbrl.org/arcrole/2008/variable-set" name="ifrs-full:Equity" xlink:from="lbl26772" xlink:to="lbl26773"/>
    <variable:factVariable xlink:type="resource" bindAsSequence="true" xlink:label="lbl26774" id="id13227"/>
    <variable:variableArc xlink:type="arc" xlink:arcrole="http://xbrl.org/arcrole/2008/variable-set" name="ifrs-full:Equity2" xlink:from="lbl26772" xlink:to="lbl26774"/>
    <va:valueAssertion xlink:type="resource" id="regla861219" aspectModel="dimensional" implicitFiltering="true" test="$ifrs-full:IssuedCapital = sum($ifrs-full:IssuedCapital2)" xlink:label="lbl26778"/>
    <variable:factVariable xlink:type="resource" bindAsSequence="true" xlink:label="lbl26779" id="id13228"/>
    <variable:variableArc xlink:type="arc" xlink:arcrole="http://xbrl.org/arcrole/2008/variable-set" name="ifrs-full:IssuedCapital" xlink:from="lbl26778" xlink:to="lbl26779"/>
    <variable:factVariable xlink:type="resource" bindAsSequence="true" xlink:label="lbl26780" id="id13229"/>
    <variable:variableArc xlink:type="arc" xlink:arcrole="http://xbrl.org/arcrole/2008/variable-set" name="ifrs-full:IssuedCapital2" xlink:from="lbl26778" xlink:to="lbl26780"/>
    <va:valueAssertion xlink:type="resource" id="regla861220" aspectModel="dimensional" implicitFiltering="true" test="$ifrs-full:NumberOfSharesOutstanding = sum($ifrs-full:NumberOfSharesOutstanding2)" xlink:label="lbl26784"/>
    <variable:factVariable xlink:type="resource" bindAsSequence="true" xlink:label="lbl26785" id="id13230"/>
    <variable:variableArc xlink:type="arc" xlink:arcrole="http://xbrl.org/arcrole/2008/variable-set" name="ifrs-full:NumberOfSharesOutstanding" xlink:from="lbl26784" xlink:to="lbl26785"/>
    <variable:factVariable xlink:type="resource" bindAsSequence="true" xlink:label="lbl26786" id="id13231"/>
    <variable:variableArc xlink:type="arc" xlink:arcrole="http://xbrl.org/arcrole/2008/variable-set" name="ifrs-full:NumberOfSharesOutstanding2" xlink:from="lbl26784" xlink:to="lbl26786"/>
    <va:valueAssertion xlink:type="resource" id="regla861221" aspectModel="dimensional" implicitFiltering="true" test="$ifrs-full:IncreaseDecreaseInNumberOfSharesOutstanding = sum($ifrs-full:IncreaseDecreaseInNumberOfSharesOutstanding2)" xlink:label="lbl26790"/>
    <variable:factVariable xlink:type="resource" bindAsSequence="true" xlink:label="lbl26791" id="id13232"/>
    <variable:variableArc xlink:type="arc" xlink:arcrole="http://xbrl.org/arcrole/2008/variable-set" name="ifrs-full:IncreaseDecreaseInNumberOfSharesOutstanding" xlink:from="lbl26790" xlink:to="lbl26791"/>
    <variable:factVariable xlink:type="resource" bindAsSequence="true" xlink:label="lbl26792" id="id13233"/>
    <variable:variableArc xlink:type="arc" xlink:arcrole="http://xbrl.org/arcrole/2008/variable-set" name="ifrs-full:IncreaseDecreaseInNumberOfSharesOutstanding2" xlink:from="lbl26790" xlink:to="lbl26792"/>
    <va:valueAssertion xlink:type="resource" id="regla861222" aspectModel="dimensional" implicitFiltering="true" test="$ifrs-full:SharesInEntityHeldByEntityOrByItsSubsidiariesOrAssociates = sum($ifrs-full:SharesInEntityHeldByEntityOrByItsSubsidiariesOrAssociates2)" xlink:label="lbl26796"/>
    <variable:factVariable xlink:type="resource" bindAsSequence="true" xlink:label="lbl26797" id="id13234"/>
    <variable:variableArc xlink:type="arc" xlink:arcrole="http://xbrl.org/arcrole/2008/variable-set" name="ifrs-full:SharesInEntityHeldByEntityOrByItsSubsidiariesOrAssociates" xlink:from="lbl26796" xlink:to="lbl26797"/>
    <variable:factVariable xlink:type="resource" bindAsSequence="true" xlink:label="lbl26798" id="id13235"/>
    <variable:variableArc xlink:type="arc" xlink:arcrole="http://xbrl.org/arcrole/2008/variable-set" name="ifrs-full:SharesInEntityHeldByEntityOrByItsSubsidiariesOrAssociates2" xlink:from="lbl26796" xlink:to="lbl26798"/>
    <va:valueAssertion xlink:type="resource" id="regla861223" aspectModel="dimensional" implicitFiltering="true" test="$ifrs-full:SharesReservedForIssueUnderOptionsAndContractsForSaleOfShares = sum($ifrs-full:SharesReservedForIssueUnderOptionsAndContractsForSaleOfShares2)" xlink:label="lbl26802"/>
    <variable:factVariable xlink:type="resource" bindAsSequence="true" xlink:label="lbl26803" id="id13236"/>
    <variable:variableArc xlink:type="arc" xlink:arcrole="http://xbrl.org/arcrole/2008/variable-set" name="ifrs-full:SharesReservedForIssueUnderOptionsAndContractsForSaleOfShares" xlink:from="lbl26802" xlink:to="lbl26803"/>
    <variable:factVariable xlink:type="resource" bindAsSequence="true" xlink:label="lbl26804" id="id13237"/>
    <variable:variableArc xlink:type="arc" xlink:arcrole="http://xbrl.org/arcrole/2008/variable-set" name="ifrs-full:SharesReservedForIssueUnderOptionsAndContractsForSaleOfShares2" xlink:from="lbl26802" xlink:to="lbl26804"/>
    <va:valueAssertion xlink:type="resource" id="regla861224" aspectModel="dimensional" implicitFiltering="true" test="$cl-ci:MontoDividendoTotal = sum($cl-ci:MontoDividendoTotal2)" xlink:label="lbl26808"/>
    <variable:factVariable xlink:type="resource" bindAsSequence="true" xlink:label="lbl26809" id="id13238"/>
    <variable:variableArc xlink:type="arc" xlink:arcrole="http://xbrl.org/arcrole/2008/variable-set" name="cl-ci:MontoDividendoTotal" xlink:from="lbl26808" xlink:to="lbl26809"/>
    <variable:factVariable xlink:type="resource" bindAsSequence="true" xlink:label="lbl26812" id="id13239"/>
    <variable:variableArc xlink:type="arc" xlink:arcrole="http://xbrl.org/arcrole/2008/variable-set" name="cl-ci:MontoDividendoTotal2" xlink:from="lbl26808" xlink:to="lbl26812"/>
    <va:valueAssertion xlink:type="resource" id="regla861225" aspectModel="dimensional" implicitFiltering="true" test="$cl-ci:MontoDividendoTotal = sum($cl-ci:MontoDividendoTotal2)" xlink:label="lbl26817"/>
    <variable:factVariable xlink:type="resource" bindAsSequence="true" xlink:label="lbl26818" id="id13240"/>
    <variable:variableArc xlink:type="arc" xlink:arcrole="http://xbrl.org/arcrole/2008/variable-set" name="cl-ci:MontoDividendoTotal" xlink:from="lbl26817" xlink:to="lbl26818"/>
    <variable:factVariable xlink:type="resource" bindAsSequence="true" xlink:label="lbl26820" id="id13241"/>
    <variable:variableArc xlink:type="arc" xlink:arcrole="http://xbrl.org/arcrole/2008/variable-set" name="cl-ci:MontoDividendoTotal2" xlink:from="lbl26817" xlink:to="lbl26820"/>
    <cf:conceptName xlink:type="resource" xlink:label="lbl26658" id="id13242">
      <cf:concept>
        <cf:qname>ifrs-full:NumberOfSharesAuthorised</cf:qname>
      </cf:concept>
    </cf:conceptName>
    <variable:variableFilterArc xlink:type="arc" xlink:arcrole="http://xbrl.org/arcrole/2008/variable-filter" complement="false" cover="true" xlink:from="lbl26657" xlink:to="lbl26658"/>
    <cf:conceptName xlink:type="resource" xlink:label="lbl26664" id="id13243">
      <cf:concept>
        <cf:qname>ifrs-full:NumberOfSharesIssued</cf:qname>
      </cf:concept>
    </cf:conceptName>
    <variable:variableFilterArc xlink:type="arc" xlink:arcrole="http://xbrl.org/arcrole/2008/variable-filter" complement="false" cover="true" xlink:from="lbl26663" xlink:to="lbl26664"/>
    <cf:conceptName xlink:type="resource" xlink:label="lbl26670" id="id13244">
      <cf:concept>
        <cf:qname>ifrs-full:NumberOfSharesIssuedAndFullyPaid</cf:qname>
      </cf:concept>
    </cf:conceptName>
    <variable:variableFilterArc xlink:type="arc" xlink:arcrole="http://xbrl.org/arcrole/2008/variable-filter" complement="false" cover="true" xlink:from="lbl26669" xlink:to="lbl26670"/>
    <cf:conceptName xlink:type="resource" xlink:label="lbl26676" id="id13245">
      <cf:concept>
        <cf:qname>ifrs-full:NumberOfSharesOutstanding</cf:qname>
      </cf:concept>
    </cf:conceptName>
    <variable:variableFilterArc xlink:type="arc" xlink:arcrole="http://xbrl.org/arcrole/2008/variable-filter" complement="false" cover="true" xlink:from="lbl26675" xlink:to="lbl26676"/>
    <variable:variableFilterArc xlink:type="arc" xlink:arcrole="http://xbrl.org/arcrole/2008/variable-filter" complement="false" cover="true" xlink:from="lbl26681" xlink:to="lbl26676"/>
    <pf:instantDuration xlink:type="resource" boundary="end" variable="ifrs-full:IncreaseDecreaseInNumberOfSharesOutstanding" xlink:label="lbl26682" id="id13246"/>
    <variable:variableFilterArc xlink:type="arc" xlink:arcrole="http://xbrl.org/arcrole/2008/variable-filter" complement="false" cover="true" xlink:from="lbl26681" xlink:to="lbl26682"/>
    <variable:variableFilterArc xlink:type="arc" xlink:arcrole="http://xbrl.org/arcrole/2008/variable-filter" complement="false" cover="true" xlink:from="lbl26683" xlink:to="lbl26676"/>
    <pf:instantDuration xlink:type="resource" boundary="start" variable="ifrs-full:IncreaseDecreaseInNumberOfSharesOutstanding" xlink:label="lbl26684" id="id13247"/>
    <variable:variableFilterArc xlink:type="arc" xlink:arcrole="http://xbrl.org/arcrole/2008/variable-filter" complement="false" cover="true" xlink:from="lbl26683" xlink:to="lbl26684"/>
    <cf:conceptName xlink:type="resource" xlink:label="lbl26686" id="id13248">
      <cf:concept>
        <cf:qname>ifrs-full:IncreaseDecreaseInNumberOfSharesOutstanding</cf:qname>
      </cf:concept>
    </cf:conceptName>
    <variable:variableFilterArc xlink:type="arc" xlink:arcrole="http://xbrl.org/arcrole/2008/variable-filter" complement="false" cover="true" xlink:from="lbl26685" xlink:to="lbl26686"/>
    <variable:variableFilterArc xlink:type="arc" xlink:arcrole="http://xbrl.org/arcrole/2008/variable-filter" complement="false" cover="true" xlink:from="lbl26691" xlink:to="lbl26658"/>
    <variable:variableFilterArc xlink:type="arc" xlink:arcrole="http://xbrl.org/arcrole/2008/variable-filter" complement="false" cover="true" xlink:from="lbl26692" xlink:to="lbl26664"/>
    <mf:matchPeriod xlink:type="resource" variable="ifrs-full:NumberOfSharesAuthorised" xlink:label="lbl26693" id="id13249"/>
    <variable:variableFilterArc xlink:type="arc" xlink:arcrole="http://xbrl.org/arcrole/2008/variable-filter" complement="false" cover="true" xlink:from="lbl26692" xlink:to="lbl26693"/>
    <variable:variableFilterArc xlink:type="arc" xlink:arcrole="http://xbrl.org/arcrole/2008/variable-filter" complement="false" cover="true" xlink:from="lbl26698" xlink:to="lbl26664"/>
    <variable:variableFilterArc xlink:type="arc" xlink:arcrole="http://xbrl.org/arcrole/2008/variable-filter" complement="false" cover="true" xlink:from="lbl26699" xlink:to="lbl26676"/>
    <mf:matchPeriod xlink:type="resource" variable="ifrs-full:NumberOfSharesIssued" xlink:label="lbl26700" id="id13250"/>
    <variable:variableFilterArc xlink:type="arc" xlink:arcrole="http://xbrl.org/arcrole/2008/variable-filter" complement="false" cover="true" xlink:from="lbl26699" xlink:to="lbl26700"/>
    <variable:variableFilterArc xlink:type="arc" xlink:arcrole="http://xbrl.org/arcrole/2008/variable-filter" complement="false" cover="true" xlink:from="lbl26705" xlink:to="lbl26658"/>
    <df:explicitDimension xlink:type="resource" xlink:label="lbl26706" id="id13251">
      <df:dimension>
        <df:qname>ifrs-full:ClassesOfShareCapitalAxis</df:qname>
      </df:dimension>
      <df:member>
        <df:qname>ifrs-full:ClassesOfShareCapitalMember</df:qname>
      </df:member>
    </df:explicitDimension>
    <variable:variableFilterArc xlink:type="arc" xlink:arcrole="http://xbrl.org/arcrole/2008/variable-filter" complement="false" cover="true" xlink:from="lbl26705" xlink:to="lbl26706"/>
    <variable:variableFilterArc xlink:type="arc" xlink:arcrole="http://xbrl.org/arcrole/2008/variable-filter" complement="false" cover="true" xlink:from="lbl26707" xlink:to="lbl26658"/>
    <df:explicitDimension xlink:type="resource" xlink:label="lbl26708" id="id13252">
      <df:dimension>
        <df:qname>ifrs-full:ClassesOfShareCapitalAxis</df:qname>
      </df:dimension>
      <df:member>
        <df:qname>ifrs-full:ClassesOfShareCapitalMember</df:qname>
        <df:linkrole>http://www.cmfchile.cl/cl/fr/ci/role/ias-1_2021-03-24_role-861200</df:linkrole>
        <df:arcrole>http://xbrl.org/int/dim/arcrole/domain-member</df:arcrole>
        <df:axis>child</df:axis>
      </df:member>
    </df:explicitDimension>
    <variable:variableFilterArc xlink:type="arc" xlink:arcrole="http://xbrl.org/arcrole/2008/variable-filter" complement="false" cover="true" xlink:from="lbl26707" xlink:to="lbl26708"/>
    <variable:variableFilterArc xlink:type="arc" xlink:arcrole="http://xbrl.org/arcrole/2008/variable-filter" complement="false" cover="true" xlink:from="lbl26713" xlink:to="lbl26664"/>
    <variable:variableFilterArc xlink:type="arc" xlink:arcrole="http://xbrl.org/arcrole/2008/variable-filter" complement="false" cover="true" xlink:from="lbl26713" xlink:to="lbl26706"/>
    <variable:variableFilterArc xlink:type="arc" xlink:arcrole="http://xbrl.org/arcrole/2008/variable-filter" complement="false" cover="true" xlink:from="lbl26714" xlink:to="lbl26664"/>
    <variable:variableFilterArc xlink:type="arc" xlink:arcrole="http://xbrl.org/arcrole/2008/variable-filter" complement="false" cover="true" xlink:from="lbl26714" xlink:to="lbl26708"/>
    <cf:conceptName xlink:type="resource" xlink:label="lbl26720" id="id13253">
      <cf:concept>
        <cf:qname>ifrs-full:Equity</cf:qname>
      </cf:concept>
    </cf:conceptName>
    <variable:variableFilterArc xlink:type="arc" xlink:arcrole="http://xbrl.org/arcrole/2008/variable-filter" complement="false" cover="true" xlink:from="lbl26719" xlink:to="lbl26720"/>
    <variable:variableFilterArc xlink:type="arc" xlink:arcrole="http://xbrl.org/arcrole/2008/variable-filter" complement="false" cover="true" xlink:from="lbl26719" xlink:to="lbl26706"/>
    <variable:variableFilterArc xlink:type="arc" xlink:arcrole="http://xbrl.org/arcrole/2008/variable-filter" complement="false" cover="true" xlink:from="lbl26721" xlink:to="lbl26720"/>
    <variable:variableFilterArc xlink:type="arc" xlink:arcrole="http://xbrl.org/arcrole/2008/variable-filter" complement="false" cover="true" xlink:from="lbl26721" xlink:to="lbl26708"/>
    <cf:conceptName xlink:type="resource" xlink:label="lbl26727" id="id13254">
      <cf:concept>
        <cf:qname>ifrs-full:IssuedCapital</cf:qname>
      </cf:concept>
    </cf:conceptName>
    <variable:variableFilterArc xlink:type="arc" xlink:arcrole="http://xbrl.org/arcrole/2008/variable-filter" complement="false" cover="true" xlink:from="lbl26726" xlink:to="lbl26727"/>
    <variable:variableFilterArc xlink:type="arc" xlink:arcrole="http://xbrl.org/arcrole/2008/variable-filter" complement="false" cover="true" xlink:from="lbl26726" xlink:to="lbl26706"/>
    <variable:variableFilterArc xlink:type="arc" xlink:arcrole="http://xbrl.org/arcrole/2008/variable-filter" complement="false" cover="true" xlink:from="lbl26728" xlink:to="lbl26727"/>
    <variable:variableFilterArc xlink:type="arc" xlink:arcrole="http://xbrl.org/arcrole/2008/variable-filter" complement="false" cover="true" xlink:from="lbl26728" xlink:to="lbl26708"/>
    <variable:variableFilterArc xlink:type="arc" xlink:arcrole="http://xbrl.org/arcrole/2008/variable-filter" complement="false" cover="true" xlink:from="lbl26733" xlink:to="lbl26676"/>
    <variable:variableFilterArc xlink:type="arc" xlink:arcrole="http://xbrl.org/arcrole/2008/variable-filter" complement="false" cover="true" xlink:from="lbl26733" xlink:to="lbl26706"/>
    <variable:variableFilterArc xlink:type="arc" xlink:arcrole="http://xbrl.org/arcrole/2008/variable-filter" complement="false" cover="true" xlink:from="lbl26734" xlink:to="lbl26676"/>
    <variable:variableFilterArc xlink:type="arc" xlink:arcrole="http://xbrl.org/arcrole/2008/variable-filter" complement="false" cover="true" xlink:from="lbl26734" xlink:to="lbl26708"/>
    <variable:variableFilterArc xlink:type="arc" xlink:arcrole="http://xbrl.org/arcrole/2008/variable-filter" complement="false" cover="true" xlink:from="lbl26739" xlink:to="lbl26686"/>
    <variable:variableFilterArc xlink:type="arc" xlink:arcrole="http://xbrl.org/arcrole/2008/variable-filter" complement="false" cover="true" xlink:from="lbl26739" xlink:to="lbl26706"/>
    <variable:variableFilterArc xlink:type="arc" xlink:arcrole="http://xbrl.org/arcrole/2008/variable-filter" complement="false" cover="true" xlink:from="lbl26740" xlink:to="lbl26686"/>
    <variable:variableFilterArc xlink:type="arc" xlink:arcrole="http://xbrl.org/arcrole/2008/variable-filter" complement="false" cover="true" xlink:from="lbl26740" xlink:to="lbl26708"/>
    <cf:conceptName xlink:type="resource" xlink:label="lbl26746" id="id13255">
      <cf:concept>
        <cf:qname>ifrs-full:SharesInEntityHeldByEntityOrByItsSubsidiariesOrAssociates</cf:qname>
      </cf:concept>
    </cf:conceptName>
    <variable:variableFilterArc xlink:type="arc" xlink:arcrole="http://xbrl.org/arcrole/2008/variable-filter" complement="false" cover="true" xlink:from="lbl26745" xlink:to="lbl26746"/>
    <variable:variableFilterArc xlink:type="arc" xlink:arcrole="http://xbrl.org/arcrole/2008/variable-filter" complement="false" cover="true" xlink:from="lbl26745" xlink:to="lbl26706"/>
    <variable:variableFilterArc xlink:type="arc" xlink:arcrole="http://xbrl.org/arcrole/2008/variable-filter" complement="false" cover="true" xlink:from="lbl26747" xlink:to="lbl26746"/>
    <variable:variableFilterArc xlink:type="arc" xlink:arcrole="http://xbrl.org/arcrole/2008/variable-filter" complement="false" cover="true" xlink:from="lbl26747" xlink:to="lbl26708"/>
    <cf:conceptName xlink:type="resource" xlink:label="lbl26753" id="id13256">
      <cf:concept>
        <cf:qname>ifrs-full:SharesReservedForIssueUnderOptionsAndContractsForSaleOfShares</cf:qname>
      </cf:concept>
    </cf:conceptName>
    <variable:variableFilterArc xlink:type="arc" xlink:arcrole="http://xbrl.org/arcrole/2008/variable-filter" complement="false" cover="true" xlink:from="lbl26752" xlink:to="lbl26753"/>
    <variable:variableFilterArc xlink:type="arc" xlink:arcrole="http://xbrl.org/arcrole/2008/variable-filter" complement="false" cover="true" xlink:from="lbl26752" xlink:to="lbl26706"/>
    <variable:variableFilterArc xlink:type="arc" xlink:arcrole="http://xbrl.org/arcrole/2008/variable-filter" complement="false" cover="true" xlink:from="lbl26754" xlink:to="lbl26753"/>
    <variable:variableFilterArc xlink:type="arc" xlink:arcrole="http://xbrl.org/arcrole/2008/variable-filter" complement="false" cover="true" xlink:from="lbl26754" xlink:to="lbl26708"/>
    <variable:variableFilterArc xlink:type="arc" xlink:arcrole="http://xbrl.org/arcrole/2008/variable-filter" complement="false" cover="true" xlink:from="lbl26759" xlink:to="lbl26658"/>
    <df:explicitDimension xlink:type="resource" xlink:label="lbl26760" id="id13257">
      <df:dimension>
        <df:qname>ifrs-full:ClassesOfShareCapitalAxis</df:qname>
      </df:dimension>
      <df:member>
        <df:qname>ifrs-full:PreferenceSharesMember</df:qname>
      </df:member>
    </df:explicitDimension>
    <variable:variableFilterArc xlink:type="arc" xlink:arcrole="http://xbrl.org/arcrole/2008/variable-filter" complement="false" cover="true" xlink:from="lbl26759" xlink:to="lbl26760"/>
    <variable:variableFilterArc xlink:type="arc" xlink:arcrole="http://xbrl.org/arcrole/2008/variable-filter" complement="false" cover="true" xlink:from="lbl26761" xlink:to="lbl26658"/>
    <df:explicitDimension xlink:type="resource" xlink:label="lbl26762" id="id13258">
      <df:dimension>
        <df:qname>ifrs-full:ClassesOfShareCapitalAxis</df:qname>
      </df:dimension>
      <df:member>
        <df:qname>ifrs-full:PreferenceSharesMember</df:qname>
        <df:linkrole>http://www.cmfchile.cl/cl/fr/ci/role/ias-1_2021-03-24_role-861200</df:linkrole>
        <df:arcrole>http://xbrl.org/int/dim/arcrole/domain-member</df:arcrole>
        <df:axis>child</df:axis>
      </df:member>
    </df:explicitDimension>
    <variable:variableFilterArc xlink:type="arc" xlink:arcrole="http://xbrl.org/arcrole/2008/variable-filter" complement="false" cover="true" xlink:from="lbl26761" xlink:to="lbl26762"/>
    <variable:variableFilterArc xlink:type="arc" xlink:arcrole="http://xbrl.org/arcrole/2008/variable-filter" complement="false" cover="true" xlink:from="lbl26767" xlink:to="lbl26664"/>
    <variable:variableFilterArc xlink:type="arc" xlink:arcrole="http://xbrl.org/arcrole/2008/variable-filter" complement="false" cover="true" xlink:from="lbl26767" xlink:to="lbl26760"/>
    <variable:variableFilterArc xlink:type="arc" xlink:arcrole="http://xbrl.org/arcrole/2008/variable-filter" complement="false" cover="true" xlink:from="lbl26768" xlink:to="lbl26664"/>
    <variable:variableFilterArc xlink:type="arc" xlink:arcrole="http://xbrl.org/arcrole/2008/variable-filter" complement="false" cover="true" xlink:from="lbl26768" xlink:to="lbl26762"/>
    <variable:variableFilterArc xlink:type="arc" xlink:arcrole="http://xbrl.org/arcrole/2008/variable-filter" complement="false" cover="true" xlink:from="lbl26773" xlink:to="lbl26720"/>
    <variable:variableFilterArc xlink:type="arc" xlink:arcrole="http://xbrl.org/arcrole/2008/variable-filter" complement="false" cover="true" xlink:from="lbl26773" xlink:to="lbl26760"/>
    <variable:variableFilterArc xlink:type="arc" xlink:arcrole="http://xbrl.org/arcrole/2008/variable-filter" complement="false" cover="true" xlink:from="lbl26774" xlink:to="lbl26720"/>
    <variable:variableFilterArc xlink:type="arc" xlink:arcrole="http://xbrl.org/arcrole/2008/variable-filter" complement="false" cover="true" xlink:from="lbl26774" xlink:to="lbl26762"/>
    <variable:variableFilterArc xlink:type="arc" xlink:arcrole="http://xbrl.org/arcrole/2008/variable-filter" complement="false" cover="true" xlink:from="lbl26779" xlink:to="lbl26727"/>
    <variable:variableFilterArc xlink:type="arc" xlink:arcrole="http://xbrl.org/arcrole/2008/variable-filter" complement="false" cover="true" xlink:from="lbl26779" xlink:to="lbl26760"/>
    <variable:variableFilterArc xlink:type="arc" xlink:arcrole="http://xbrl.org/arcrole/2008/variable-filter" complement="false" cover="true" xlink:from="lbl26780" xlink:to="lbl26727"/>
    <variable:variableFilterArc xlink:type="arc" xlink:arcrole="http://xbrl.org/arcrole/2008/variable-filter" complement="false" cover="true" xlink:from="lbl26780" xlink:to="lbl26762"/>
    <variable:variableFilterArc xlink:type="arc" xlink:arcrole="http://xbrl.org/arcrole/2008/variable-filter" complement="false" cover="true" xlink:from="lbl26785" xlink:to="lbl26676"/>
    <variable:variableFilterArc xlink:type="arc" xlink:arcrole="http://xbrl.org/arcrole/2008/variable-filter" complement="false" cover="true" xlink:from="lbl26785" xlink:to="lbl26760"/>
    <variable:variableFilterArc xlink:type="arc" xlink:arcrole="http://xbrl.org/arcrole/2008/variable-filter" complement="false" cover="true" xlink:from="lbl26786" xlink:to="lbl26676"/>
    <variable:variableFilterArc xlink:type="arc" xlink:arcrole="http://xbrl.org/arcrole/2008/variable-filter" complement="false" cover="true" xlink:from="lbl26786" xlink:to="lbl26762"/>
    <variable:variableFilterArc xlink:type="arc" xlink:arcrole="http://xbrl.org/arcrole/2008/variable-filter" complement="false" cover="true" xlink:from="lbl26791" xlink:to="lbl26686"/>
    <variable:variableFilterArc xlink:type="arc" xlink:arcrole="http://xbrl.org/arcrole/2008/variable-filter" complement="false" cover="true" xlink:from="lbl26791" xlink:to="lbl26760"/>
    <variable:variableFilterArc xlink:type="arc" xlink:arcrole="http://xbrl.org/arcrole/2008/variable-filter" complement="false" cover="true" xlink:from="lbl26792" xlink:to="lbl26686"/>
    <variable:variableFilterArc xlink:type="arc" xlink:arcrole="http://xbrl.org/arcrole/2008/variable-filter" complement="false" cover="true" xlink:from="lbl26792" xlink:to="lbl26762"/>
    <variable:variableFilterArc xlink:type="arc" xlink:arcrole="http://xbrl.org/arcrole/2008/variable-filter" complement="false" cover="true" xlink:from="lbl26797" xlink:to="lbl26746"/>
    <variable:variableFilterArc xlink:type="arc" xlink:arcrole="http://xbrl.org/arcrole/2008/variable-filter" complement="false" cover="true" xlink:from="lbl26797" xlink:to="lbl26760"/>
    <variable:variableFilterArc xlink:type="arc" xlink:arcrole="http://xbrl.org/arcrole/2008/variable-filter" complement="false" cover="true" xlink:from="lbl26798" xlink:to="lbl26746"/>
    <variable:variableFilterArc xlink:type="arc" xlink:arcrole="http://xbrl.org/arcrole/2008/variable-filter" complement="false" cover="true" xlink:from="lbl26798" xlink:to="lbl26762"/>
    <variable:variableFilterArc xlink:type="arc" xlink:arcrole="http://xbrl.org/arcrole/2008/variable-filter" complement="false" cover="true" xlink:from="lbl26803" xlink:to="lbl26753"/>
    <variable:variableFilterArc xlink:type="arc" xlink:arcrole="http://xbrl.org/arcrole/2008/variable-filter" complement="false" cover="true" xlink:from="lbl26803" xlink:to="lbl26760"/>
    <variable:variableFilterArc xlink:type="arc" xlink:arcrole="http://xbrl.org/arcrole/2008/variable-filter" complement="false" cover="true" xlink:from="lbl26804" xlink:to="lbl26753"/>
    <variable:variableFilterArc xlink:type="arc" xlink:arcrole="http://xbrl.org/arcrole/2008/variable-filter" complement="false" cover="true" xlink:from="lbl26804" xlink:to="lbl26762"/>
    <cf:conceptName xlink:type="resource" xlink:label="lbl26810" id="id13259">
      <cf:concept>
        <cf:qname>cl-ci:MontoDividendoTotal</cf:qname>
      </cf:concept>
    </cf:conceptName>
    <variable:variableFilterArc xlink:type="arc" xlink:arcrole="http://xbrl.org/arcrole/2008/variable-filter" complement="false" cover="true" xlink:from="lbl26809" xlink:to="lbl26810"/>
    <df:explicitDimension xlink:type="resource" xlink:label="lbl26811" id="id13260">
      <df:dimension>
        <df:qname>cl-ci:DetalleDividendosEje</df:qname>
      </df:dimension>
      <df:member>
        <df:qname>cl-ci:DividendosPeriodoActualMiembro</df:qname>
      </df:member>
    </df:explicitDimension>
    <variable:variableFilterArc xlink:type="arc" xlink:arcrole="http://xbrl.org/arcrole/2008/variable-filter" complement="false" cover="true" xlink:from="lbl26809" xlink:to="lbl26811"/>
    <variable:variableFilterArc xlink:type="arc" xlink:arcrole="http://xbrl.org/arcrole/2008/variable-filter" complement="false" cover="true" xlink:from="lbl26812" xlink:to="lbl26810"/>
    <df:explicitDimension xlink:type="resource" xlink:label="lbl26813" id="id13261">
      <df:dimension>
        <df:qname>cl-ci:DetalleDividendosEje</df:qname>
      </df:dimension>
      <df:member>
        <df:qname>cl-ci:DividendosPeriodoActualMiembro</df:qname>
        <df:linkrole>http://www.cmfchile.cl/cl/fr/ci/role/ias-1_2021-03-24_role-861200b</df:linkrole>
        <df:arcrole>http://xbrl.org/int/dim/arcrole/domain-member</df:arcrole>
        <df:axis>child</df:axis>
      </df:member>
    </df:explicitDimension>
    <variable:variableFilterArc xlink:type="arc" xlink:arcrole="http://xbrl.org/arcrole/2008/variable-filter" complement="false" cover="true" xlink:from="lbl26812" xlink:to="lbl26813"/>
    <variable:variableFilterArc xlink:type="arc" xlink:arcrole="http://xbrl.org/arcrole/2008/variable-filter" complement="false" cover="true" xlink:from="lbl26818" xlink:to="lbl26810"/>
    <df:explicitDimension xlink:type="resource" xlink:label="lbl26819" id="id13262">
      <df:dimension>
        <df:qname>cl-ci:DetalleDividendosEje</df:qname>
      </df:dimension>
      <df:member>
        <df:qname>cl-ci:DividendosPeriodoAnteriorMiembro</df:qname>
      </df:member>
    </df:explicitDimension>
    <variable:variableFilterArc xlink:type="arc" xlink:arcrole="http://xbrl.org/arcrole/2008/variable-filter" complement="false" cover="true" xlink:from="lbl26818" xlink:to="lbl26819"/>
    <variable:variableFilterArc xlink:type="arc" xlink:arcrole="http://xbrl.org/arcrole/2008/variable-filter" complement="false" cover="true" xlink:from="lbl26820" xlink:to="lbl26810"/>
    <df:explicitDimension xlink:type="resource" xlink:label="lbl26821" id="id13263">
      <df:dimension>
        <df:qname>cl-ci:DetalleDividendosEje</df:qname>
      </df:dimension>
      <df:member>
        <df:qname>cl-ci:DividendosPeriodoAnteriorMiembro</df:qname>
        <df:linkrole>http://www.cmfchile.cl/cl/fr/ci/role/ias-1_2021-03-24_role-861200b</df:linkrole>
        <df:arcrole>http://xbrl.org/int/dim/arcrole/domain-member</df:arcrole>
        <df:axis>child</df:axis>
      </df:member>
    </df:explicitDimension>
    <variable:variableFilterArc xlink:type="arc" xlink:arcrole="http://xbrl.org/arcrole/2008/variable-filter" complement="false" cover="true" xlink:from="lbl26820" xlink:to="lbl26821"/>
    <label:label xlink:type="resource" xml:lang="es" id="id13117" xlink:label="lbl26659">861201</label:label>
    <gen:arc xlink:type="arc" xlink:arcrole="http://xbrl.org/arcrole/2008/element-label" xlink:from="lbl26656" xlink:to="lbl26659"/>
    <label:label xlink:type="resource" xml:lang="es" id="id13120" xlink:label="lbl26665">861202</label:label>
    <gen:arc xlink:type="arc" xlink:arcrole="http://xbrl.org/arcrole/2008/element-label" xlink:from="lbl26662" xlink:to="lbl26665"/>
    <label:label xlink:type="resource" xml:lang="es" id="id13123" xlink:label="lbl26671">861203</label:label>
    <gen:arc xlink:type="arc" xlink:arcrole="http://xbrl.org/arcrole/2008/element-label" xlink:from="lbl26668" xlink:to="lbl26671"/>
    <label:label xlink:type="resource" xml:lang="es" id="id13126" xlink:label="lbl26677">861204</label:label>
    <gen:arc xlink:type="arc" xlink:arcrole="http://xbrl.org/arcrole/2008/element-label" xlink:from="lbl26674" xlink:to="lbl26677"/>
    <label:label xlink:type="resource" xml:lang="es" id="id13129" xlink:label="lbl26687">861205</label:label>
    <gen:arc xlink:type="arc" xlink:arcrole="http://xbrl.org/arcrole/2008/element-label" xlink:from="lbl26680" xlink:to="lbl26687"/>
    <label:label xlink:type="resource" xml:lang="es" id="id13132" xlink:label="lbl26694">861206</label:label>
    <gen:arc xlink:type="arc" xlink:arcrole="http://xbrl.org/arcrole/2008/element-label" xlink:from="lbl26690" xlink:to="lbl26694"/>
    <label:label xlink:type="resource" xml:lang="es" id="id13135" xlink:label="lbl26701">861207</label:label>
    <gen:arc xlink:type="arc" xlink:arcrole="http://xbrl.org/arcrole/2008/element-label" xlink:from="lbl26697" xlink:to="lbl26701"/>
    <label:label xlink:type="resource" xml:lang="es" id="id13138" xlink:label="lbl26709">861208</label:label>
    <gen:arc xlink:type="arc" xlink:arcrole="http://xbrl.org/arcrole/2008/element-label" xlink:from="lbl26704" xlink:to="lbl26709"/>
    <label:label xlink:type="resource" xml:lang="es" id="id13141" xlink:label="lbl26715">861209</label:label>
    <gen:arc xlink:type="arc" xlink:arcrole="http://xbrl.org/arcrole/2008/element-label" xlink:from="lbl26712" xlink:to="lbl26715"/>
    <label:label xlink:type="resource" xml:lang="es" id="id13144" xlink:label="lbl26722">861210</label:label>
    <gen:arc xlink:type="arc" xlink:arcrole="http://xbrl.org/arcrole/2008/element-label" xlink:from="lbl26718" xlink:to="lbl26722"/>
    <label:label xlink:type="resource" xml:lang="es" id="id13147" xlink:label="lbl26729">861211</label:label>
    <gen:arc xlink:type="arc" xlink:arcrole="http://xbrl.org/arcrole/2008/element-label" xlink:from="lbl26725" xlink:to="lbl26729"/>
    <label:label xlink:type="resource" xml:lang="es" id="id13150" xlink:label="lbl26735">861212</label:label>
    <gen:arc xlink:type="arc" xlink:arcrole="http://xbrl.org/arcrole/2008/element-label" xlink:from="lbl26732" xlink:to="lbl26735"/>
    <label:label xlink:type="resource" xml:lang="es" id="id13153" xlink:label="lbl26741">861213</label:label>
    <gen:arc xlink:type="arc" xlink:arcrole="http://xbrl.org/arcrole/2008/element-label" xlink:from="lbl26738" xlink:to="lbl26741"/>
    <label:label xlink:type="resource" xml:lang="es" id="id13156" xlink:label="lbl26748">861214</label:label>
    <gen:arc xlink:type="arc" xlink:arcrole="http://xbrl.org/arcrole/2008/element-label" xlink:from="lbl26744" xlink:to="lbl26748"/>
    <label:label xlink:type="resource" xml:lang="es" id="id13159" xlink:label="lbl26755">861215</label:label>
    <gen:arc xlink:type="arc" xlink:arcrole="http://xbrl.org/arcrole/2008/element-label" xlink:from="lbl26751" xlink:to="lbl26755"/>
    <label:label xlink:type="resource" xml:lang="es" id="id13162" xlink:label="lbl26763">861216</label:label>
    <gen:arc xlink:type="arc" xlink:arcrole="http://xbrl.org/arcrole/2008/element-label" xlink:from="lbl26758" xlink:to="lbl26763"/>
    <label:label xlink:type="resource" xml:lang="es" id="id13165" xlink:label="lbl26769">861217</label:label>
    <gen:arc xlink:type="arc" xlink:arcrole="http://xbrl.org/arcrole/2008/element-label" xlink:from="lbl26766" xlink:to="lbl26769"/>
    <label:label xlink:type="resource" xml:lang="es" id="id13168" xlink:label="lbl26775">861218</label:label>
    <gen:arc xlink:type="arc" xlink:arcrole="http://xbrl.org/arcrole/2008/element-label" xlink:from="lbl26772" xlink:to="lbl26775"/>
    <label:label xlink:type="resource" xml:lang="es" id="id13171" xlink:label="lbl26781">861219</label:label>
    <gen:arc xlink:type="arc" xlink:arcrole="http://xbrl.org/arcrole/2008/element-label" xlink:from="lbl26778" xlink:to="lbl26781"/>
    <label:label xlink:type="resource" xml:lang="es" id="id13174" xlink:label="lbl26787">861220</label:label>
    <gen:arc xlink:type="arc" xlink:arcrole="http://xbrl.org/arcrole/2008/element-label" xlink:from="lbl26784" xlink:to="lbl26787"/>
    <label:label xlink:type="resource" xml:lang="es" id="id13177" xlink:label="lbl26793">861221</label:label>
    <gen:arc xlink:type="arc" xlink:arcrole="http://xbrl.org/arcrole/2008/element-label" xlink:from="lbl26790" xlink:to="lbl26793"/>
    <label:label xlink:type="resource" xml:lang="es" id="id13180" xlink:label="lbl26799">861222</label:label>
    <gen:arc xlink:type="arc" xlink:arcrole="http://xbrl.org/arcrole/2008/element-label" xlink:from="lbl26796" xlink:to="lbl26799"/>
    <label:label xlink:type="resource" xml:lang="es" id="id13183" xlink:label="lbl26805">861223</label:label>
    <gen:arc xlink:type="arc" xlink:arcrole="http://xbrl.org/arcrole/2008/element-label" xlink:from="lbl26802" xlink:to="lbl26805"/>
    <label:label xlink:type="resource" xml:lang="es" id="id13186" xlink:label="lbl26814">861224</label:label>
    <gen:arc xlink:type="arc" xlink:arcrole="http://xbrl.org/arcrole/2008/element-label" xlink:from="lbl26808" xlink:to="lbl26814"/>
    <label:label xlink:type="resource" xml:lang="es" id="id13189" xlink:label="lbl26822">861225</label:label>
    <gen:arc xlink:type="arc" xlink:arcrole="http://xbrl.org/arcrole/2008/element-label" xlink:from="lbl26817" xlink:to="lbl26822"/>
    <va:valueAssertion xlink:type="resource" id="regla861226" aspectModel="dimensional" implicitFiltering="true" test="if (count(//cl-ci:DateOfEndOfReportingPeriod) eq 1) then (if (//cl-ci:DateOfEndOfReportingPeriod eq xs:date('2022-12-31')) then (count(//cl-ci:UtilidadLiquidaDistribuible[xs:date(xfi:period-end(xfi:period(.))) eq xs:date('2023-01-01')]) eq 1) else true()) else true()" xlink:label="lbl26825"/>
    <label:label xlink:type="resource" xml:lang="es" id="id13192" xlink:label="lbl26826">861226</label:label>
    <gen:arc xlink:type="arc" xlink:arcrole="http://xbrl.org/arcrole/2008/element-label" xlink:from="lbl26825" xlink:to="lbl26826"/>
    <msg:message xlink:type="resource" id="id13118" xml:lang="es" xlink:role="http://www.xbrl.org/2010/role/message" xlink:label="lbl26660">Rol[861200] Regla861201:  Número de acciones autorizadas, está informado</msg:message>
    <gen:arc xlink:type="arc" xlink:arcrole="http://xbrl.org/arcrole/2010/assertion-satisfied-message" xlink:from="lbl26656" xlink:to="lbl26660"/>
    <msg:message xlink:type="resource" id="id13121" xml:lang="es" xlink:role="http://www.xbrl.org/2010/role/message" xlink:label="lbl26666">Rol[861200] Regla861202:  Total número de acciones emitidas, está informado</msg:message>
    <gen:arc xlink:type="arc" xlink:arcrole="http://xbrl.org/arcrole/2010/assertion-satisfied-message" xlink:from="lbl26662" xlink:to="lbl26666"/>
    <msg:message xlink:type="resource" id="id13124" xml:lang="es" xlink:role="http://www.xbrl.org/2010/role/message" xlink:label="lbl26672">Rol[861200] Regla861203:  Número de acciones emitidas y completamente pagadas, está informado</msg:message>
    <gen:arc xlink:type="arc" xlink:arcrole="http://xbrl.org/arcrole/2010/assertion-satisfied-message" xlink:from="lbl26668" xlink:to="lbl26672"/>
    <msg:message xlink:type="resource" id="id13127" xml:lang="es" xlink:role="http://www.xbrl.org/2010/role/message" xlink:label="lbl26678">Rol[861200] Regla861204:  Número de acciones en circulación, está informado</msg:message>
    <gen:arc xlink:type="arc" xlink:arcrole="http://xbrl.org/arcrole/2010/assertion-satisfied-message" xlink:from="lbl26674" xlink:to="lbl26678"/>
    <msg:message xlink:type="resource" id="id13130" xml:lang="es" xlink:role="http://www.xbrl.org/2010/role/message" xlink:label="lbl26688">Rol[861200] Regla861205: Informa Número de acciones en circulación al final del periodo OK; contexto  {$ifrs-full:IncreaseDecreaseInNumberOfSharesOutstanding/@contextRef}</msg:message>
    <gen:arc xlink:type="arc" xlink:arcrole="http://xbrl.org/arcrole/2010/assertion-satisfied-message" xlink:from="lbl26680" xlink:to="lbl26688"/>
    <msg:message xlink:type="resource" id="id13133" xml:lang="es" xlink:role="http://www.xbrl.org/2010/role/message" xlink:label="lbl26695">Rol[861200] Regla861206:  Número de acciones autorizadas es mayor o igual a Total número de acciones emitidas</msg:message>
    <gen:arc xlink:type="arc" xlink:arcrole="http://xbrl.org/arcrole/2010/assertion-satisfied-message" xlink:from="lbl26690" xlink:to="lbl26695"/>
    <msg:message xlink:type="resource" id="id13136" xml:lang="es" xlink:role="http://www.xbrl.org/2010/role/message" xlink:label="lbl26702">Rol[861200] Regla861207:  Total número de acciones emitidas es mayor o igual a Número de acciones en circulación</msg:message>
    <gen:arc xlink:type="arc" xlink:arcrole="http://xbrl.org/arcrole/2010/assertion-satisfied-message" xlink:from="lbl26697" xlink:to="lbl26702"/>
    <msg:message xlink:type="resource" id="id13139" xml:lang="es" xlink:role="http://www.xbrl.org/2010/role/message" xlink:label="lbl26710">Rol[861200] Regla861208: Suma dimensiones Número de acciones autorizadas OK; contexto  {$ifrs-full:NumberOfSharesAuthorised/@contextRef}</msg:message>
    <gen:arc xlink:type="arc" xlink:arcrole="http://xbrl.org/arcrole/2010/assertion-satisfied-message" xlink:from="lbl26704" xlink:to="lbl26710"/>
    <msg:message xlink:type="resource" id="id13142" xml:lang="es" xlink:role="http://www.xbrl.org/2010/role/message" xlink:label="lbl26716">Rol[861200] Regla861209: Suma dimensiones Total número de acciones emitidas OK; contexto  {$ifrs-full:NumberOfSharesIssued/@contextRef}</msg:message>
    <gen:arc xlink:type="arc" xlink:arcrole="http://xbrl.org/arcrole/2010/assertion-satisfied-message" xlink:from="lbl26712" xlink:to="lbl26716"/>
    <msg:message xlink:type="resource" id="id13145" xml:lang="es" xlink:role="http://www.xbrl.org/2010/role/message" xlink:label="lbl26723">Rol[861200] Regla861210: Suma dimensiones Patrimonio al final del periodo OK; contexto  {$ifrs-full:Equity/@contextRef}</msg:message>
    <gen:arc xlink:type="arc" xlink:arcrole="http://xbrl.org/arcrole/2010/assertion-satisfied-message" xlink:from="lbl26718" xlink:to="lbl26723"/>
    <msg:message xlink:type="resource" id="id13148" xml:lang="es" xlink:role="http://www.xbrl.org/2010/role/message" xlink:label="lbl26730">Rol[861200] Regla861211: Suma dimensiones Capital emitido y pagado OK; contexto  {$ifrs-full:IssuedCapital/@contextRef}</msg:message>
    <gen:arc xlink:type="arc" xlink:arcrole="http://xbrl.org/arcrole/2010/assertion-satisfied-message" xlink:from="lbl26725" xlink:to="lbl26730"/>
    <msg:message xlink:type="resource" id="id13151" xml:lang="es" xlink:role="http://www.xbrl.org/2010/role/message" xlink:label="lbl26736">Rol[861200] Regla861212: Suma dimensiones Número de acciones en circulación OK; contexto  {$ifrs-full:NumberOfSharesOutstanding/@contextRef}</msg:message>
    <gen:arc xlink:type="arc" xlink:arcrole="http://xbrl.org/arcrole/2010/assertion-satisfied-message" xlink:from="lbl26732" xlink:to="lbl26736"/>
    <msg:message xlink:type="resource" id="id13154" xml:lang="es" xlink:role="http://www.xbrl.org/2010/role/message" xlink:label="lbl26742">Rol[861200] Regla861213: Suma dimensiones Total incremento (disminución) en el número de acciones en circulación OK; contexto  {$ifrs-full:IncreaseDecreaseInNumberOfSharesOutstanding/@contextRef}</msg:message>
    <gen:arc xlink:type="arc" xlink:arcrole="http://xbrl.org/arcrole/2010/assertion-satisfied-message" xlink:from="lbl26738" xlink:to="lbl26742"/>
    <msg:message xlink:type="resource" id="id13157" xml:lang="es" xlink:role="http://www.xbrl.org/2010/role/message" xlink:label="lbl26749">Rol[861200] Regla861214: Suma dimensiones Número de acciones de la entidad que estén en su poder o bien en el de sus subsidiarias o asociadas OK; contexto  {$ifrs-full:SharesInEntityHeldByEntityOrByItsSubsidiariesOrAssociates/@contextRef}</msg:message>
    <gen:arc xlink:type="arc" xlink:arcrole="http://xbrl.org/arcrole/2010/assertion-satisfied-message" xlink:from="lbl26744" xlink:to="lbl26749"/>
    <msg:message xlink:type="resource" id="id13160" xml:lang="es" xlink:role="http://www.xbrl.org/2010/role/message" xlink:label="lbl26756">Rol[861200] Regla861215: Suma dimensiones Número de acciones cuya emisión está reservada como consecuencia de la existencia de opciones o contratos para la venta de acciones OK; contexto  {$ifrs-full:SharesReservedForIssueUnderOptionsAndContractsForSaleOfShares/@contextRef}</msg:message>
    <gen:arc xlink:type="arc" xlink:arcrole="http://xbrl.org/arcrole/2010/assertion-satisfied-message" xlink:from="lbl26751" xlink:to="lbl26756"/>
    <msg:message xlink:type="resource" id="id13163" xml:lang="es" xlink:role="http://www.xbrl.org/2010/role/message" xlink:label="lbl26764">Rol[861200] Regla861216: Suma dimensiones Número de acciones autorizadas OK; contexto  {$ifrs-full:NumberOfSharesAuthorised/@contextRef}</msg:message>
    <gen:arc xlink:type="arc" xlink:arcrole="http://xbrl.org/arcrole/2010/assertion-satisfied-message" xlink:from="lbl26758" xlink:to="lbl26764"/>
    <msg:message xlink:type="resource" id="id13166" xml:lang="es" xlink:role="http://www.xbrl.org/2010/role/message" xlink:label="lbl26770">Rol[861200] Regla861217: Suma dimensiones Total número de acciones emitidas OK; contexto  {$ifrs-full:NumberOfSharesIssued/@contextRef}</msg:message>
    <gen:arc xlink:type="arc" xlink:arcrole="http://xbrl.org/arcrole/2010/assertion-satisfied-message" xlink:from="lbl26766" xlink:to="lbl26770"/>
    <msg:message xlink:type="resource" id="id13169" xml:lang="es" xlink:role="http://www.xbrl.org/2010/role/message" xlink:label="lbl26776">Rol[861200] Regla861218: Suma dimensiones Patrimonio al final del periodo OK; contexto  {$ifrs-full:Equity/@contextRef}</msg:message>
    <gen:arc xlink:type="arc" xlink:arcrole="http://xbrl.org/arcrole/2010/assertion-satisfied-message" xlink:from="lbl26772" xlink:to="lbl26776"/>
    <msg:message xlink:type="resource" id="id13172" xml:lang="es" xlink:role="http://www.xbrl.org/2010/role/message" xlink:label="lbl26782">Rol[861200] Regla861219: Suma dimensiones Capital emitido y pagado OK; contexto  {$ifrs-full:IssuedCapital/@contextRef}</msg:message>
    <gen:arc xlink:type="arc" xlink:arcrole="http://xbrl.org/arcrole/2010/assertion-satisfied-message" xlink:from="lbl26778" xlink:to="lbl26782"/>
    <msg:message xlink:type="resource" id="id13175" xml:lang="es" xlink:role="http://www.xbrl.org/2010/role/message" xlink:label="lbl26788">Rol[861200] Regla861220: Suma dimensiones Número de acciones en circulación OK; contexto  {$ifrs-full:NumberOfSharesOutstanding/@contextRef}</msg:message>
    <gen:arc xlink:type="arc" xlink:arcrole="http://xbrl.org/arcrole/2010/assertion-satisfied-message" xlink:from="lbl26784" xlink:to="lbl26788"/>
    <msg:message xlink:type="resource" id="id13178" xml:lang="es" xlink:role="http://www.xbrl.org/2010/role/message" xlink:label="lbl26794">Rol[861200] Regla861221: Suma dimensiones Total incremento (disminución) en el número de acciones en circulación OK; contexto  {$ifrs-full:IncreaseDecreaseInNumberOfSharesOutstanding/@contextRef}</msg:message>
    <gen:arc xlink:type="arc" xlink:arcrole="http://xbrl.org/arcrole/2010/assertion-satisfied-message" xlink:from="lbl26790" xlink:to="lbl26794"/>
    <msg:message xlink:type="resource" id="id13181" xml:lang="es" xlink:role="http://www.xbrl.org/2010/role/message" xlink:label="lbl26800">Rol[861200] Regla861222: Suma dimensiones Número de acciones de la entidad que estén en su poder o bien en el de sus subsidiarias o asociadas OK; contexto  {$ifrs-full:SharesInEntityHeldByEntityOrByItsSubsidiariesOrAssociates/@contextRef}</msg:message>
    <gen:arc xlink:type="arc" xlink:arcrole="http://xbrl.org/arcrole/2010/assertion-satisfied-message" xlink:from="lbl26796" xlink:to="lbl26800"/>
    <msg:message xlink:type="resource" id="id13184" xml:lang="es" xlink:role="http://www.xbrl.org/2010/role/message" xlink:label="lbl26806">Rol[861200] Regla861223: Suma dimensiones Número de acciones cuya emisión está reservada como consecuencia de la existencia de opciones o contratos para la venta de acciones OK; contexto  {$ifrs-full:SharesReservedForIssueUnderOptionsAndContractsForSaleOfShares/@contextRef}</msg:message>
    <gen:arc xlink:type="arc" xlink:arcrole="http://xbrl.org/arcrole/2010/assertion-satisfied-message" xlink:from="lbl26802" xlink:to="lbl26806"/>
    <msg:message xlink:type="resource" id="id13187" xml:lang="es" xlink:role="http://www.xbrl.org/2010/role/message" xlink:label="lbl26815">Rol[861200b] Regla861224: Suma dimensiones Monto total OK; contexto  {$cl-ci:MontoDividendoTotal/@contextRef}</msg:message>
    <gen:arc xlink:type="arc" xlink:arcrole="http://xbrl.org/arcrole/2010/assertion-satisfied-message" xlink:from="lbl26808" xlink:to="lbl26815"/>
    <msg:message xlink:type="resource" id="id13190" xml:lang="es" xlink:role="http://www.xbrl.org/2010/role/message" xlink:label="lbl26823">Rol[861200b] Regla861225: Suma dimensiones Monto total OK; contexto  {$cl-ci:MontoDividendoTotal/@contextRef}</msg:message>
    <gen:arc xlink:type="arc" xlink:arcrole="http://xbrl.org/arcrole/2010/assertion-satisfied-message" xlink:from="lbl26817" xlink:to="lbl26823"/>
    <msg:message xlink:type="resource" id="id13193" xml:lang="es" xlink:role="http://www.xbrl.org/2010/role/message" xlink:label="lbl26827">Rol[861200] Regla861226: OK, valida si se debe informar Utilidad líquida distribuible</msg:message>
    <gen:arc xlink:type="arc" xlink:arcrole="http://xbrl.org/arcrole/2010/assertion-satisfied-message" xlink:from="lbl26825" xlink:to="lbl26827"/>
    <msg:message xlink:type="resource" id="id13119" xml:lang="es" xlink:role="http://www.xbrl.org/2010/role/message" xlink:label="lbl26661">Rol[861200] Regla861201: Error Número de acciones autorizadas, no está informado</msg:message>
    <gen:arc xlink:type="arc" xlink:arcrole="http://xbrl.org/arcrole/2010/assertion-unsatisfied-message" xlink:from="lbl26656" xlink:to="lbl26661"/>
    <msg:message xlink:type="resource" id="id13122" xml:lang="es" xlink:role="http://www.xbrl.org/2010/role/message" xlink:label="lbl26667">Rol[861200] Regla861202: Error Total número de acciones emitidas, no está informado</msg:message>
    <gen:arc xlink:type="arc" xlink:arcrole="http://xbrl.org/arcrole/2010/assertion-unsatisfied-message" xlink:from="lbl26662" xlink:to="lbl26667"/>
    <msg:message xlink:type="resource" id="id13125" xml:lang="es" xlink:role="http://www.xbrl.org/2010/role/message" xlink:label="lbl26673">Rol[861200] Regla861203: Error Número de acciones emitidas y completamente pagadas, no está informado</msg:message>
    <gen:arc xlink:type="arc" xlink:arcrole="http://xbrl.org/arcrole/2010/assertion-unsatisfied-message" xlink:from="lbl26668" xlink:to="lbl26673"/>
    <msg:message xlink:type="resource" id="id13128" xml:lang="es" xlink:role="http://www.xbrl.org/2010/role/message" xlink:label="lbl26679">Rol[861200] Regla861204: Error Número de acciones en circulación, no está informado</msg:message>
    <gen:arc xlink:type="arc" xlink:arcrole="http://xbrl.org/arcrole/2010/assertion-unsatisfied-message" xlink:from="lbl26674" xlink:to="lbl26679"/>
    <msg:message xlink:type="resource" id="id13131" xml:lang="es" xlink:role="http://www.xbrl.org/2010/role/message" xlink:label="lbl26689">Rol[861200] Regla861205: Error Número de acciones en circulación al final del periodo; contexto  {$ifrs-full:IncreaseDecreaseInNumberOfSharesOutstanding/@contextRef}</msg:message>
    <gen:arc xlink:type="arc" xlink:arcrole="http://xbrl.org/arcrole/2010/assertion-unsatisfied-message" xlink:from="lbl26680" xlink:to="lbl26689"/>
    <msg:message xlink:type="resource" id="id13134" xml:lang="es" xlink:role="http://www.xbrl.org/2010/role/message" xlink:label="lbl26696">Rol[861200] Regla861206: Error Número de acciones autorizadas no es mayor o igual a Total número de acciones emitidas</msg:message>
    <gen:arc xlink:type="arc" xlink:arcrole="http://xbrl.org/arcrole/2010/assertion-unsatisfied-message" xlink:from="lbl26690" xlink:to="lbl26696"/>
    <msg:message xlink:type="resource" id="id13137" xml:lang="es" xlink:role="http://www.xbrl.org/2010/role/message" xlink:label="lbl26703">Rol[861200] Regla861207: Error Total número de acciones emitidas no es mayor o igual a Número de acciones en circulación</msg:message>
    <gen:arc xlink:type="arc" xlink:arcrole="http://xbrl.org/arcrole/2010/assertion-unsatisfied-message" xlink:from="lbl26697" xlink:to="lbl26703"/>
    <msg:message xlink:type="resource" id="id13140" xml:lang="es" xlink:role="http://www.xbrl.org/2010/role/message" xlink:label="lbl26711">Rol[861200] Regla861208: Error en suma dimensiones Número de acciones autorizadas; contexto  {$ifrs-full:NumberOfSharesAuthorised/@contextRef}</msg:message>
    <gen:arc xlink:type="arc" xlink:arcrole="http://xbrl.org/arcrole/2010/assertion-unsatisfied-message" xlink:from="lbl26704" xlink:to="lbl26711"/>
    <msg:message xlink:type="resource" id="id13143" xml:lang="es" xlink:role="http://www.xbrl.org/2010/role/message" xlink:label="lbl26717">Rol[861200] Regla861209: Error en suma dimensiones Total número de acciones emitidas; contexto  {$ifrs-full:NumberOfSharesIssued/@contextRef}</msg:message>
    <gen:arc xlink:type="arc" xlink:arcrole="http://xbrl.org/arcrole/2010/assertion-unsatisfied-message" xlink:from="lbl26712" xlink:to="lbl26717"/>
    <msg:message xlink:type="resource" id="id13146" xml:lang="es" xlink:role="http://www.xbrl.org/2010/role/message" xlink:label="lbl26724">Rol[861200] Regla861210: Error en suma dimensiones Patrimonio al final del periodo; contexto  {$ifrs-full:Equity/@contextRef}</msg:message>
    <gen:arc xlink:type="arc" xlink:arcrole="http://xbrl.org/arcrole/2010/assertion-unsatisfied-message" xlink:from="lbl26718" xlink:to="lbl26724"/>
    <msg:message xlink:type="resource" id="id13149" xml:lang="es" xlink:role="http://www.xbrl.org/2010/role/message" xlink:label="lbl26731">Rol[861200] Regla861211: Error en suma dimensiones Capital emitido y pagado; contexto  {$ifrs-full:IssuedCapital/@contextRef}</msg:message>
    <gen:arc xlink:type="arc" xlink:arcrole="http://xbrl.org/arcrole/2010/assertion-unsatisfied-message" xlink:from="lbl26725" xlink:to="lbl26731"/>
    <msg:message xlink:type="resource" id="id13152" xml:lang="es" xlink:role="http://www.xbrl.org/2010/role/message" xlink:label="lbl26737">Rol[861200] Regla861212: Error en suma dimensiones Número de acciones en circulación; contexto  {$ifrs-full:NumberOfSharesOutstanding/@contextRef}</msg:message>
    <gen:arc xlink:type="arc" xlink:arcrole="http://xbrl.org/arcrole/2010/assertion-unsatisfied-message" xlink:from="lbl26732" xlink:to="lbl26737"/>
    <msg:message xlink:type="resource" id="id13155" xml:lang="es" xlink:role="http://www.xbrl.org/2010/role/message" xlink:label="lbl26743">Rol[861200] Regla861213: Error en suma dimensiones Total incremento (disminución) en el número de acciones en circulación; contexto  {$ifrs-full:IncreaseDecreaseInNumberOfSharesOutstanding/@contextRef}</msg:message>
    <gen:arc xlink:type="arc" xlink:arcrole="http://xbrl.org/arcrole/2010/assertion-unsatisfied-message" xlink:from="lbl26738" xlink:to="lbl26743"/>
    <msg:message xlink:type="resource" id="id13158" xml:lang="es" xlink:role="http://www.xbrl.org/2010/role/message" xlink:label="lbl26750">Rol[861200] Regla861214: Error en suma dimensiones Número de acciones de la entidad que estén en su poder o bien en el de sus subsidiarias o asociadas; contexto  {$ifrs-full:SharesInEntityHeldByEntityOrByItsSubsidiariesOrAssociates/@contextRef}</msg:message>
    <gen:arc xlink:type="arc" xlink:arcrole="http://xbrl.org/arcrole/2010/assertion-unsatisfied-message" xlink:from="lbl26744" xlink:to="lbl26750"/>
    <msg:message xlink:type="resource" id="id13161" xml:lang="es" xlink:role="http://www.xbrl.org/2010/role/message" xlink:label="lbl26757">Rol[861200] Regla861215: Error en suma dimensiones Número de acciones cuya emisión está reservada como consecuencia de la existencia de opciones o contratos para la venta de acciones; contexto  {$ifrs-full:SharesReservedForIssueUnderOptionsAndContractsForSaleOfShares/@contextRef}</msg:message>
    <gen:arc xlink:type="arc" xlink:arcrole="http://xbrl.org/arcrole/2010/assertion-unsatisfied-message" xlink:from="lbl26751" xlink:to="lbl26757"/>
    <msg:message xlink:type="resource" id="id13164" xml:lang="es" xlink:role="http://www.xbrl.org/2010/role/message" xlink:label="lbl26765">Rol[861200] Regla861216: Error en suma dimensiones Número de acciones autorizadas; contexto  {$ifrs-full:NumberOfSharesAuthorised/@contextRef}</msg:message>
    <gen:arc xlink:type="arc" xlink:arcrole="http://xbrl.org/arcrole/2010/assertion-unsatisfied-message" xlink:from="lbl26758" xlink:to="lbl26765"/>
    <msg:message xlink:type="resource" id="id13167" xml:lang="es" xlink:role="http://www.xbrl.org/2010/role/message" xlink:label="lbl26771">Rol[861200] Regla861217: Error en suma dimensiones Total número de acciones emitidas; contexto  {$ifrs-full:NumberOfSharesIssued/@contextRef}</msg:message>
    <gen:arc xlink:type="arc" xlink:arcrole="http://xbrl.org/arcrole/2010/assertion-unsatisfied-message" xlink:from="lbl26766" xlink:to="lbl26771"/>
    <msg:message xlink:type="resource" id="id13170" xml:lang="es" xlink:role="http://www.xbrl.org/2010/role/message" xlink:label="lbl26777">Rol[861200] Regla861218: Error en suma dimensiones Patrimonio al final del periodo; contexto  {$ifrs-full:Equity/@contextRef}</msg:message>
    <gen:arc xlink:type="arc" xlink:arcrole="http://xbrl.org/arcrole/2010/assertion-unsatisfied-message" xlink:from="lbl26772" xlink:to="lbl26777"/>
    <msg:message xlink:type="resource" id="id13173" xml:lang="es" xlink:role="http://www.xbrl.org/2010/role/message" xlink:label="lbl26783">Rol[861200] Regla861219: Error en suma dimensiones Capital emitido y pagado; contexto  {$ifrs-full:IssuedCapital/@contextRef}</msg:message>
    <gen:arc xlink:type="arc" xlink:arcrole="http://xbrl.org/arcrole/2010/assertion-unsatisfied-message" xlink:from="lbl26778" xlink:to="lbl26783"/>
    <msg:message xlink:type="resource" id="id13176" xml:lang="es" xlink:role="http://www.xbrl.org/2010/role/message" xlink:label="lbl26789">Rol[861200] Regla861220: Error en suma dimensiones Número de acciones en circulación; contexto  {$ifrs-full:NumberOfSharesOutstanding/@contextRef}</msg:message>
    <gen:arc xlink:type="arc" xlink:arcrole="http://xbrl.org/arcrole/2010/assertion-unsatisfied-message" xlink:from="lbl26784" xlink:to="lbl26789"/>
    <msg:message xlink:type="resource" id="id13179" xml:lang="es" xlink:role="http://www.xbrl.org/2010/role/message" xlink:label="lbl26795">Rol[861200] Regla861221: Error en suma dimensiones Total incremento (disminución) en el número de acciones en circulación; contexto  {$ifrs-full:IncreaseDecreaseInNumberOfSharesOutstanding/@contextRef}</msg:message>
    <gen:arc xlink:type="arc" xlink:arcrole="http://xbrl.org/arcrole/2010/assertion-unsatisfied-message" xlink:from="lbl26790" xlink:to="lbl26795"/>
    <msg:message xlink:type="resource" id="id13182" xml:lang="es" xlink:role="http://www.xbrl.org/2010/role/message" xlink:label="lbl26801">Rol[861200] Regla861222: Error en suma dimensiones Número de acciones de la entidad que estén en su poder o bien en el de sus subsidiarias o asociadas; contexto  {$ifrs-full:SharesInEntityHeldByEntityOrByItsSubsidiariesOrAssociates/@contextRef}</msg:message>
    <gen:arc xlink:type="arc" xlink:arcrole="http://xbrl.org/arcrole/2010/assertion-unsatisfied-message" xlink:from="lbl26796" xlink:to="lbl26801"/>
    <msg:message xlink:type="resource" id="id13185" xml:lang="es" xlink:role="http://www.xbrl.org/2010/role/message" xlink:label="lbl26807">Rol[861200] Regla861223: Error en suma dimensiones Número de acciones cuya emisión está reservada como consecuencia de la existencia de opciones o contratos para la venta de acciones; contexto  {$ifrs-full:SharesReservedForIssueUnderOptionsAndContractsForSaleOfShares/@contextRef}</msg:message>
    <gen:arc xlink:type="arc" xlink:arcrole="http://xbrl.org/arcrole/2010/assertion-unsatisfied-message" xlink:from="lbl26802" xlink:to="lbl26807"/>
    <msg:message xlink:type="resource" id="id13188" xml:lang="es" xlink:role="http://www.xbrl.org/2010/role/message" xlink:label="lbl26816">Rol[861200b] Regla861224: Error en suma dimensiones Monto total; contexto  {$cl-ci:MontoDividendoTotal/@contextRef}</msg:message>
    <gen:arc xlink:type="arc" xlink:arcrole="http://xbrl.org/arcrole/2010/assertion-unsatisfied-message" xlink:from="lbl26808" xlink:to="lbl26816"/>
    <msg:message xlink:type="resource" id="id13191" xml:lang="es" xlink:role="http://www.xbrl.org/2010/role/message" xlink:label="lbl26824">Rol[861200b] Regla861225: Error en suma dimensiones Monto total; contexto  {$cl-ci:MontoDividendoTotal/@contextRef}</msg:message>
    <gen:arc xlink:type="arc" xlink:arcrole="http://xbrl.org/arcrole/2010/assertion-unsatisfied-message" xlink:from="lbl26817" xlink:to="lbl26824"/>
    <msg:message xlink:type="resource" id="id13194" xml:lang="es" xlink:role="http://www.xbrl.org/2010/role/message" xlink:label="lbl26828">Rol[861200] Regla861226: Error Utilidad líquida distribuible, no está informado</msg:message>
    <gen:arc xlink:type="arc" xlink:arcrole="http://xbrl.org/arcrole/2010/assertion-unsatisfied-message" xlink:from="lbl26825" xlink:to="lbl26828"/>
  </gen:link>
</link:linkbase>