<?xml version="1.0" encoding="UTF-8"?>
<!--
*******************************************************************************************
Copyright © 2022 Comisión para el Mercado Financiero de Chile (CMF) 
This material is copyright of the CMF Chile and all rights are reserved. 
No part of this material may be translated, reprinted, reproduced or utilised in 
any form or manner that is not expressly permitted by the CMF Chile 
IP Policy see: http://www.cmfchile.cl/sitio/pop/politica.html
*******************************************************************************************
-->
<!-- Generated with Reporting Standard S.L. XBRL Taxonomy builder version 3.7.1.1364 - http://www.reportingstandard.com -->
<link:linkbase xmlns:link="http://www.xbrl.org/2003/linkbase"
               xmlns:xs="http://www.w3.org/2001/XMLSchema"
               xmlns:xbrli="http://www.xbrl.org/2003/instance"
               xmlns:xfi="http://www.xbrl.org/2008/function/instance"
               xmlns:gen="http://xbrl.org/2008/generic"
               xmlns:xlink="http://www.w3.org/1999/xlink"
               xmlns:xsi="http://www.w3.org/2001/XMLSchema-instance"
               xmlns:ea="http://xbrl.org/2008/assertion/existence"
               xmlns:variable="http://xbrl.org/2008/variable"
               xmlns:cf="http://xbrl.org/2008/filter/concept"
               xmlns:cl-ci="http://www.cmfchile.cl/cl/fr/ci/2022-01-03"
               xmlns:label="http://xbrl.org/2008/label"
               xmlns:msg="http://xbrl.org/2010/message"
               xmlns:va="http://xbrl.org/2008/assertion/value"
               xsi:schemaLocation="http://xbrl.org/2008/assertion/existence http://www.xbrl.org/2008/existence-assertion.xsd http://xbrl.org/2008/variable http://www.xbrl.org/2008/variable.xsd http://xbrl.org/2008/filter/concept http://www.xbrl.org/2008/concept-filter.xsd http://xbrl.org/2008/label http://www.xbrl.org/2008/generic-label.xsd http://xbrl.org/2010/message http://www.xbrl.org/2010/generic-message.xsd http://xbrl.org/2008/assertion/value http://www.xbrl.org/2008/value-assertion.xsd http://xbrl.org/2008/generic http://www.xbrl.org/2008/generic-link.xsd http://www.cmfchile.cl/cl/fr/ci/2022-01-03 ../../cl-ci_cor_2022-01-03.xsd">
  <link:roleRef xlink:type="simple" roleURI="http://www.cmfchile.cl/cl/fr/ci/role/ias-1_2021-03-24_role-810000" xlink:href="../cl-ci_ias-1_2021-03-24_role-810000.xsd#ias-1_2021-03-24_role-810000"/>
  <link:roleRef xlink:type="simple" roleURI="http://www.xbrl.org/2010/role/message" xlink:href="http://www.xbrl.org/2010/generic-message.xsd#standard-message"/>
  <link:arcroleRef xlink:type="simple" arcroleURI="http://xbrl.org/arcrole/2008/variable-set" xlink:href="http://www.xbrl.org/2008/variable.xsd#variable-set"/>
  <link:arcroleRef xlink:type="simple" arcroleURI="http://xbrl.org/arcrole/2008/variable-filter" xlink:href="http://www.xbrl.org/2008/variable.xsd#variable-filter"/>
  <link:arcroleRef xlink:type="simple" arcroleURI="http://xbrl.org/arcrole/2008/element-label" xlink:href="http://www.xbrl.org/2008/generic-label.xsd#element-label"/>
  <link:arcroleRef xlink:type="simple" arcroleURI="http://xbrl.org/arcrole/2010/assertion-satisfied-message" xlink:href="http://www.xbrl.org/2010/validation-message.xsd#assertion-satisfied-message"/>
  <link:arcroleRef xlink:type="simple" arcroleURI="http://xbrl.org/arcrole/2010/assertion-unsatisfied-message" xlink:href="http://www.xbrl.org/2010/validation-message.xsd#assertion-unsatisfied-message"/>
  <gen:link xlink:type="extended" xlink:role="http://www.cmfchile.cl/cl/fr/ci/role/ias-1_2021-03-24_role-810000">
    <ea:existenceAssertion xlink:type="resource" id="regla810001" aspectModel="dimensional" implicitFiltering="true" test=". ge 1" xlink:label="lbl16166"/>
    <variable:factVariable xlink:type="resource" bindAsSequence="false" xlink:label="lbl16167" id="id7745"/>
    <variable:variableArc xlink:type="arc" xlink:arcrole="http://xbrl.org/arcrole/2008/variable-set" name="acum_regla810001" xlink:from="lbl16166" xlink:to="lbl16167"/>
    <ea:existenceAssertion xlink:type="resource" id="regla810002" aspectModel="dimensional" implicitFiltering="true" test=". ge 1" xlink:label="lbl16172"/>
    <variable:factVariable xlink:type="resource" bindAsSequence="false" xlink:label="lbl16173" id="id7746"/>
    <variable:variableArc xlink:type="arc" xlink:arcrole="http://xbrl.org/arcrole/2008/variable-set" name="acum_regla810002" xlink:from="lbl16172" xlink:to="lbl16173"/>
    <ea:existenceAssertion xlink:type="resource" id="regla810003" aspectModel="dimensional" implicitFiltering="true" test=". ge 1" xlink:label="lbl16178"/>
    <variable:factVariable xlink:type="resource" bindAsSequence="false" xlink:label="lbl16179" id="id7747"/>
    <variable:variableArc xlink:type="arc" xlink:arcrole="http://xbrl.org/arcrole/2008/variable-set" name="acum_regla810003" xlink:from="lbl16178" xlink:to="lbl16179"/>
    <ea:existenceAssertion xlink:type="resource" id="regla810004" aspectModel="dimensional" implicitFiltering="true" test=". ge 1" xlink:label="lbl16184"/>
    <variable:factVariable xlink:type="resource" bindAsSequence="false" xlink:label="lbl16185" id="id7748"/>
    <variable:variableArc xlink:type="arc" xlink:arcrole="http://xbrl.org/arcrole/2008/variable-set" name="acum_regla810004" xlink:from="lbl16184" xlink:to="lbl16185"/>
    <cf:conceptName xlink:type="resource" xlink:label="lbl16168" id="id7749">
      <cf:concept>
        <cf:qname>cl-ci:NumeroAccionistas</cf:qname>
      </cf:concept>
    </cf:conceptName>
    <variable:variableFilterArc xlink:type="arc" xlink:arcrole="http://xbrl.org/arcrole/2008/variable-filter" complement="false" cover="true" xlink:from="lbl16167" xlink:to="lbl16168"/>
    <cf:conceptName xlink:type="resource" xlink:label="lbl16174" id="id7750">
      <cf:concept>
        <cf:qname>cl-ci:ActivoIndividualEntidad</cf:qname>
      </cf:concept>
    </cf:conceptName>
    <variable:variableFilterArc xlink:type="arc" xlink:arcrole="http://xbrl.org/arcrole/2008/variable-filter" complement="false" cover="true" xlink:from="lbl16173" xlink:to="lbl16174"/>
    <cf:conceptName xlink:type="resource" xlink:label="lbl16180" id="id7751">
      <cf:concept>
        <cf:qname>cl-ci:AccionesInscritas</cf:qname>
      </cf:concept>
    </cf:conceptName>
    <variable:variableFilterArc xlink:type="arc" xlink:arcrole="http://xbrl.org/arcrole/2008/variable-filter" complement="false" cover="true" xlink:from="lbl16179" xlink:to="lbl16180"/>
    <cf:conceptName xlink:type="resource" xlink:label="lbl16186" id="id7752">
      <cf:concept>
        <cf:qname>cl-ci:TitulosDeDeuda</cf:qname>
      </cf:concept>
    </cf:conceptName>
    <variable:variableFilterArc xlink:type="arc" xlink:arcrole="http://xbrl.org/arcrole/2008/variable-filter" complement="false" cover="true" xlink:from="lbl16185" xlink:to="lbl16186"/>
    <label:label xlink:type="resource" xml:lang="es" id="id7721" xlink:label="lbl16169">810001</label:label>
    <gen:arc xlink:type="arc" xlink:arcrole="http://xbrl.org/arcrole/2008/element-label" xlink:from="lbl16166" xlink:to="lbl16169"/>
    <label:label xlink:type="resource" xml:lang="es" id="id7724" xlink:label="lbl16175">810002</label:label>
    <gen:arc xlink:type="arc" xlink:arcrole="http://xbrl.org/arcrole/2008/element-label" xlink:from="lbl16172" xlink:to="lbl16175"/>
    <label:label xlink:type="resource" xml:lang="es" id="id7727" xlink:label="lbl16181">810003</label:label>
    <gen:arc xlink:type="arc" xlink:arcrole="http://xbrl.org/arcrole/2008/element-label" xlink:from="lbl16178" xlink:to="lbl16181"/>
    <label:label xlink:type="resource" xml:lang="es" id="id7730" xlink:label="lbl16187">810004</label:label>
    <gen:arc xlink:type="arc" xlink:arcrole="http://xbrl.org/arcrole/2008/element-label" xlink:from="lbl16184" xlink:to="lbl16187"/>
    <va:valueAssertion xlink:type="resource" id="regla810005" aspectModel="dimensional" implicitFiltering="true" test="if (//cl-ci:AccionesInscritas = 'Si') then (count(//cl-ci:BolsaComercioSantiago) eq 1) else true () " xlink:label="lbl16190"/>
    <label:label xlink:type="resource" xml:lang="es" id="id7733" xlink:label="lbl16191">810005</label:label>
    <gen:arc xlink:type="arc" xlink:arcrole="http://xbrl.org/arcrole/2008/element-label" xlink:from="lbl16190" xlink:to="lbl16191"/>
    <va:valueAssertion xlink:type="resource" id="regla810006" aspectModel="dimensional" implicitFiltering="true" test="if (//cl-ci:AccionesInscritas = 'Si') then (count(//cl-ci:BolsaElectronicaChile) eq 1) else true () " xlink:label="lbl16194"/>
    <label:label xlink:type="resource" xml:lang="es" id="id7736" xlink:label="lbl16195">810006</label:label>
    <gen:arc xlink:type="arc" xlink:arcrole="http://xbrl.org/arcrole/2008/element-label" xlink:from="lbl16194" xlink:to="lbl16195"/>
    <va:valueAssertion xlink:type="resource" id="regla810007" aspectModel="dimensional" implicitFiltering="true" test="if (//cl-ci:TitulosDeDeuda = 'Si') then (count(//cl-ci:Bono) eq 1) else true () " xlink:label="lbl16198"/>
    <label:label xlink:type="resource" xml:lang="es" id="id7739" xlink:label="lbl16199">810007</label:label>
    <gen:arc xlink:type="arc" xlink:arcrole="http://xbrl.org/arcrole/2008/element-label" xlink:from="lbl16198" xlink:to="lbl16199"/>
    <va:valueAssertion xlink:type="resource" id="regla810008" aspectModel="dimensional" implicitFiltering="true" test="if (//cl-ci:TitulosDeDeuda = 'Si') then (count(//cl-ci:EfectoComercio) eq 1) else true () " xlink:label="lbl16202"/>
    <label:label xlink:type="resource" xml:lang="es" id="id7742" xlink:label="lbl16203">810008</label:label>
    <gen:arc xlink:type="arc" xlink:arcrole="http://xbrl.org/arcrole/2008/element-label" xlink:from="lbl16202" xlink:to="lbl16203"/>
    <msg:message xlink:type="resource" id="id7722" xml:lang="es" xlink:role="http://www.xbrl.org/2010/role/message" xlink:label="lbl16170">Rol[810000] Regla810001:  Numero de accionistas, está informado</msg:message>
    <gen:arc xlink:type="arc" xlink:arcrole="http://xbrl.org/arcrole/2010/assertion-satisfied-message" xlink:from="lbl16166" xlink:to="lbl16170"/>
    <msg:message xlink:type="resource" id="id7725" xml:lang="es" xlink:role="http://www.xbrl.org/2010/role/message" xlink:label="lbl16176">Rol[810000] Regla810002:  Total activo individual de la entidad, está informado</msg:message>
    <gen:arc xlink:type="arc" xlink:arcrole="http://xbrl.org/arcrole/2010/assertion-satisfied-message" xlink:from="lbl16172" xlink:to="lbl16176"/>
    <msg:message xlink:type="resource" id="id7728" xml:lang="es" xlink:role="http://www.xbrl.org/2010/role/message" xlink:label="lbl16182">Rol[810000a] Regla810003:  Acciones, está informado</msg:message>
    <gen:arc xlink:type="arc" xlink:arcrole="http://xbrl.org/arcrole/2010/assertion-satisfied-message" xlink:from="lbl16178" xlink:to="lbl16182"/>
    <msg:message xlink:type="resource" id="id7731" xml:lang="es" xlink:role="http://www.xbrl.org/2010/role/message" xlink:label="lbl16188">Rol[810000a] Regla810004:  Títulos de deuda, está informado</msg:message>
    <gen:arc xlink:type="arc" xlink:arcrole="http://xbrl.org/arcrole/2010/assertion-satisfied-message" xlink:from="lbl16184" xlink:to="lbl16188"/>
    <msg:message xlink:type="resource" id="id7734" xml:lang="es" xlink:role="http://www.xbrl.org/2010/role/message" xlink:label="lbl16192">Rol[810000a] Regla810005:  Bolsa de comercio de santiago, se valida correctamente</msg:message>
    <gen:arc xlink:type="arc" xlink:arcrole="http://xbrl.org/arcrole/2010/assertion-satisfied-message" xlink:from="lbl16190" xlink:to="lbl16192"/>
    <msg:message xlink:type="resource" id="id7737" xml:lang="es" xlink:role="http://www.xbrl.org/2010/role/message" xlink:label="lbl16196">Rol[810000a] Regla810006:  Bolsa electrónica de chile, se valida correctamente</msg:message>
    <gen:arc xlink:type="arc" xlink:arcrole="http://xbrl.org/arcrole/2010/assertion-satisfied-message" xlink:from="lbl16194" xlink:to="lbl16196"/>
    <msg:message xlink:type="resource" id="id7740" xml:lang="es" xlink:role="http://www.xbrl.org/2010/role/message" xlink:label="lbl16200">Rol[810000a] Regla810007:  Bono, se valida correctamente</msg:message>
    <gen:arc xlink:type="arc" xlink:arcrole="http://xbrl.org/arcrole/2010/assertion-satisfied-message" xlink:from="lbl16198" xlink:to="lbl16200"/>
    <msg:message xlink:type="resource" id="id7743" xml:lang="es" xlink:role="http://www.xbrl.org/2010/role/message" xlink:label="lbl16204">Rol[810000a] Regla810008:  Efecto de comercio, se valida correctamente</msg:message>
    <gen:arc xlink:type="arc" xlink:arcrole="http://xbrl.org/arcrole/2010/assertion-satisfied-message" xlink:from="lbl16202" xlink:to="lbl16204"/>
    <msg:message xlink:type="resource" id="id7723" xml:lang="es" xlink:role="http://www.xbrl.org/2010/role/message" xlink:label="lbl16171">Rol[810000] Regla810001: Error Numero de accionistas, no está informado</msg:message>
    <gen:arc xlink:type="arc" xlink:arcrole="http://xbrl.org/arcrole/2010/assertion-unsatisfied-message" xlink:from="lbl16166" xlink:to="lbl16171"/>
    <msg:message xlink:type="resource" id="id7726" xml:lang="es" xlink:role="http://www.xbrl.org/2010/role/message" xlink:label="lbl16177">Rol[810000] Regla810002: Error Total activo individual de la entidad, no está informado</msg:message>
    <gen:arc xlink:type="arc" xlink:arcrole="http://xbrl.org/arcrole/2010/assertion-unsatisfied-message" xlink:from="lbl16172" xlink:to="lbl16177"/>
    <msg:message xlink:type="resource" id="id7729" xml:lang="es" xlink:role="http://www.xbrl.org/2010/role/message" xlink:label="lbl16183">Rol[810000a] Regla810003: Error Acciones, no está informado</msg:message>
    <gen:arc xlink:type="arc" xlink:arcrole="http://xbrl.org/arcrole/2010/assertion-unsatisfied-message" xlink:from="lbl16178" xlink:to="lbl16183"/>
    <msg:message xlink:type="resource" id="id7732" xml:lang="es" xlink:role="http://www.xbrl.org/2010/role/message" xlink:label="lbl16189">Rol[810000a] Regla810004: Error Títulos de deuda, no está informado</msg:message>
    <gen:arc xlink:type="arc" xlink:arcrole="http://xbrl.org/arcrole/2010/assertion-unsatisfied-message" xlink:from="lbl16184" xlink:to="lbl16189"/>
    <msg:message xlink:type="resource" id="id7735" xml:lang="es" xlink:role="http://www.xbrl.org/2010/role/message" xlink:label="lbl16193">Rol[810000a] Regla810005: Error Bolsa de comercio de santiago, no está informado</msg:message>
    <gen:arc xlink:type="arc" xlink:arcrole="http://xbrl.org/arcrole/2010/assertion-unsatisfied-message" xlink:from="lbl16190" xlink:to="lbl16193"/>
    <msg:message xlink:type="resource" id="id7738" xml:lang="es" xlink:role="http://www.xbrl.org/2010/role/message" xlink:label="lbl16197">Rol[810000a] Regla810006: Error Bolsa electrónica de chile, no está informado</msg:message>
    <gen:arc xlink:type="arc" xlink:arcrole="http://xbrl.org/arcrole/2010/assertion-unsatisfied-message" xlink:from="lbl16194" xlink:to="lbl16197"/>
    <msg:message xlink:type="resource" id="id7741" xml:lang="es" xlink:role="http://www.xbrl.org/2010/role/message" xlink:label="lbl16201">Rol[810000a] Regla810007: Error Bono, no está informado</msg:message>
    <gen:arc xlink:type="arc" xlink:arcrole="http://xbrl.org/arcrole/2010/assertion-unsatisfied-message" xlink:from="lbl16198" xlink:to="lbl16201"/>
    <msg:message xlink:type="resource" id="id7744" xml:lang="es" xlink:role="http://www.xbrl.org/2010/role/message" xlink:label="lbl16205">Rol[810000a] Regla810008: Error Efecto de comercio, no está informado</msg:message>
    <gen:arc xlink:type="arc" xlink:arcrole="http://xbrl.org/arcrole/2010/assertion-unsatisfied-message" xlink:from="lbl16202" xlink:to="lbl16205"/>
  </gen:link>
</link:linkbase>