<?xml version="1.0" encoding="UTF-8"?>
<!--
*******************************************************************************************
Copyright © 2022 Comisión para el Mercado Financiero de Chile (CMF) 
This material is copyright of the CMF Chile and all rights are reserved. 
No part of this material may be translated, reprinted, reproduced or utilised in 
any form or manner that is not expressly permitted by the CMF Chile 
IP Policy see: http://www.cmfchile.cl/sitio/pop/politica.html
*******************************************************************************************
-->
<!-- Generated with Reporting Standard S.L. XBRL Taxonomy builder version 3.7.1.1364 - http://www.reportingstandard.com -->
<link:linkbase xmlns:link="http://www.xbrl.org/2003/linkbase"
               xmlns:xs="http://www.w3.org/2001/XMLSchema"
               xmlns:xbrli="http://www.xbrl.org/2003/instance"
               xmlns:xfi="http://www.xbrl.org/2008/function/instance"
               xmlns:gen="http://xbrl.org/2008/generic"
               xmlns:xlink="http://www.w3.org/1999/xlink"
               xmlns:xsi="http://www.w3.org/2001/XMLSchema-instance"
               xmlns:ea="http://xbrl.org/2008/assertion/existence"
               xmlns:variable="http://xbrl.org/2008/variable"
               xmlns:cf="http://xbrl.org/2008/filter/concept"
               xmlns:ifrs-full="http://xbrl.ifrs.org/taxonomy/2021-03-24/ifrs-full"
               xmlns:label="http://xbrl.org/2008/label"
               xmlns:msg="http://xbrl.org/2010/message"
               xsi:schemaLocation="http://xbrl.org/2008/assertion/existence http://www.xbrl.org/2008/existence-assertion.xsd http://xbrl.org/2008/variable http://www.xbrl.org/2008/variable.xsd http://xbrl.org/2008/filter/concept http://www.xbrl.org/2008/concept-filter.xsd http://xbrl.org/2008/label http://www.xbrl.org/2008/generic-label.xsd http://xbrl.org/2010/message http://www.xbrl.org/2010/generic-message.xsd http://xbrl.org/2008/generic http://www.xbrl.org/2008/generic-link.xsd http://xbrl.ifrs.org/taxonomy/2021-03-24/ifrs-full http://xbrl.ifrs.org/taxonomy/2021-03-24/full_ifrs/full_ifrs-cor_2021-03-24.xsd">
  <link:roleRef xlink:type="simple" roleURI="http://www.cmfchile.cl/cl/fr/ci/role/ias-1_2021-03-24_role-310000" xlink:href="../cl-ci_ias-1_2021-03-24_role-310000.xsd#ias-1_2021-03-24_role-310000"/>
  <link:roleRef xlink:type="simple" roleURI="http://www.xbrl.org/2010/role/message" xlink:href="http://www.xbrl.org/2010/generic-message.xsd#standard-message"/>
  <link:arcroleRef xlink:type="simple" arcroleURI="http://xbrl.org/arcrole/2008/variable-set" xlink:href="http://www.xbrl.org/2008/variable.xsd#variable-set"/>
  <link:arcroleRef xlink:type="simple" arcroleURI="http://xbrl.org/arcrole/2008/variable-filter" xlink:href="http://www.xbrl.org/2008/variable.xsd#variable-filter"/>
  <link:arcroleRef xlink:type="simple" arcroleURI="http://xbrl.org/arcrole/2008/element-label" xlink:href="http://www.xbrl.org/2008/generic-label.xsd#element-label"/>
  <link:arcroleRef xlink:type="simple" arcroleURI="http://xbrl.org/arcrole/2010/assertion-satisfied-message" xlink:href="http://www.xbrl.org/2010/validation-message.xsd#assertion-satisfied-message"/>
  <link:arcroleRef xlink:type="simple" arcroleURI="http://xbrl.org/arcrole/2010/assertion-unsatisfied-message" xlink:href="http://www.xbrl.org/2010/validation-message.xsd#assertion-unsatisfied-message"/>
  <gen:link xlink:type="extended" xlink:role="http://www.cmfchile.cl/cl/fr/ci/role/ias-1_2021-03-24_role-310000">
    <ea:existenceAssertion xlink:type="resource" id="regla310001" aspectModel="dimensional" implicitFiltering="true" test=". ge 2" xlink:label="lbl13644"/>
    <variable:factVariable xlink:type="resource" bindAsSequence="false" xlink:label="lbl13645" id="id7250"/>
    <variable:variableArc xlink:type="arc" xlink:arcrole="http://xbrl.org/arcrole/2008/variable-set" name="acum_regla310001" xlink:from="lbl13644" xlink:to="lbl13645"/>
    <cf:conceptName xlink:type="resource" xlink:label="lbl13646" id="id7251">
      <cf:concept>
        <cf:qname>ifrs-full:ProfitLossBeforeTax</cf:qname>
      </cf:concept>
    </cf:conceptName>
    <variable:variableFilterArc xlink:type="arc" xlink:arcrole="http://xbrl.org/arcrole/2008/variable-filter" complement="false" cover="true" xlink:from="lbl13645" xlink:to="lbl13646"/>
    <label:label xlink:type="resource" xml:lang="es" id="id7247" xlink:label="lbl13647">310001</label:label>
    <gen:arc xlink:type="arc" xlink:arcrole="http://xbrl.org/arcrole/2008/element-label" xlink:from="lbl13644" xlink:to="lbl13647"/>
    <msg:message xlink:type="resource" id="id7248" xml:lang="es" xlink:role="http://www.xbrl.org/2010/role/message" xlink:label="lbl13648">Rol[310000] Regla310001:  Ganancia (pérdida), antes de impuestos, está informado</msg:message>
    <gen:arc xlink:type="arc" xlink:arcrole="http://xbrl.org/arcrole/2010/assertion-satisfied-message" xlink:from="lbl13644" xlink:to="lbl13648"/>
    <msg:message xlink:type="resource" id="id7249" xml:lang="es" xlink:role="http://www.xbrl.org/2010/role/message" xlink:label="lbl13649">Rol[310000] Regla310001: Error Ganancia (pérdida), antes de impuestos, no está informado</msg:message>
    <gen:arc xlink:type="arc" xlink:arcrole="http://xbrl.org/arcrole/2010/assertion-unsatisfied-message" xlink:from="lbl13644" xlink:to="lbl13649"/>
  </gen:link>
</link:linkbase>