<?xml version="1.0" encoding="UTF-8"?>
<!--
*******************************************************************************************
Copyright © 2022 Comisión para el Mercado Financiero de Chile (CMF) 
This material is copyright of the CMF Chile and all rights are reserved. 
No part of this material may be translated, reprinted, reproduced or utilised in 
any form or manner that is not expressly permitted by the CMF Chile 
IP Policy see: http://www.cmfchile.cl/sitio/pop/politica.html
*******************************************************************************************
-->
<!-- Generated with Reporting Standard S.L. XBRL Taxonomy builder version 3.7.1.1364 - http://www.reportingstandard.com -->
<link:linkbase xmlns:link="http://www.xbrl.org/2003/linkbase"
               xmlns:xs="http://www.w3.org/2001/XMLSchema"
               xmlns:xbrli="http://www.xbrl.org/2003/instance"
               xmlns:xfi="http://www.xbrl.org/2008/function/instance"
               xmlns:gen="http://xbrl.org/2008/generic"
               xmlns:xlink="http://www.w3.org/1999/xlink"
               xmlns:xsi="http://www.w3.org/2001/XMLSchema-instance"
               xmlns:ea="http://xbrl.org/2008/assertion/existence"
               xmlns:variable="http://xbrl.org/2008/variable"
               xmlns:cf="http://xbrl.org/2008/filter/concept"
               xmlns:ifrs-full="http://xbrl.ifrs.org/taxonomy/2021-03-24/ifrs-full"
               xmlns:label="http://xbrl.org/2008/label"
               xmlns:msg="http://xbrl.org/2010/message"
               xmlns:va="http://xbrl.org/2008/assertion/value"
               xsi:schemaLocation="http://xbrl.org/2008/assertion/existence http://www.xbrl.org/2008/existence-assertion.xsd http://xbrl.org/2008/variable http://www.xbrl.org/2008/variable.xsd http://xbrl.org/2008/filter/concept http://www.xbrl.org/2008/concept-filter.xsd http://xbrl.org/2008/label http://www.xbrl.org/2008/generic-label.xsd http://xbrl.org/2010/message http://www.xbrl.org/2010/generic-message.xsd http://xbrl.org/2008/assertion/value http://www.xbrl.org/2008/value-assertion.xsd http://xbrl.org/2008/generic http://www.xbrl.org/2008/generic-link.xsd http://xbrl.ifrs.org/taxonomy/2021-03-24/ifrs-full http://xbrl.ifrs.org/taxonomy/2021-03-24/full_ifrs/full_ifrs-cor_2021-03-24.xsd">
  <link:roleRef xlink:type="simple" roleURI="http://www.cmfchile.cl/cl/fr/ci/role/ias-1_2021-03-24_role-210000" xlink:href="../cl-ci_ias-1_2021-03-24_role-210000.xsd#ias-1_2021-03-24_role-210000"/>
  <link:roleRef xlink:type="simple" roleURI="http://www.xbrl.org/2010/role/message" xlink:href="http://www.xbrl.org/2010/generic-message.xsd#standard-message"/>
  <link:arcroleRef xlink:type="simple" arcroleURI="http://xbrl.org/arcrole/2008/variable-set" xlink:href="http://www.xbrl.org/2008/variable.xsd#variable-set"/>
  <link:arcroleRef xlink:type="simple" arcroleURI="http://xbrl.org/arcrole/2008/variable-filter" xlink:href="http://www.xbrl.org/2008/variable.xsd#variable-filter"/>
  <link:arcroleRef xlink:type="simple" arcroleURI="http://xbrl.org/arcrole/2008/element-label" xlink:href="http://www.xbrl.org/2008/generic-label.xsd#element-label"/>
  <link:arcroleRef xlink:type="simple" arcroleURI="http://xbrl.org/arcrole/2010/assertion-satisfied-message" xlink:href="http://www.xbrl.org/2010/validation-message.xsd#assertion-satisfied-message"/>
  <link:arcroleRef xlink:type="simple" arcroleURI="http://xbrl.org/arcrole/2010/assertion-unsatisfied-message" xlink:href="http://www.xbrl.org/2010/validation-message.xsd#assertion-unsatisfied-message"/>
  <gen:link xlink:type="extended" xlink:role="http://www.cmfchile.cl/cl/fr/ci/role/ias-1_2021-03-24_role-210000">
    <ea:existenceAssertion xlink:type="resource" id="regla210001" aspectModel="dimensional" implicitFiltering="true" test=". ge 2" xlink:label="lbl13412"/>
    <variable:factVariable xlink:type="resource" bindAsSequence="false" xlink:label="lbl13413" id="id7226"/>
    <variable:variableArc xlink:type="arc" xlink:arcrole="http://xbrl.org/arcrole/2008/variable-set" name="acum_regla210001" xlink:from="lbl13412" xlink:to="lbl13413"/>
    <va:valueAssertion xlink:type="resource" id="regla210002" aspectModel="dimensional" implicitFiltering="true" test="$ifrs-full:Assets eq $ifrs-full:EquityAndLiabilities" xlink:label="lbl13418"/>
    <variable:factVariable xlink:type="resource" bindAsSequence="false" xlink:label="lbl13419" id="id7227"/>
    <variable:variableArc xlink:type="arc" xlink:arcrole="http://xbrl.org/arcrole/2008/variable-set" name="ifrs-full:Assets" xlink:from="lbl13418" xlink:to="lbl13419"/>
    <variable:factVariable xlink:type="resource" bindAsSequence="false" xlink:label="lbl13420" id="id7228"/>
    <variable:variableArc xlink:type="arc" xlink:arcrole="http://xbrl.org/arcrole/2008/variable-set" name="ifrs-full:EquityAndLiabilities" xlink:from="lbl13418" xlink:to="lbl13420"/>
    <ea:existenceAssertion xlink:type="resource" id="regla210003" aspectModel="dimensional" implicitFiltering="true" test=". ge 2" xlink:label="lbl13425"/>
    <variable:factVariable xlink:type="resource" bindAsSequence="false" xlink:label="lbl13426" id="id7229"/>
    <variable:variableArc xlink:type="arc" xlink:arcrole="http://xbrl.org/arcrole/2008/variable-set" name="acum_regla210003" xlink:from="lbl13425" xlink:to="lbl13426"/>
    <cf:conceptName xlink:type="resource" xlink:label="lbl13414" id="id7230">
      <cf:concept>
        <cf:qname>ifrs-full:Assets</cf:qname>
      </cf:concept>
    </cf:conceptName>
    <variable:variableFilterArc xlink:type="arc" xlink:arcrole="http://xbrl.org/arcrole/2008/variable-filter" complement="false" cover="true" xlink:from="lbl13413" xlink:to="lbl13414"/>
    <variable:variableFilterArc xlink:type="arc" xlink:arcrole="http://xbrl.org/arcrole/2008/variable-filter" complement="false" cover="true" xlink:from="lbl13419" xlink:to="lbl13414"/>
    <cf:conceptName xlink:type="resource" xlink:label="lbl13421" id="id7231">
      <cf:concept>
        <cf:qname>ifrs-full:EquityAndLiabilities</cf:qname>
      </cf:concept>
    </cf:conceptName>
    <variable:variableFilterArc xlink:type="arc" xlink:arcrole="http://xbrl.org/arcrole/2008/variable-filter" complement="false" cover="true" xlink:from="lbl13420" xlink:to="lbl13421"/>
    <variable:variableFilterArc xlink:type="arc" xlink:arcrole="http://xbrl.org/arcrole/2008/variable-filter" complement="false" cover="true" xlink:from="lbl13426" xlink:to="lbl13421"/>
    <label:label xlink:type="resource" xml:lang="es" id="id7217" xlink:label="lbl13415">210001</label:label>
    <gen:arc xlink:type="arc" xlink:arcrole="http://xbrl.org/arcrole/2008/element-label" xlink:from="lbl13412" xlink:to="lbl13415"/>
    <label:label xlink:type="resource" xml:lang="es" id="id7220" xlink:label="lbl13422">210002</label:label>
    <gen:arc xlink:type="arc" xlink:arcrole="http://xbrl.org/arcrole/2008/element-label" xlink:from="lbl13418" xlink:to="lbl13422"/>
    <label:label xlink:type="resource" xml:lang="es" id="id7223" xlink:label="lbl13427">210003</label:label>
    <gen:arc xlink:type="arc" xlink:arcrole="http://xbrl.org/arcrole/2008/element-label" xlink:from="lbl13425" xlink:to="lbl13427"/>
    <msg:message xlink:type="resource" id="id7218" xml:lang="es" xlink:role="http://www.xbrl.org/2010/role/message" xlink:label="lbl13416">Rol[210000] Regla210001:  Total de activos, está informado</msg:message>
    <gen:arc xlink:type="arc" xlink:arcrole="http://xbrl.org/arcrole/2010/assertion-satisfied-message" xlink:from="lbl13412" xlink:to="lbl13416"/>
    <msg:message xlink:type="resource" id="id7221" xml:lang="es" xlink:role="http://www.xbrl.org/2010/role/message" xlink:label="lbl13423">Rol[210000] Regla210002:  Total de activos es igual a Total de patrimonio y pasivos OK; contexto  {$ifrs-full:Assets/@contextRef}</msg:message>
    <gen:arc xlink:type="arc" xlink:arcrole="http://xbrl.org/arcrole/2010/assertion-satisfied-message" xlink:from="lbl13418" xlink:to="lbl13423"/>
    <msg:message xlink:type="resource" id="id7224" xml:lang="es" xlink:role="http://www.xbrl.org/2010/role/message" xlink:label="lbl13428">Rol[210000] Regla210003:  Total de patrimonio y pasivos, está informado</msg:message>
    <gen:arc xlink:type="arc" xlink:arcrole="http://xbrl.org/arcrole/2010/assertion-satisfied-message" xlink:from="lbl13425" xlink:to="lbl13428"/>
    <msg:message xlink:type="resource" id="id7219" xml:lang="es" xlink:role="http://www.xbrl.org/2010/role/message" xlink:label="lbl13417">Rol[210000] Regla210001: Error Total de activos, no está informado</msg:message>
    <gen:arc xlink:type="arc" xlink:arcrole="http://xbrl.org/arcrole/2010/assertion-unsatisfied-message" xlink:from="lbl13412" xlink:to="lbl13417"/>
    <msg:message xlink:type="resource" id="id7222" xml:lang="es" xlink:role="http://www.xbrl.org/2010/role/message" xlink:label="lbl13424">Rol[210000] Regla210002: Error información Total de activos no es igual a Total de patrimonio y pasivos; contexto  {$ifrs-full:Assets/@contextRef}</msg:message>
    <gen:arc xlink:type="arc" xlink:arcrole="http://xbrl.org/arcrole/2010/assertion-unsatisfied-message" xlink:from="lbl13418" xlink:to="lbl13424"/>
    <msg:message xlink:type="resource" id="id7225" xml:lang="es" xlink:role="http://www.xbrl.org/2010/role/message" xlink:label="lbl13429">Rol[210000] Regla210003: Error Total de patrimonio y pasivos, no está informado</msg:message>
    <gen:arc xlink:type="arc" xlink:arcrole="http://xbrl.org/arcrole/2010/assertion-unsatisfied-message" xlink:from="lbl13425" xlink:to="lbl13429"/>
  </gen:link>
</link:linkbase>