<?xml version="1.0" encoding="UTF-8"?>
<!--
*******************************************************************************************
Copyright © 2022 Comisión para el Mercado Financiero de Chile (CMF) 
This material is copyright of the CMF Chile and all rights are reserved. 
No part of this material may be translated, reprinted, reproduced or utilised in 
any form or manner that is not expressly permitted by the CMF Chile 
IP Policy see: http://www.cmfchile.cl/sitio/pop/politica.html
*******************************************************************************************
-->
<!-- Generated with Reporting Standard S.L. XBRL Taxonomy builder version 3.7.1.1364 - http://www.reportingstandard.com -->
<link:linkbase xmlns:link="http://www.xbrl.org/2003/linkbase" xmlns:xlink="http://www.w3.org/1999/xlink">
  <link:roleRef xlink:type="simple" roleURI="http://www.cmfchile.cl/cl/fr/ci/role/ias-1_2021-03-24_role-861200" xlink:href="../cl-ci_ias-1_2021-03-24_role-861200.xsd#ias-1_2021-03-24_role-861200"/>
  <link:presentationLink xlink:type="extended" xlink:role="http://www.cmfchile.cl/cl/fr/ci/role/ias-1_2021-03-24_role-861200">
    <link:loc xlink:type="locator" xlink:href="http://xbrl.ifrs.org/taxonomy/2021-03-24/full_ifrs/full_ifrs-cor_2021-03-24.xsd#ifrs-full_DisclosureOfShareCapitalReservesAndOtherEquityInterestExplanatory" xlink:label="lbl26526"/>
    <link:loc xlink:type="locator" xlink:href="../../cl-ci_cor_2022-01-03.xsd#cl-ci_CapitalSocialAutorizado" xlink:label="lbl26527"/>
    <link:presentationArc xlink:type="arc" xlink:arcrole="http://www.xbrl.org/2003/arcrole/parent-child" order="12.0" xlink:from="lbl26526" xlink:to="lbl26527"/>
    <link:loc xlink:type="locator" xlink:href="../../cl-ci_cor_2022-01-03.xsd#cl-ci_CapitalSocialAutorizadoSuscrito" xlink:label="lbl26528"/>
    <link:presentationArc xlink:type="arc" xlink:arcrole="http://www.xbrl.org/2003/arcrole/parent-child" order="14.0" xlink:to="lbl26528" xlink:from="lbl26526"/>
    <link:loc xlink:type="locator" xlink:href="http://xbrl.ifrs.org/taxonomy/2021-03-24/full_ifrs/full_ifrs-cor_2021-03-24.xsd#ifrs-full_IssuedCapital" xlink:label="lbl26529"/>
    <link:presentationArc xlink:type="arc" xlink:arcrole="http://www.xbrl.org/2003/arcrole/parent-child" preferredLabel="http://www.xbrl.org/2003/role/terseLabel" order="16.0" xlink:to="lbl26529" xlink:from="lbl26526"/>
    <link:loc xlink:type="locator" xlink:href="http://xbrl.ifrs.org/taxonomy/2021-03-24/full_ifrs/full_ifrs-cor_2021-03-24.xsd#ifrs-full_DisclosureOfClassesOfShareCapitalExplanatory" xlink:label="lbl26530"/>
    <link:presentationArc xlink:type="arc" xlink:arcrole="http://www.xbrl.org/2003/arcrole/parent-child" order="20.0" xlink:to="lbl26530" xlink:from="lbl26526"/>
    <link:loc xlink:type="locator" xlink:href="http://xbrl.ifrs.org/taxonomy/2021-03-24/full_ifrs/full_ifrs-cor_2021-03-24.xsd#ifrs-full_DisclosureOfClassesOfShareCapitalAbstract" xlink:label="lbl26531"/>
    <link:presentationArc xlink:type="arc" xlink:arcrole="http://www.xbrl.org/2003/arcrole/parent-child" order="30.0" xlink:to="lbl26531" xlink:from="lbl26530"/>
    <link:loc xlink:type="locator" xlink:href="http://xbrl.ifrs.org/taxonomy/2021-03-24/full_ifrs/full_ifrs-cor_2021-03-24.xsd#ifrs-full_DisclosureOfClassesOfShareCapitalTable" xlink:label="lbl26532"/>
    <link:presentationArc xlink:type="arc" xlink:arcrole="http://www.xbrl.org/2003/arcrole/parent-child" order="40.0" xlink:to="lbl26532" xlink:from="lbl26531"/>
    <link:loc xlink:type="locator" xlink:href="http://xbrl.ifrs.org/taxonomy/2021-03-24/full_ifrs/full_ifrs-cor_2021-03-24.xsd#ifrs-full_ClassesOfShareCapitalAxis" xlink:label="lbl26533"/>
    <link:presentationArc xlink:type="arc" xlink:arcrole="http://www.xbrl.org/2003/arcrole/parent-child" order="50.0" xlink:to="lbl26533" xlink:from="lbl26532"/>
    <link:loc xlink:type="locator" xlink:href="http://xbrl.ifrs.org/taxonomy/2021-03-24/full_ifrs/full_ifrs-cor_2021-03-24.xsd#ifrs-full_ClassesOfShareCapitalMember" xlink:label="lbl26534"/>
    <link:presentationArc xlink:type="arc" xlink:arcrole="http://www.xbrl.org/2003/arcrole/parent-child" preferredLabel="http://www.xbrl.org/2003/role/terseLabel" order="60.0" xlink:to="lbl26534" xlink:from="lbl26533"/>
    <link:loc xlink:type="locator" xlink:href="http://xbrl.ifrs.org/taxonomy/2021-03-24/full_ifrs/full_ifrs-cor_2021-03-24.xsd#ifrs-full_OrdinarySharesMember" xlink:label="lbl26535"/>
    <link:presentationArc xlink:type="arc" xlink:arcrole="http://www.xbrl.org/2003/arcrole/parent-child" order="62.0" xlink:to="lbl26535" xlink:from="lbl26534"/>
    <link:loc xlink:type="locator" xlink:href="http://xbrl.ifrs.org/taxonomy/2021-03-24/full_ifrs/full_ifrs-cor_2021-03-24.xsd#ifrs-full_PreferenceSharesMember" xlink:label="lbl26536"/>
    <link:presentationArc xlink:type="arc" xlink:arcrole="http://www.xbrl.org/2003/arcrole/parent-child" order="64.0" xlink:to="lbl26536" xlink:from="lbl26534"/>
    <link:loc xlink:type="locator" xlink:href="http://xbrl.ifrs.org/taxonomy/2021-03-24/full_ifrs/full_ifrs-cor_2021-03-24.xsd#ifrs-full_DisclosureOfClassesOfShareCapitalLineItems" xlink:label="lbl26537"/>
    <link:presentationArc xlink:type="arc" xlink:arcrole="http://www.xbrl.org/2003/arcrole/parent-child" order="70.0" xlink:to="lbl26537" xlink:from="lbl26531"/>
    <link:loc xlink:type="locator" xlink:href="http://xbrl.ifrs.org/taxonomy/2021-03-24/full_ifrs/full_ifrs-cor_2021-03-24.xsd#ifrs-full_NumberOfSharesAuthorised" xlink:label="lbl26538"/>
    <link:presentationArc xlink:type="arc" xlink:arcrole="http://www.xbrl.org/2003/arcrole/parent-child" order="80.0" xlink:to="lbl26538" xlink:from="lbl26537"/>
    <link:loc xlink:type="locator" xlink:href="http://xbrl.ifrs.org/taxonomy/2021-03-24/full_ifrs/full_ifrs-cor_2021-03-24.xsd#ifrs-full_NumberOfSharesIssuedAbstract" xlink:label="lbl26539"/>
    <link:presentationArc xlink:type="arc" xlink:arcrole="http://www.xbrl.org/2003/arcrole/parent-child" order="90.0" xlink:to="lbl26539" xlink:from="lbl26537"/>
    <link:loc xlink:type="locator" xlink:href="http://xbrl.ifrs.org/taxonomy/2021-03-24/full_ifrs/full_ifrs-cor_2021-03-24.xsd#ifrs-full_NumberOfSharesIssuedAndFullyPaid" xlink:label="lbl26540"/>
    <link:presentationArc xlink:type="arc" xlink:arcrole="http://www.xbrl.org/2003/arcrole/parent-child" order="100.0" xlink:to="lbl26540" xlink:from="lbl26539"/>
    <link:loc xlink:type="locator" xlink:href="http://xbrl.ifrs.org/taxonomy/2021-03-24/full_ifrs/full_ifrs-cor_2021-03-24.xsd#ifrs-full_NumberOfSharesIssuedButNotFullyPaid" xlink:label="lbl26541"/>
    <link:presentationArc xlink:type="arc" xlink:arcrole="http://www.xbrl.org/2003/arcrole/parent-child" order="110.0" xlink:to="lbl26541" xlink:from="lbl26539"/>
    <link:loc xlink:type="locator" xlink:href="http://xbrl.ifrs.org/taxonomy/2021-03-24/full_ifrs/full_ifrs-cor_2021-03-24.xsd#ifrs-full_NumberOfSharesIssued" xlink:label="lbl26542"/>
    <link:presentationArc xlink:type="arc" xlink:arcrole="http://www.xbrl.org/2003/arcrole/parent-child" preferredLabel="http://www.xbrl.org/2003/role/totalLabel" order="120.0" xlink:to="lbl26542" xlink:from="lbl26539"/>
    <link:loc xlink:type="locator" xlink:href="http://xbrl.ifrs.org/taxonomy/2021-03-24/full_ifrs/full_ifrs-cor_2021-03-24.xsd#ifrs-full_Equity" xlink:label="lbl26543"/>
    <link:presentationArc xlink:type="arc" xlink:arcrole="http://www.xbrl.org/2003/arcrole/parent-child" preferredLabel="http://www.xbrl.org/2003/role/periodEndLabel" order="124.0" xlink:to="lbl26543" xlink:from="lbl26537"/>
    <link:presentationArc xlink:type="arc" xlink:arcrole="http://www.xbrl.org/2003/arcrole/parent-child" order="126.0" xlink:from="lbl26537" xlink:to="lbl26529"/>
    <link:loc xlink:type="locator" xlink:href="http://xbrl.ifrs.org/taxonomy/2021-03-24/full_ifrs/full_ifrs-cor_2021-03-24.xsd#ifrs-full_ParValuePerShare" xlink:label="lbl26544"/>
    <link:presentationArc xlink:type="arc" xlink:arcrole="http://www.xbrl.org/2003/arcrole/parent-child" order="130.0" xlink:to="lbl26544" xlink:from="lbl26537"/>
    <link:loc xlink:type="locator" xlink:href="http://xbrl.ifrs.org/taxonomy/2021-03-24/full_ifrs/full_ifrs-cor_2021-03-24.xsd#ifrs-full_ExplanationOfFactThatSharesHaveNoParValue" xlink:label="lbl26545"/>
    <link:presentationArc xlink:type="arc" xlink:arcrole="http://www.xbrl.org/2003/arcrole/parent-child" order="140.0" xlink:to="lbl26545" xlink:from="lbl26537"/>
    <link:loc xlink:type="locator" xlink:href="http://xbrl.ifrs.org/taxonomy/2021-03-24/full_ifrs/full_ifrs-cor_2021-03-24.xsd#ifrs-full_ReconciliationOfNumberOfSharesOutstandingAbstract" xlink:label="lbl26546"/>
    <link:presentationArc xlink:type="arc" xlink:arcrole="http://www.xbrl.org/2003/arcrole/parent-child" preferredLabel="http://www.xbrl.org/2003/role/terseLabel" order="150.0" xlink:to="lbl26546" xlink:from="lbl26537"/>
    <link:loc xlink:type="locator" xlink:href="http://xbrl.ifrs.org/taxonomy/2021-03-24/full_ifrs/full_ifrs-cor_2021-03-24.xsd#ifrs-full_NumberOfSharesOutstanding" xlink:label="lbl26547"/>
    <link:presentationArc xlink:type="arc" xlink:arcrole="http://www.xbrl.org/2003/arcrole/parent-child" preferredLabel="http://www.xbrl.org/2003/role/periodStartLabel" order="160.0" xlink:to="lbl26547" xlink:from="lbl26546"/>
    <link:loc xlink:type="locator" xlink:href="http://xbrl.ifrs.org/taxonomy/2021-03-24/full_ifrs/full_ifrs-cor_2021-03-24.xsd#ifrs-full_ChangesInNumberOfSharesOutstandingAbstract" xlink:label="lbl26548"/>
    <link:presentationArc xlink:type="arc" xlink:arcrole="http://www.xbrl.org/2003/arcrole/parent-child" preferredLabel="http://www.xbrl.org/2003/role/terseLabel" order="170.0" xlink:to="lbl26548" xlink:from="lbl26546"/>
    <link:loc xlink:type="locator" xlink:href="http://xbrl.ifrs.org/taxonomy/2021-03-24/full_ifrs/full_ifrs-cor_2021-03-24.xsd#ifrs-full_IncreaseDecreaseInNumberOfSharesOutstanding" xlink:label="lbl26549"/>
    <link:presentationArc xlink:type="arc" xlink:arcrole="http://www.xbrl.org/2003/arcrole/parent-child" preferredLabel="http://www.xbrl.org/2003/role/totalLabel" order="180.0" xlink:to="lbl26549" xlink:from="lbl26548"/>
    <link:loc xlink:type="locator" xlink:href="http://xbrl.ifrs.org/taxonomy/2021-03-24/full_ifrs/full_ifrs-cor_2021-03-24.xsd#ifrs-full_NumberOfSharesOutstanding" xlink:label="lbl26550"/>
    <link:presentationArc xlink:type="arc" xlink:arcrole="http://www.xbrl.org/2003/arcrole/parent-child" preferredLabel="http://www.xbrl.org/2003/role/periodEndLabel" order="190.0" xlink:from="lbl26546" xlink:to="lbl26550"/>
    <link:loc xlink:type="locator" xlink:href="http://xbrl.ifrs.org/taxonomy/2021-03-24/full_ifrs/full_ifrs-cor_2021-03-24.xsd#ifrs-full_RightsPreferencesAndRestrictionsAttachingToClassOfShareCapital" xlink:label="lbl26551"/>
    <link:presentationArc xlink:type="arc" xlink:arcrole="http://www.xbrl.org/2003/arcrole/parent-child" order="200.0" xlink:to="lbl26551" xlink:from="lbl26537"/>
    <link:loc xlink:type="locator" xlink:href="http://xbrl.ifrs.org/taxonomy/2021-03-24/full_ifrs/full_ifrs-cor_2021-03-24.xsd#ifrs-full_SharesInEntityHeldByEntityOrByItsSubsidiariesOrAssociates" xlink:label="lbl26552"/>
    <link:presentationArc xlink:type="arc" xlink:arcrole="http://www.xbrl.org/2003/arcrole/parent-child" order="210.0" xlink:to="lbl26552" xlink:from="lbl26537"/>
    <link:loc xlink:type="locator" xlink:href="http://xbrl.ifrs.org/taxonomy/2021-03-24/full_ifrs/full_ifrs-cor_2021-03-24.xsd#ifrs-full_SharesReservedForIssueUnderOptionsAndContractsForSaleOfShares" xlink:label="lbl26553"/>
    <link:presentationArc xlink:type="arc" xlink:arcrole="http://www.xbrl.org/2003/arcrole/parent-child" order="220.0" xlink:to="lbl26553" xlink:from="lbl26537"/>
    <link:loc xlink:type="locator" xlink:href="http://xbrl.ifrs.org/taxonomy/2021-03-24/full_ifrs/full_ifrs-cor_2021-03-24.xsd#ifrs-full_DescriptionOfTermsOfSharesReservedForIssueUnderOptionsAndContractsForSaleOfShares" xlink:label="lbl26554"/>
    <link:presentationArc xlink:type="arc" xlink:arcrole="http://www.xbrl.org/2003/arcrole/parent-child" preferredLabel="http://www.xbrl.org/2003/role/terseLabel" order="230.0" xlink:to="lbl26554" xlink:from="lbl26537"/>
    <link:loc xlink:type="locator" xlink:href="http://xbrl.ifrs.org/taxonomy/2021-03-24/full_ifrs/full_ifrs-cor_2021-03-24.xsd#ifrs-full_DisclosureOfReservesAndOtherEquityInterestExplanatory" xlink:label="lbl26555"/>
    <link:presentationArc xlink:type="arc" xlink:arcrole="http://www.xbrl.org/2003/arcrole/parent-child" order="240.0" xlink:to="lbl26555" xlink:from="lbl26526"/>
    <link:loc xlink:type="locator" xlink:href="http://xbrl.ifrs.org/taxonomy/2021-03-24/full_ifrs/full_ifrs-cor_2021-03-24.xsd#ifrs-full_DisclosureOfReservesWithinEquityAbstract" xlink:label="lbl26556"/>
    <link:presentationArc xlink:type="arc" xlink:arcrole="http://www.xbrl.org/2003/arcrole/parent-child" order="250.0" xlink:to="lbl26556" xlink:from="lbl26555"/>
    <link:loc xlink:type="locator" xlink:href="http://xbrl.ifrs.org/taxonomy/2021-03-24/full_ifrs/full_ifrs-cor_2021-03-24.xsd#ifrs-full_DisclosureOfReservesWithinEquityTable" xlink:label="lbl26557"/>
    <link:presentationArc xlink:type="arc" xlink:arcrole="http://www.xbrl.org/2003/arcrole/parent-child" order="260.0" xlink:to="lbl26557" xlink:from="lbl26556"/>
    <link:loc xlink:type="locator" xlink:href="http://xbrl.ifrs.org/taxonomy/2021-03-24/full_ifrs/full_ifrs-cor_2021-03-24.xsd#ifrs-full_ReservesWithinEquityAxis" xlink:label="lbl26558"/>
    <link:presentationArc xlink:type="arc" xlink:arcrole="http://www.xbrl.org/2003/arcrole/parent-child" order="270.0" xlink:to="lbl26558" xlink:from="lbl26557"/>
    <link:loc xlink:type="locator" xlink:href="http://xbrl.ifrs.org/taxonomy/2021-03-24/full_ifrs/full_ifrs-cor_2021-03-24.xsd#ifrs-full_OtherReservesMember" xlink:label="lbl26559"/>
    <link:presentationArc xlink:type="arc" xlink:arcrole="http://www.xbrl.org/2003/arcrole/parent-child" order="280.0" xlink:to="lbl26559" xlink:from="lbl26558"/>
    <link:loc xlink:type="locator" xlink:href="http://xbrl.ifrs.org/taxonomy/2021-03-24/full_ifrs/full_ifrs-cor_2021-03-24.xsd#ifrs-full_AccumulatedOtherComprehensiveIncomeMember" xlink:label="lbl26560"/>
    <link:presentationArc xlink:type="arc" xlink:arcrole="http://www.xbrl.org/2003/arcrole/parent-child" order="290.0" xlink:to="lbl26560" xlink:from="lbl26559"/>
    <link:loc xlink:type="locator" xlink:href="http://xbrl.ifrs.org/taxonomy/2021-03-24/full_ifrs/full_ifrs-cor_2021-03-24.xsd#ifrs-full_RevaluationSurplusMember" xlink:label="lbl26561"/>
    <link:presentationArc xlink:type="arc" xlink:arcrole="http://www.xbrl.org/2003/arcrole/parent-child" order="300.0" xlink:to="lbl26561" xlink:from="lbl26560"/>
    <link:loc xlink:type="locator" xlink:href="http://xbrl.ifrs.org/taxonomy/2021-03-24/full_ifrs/full_ifrs-cor_2021-03-24.xsd#ifrs-full_ReserveOfExchangeDifferencesOnTranslationMember" xlink:label="lbl26562"/>
    <link:presentationArc xlink:type="arc" xlink:arcrole="http://www.xbrl.org/2003/arcrole/parent-child" order="310.0" xlink:to="lbl26562" xlink:from="lbl26560"/>
    <link:loc xlink:type="locator" xlink:href="http://xbrl.ifrs.org/taxonomy/2021-03-24/full_ifrs/full_ifrs-cor_2021-03-24.xsd#ifrs-full_ReserveOfCashFlowHedgesMember" xlink:label="lbl26563"/>
    <link:presentationArc xlink:type="arc" xlink:arcrole="http://www.xbrl.org/2003/arcrole/parent-child" order="320.0" xlink:to="lbl26563" xlink:from="lbl26560"/>
    <link:loc xlink:type="locator" xlink:href="http://xbrl.ifrs.org/taxonomy/2021-03-24/full_ifrs/full_ifrs-cor_2021-03-24.xsd#ifrs-full_ReserveOfGainsAndLossesOnHedgingInstrumentsThatHedgeInvestmentsInEquityInstrumentsMember" xlink:label="lbl26564"/>
    <link:presentationArc xlink:type="arc" xlink:arcrole="http://www.xbrl.org/2003/arcrole/parent-child" order="330.0" xlink:to="lbl26564" xlink:from="lbl26560"/>
    <link:loc xlink:type="locator" xlink:href="http://xbrl.ifrs.org/taxonomy/2021-03-24/full_ifrs/full_ifrs-cor_2021-03-24.xsd#ifrs-full_ReserveOfChangeInValueOfTimeValueOfOptionsMember" xlink:label="lbl26565"/>
    <link:presentationArc xlink:type="arc" xlink:arcrole="http://www.xbrl.org/2003/arcrole/parent-child" order="340.0" xlink:to="lbl26565" xlink:from="lbl26560"/>
    <link:loc xlink:type="locator" xlink:href="http://xbrl.ifrs.org/taxonomy/2021-03-24/full_ifrs/full_ifrs-cor_2021-03-24.xsd#ifrs-full_ReserveOfChangeInValueOfForwardElementsOfForwardContractsMember" xlink:label="lbl26566"/>
    <link:presentationArc xlink:type="arc" xlink:arcrole="http://www.xbrl.org/2003/arcrole/parent-child" order="350.0" xlink:to="lbl26566" xlink:from="lbl26560"/>
    <link:loc xlink:type="locator" xlink:href="http://xbrl.ifrs.org/taxonomy/2021-03-24/full_ifrs/full_ifrs-cor_2021-03-24.xsd#ifrs-full_ReserveOfChangeInValueOfForeignCurrencyBasisSpreadsMember" xlink:label="lbl26567"/>
    <link:presentationArc xlink:type="arc" xlink:arcrole="http://www.xbrl.org/2003/arcrole/parent-child" order="360.0" xlink:to="lbl26567" xlink:from="lbl26560"/>
    <link:loc xlink:type="locator" xlink:href="http://xbrl.ifrs.org/taxonomy/2021-03-24/full_ifrs/full_ifrs-cor_2021-03-24.xsd#ifrs-full_ReserveOfGainsAndLossesOnFinancialAssetsMeasuredAtFairValueThroughOtherComprehensiveIncomeMember" xlink:label="lbl26568"/>
    <link:presentationArc xlink:type="arc" xlink:arcrole="http://www.xbrl.org/2003/arcrole/parent-child" order="370.0" xlink:to="lbl26568" xlink:from="lbl26560"/>
    <link:loc xlink:type="locator" xlink:href="../../cl-ci_cor_2022-01-03.xsd#cl-ci_ReserveOfActuarialGainsOrLossesOnDefinedBenefitPlansMember" xlink:label="lbl26569"/>
    <link:presentationArc xlink:type="arc" xlink:arcrole="http://www.xbrl.org/2003/arcrole/parent-child" order="380.0" xlink:to="lbl26569" xlink:from="lbl26560"/>
    <link:loc xlink:type="locator" xlink:href="http://xbrl.ifrs.org/taxonomy/2021-03-24/full_ifrs/full_ifrs-cor_2021-03-24.xsd#ifrs-full_ReserveOfGainsAndLossesOnRemeasuringAvailableforsaleFinancialAssetsMember" xlink:label="lbl26570"/>
    <link:presentationArc xlink:type="arc" xlink:arcrole="http://www.xbrl.org/2003/arcrole/parent-child" order="390.0" xlink:to="lbl26570" xlink:from="lbl26560"/>
    <link:loc xlink:type="locator" xlink:href="http://xbrl.ifrs.org/taxonomy/2021-03-24/full_ifrs/full_ifrs-cor_2021-03-24.xsd#ifrs-full_AmountRecognisedInOtherComprehensiveIncomeAndAccumulatedInEquityRelatingToNoncurrentAssetsOrDisposalGroupsHeldForSaleMember" xlink:label="lbl26571"/>
    <link:presentationArc xlink:type="arc" xlink:arcrole="http://www.xbrl.org/2003/arcrole/parent-child" order="400.0" xlink:to="lbl26571" xlink:from="lbl26560"/>
    <link:loc xlink:type="locator" xlink:href="http://xbrl.ifrs.org/taxonomy/2021-03-24/full_ifrs/full_ifrs-cor_2021-03-24.xsd#ifrs-full_ReserveOfGainsAndLossesFromInvestmentsInEquityInstrumentsMember" xlink:label="lbl26572"/>
    <link:presentationArc xlink:type="arc" xlink:arcrole="http://www.xbrl.org/2003/arcrole/parent-child" order="410.0" xlink:to="lbl26572" xlink:from="lbl26560"/>
    <link:loc xlink:type="locator" xlink:href="http://xbrl.ifrs.org/taxonomy/2021-03-24/full_ifrs/full_ifrs-cor_2021-03-24.xsd#ifrs-full_ReserveOfChangeInFairValueOfFinancialLiabilityAttributableToChangeInCreditRiskOfLiabilityMember" xlink:label="lbl26573"/>
    <link:presentationArc xlink:type="arc" xlink:arcrole="http://www.xbrl.org/2003/arcrole/parent-child" order="420.0" xlink:to="lbl26573" xlink:from="lbl26560"/>
    <link:loc xlink:type="locator" xlink:href="http://xbrl.ifrs.org/taxonomy/2021-03-24/full_ifrs/full_ifrs-cor_2021-03-24.xsd#ifrs-full_ReserveOfSharebasedPaymentsMember" xlink:label="lbl26574"/>
    <link:presentationArc xlink:type="arc" xlink:arcrole="http://www.xbrl.org/2003/arcrole/parent-child" order="430.0" xlink:to="lbl26574" xlink:from="lbl26559"/>
    <link:loc xlink:type="locator" xlink:href="../../cl-ci_cor_2022-01-03.xsd#cl-ci_OtrasReservasVariasMember" xlink:label="lbl26575"/>
    <link:presentationArc xlink:type="arc" xlink:arcrole="http://www.xbrl.org/2003/arcrole/parent-child" order="440.0" xlink:to="lbl26575" xlink:from="lbl26559"/>
    <link:loc xlink:type="locator" xlink:href="http://xbrl.ifrs.org/taxonomy/2021-03-24/full_ifrs/full_ifrs-cor_2021-03-24.xsd#ifrs-full_DisclosureOfReservesWithinEquityLineItems" xlink:label="lbl26576"/>
    <link:presentationArc xlink:type="arc" xlink:arcrole="http://www.xbrl.org/2003/arcrole/parent-child" order="450.0" xlink:to="lbl26576" xlink:from="lbl26556"/>
    <link:loc xlink:type="locator" xlink:href="http://xbrl.ifrs.org/taxonomy/2021-03-24/full_ifrs/full_ifrs-cor_2021-03-24.xsd#ifrs-full_DescriptionOfNatureAndPurposeOfReservesWithinEquity" xlink:label="lbl26577"/>
    <link:presentationArc xlink:type="arc" xlink:arcrole="http://www.xbrl.org/2003/arcrole/parent-child" order="460.0" xlink:to="lbl26577" xlink:from="lbl26576"/>
    <link:loc xlink:type="locator" xlink:href="http://xbrl.ifrs.org/taxonomy/2021-03-24/full_ifrs/full_ifrs-cor_2021-03-24.xsd#ifrs-full_DescriptionOfOtherEquityInterest" xlink:label="lbl26578"/>
    <link:presentationArc xlink:type="arc" xlink:arcrole="http://www.xbrl.org/2003/arcrole/parent-child" order="470.0" xlink:to="lbl26578" xlink:from="lbl26526"/>
    <link:loc xlink:type="locator" xlink:href="http://xbrl.ifrs.org/taxonomy/2021-03-24/full_ifrs/full_ifrs-cor_2021-03-24.xsd#ifrs-full_SummaryQuantitativeDataAboutPuttableFinancialInstrumentsClassifiedAsEquityInstruments" xlink:label="lbl26579"/>
    <link:presentationArc xlink:type="arc" xlink:arcrole="http://www.xbrl.org/2003/arcrole/parent-child" order="480.0" xlink:to="lbl26579" xlink:from="lbl26526"/>
    <link:loc xlink:type="locator" xlink:href="http://xbrl.ifrs.org/taxonomy/2021-03-24/full_ifrs/full_ifrs-cor_2021-03-24.xsd#ifrs-full_InformationAboutObjectivesPoliciesAndProcessesForManagingEntitysObligationToRepurchaseOrRedeemPuttableFinancialInstruments" xlink:label="lbl26580"/>
    <link:presentationArc xlink:type="arc" xlink:arcrole="http://www.xbrl.org/2003/arcrole/parent-child" preferredLabel="http://www.xbrl.org/2003/role/terseLabel" order="490.0" xlink:to="lbl26580" xlink:from="lbl26526"/>
    <link:loc xlink:type="locator" xlink:href="http://xbrl.ifrs.org/taxonomy/2021-03-24/full_ifrs/full_ifrs-cor_2021-03-24.xsd#ifrs-full_ExpectedCashOutflowOnRedemptionOrRepurchaseOfPuttableFinancialInstruments" xlink:label="lbl26581"/>
    <link:presentationArc xlink:type="arc" xlink:arcrole="http://www.xbrl.org/2003/arcrole/parent-child" order="500.0" xlink:to="lbl26581" xlink:from="lbl26526"/>
    <link:loc xlink:type="locator" xlink:href="http://xbrl.ifrs.org/taxonomy/2021-03-24/full_ifrs/full_ifrs-cor_2021-03-24.xsd#ifrs-full_InformationAboutHowExpectedCashOutflowOnRedemptionOrRepurchaseWasDetermined" xlink:label="lbl26582"/>
    <link:presentationArc xlink:type="arc" xlink:arcrole="http://www.xbrl.org/2003/arcrole/parent-child" order="510.0" xlink:to="lbl26582" xlink:from="lbl26526"/>
    <link:loc xlink:type="locator" xlink:href="../../cl-ci_cor_2022-01-03.xsd#cl-ci_InformacionAdicionalSobreDividendosSinopsis" xlink:label="lbl26583"/>
    <link:presentationArc xlink:type="arc" xlink:arcrole="http://www.xbrl.org/2003/arcrole/parent-child" order="520.0" xlink:to="lbl26583" xlink:from="lbl26526"/>
    <link:loc xlink:type="locator" xlink:href="../../cl-ci_cor_2022-01-03.xsd#cl-ci_InformacionAdicionalSobreDividendosTabla" xlink:label="lbl26584"/>
    <link:presentationArc xlink:type="arc" xlink:arcrole="http://www.xbrl.org/2003/arcrole/parent-child" order="530.0" xlink:to="lbl26584" xlink:from="lbl26583"/>
    <link:loc xlink:type="locator" xlink:href="../../cl-ci_cor_2022-01-03.xsd#cl-ci_DetalleDividendosEje" xlink:label="lbl26585"/>
    <link:presentationArc xlink:type="arc" xlink:arcrole="http://www.xbrl.org/2003/arcrole/parent-child" order="540.0" xlink:to="lbl26585" xlink:from="lbl26584"/>
    <link:loc xlink:type="locator" xlink:href="../../cl-ci_cor_2022-01-03.xsd#cl-ci_DividendosPeriodoActualMiembro" xlink:label="lbl26586"/>
    <link:presentationArc xlink:type="arc" xlink:arcrole="http://www.xbrl.org/2003/arcrole/parent-child" order="550.0" xlink:to="lbl26586" xlink:from="lbl26585"/>
    <link:loc xlink:type="locator" xlink:href="../../cl-ci_cor_2022-01-03.xsd#cl-ci_DividendosPeriodoAnteriorMiembro" xlink:label="lbl26587"/>
    <link:presentationArc xlink:type="arc" xlink:arcrole="http://www.xbrl.org/2003/arcrole/parent-child" order="560.0" xlink:to="lbl26587" xlink:from="lbl26585"/>
    <link:loc xlink:type="locator" xlink:href="../../cl-ci_cor_2022-01-03.xsd#cl-ci_InformacionAdicionalSobreDividendosPartidas" xlink:label="lbl26588"/>
    <link:presentationArc xlink:type="arc" xlink:arcrole="http://www.xbrl.org/2003/arcrole/parent-child" order="570.0" xlink:to="lbl26588" xlink:from="lbl26583"/>
    <link:loc xlink:type="locator" xlink:href="../../cl-ci_cor_2022-01-03.xsd#cl-ci_TipoDividendo" xlink:label="lbl26589"/>
    <link:presentationArc xlink:type="arc" xlink:arcrole="http://www.xbrl.org/2003/arcrole/parent-child" order="580.0" xlink:to="lbl26589" xlink:from="lbl26588"/>
    <link:loc xlink:type="locator" xlink:href="../../cl-ci_cor_2022-01-03.xsd#cl-ci_MontoDividendoTotal" xlink:label="lbl26590"/>
    <link:presentationArc xlink:type="arc" xlink:arcrole="http://www.xbrl.org/2003/arcrole/parent-child" order="590.0" xlink:to="lbl26590" xlink:from="lbl26588"/>
    <link:loc xlink:type="locator" xlink:href="../../cl-ci_cor_2022-01-03.xsd#cl-ci_FechaAcuerdoDividendo" xlink:label="lbl26591"/>
    <link:presentationArc xlink:type="arc" xlink:arcrole="http://www.xbrl.org/2003/arcrole/parent-child" order="600.0" xlink:to="lbl26591" xlink:from="lbl26588"/>
    <link:loc xlink:type="locator" xlink:href="../../cl-ci_cor_2022-01-03.xsd#cl-ci_FechaPagoDividendo" xlink:label="lbl26592"/>
    <link:presentationArc xlink:type="arc" xlink:arcrole="http://www.xbrl.org/2003/arcrole/parent-child" order="610.0" xlink:to="lbl26592" xlink:from="lbl26588"/>
    <link:loc xlink:type="locator" xlink:href="../../cl-ci_cor_2022-01-03.xsd#cl-ci_UtilidadLiquidaDistribuible" xlink:label="lbl26593"/>
    <link:presentationArc xlink:type="arc" xlink:arcrole="http://www.xbrl.org/2003/arcrole/parent-child" order="615.0" xlink:to="lbl26593" xlink:from="lbl26526"/>
    <link:loc xlink:type="locator" xlink:href="../../cl-ci_cor_2022-01-03.xsd#cl-ci_OtraInformacionAcercaDividendos" xlink:label="lbl26594"/>
    <link:presentationArc xlink:type="arc" xlink:arcrole="http://www.xbrl.org/2003/arcrole/parent-child" order="620.0" xlink:to="lbl26594" xlink:from="lbl26526"/>
  </link:presentationLink>
</link:linkbase>