﻿<?xml version="1.0" encoding="utf-8"?>
<?taxonomy-version 1.0.0.0 ?>  <?taxonomy-set-overall-version 3.3.0.0 ?>
<!--(C) EBA-->
<link:linkbase xmlns:xsi="http://www.w3.org/2001/XMLSchema-instance" xmlns:xlink="http://www.w3.org/1999/xlink" xmlns:link="http://www.xbrl.org/2003/linkbase" xsi:schemaLocation="http://www.xbrl.org/2003/linkbase http://www.xbrl.org/2003/xbrl-linkbase-2003-12-31.xsd">
  <link:roleRef roleURI="http://www.eba.europa.eu/xbrl/role/dpm-db-id" xlink:type="simple" xlink:href="http://www.eba.europa.eu/eu/fr/xbrl/ext/model.xsd#dpm-db-id" />
  <link:labelLink xlink:type="extended" xlink:role="http://www.xbrl.org/2003/role/link">
    <link:loc xlink:type="locator" xlink:href="tab.xsd#eba_tgAd_hoc_ESG" xlink:label="loc_eba_tgAd_hoc_ESG" />
    <link:label xlink:type="resource" xlink:label="label_eba_tgAd_hoc_ESG" xml:lang="en" xlink:role="http://www.eba.europa.eu/xbrl/role/dpm-db-id">887</link:label>
    <link:labelArc xlink:type="arc" xlink:arcrole="http://www.xbrl.org/2003/arcrole/concept-label" xlink:from="loc_eba_tgAd_hoc_ESG" xlink:to="label_eba_tgAd_hoc_ESG" />
    <link:loc xlink:type="locator" xlink:href="tab.xsd#eba_tgD_01.00" xlink:label="loc_eba_tgD_01.00" />
    <link:label xlink:type="resource" xlink:label="label_eba_tgD_01.00" xml:lang="en" xlink:role="http://www.eba.europa.eu/xbrl/role/dpm-db-id">631</link:label>
    <link:labelArc xlink:type="arc" xlink:arcrole="http://www.xbrl.org/2003/arcrole/concept-label" xlink:from="loc_eba_tgD_01.00" xlink:to="label_eba_tgD_01.00" />
    <link:loc xlink:type="locator" xlink:href="tab.xsd#eba_tgD_02.00" xlink:label="loc_eba_tgD_02.00" />
    <link:label xlink:type="resource" xlink:label="label_eba_tgD_02.00" xml:lang="en" xlink:role="http://www.eba.europa.eu/xbrl/role/dpm-db-id">632</link:label>
    <link:labelArc xlink:type="arc" xlink:arcrole="http://www.xbrl.org/2003/arcrole/concept-label" xlink:from="loc_eba_tgD_02.00" xlink:to="label_eba_tgD_02.00" />
    <link:loc xlink:type="locator" xlink:href="tab.xsd#eba_tgD_03.01" xlink:label="loc_eba_tgD_03.01" />
    <link:label xlink:type="resource" xlink:label="label_eba_tgD_03.01" xml:lang="en" xlink:role="http://www.eba.europa.eu/xbrl/role/dpm-db-id">678</link:label>
    <link:labelArc xlink:type="arc" xlink:arcrole="http://www.xbrl.org/2003/arcrole/concept-label" xlink:from="loc_eba_tgD_03.01" xlink:to="label_eba_tgD_03.01" />
    <link:loc xlink:type="locator" xlink:href="tab.xsd#eba_tgD_03.02" xlink:label="loc_eba_tgD_03.02" />
    <link:label xlink:type="resource" xlink:label="label_eba_tgD_03.02" xml:lang="en" xlink:role="http://www.eba.europa.eu/xbrl/role/dpm-db-id">633</link:label>
    <link:labelArc xlink:type="arc" xlink:arcrole="http://www.xbrl.org/2003/arcrole/concept-label" xlink:from="loc_eba_tgD_03.02" xlink:to="label_eba_tgD_03.02" />
    <link:loc xlink:type="locator" xlink:href="tab.xsd#eba_tgD_04.00" xlink:label="loc_eba_tgD_04.00" />
    <link:label xlink:type="resource" xlink:label="label_eba_tgD_04.00" xml:lang="en" xlink:role="http://www.eba.europa.eu/xbrl/role/dpm-db-id">634</link:label>
    <link:labelArc xlink:type="arc" xlink:arcrole="http://www.xbrl.org/2003/arcrole/concept-label" xlink:from="loc_eba_tgD_04.00" xlink:to="label_eba_tgD_04.00" />
    <link:loc xlink:type="locator" xlink:href="tab.xsd#eba_tgD_05.00" xlink:label="loc_eba_tgD_05.00" />
    <link:label xlink:type="resource" xlink:label="label_eba_tgD_05.00" xml:lang="en" xlink:role="http://www.eba.europa.eu/xbrl/role/dpm-db-id">635</link:label>
    <link:labelArc xlink:type="arc" xlink:arcrole="http://www.xbrl.org/2003/arcrole/concept-label" xlink:from="loc_eba_tgD_05.00" xlink:to="label_eba_tgD_05.00" />
    <link:loc xlink:type="locator" xlink:href="tab.xsd#eba_tgD_06.00" xlink:label="loc_eba_tgD_06.00" />
    <link:label xlink:type="resource" xlink:label="label_eba_tgD_06.00" xml:lang="en" xlink:role="http://www.eba.europa.eu/xbrl/role/dpm-db-id">636</link:label>
    <link:labelArc xlink:type="arc" xlink:arcrole="http://www.xbrl.org/2003/arcrole/concept-label" xlink:from="loc_eba_tgD_06.00" xlink:to="label_eba_tgD_06.00" />
    <link:loc xlink:type="locator" xlink:href="tab.xsd#eba_tgD_07.00" xlink:label="loc_eba_tgD_07.00" />
    <link:label xlink:type="resource" xlink:label="label_eba_tgD_07.00" xml:lang="en" xlink:role="http://www.eba.europa.eu/xbrl/role/dpm-db-id">637</link:label>
    <link:labelArc xlink:type="arc" xlink:arcrole="http://www.xbrl.org/2003/arcrole/concept-label" xlink:from="loc_eba_tgD_07.00" xlink:to="label_eba_tgD_07.00" />
    <link:loc xlink:type="locator" xlink:href="tab.xsd#eba_tgD_08.00" xlink:label="loc_eba_tgD_08.00" />
    <link:label xlink:type="resource" xlink:label="label_eba_tgD_08.00" xml:lang="en" xlink:role="http://www.eba.europa.eu/xbrl/role/dpm-db-id">638</link:label>
    <link:labelArc xlink:type="arc" xlink:arcrole="http://www.xbrl.org/2003/arcrole/concept-label" xlink:from="loc_eba_tgD_08.00" xlink:to="label_eba_tgD_08.00" />
    <link:loc xlink:type="locator" xlink:href="tab.xsd#eba_tgD_09.01" xlink:label="loc_eba_tgD_09.01" />
    <link:label xlink:type="resource" xlink:label="label_eba_tgD_09.01" xml:lang="en" xlink:role="http://www.eba.europa.eu/xbrl/role/dpm-db-id">639</link:label>
    <link:labelArc xlink:type="arc" xlink:arcrole="http://www.xbrl.org/2003/arcrole/concept-label" xlink:from="loc_eba_tgD_09.01" xlink:to="label_eba_tgD_09.01" />
    <link:loc xlink:type="locator" xlink:href="tab.xsd#eba_tgD_09.02" xlink:label="loc_eba_tgD_09.02" />
    <link:label xlink:type="resource" xlink:label="label_eba_tgD_09.02" xml:lang="en" xlink:role="http://www.eba.europa.eu/xbrl/role/dpm-db-id">640</link:label>
    <link:labelArc xlink:type="arc" xlink:arcrole="http://www.xbrl.org/2003/arcrole/concept-label" xlink:from="loc_eba_tgD_09.02" xlink:to="label_eba_tgD_09.02" />
    <link:loc xlink:type="locator" xlink:href="tab.xsd#eba_tgD_09.03" xlink:label="loc_eba_tgD_09.03" />
    <link:label xlink:type="resource" xlink:label="label_eba_tgD_09.03" xml:lang="en" xlink:role="http://www.eba.europa.eu/xbrl/role/dpm-db-id">641</link:label>
    <link:labelArc xlink:type="arc" xlink:arcrole="http://www.xbrl.org/2003/arcrole/concept-label" xlink:from="loc_eba_tgD_09.03" xlink:to="label_eba_tgD_09.03" />
    <link:loc xlink:type="locator" xlink:href="tab.xsd#eba_tgD_10.00" xlink:label="loc_eba_tgD_10.00" />
    <link:label xlink:type="resource" xlink:label="label_eba_tgD_10.00" xml:lang="en" xlink:role="http://www.eba.europa.eu/xbrl/role/dpm-db-id">642</link:label>
    <link:labelArc xlink:type="arc" xlink:arcrole="http://www.xbrl.org/2003/arcrole/concept-label" xlink:from="loc_eba_tgD_10.00" xlink:to="label_eba_tgD_10.00" />
  </link:labelLink>
</link:linkbase>