﻿<?xml version="1.0" encoding="utf-8"?>
<?taxonomy-version 1.0.0.0 ?>  <?taxonomy-set-overall-version 3.3.0.0 ?>
<!--(C) EBA-->
<link:linkbase xmlns:xsi="http://www.w3.org/2001/XMLSchema-instance" xmlns:xlink="http://www.w3.org/1999/xlink" xmlns:link="http://www.xbrl.org/2003/linkbase" xmlns:gen="http://xbrl.org/2008/generic" xmlns:label="http://xbrl.org/2008/label" xsi:schemaLocation="http://www.xbrl.org/2003/linkbase http://www.xbrl.org/2003/xbrl-linkbase-2003-12-31.xsd http://xbrl.org/2008/generic http://www.xbrl.org/2008/generic-link.xsd http://xbrl.org/2008/label http://www.xbrl.org/2008/generic-label.xsd">
  <link:arcroleRef arcroleURI="http://xbrl.org/arcrole/2008/element-label" xlink:type="simple" xlink:href="http://www.xbrl.org/2008/generic-label.xsd#element-label" />
  <link:roleRef roleURI="http://www.xbrl.org/2008/role/label" xlink:type="simple" xlink:href="http://www.xbrl.org/2008/generic-label.xsd#standard-label" />
  <link:roleRef roleURI="http://www.xbrl.org/2008/role/verboseLabel" xlink:type="simple" xlink:href="http://www.xbrl.org/2008/generic-label.xsd#verbose-label" />
  <gen:link xlink:type="extended" xlink:role="http://www.xbrl.org/2003/role/link">
    <link:loc xlink:type="locator" xlink:href="d_06.00.a-rend.xml#eba_tD_06.00.a" xlink:label="loc_eba_tD_06.00.a" />
    <label:label xlink:type="resource" xlink:label="label_eba_tD_06.00.a" xml:lang="en" xlink:role="http://www.xbrl.org/2008/role/label">D 06.00.a</label:label>
    <gen:arc xlink:type="arc" xlink:arcrole="http://xbrl.org/arcrole/2008/element-label" xlink:from="loc_eba_tD_06.00.a" xlink:to="label_eba_tD_06.00.a" />
    <label:label xlink:type="resource" xlink:label="label_eba_tD_06.00.a_1" xml:lang="en" xlink:role="http://www.xbrl.org/2008/role/verboseLabel">D 06.00.a Summary of GAR KPIs (gar) (I)</label:label>
    <gen:arc xlink:type="arc" xlink:arcrole="http://xbrl.org/arcrole/2008/element-label" xlink:from="loc_eba_tD_06.00.a" xlink:to="label_eba_tD_06.00.a_1" />
    <link:loc xlink:type="locator" xlink:href="d_06.00.a-rend.xml#eba_a1" xlink:label="loc_eba_a1" />
    <label:label xlink:type="resource" xlink:label="label_eba_a1" xml:lang="en" xlink:role="http://www.xbrl.org/2008/role/label">Columns</label:label>
    <gen:arc xlink:type="arc" xlink:arcrole="http://xbrl.org/arcrole/2008/element-label" xlink:from="loc_eba_a1" xlink:to="label_eba_a1" />
    <link:loc xlink:type="locator" xlink:href="d_06.00.a-rend.xml#eba_c86508" xlink:label="loc_eba_c86508" />
    <label:label xlink:type="resource" xlink:label="label_eba_c86508" xml:lang="en" xlink:role="http://www.xbrl.org/2008/role/label">KPI</label:label>
    <gen:arc xlink:type="arc" xlink:arcrole="http://xbrl.org/arcrole/2008/element-label" xlink:from="loc_eba_c86508" xlink:to="label_eba_c86508" />
    <link:loc xlink:type="locator" xlink:href="d_06.00.a-rend.xml#eba_c86500" xlink:label="loc_eba_c86500" />
    <label:label xlink:type="resource" xlink:label="label_eba_c86500" xml:lang="en" xlink:role="http://www.xbrl.org/2008/role/label">Climate change mitigation</label:label>
    <gen:arc xlink:type="arc" xlink:arcrole="http://xbrl.org/arcrole/2008/element-label" xlink:from="loc_eba_c86500" xlink:to="label_eba_c86500" />
    <link:loc xlink:type="locator" xlink:href="d_06.00.a-rend.xml#eba_c86501" xlink:label="loc_eba_c86501" />
    <label:label xlink:type="resource" xlink:label="label_eba_c86501" xml:lang="en" xlink:role="http://www.xbrl.org/2008/role/label">Climate change adaptation</label:label>
    <gen:arc xlink:type="arc" xlink:arcrole="http://xbrl.org/arcrole/2008/element-label" xlink:from="loc_eba_c86501" xlink:to="label_eba_c86501" />
    <link:loc xlink:type="locator" xlink:href="d_06.00.a-rend.xml#eba_c86502" xlink:label="loc_eba_c86502" />
    <label:label xlink:type="resource" xlink:label="label_eba_c86502" xml:lang="en" xlink:role="http://www.xbrl.org/2008/role/label">Total (Climate change mitigation + Climate change adaptation)</label:label>
    <gen:arc xlink:type="arc" xlink:arcrole="http://xbrl.org/arcrole/2008/element-label" xlink:from="loc_eba_c86502" xlink:to="label_eba_c86502" />
    <link:loc xlink:type="locator" xlink:href="d_06.00.a-rend.xml#eba_a2" xlink:label="loc_eba_a2" />
    <label:label xlink:type="resource" xlink:label="label_eba_a2" xml:lang="en" xlink:role="http://www.xbrl.org/2008/role/label">Rows</label:label>
    <gen:arc xlink:type="arc" xlink:arcrole="http://xbrl.org/arcrole/2008/element-label" xlink:from="loc_eba_a2" xlink:to="label_eba_a2" />
    <link:loc xlink:type="locator" xlink:href="d_06.00.a-rend.xml#eba_c86503" xlink:label="loc_eba_c86503" />
    <label:label xlink:type="resource" xlink:label="label_eba_c86503" xml:lang="en" xlink:role="http://www.xbrl.org/2008/role/label">GAR stock</label:label>
    <gen:arc xlink:type="arc" xlink:arcrole="http://xbrl.org/arcrole/2008/element-label" xlink:from="loc_eba_c86503" xlink:to="label_eba_c86503" />
    <link:loc xlink:type="locator" xlink:href="d_06.00.a-rend.xml#eba_c86504" xlink:label="loc_eba_c86504" />
    <label:label xlink:type="resource" xlink:label="label_eba_c86504" xml:lang="en" xlink:role="http://www.xbrl.org/2008/role/label">GAR flow</label:label>
    <gen:arc xlink:type="arc" xlink:arcrole="http://xbrl.org/arcrole/2008/element-label" xlink:from="loc_eba_c86504" xlink:to="label_eba_c86504" />
  </gen:link>
</link:linkbase>