﻿<?xml version="1.0" encoding="utf-8"?>
<?taxonomy-version 1.0.0.0 ?>  <?taxonomy-set-overall-version 3.3.0.0 ?>
<!--(C) EBA-->
<link:linkbase xmlns:xsi="http://www.w3.org/2001/XMLSchema-instance" xmlns:xlink="http://www.w3.org/1999/xlink" xmlns:link="http://www.xbrl.org/2003/linkbase" xsi:schemaLocation="http://www.xbrl.org/2003/linkbase http://www.xbrl.org/2003/xbrl-linkbase-2003-12-31.xsd">
  <link:labelLink xlink:type="extended" xlink:role="http://www.xbrl.org/2003/role/link">
    <link:loc xlink:type="locator" xlink:href="tab.xsd#eba_tgAd_hoc_ESG" xlink:label="loc_eba_tgAd_hoc_ESG" />
    <link:label xlink:type="resource" xlink:label="label_eba_tgAd_hoc_ESG" xml:lang="en" xlink:role="http://www.xbrl.org/2003/role/label">Ad hoc ESG</link:label>
    <link:labelArc xlink:type="arc" xlink:arcrole="http://www.xbrl.org/2003/arcrole/concept-label" xlink:from="loc_eba_tgAd_hoc_ESG" xlink:to="label_eba_tgAd_hoc_ESG" />
    <link:loc xlink:type="locator" xlink:href="tab.xsd#eba_tgD_01.00" xlink:label="loc_eba_tgD_01.00" />
    <link:label xlink:type="resource" xlink:label="label_eba_tgD_01.00" xml:lang="en" xlink:role="http://www.xbrl.org/2003/role/label">Banking book- Indicators of potential climate Change transition risk: Credit quality of exposures by sector, emissions and residual maturity</link:label>
    <link:labelArc xlink:type="arc" xlink:arcrole="http://www.xbrl.org/2003/arcrole/concept-label" xlink:from="loc_eba_tgD_01.00" xlink:to="label_eba_tgD_01.00" />
    <link:loc xlink:type="locator" xlink:href="tab.xsd#eba_tgD_02.00" xlink:label="loc_eba_tgD_02.00" />
    <link:label xlink:type="resource" xlink:label="label_eba_tgD_02.00" xml:lang="en" xlink:role="http://www.xbrl.org/2003/role/label">Banking book - Indicators of potential climate change transition risk: Loans collateralised by immovable property - Energy efficiency of the collateral</link:label>
    <link:labelArc xlink:type="arc" xlink:arcrole="http://www.xbrl.org/2003/arcrole/concept-label" xlink:from="loc_eba_tgD_02.00" xlink:to="label_eba_tgD_02.00" />
    <link:loc xlink:type="locator" xlink:href="tab.xsd#eba_tgD_03.01" xlink:label="loc_eba_tgD_03.01" />
    <link:label xlink:type="resource" xlink:label="label_eba_tgD_03.01" xml:lang="en" xlink:role="http://www.xbrl.org/2003/role/label">Banking book - Indicators of potential climate change transition risk: Alignment metrics (IAE/NACE codes)</link:label>
    <link:labelArc xlink:type="arc" xlink:arcrole="http://www.xbrl.org/2003/arcrole/concept-label" xlink:from="loc_eba_tgD_03.01" xlink:to="label_eba_tgD_03.01" />
    <link:loc xlink:type="locator" xlink:href="tab.xsd#eba_tgD_03.02" xlink:label="loc_eba_tgD_03.02" />
    <link:label xlink:type="resource" xlink:label="label_eba_tgD_03.02" xml:lang="en" xlink:role="http://www.xbrl.org/2003/role/label">Banking book - Indicators of potential climate change transition risk: Alignment metrics</link:label>
    <link:labelArc xlink:type="arc" xlink:arcrole="http://www.xbrl.org/2003/arcrole/concept-label" xlink:from="loc_eba_tgD_03.02" xlink:to="label_eba_tgD_03.02" />
    <link:loc xlink:type="locator" xlink:href="tab.xsd#eba_tgD_04.00" xlink:label="loc_eba_tgD_04.00" />
    <link:label xlink:type="resource" xlink:label="label_eba_tgD_04.00" xml:lang="en" xlink:role="http://www.xbrl.org/2003/role/label">Banking book - Indicators of potential climate change transition risk: Exposures to top 20 carbon-intensive firms</link:label>
    <link:labelArc xlink:type="arc" xlink:arcrole="http://www.xbrl.org/2003/arcrole/concept-label" xlink:from="loc_eba_tgD_04.00" xlink:to="label_eba_tgD_04.00" />
    <link:loc xlink:type="locator" xlink:href="tab.xsd#eba_tgD_05.00" xlink:label="loc_eba_tgD_05.00" />
    <link:label xlink:type="resource" xlink:label="label_eba_tgD_05.00" xml:lang="en" xlink:role="http://www.xbrl.org/2003/role/label">Banking book - Indicators of potential climate change physical risk: Exposures subject to physical risk</link:label>
    <link:labelArc xlink:type="arc" xlink:arcrole="http://www.xbrl.org/2003/arcrole/concept-label" xlink:from="loc_eba_tgD_05.00" xlink:to="label_eba_tgD_05.00" />
    <link:loc xlink:type="locator" xlink:href="tab.xsd#eba_tgD_06.00" xlink:label="loc_eba_tgD_06.00" />
    <link:label xlink:type="resource" xlink:label="label_eba_tgD_06.00" xml:lang="en" xlink:role="http://www.xbrl.org/2003/role/label">Summary of GAR KPIs</link:label>
    <link:labelArc xlink:type="arc" xlink:arcrole="http://www.xbrl.org/2003/arcrole/concept-label" xlink:from="loc_eba_tgD_06.00" xlink:to="label_eba_tgD_06.00" />
    <link:loc xlink:type="locator" xlink:href="tab.xsd#eba_tgD_07.00" xlink:label="loc_eba_tgD_07.00" />
    <link:label xlink:type="resource" xlink:label="label_eba_tgD_07.00" xml:lang="en" xlink:role="http://www.xbrl.org/2003/role/label">Mitigating actions: Assets for the calculation of GAR</link:label>
    <link:labelArc xlink:type="arc" xlink:arcrole="http://www.xbrl.org/2003/arcrole/concept-label" xlink:from="loc_eba_tgD_07.00" xlink:to="label_eba_tgD_07.00" />
    <link:loc xlink:type="locator" xlink:href="tab.xsd#eba_tgD_08.00" xlink:label="loc_eba_tgD_08.00" />
    <link:label xlink:type="resource" xlink:label="label_eba_tgD_08.00" xml:lang="en" xlink:role="http://www.xbrl.org/2003/role/label">GAR (%)</link:label>
    <link:labelArc xlink:type="arc" xlink:arcrole="http://www.xbrl.org/2003/arcrole/concept-label" xlink:from="loc_eba_tgD_08.00" xlink:to="label_eba_tgD_08.00" />
    <link:loc xlink:type="locator" xlink:href="tab.xsd#eba_tgD_09.01" xlink:label="loc_eba_tgD_09.01" />
    <link:label xlink:type="resource" xlink:label="label_eba_tgD_09.01" xml:lang="en" xlink:role="http://www.xbrl.org/2003/role/label">Mitigating actions: Assets for the calculation of BTAR</link:label>
    <link:labelArc xlink:type="arc" xlink:arcrole="http://www.xbrl.org/2003/arcrole/concept-label" xlink:from="loc_eba_tgD_09.01" xlink:to="label_eba_tgD_09.01" />
    <link:loc xlink:type="locator" xlink:href="tab.xsd#eba_tgD_09.02" xlink:label="loc_eba_tgD_09.02" />
    <link:label xlink:type="resource" xlink:label="label_eba_tgD_09.02" xml:lang="en" xlink:role="http://www.xbrl.org/2003/role/label">BTAR %</link:label>
    <link:labelArc xlink:type="arc" xlink:arcrole="http://www.xbrl.org/2003/arcrole/concept-label" xlink:from="loc_eba_tgD_09.02" xlink:to="label_eba_tgD_09.02" />
    <link:loc xlink:type="locator" xlink:href="tab.xsd#eba_tgD_09.03" xlink:label="loc_eba_tgD_09.03" />
    <link:label xlink:type="resource" xlink:label="label_eba_tgD_09.03" xml:lang="en" xlink:role="http://www.xbrl.org/2003/role/label">Summary table - BTAR %</link:label>
    <link:labelArc xlink:type="arc" xlink:arcrole="http://www.xbrl.org/2003/arcrole/concept-label" xlink:from="loc_eba_tgD_09.03" xlink:to="label_eba_tgD_09.03" />
    <link:loc xlink:type="locator" xlink:href="tab.xsd#eba_tgD_10.00" xlink:label="loc_eba_tgD_10.00" />
    <link:label xlink:type="resource" xlink:label="label_eba_tgD_10.00" xml:lang="en" xlink:role="http://www.xbrl.org/2003/role/label">Other climate change mitigating actions that are not covered in the EU Taxonomy</link:label>
    <link:labelArc xlink:type="arc" xlink:arcrole="http://www.xbrl.org/2003/arcrole/concept-label" xlink:from="loc_eba_tgD_10.00" xlink:to="label_eba_tgD_10.00" />
  </link:labelLink>
</link:linkbase>