<?xml version="1.0" encoding="UTF-8"?>
<!--
*******************************************************************************************
Copyright © 2022 Comisión para el Mercado Financiero de Chile (CMF) 
This material is copyright of the CMF Chile and all rights are reserved. 
No part of this material may be translated, reprinted, reproduced or utilised in 
any form or manner that is not expressly permitted by the CMF Chile 
IP Policy see: http://www.cmfchile.cl/sitio/pop/politica.html
*******************************************************************************************
-->
<!-- Generated with Reporting Standard S.L. XBRL Taxonomy builder version 3.7.1.1364 - http://www.reportingstandard.com -->
<link:linkbase xmlns:link="http://www.xbrl.org/2003/linkbase"
               xmlns:xs="http://www.w3.org/2001/XMLSchema"
               xmlns:xbrli="http://www.xbrl.org/2003/instance"
               xmlns:xfi="http://www.xbrl.org/2008/function/instance"
               xmlns:gen="http://xbrl.org/2008/generic"
               xmlns:xlink="http://www.w3.org/1999/xlink"
               xmlns:xsi="http://www.w3.org/2001/XMLSchema-instance"
               xmlns:va="http://xbrl.org/2008/assertion/value"
               xmlns:variable="http://xbrl.org/2008/variable"
               xmlns:cf="http://xbrl.org/2008/filter/concept"
               xmlns:cl-ci="http://www.cmfchile.cl/cl/fr/ci/2022-01-03"
               xmlns:df="http://xbrl.org/2008/filter/dimension"
               xmlns:label="http://xbrl.org/2008/label"
               xmlns:msg="http://xbrl.org/2010/message"
               xmlns:ifrs-full="http://xbrl.ifrs.org/taxonomy/2021-03-24/ifrs-full"
               xsi:schemaLocation="http://xbrl.org/2008/assertion/value http://www.xbrl.org/2008/value-assertion.xsd http://xbrl.org/2008/variable http://www.xbrl.org/2008/variable.xsd http://xbrl.org/2008/filter/concept http://www.xbrl.org/2008/concept-filter.xsd http://xbrl.org/2008/filter/dimension http://www.xbrl.org/2008/dimension-filter.xsd http://xbrl.org/2008/label http://www.xbrl.org/2008/generic-label.xsd http://xbrl.org/2010/message http://www.xbrl.org/2010/generic-message.xsd http://xbrl.org/2008/generic http://www.xbrl.org/2008/generic-link.xsd http://www.cmfchile.cl/cl/fr/ci/2022-01-03 ../../cl-ci_cor_2022-01-03.xsd http://xbrl.ifrs.org/taxonomy/2021-03-24/ifrs-full http://xbrl.ifrs.org/taxonomy/2021-03-24/full_ifrs/full_ifrs-cor_2021-03-24.xsd">
  <link:roleRef xlink:type="simple" roleURI="http://www.cmfchile.cl/cl/fr/ci/role/ifrs-16_2021-03-24_role-832610" xlink:href="../cl-ci_ifrs-16_2021-03-24_role-832610.xsd#ifrs-16_2021-03-24_role-832610"/>
  <link:roleRef xlink:type="simple" roleURI="http://www.xbrl.org/2010/role/message" xlink:href="http://www.xbrl.org/2010/generic-message.xsd#standard-message"/>
  <link:arcroleRef xlink:type="simple" arcroleURI="http://xbrl.org/arcrole/2008/variable-set" xlink:href="http://www.xbrl.org/2008/variable.xsd#variable-set"/>
  <link:arcroleRef xlink:type="simple" arcroleURI="http://xbrl.org/arcrole/2008/variable-filter" xlink:href="http://www.xbrl.org/2008/variable.xsd#variable-filter"/>
  <link:arcroleRef xlink:type="simple" arcroleURI="http://xbrl.org/arcrole/2008/element-label" xlink:href="http://www.xbrl.org/2008/generic-label.xsd#element-label"/>
  <link:arcroleRef xlink:type="simple" arcroleURI="http://xbrl.org/arcrole/2010/assertion-satisfied-message" xlink:href="http://www.xbrl.org/2010/validation-message.xsd#assertion-satisfied-message"/>
  <link:arcroleRef xlink:type="simple" arcroleURI="http://xbrl.org/arcrole/2010/assertion-unsatisfied-message" xlink:href="http://www.xbrl.org/2010/validation-message.xsd#assertion-unsatisfied-message"/>
  <gen:link xlink:type="extended" xlink:role="http://www.cmfchile.cl/cl/fr/ci/role/ifrs-16_2021-03-24_role-832610">
    <va:valueAssertion xlink:type="resource" id="regla832611" aspectModel="dimensional" implicitFiltering="true" test="count($cl-ci:RUTEntidadDeudora) eq count(xfi:concept-relationships(QName('http://www.cmfchile.cl/cl/fr/ci/2022-01-03','cl-ci:ObligacionesLeasingMiembro'),'http://www.cmfchile.cl/cl/fr/ci/role/ifrs-16_2021-03-24_role-832610a','http://xbrl.org/int/dim/arcrole/domain-member','child'))" xlink:label="lbl25553"/>
    <variable:factVariable xlink:type="resource" bindAsSequence="true" xlink:label="lbl25554" id="id12857"/>
    <variable:variableArc xlink:type="arc" xlink:arcrole="http://xbrl.org/arcrole/2008/variable-set" name="cl-ci:RUTEntidadDeudora" xlink:from="lbl25553" xlink:to="lbl25554"/>
    <va:valueAssertion xlink:type="resource" id="regla832612" aspectModel="dimensional" implicitFiltering="true" test="count($cl-ci:NombreEntidadDeudora) eq count(xfi:concept-relationships(QName('http://www.cmfchile.cl/cl/fr/ci/2022-01-03','cl-ci:ObligacionesLeasingMiembro'),'http://www.cmfchile.cl/cl/fr/ci/role/ifrs-16_2021-03-24_role-832610a','http://xbrl.org/int/dim/arcrole/domain-member','child'))" xlink:label="lbl25560"/>
    <variable:factVariable xlink:type="resource" bindAsSequence="true" xlink:label="lbl25561" id="id12858"/>
    <variable:variableArc xlink:type="arc" xlink:arcrole="http://xbrl.org/arcrole/2008/variable-set" name="cl-ci:NombreEntidadDeudora" xlink:from="lbl25560" xlink:to="lbl25561"/>
    <va:valueAssertion xlink:type="resource" id="regla832613" aspectModel="dimensional" implicitFiltering="true" test="count($cl-ci:PaisEmpresaDeudora) eq count(xfi:concept-relationships(QName('http://www.cmfchile.cl/cl/fr/ci/2022-01-03','cl-ci:ObligacionesLeasingMiembro'),'http://www.cmfchile.cl/cl/fr/ci/role/ifrs-16_2021-03-24_role-832610a','http://xbrl.org/int/dim/arcrole/domain-member','child'))" xlink:label="lbl25566"/>
    <variable:factVariable xlink:type="resource" bindAsSequence="true" xlink:label="lbl25567" id="id12859"/>
    <variable:variableArc xlink:type="arc" xlink:arcrole="http://xbrl.org/arcrole/2008/variable-set" name="cl-ci:PaisEmpresaDeudora" xlink:from="lbl25566" xlink:to="lbl25567"/>
    <va:valueAssertion xlink:type="resource" id="regla832614" aspectModel="dimensional" implicitFiltering="true" test="count($cl-ci:NombreEntidadAcreedora) eq count(xfi:concept-relationships(QName('http://www.cmfchile.cl/cl/fr/ci/2022-01-03','cl-ci:ObligacionesLeasingMiembro'),'http://www.cmfchile.cl/cl/fr/ci/role/ifrs-16_2021-03-24_role-832610a','http://xbrl.org/int/dim/arcrole/domain-member','child'))" xlink:label="lbl25572"/>
    <variable:factVariable xlink:type="resource" bindAsSequence="true" xlink:label="lbl25573" id="id12860"/>
    <variable:variableArc xlink:type="arc" xlink:arcrole="http://xbrl.org/arcrole/2008/variable-set" name="cl-ci:NombreEntidadAcreedora" xlink:from="lbl25572" xlink:to="lbl25573"/>
    <va:valueAssertion xlink:type="resource" id="regla832615" aspectModel="dimensional" implicitFiltering="true" test="count($cl-ci:MonedaOUnidadReajuste) eq count(xfi:concept-relationships(QName('http://www.cmfchile.cl/cl/fr/ci/2022-01-03','cl-ci:ObligacionesLeasingMiembro'),'http://www.cmfchile.cl/cl/fr/ci/role/ifrs-16_2021-03-24_role-832610a','http://xbrl.org/int/dim/arcrole/domain-member','child'))" xlink:label="lbl25578"/>
    <variable:factVariable xlink:type="resource" bindAsSequence="true" xlink:label="lbl25579" id="id12861"/>
    <variable:variableArc xlink:type="arc" xlink:arcrole="http://xbrl.org/arcrole/2008/variable-set" name="cl-ci:MonedaOUnidadReajuste" xlink:from="lbl25578" xlink:to="lbl25579"/>
    <va:valueAssertion xlink:type="resource" id="regla832616" aspectModel="dimensional" implicitFiltering="true" test="count($cl-ci:TipoAmortizacion) eq count(xfi:concept-relationships(QName('http://www.cmfchile.cl/cl/fr/ci/2022-01-03','cl-ci:ObligacionesLeasingMiembro'),'http://www.cmfchile.cl/cl/fr/ci/role/ifrs-16_2021-03-24_role-832610a','http://xbrl.org/int/dim/arcrole/domain-member','child'))" xlink:label="lbl25584"/>
    <variable:factVariable xlink:type="resource" bindAsSequence="true" xlink:label="lbl25585" id="id12862"/>
    <variable:variableArc xlink:type="arc" xlink:arcrole="http://xbrl.org/arcrole/2008/variable-set" name="cl-ci:TipoAmortizacion" xlink:from="lbl25584" xlink:to="lbl25585"/>
    <va:valueAssertion xlink:type="resource" id="regla832617" aspectModel="dimensional" implicitFiltering="true" test="count($cl-ci:TasaEfectiva) eq count(xfi:concept-relationships(QName('http://www.cmfchile.cl/cl/fr/ci/2022-01-03','cl-ci:ObligacionesLeasingMiembro'),'http://www.cmfchile.cl/cl/fr/ci/role/ifrs-16_2021-03-24_role-832610a','http://xbrl.org/int/dim/arcrole/domain-member','child'))" xlink:label="lbl25590"/>
    <variable:factVariable xlink:type="resource" bindAsSequence="true" xlink:label="lbl25591" id="id12863"/>
    <variable:variableArc xlink:type="arc" xlink:arcrole="http://xbrl.org/arcrole/2008/variable-set" name="cl-ci:TasaEfectiva" xlink:from="lbl25590" xlink:to="lbl25591"/>
    <va:valueAssertion xlink:type="resource" id="regla832618" aspectModel="dimensional" implicitFiltering="true" test="count($cl-ci:TasaNominal) eq count(xfi:concept-relationships(QName('http://www.cmfchile.cl/cl/fr/ci/2022-01-03','cl-ci:ObligacionesLeasingMiembro'),'http://www.cmfchile.cl/cl/fr/ci/role/ifrs-16_2021-03-24_role-832610a','http://xbrl.org/int/dim/arcrole/domain-member','child'))" xlink:label="lbl25596"/>
    <variable:factVariable xlink:type="resource" bindAsSequence="true" xlink:label="lbl25597" id="id12864"/>
    <variable:variableArc xlink:type="arc" xlink:arcrole="http://xbrl.org/arcrole/2008/variable-set" name="cl-ci:TasaNominal" xlink:from="lbl25596" xlink:to="lbl25597"/>
    <va:valueAssertion xlink:type="resource" id="regla832619" aspectModel="dimensional" implicitFiltering="true" test="$cl-ci:MasDe1AñoHasta3AñosLeasingNominales = sum($cl-ci:MasDe1AñoHasta3AñosLeasingNominales2)" xlink:label="lbl25602"/>
    <variable:factVariable xlink:type="resource" bindAsSequence="true" xlink:label="lbl25603" id="id12865"/>
    <variable:variableArc xlink:type="arc" xlink:arcrole="http://xbrl.org/arcrole/2008/variable-set" name="cl-ci:MasDe1AñoHasta3AñosLeasingNominales" xlink:from="lbl25602" xlink:to="lbl25603"/>
    <variable:factVariable xlink:type="resource" bindAsSequence="true" xlink:label="lbl25606" id="id12866"/>
    <variable:variableArc xlink:type="arc" xlink:arcrole="http://xbrl.org/arcrole/2008/variable-set" name="cl-ci:MasDe1AñoHasta3AñosLeasingNominales2" xlink:from="lbl25602" xlink:to="lbl25606"/>
    <va:valueAssertion xlink:type="resource" id="regla832620" aspectModel="dimensional" implicitFiltering="true" test="$cl-ci:MasDe3AñosHasta5AñosLeasingNominales = sum($cl-ci:MasDe3AñosHasta5AñosLeasingNominales2)" xlink:label="lbl25610"/>
    <variable:factVariable xlink:type="resource" bindAsSequence="true" xlink:label="lbl25611" id="id12867"/>
    <variable:variableArc xlink:type="arc" xlink:arcrole="http://xbrl.org/arcrole/2008/variable-set" name="cl-ci:MasDe3AñosHasta5AñosLeasingNominales" xlink:from="lbl25610" xlink:to="lbl25611"/>
    <variable:factVariable xlink:type="resource" bindAsSequence="true" xlink:label="lbl25613" id="id12868"/>
    <variable:variableArc xlink:type="arc" xlink:arcrole="http://xbrl.org/arcrole/2008/variable-set" name="cl-ci:MasDe3AñosHasta5AñosLeasingNominales2" xlink:from="lbl25610" xlink:to="lbl25613"/>
    <va:valueAssertion xlink:type="resource" id="regla832621" aspectModel="dimensional" implicitFiltering="true" test="$cl-ci:MontosNominalesLeasing = sum($cl-ci:MontosNominalesLeasing2)" xlink:label="lbl25617"/>
    <variable:factVariable xlink:type="resource" bindAsSequence="true" xlink:label="lbl25618" id="id12869"/>
    <variable:variableArc xlink:type="arc" xlink:arcrole="http://xbrl.org/arcrole/2008/variable-set" name="cl-ci:MontosNominalesLeasing" xlink:from="lbl25617" xlink:to="lbl25618"/>
    <variable:factVariable xlink:type="resource" bindAsSequence="true" xlink:label="lbl25620" id="id12870"/>
    <variable:variableArc xlink:type="arc" xlink:arcrole="http://xbrl.org/arcrole/2008/variable-set" name="cl-ci:MontosNominalesLeasing2" xlink:from="lbl25617" xlink:to="lbl25620"/>
    <va:valueAssertion xlink:type="resource" id="regla832622" aspectModel="dimensional" implicitFiltering="true" test="$ifrs-full:CurrentLeaseLiabilities = sum($ifrs-full:CurrentLeaseLiabilities2)" xlink:label="lbl25624"/>
    <variable:factVariable xlink:type="resource" bindAsSequence="true" xlink:label="lbl25625" id="id12871"/>
    <variable:variableArc xlink:type="arc" xlink:arcrole="http://xbrl.org/arcrole/2008/variable-set" name="ifrs-full:CurrentLeaseLiabilities" xlink:from="lbl25624" xlink:to="lbl25625"/>
    <variable:factVariable xlink:type="resource" bindAsSequence="true" xlink:label="lbl25627" id="id12872"/>
    <variable:variableArc xlink:type="arc" xlink:arcrole="http://xbrl.org/arcrole/2008/variable-set" name="ifrs-full:CurrentLeaseLiabilities2" xlink:from="lbl25624" xlink:to="lbl25627"/>
    <va:valueAssertion xlink:type="resource" id="regla832623" aspectModel="dimensional" implicitFiltering="true" test="$ifrs-full:NoncurrentLeaseLiabilities = sum($ifrs-full:NoncurrentLeaseLiabilities2)" xlink:label="lbl25631"/>
    <variable:factVariable xlink:type="resource" bindAsSequence="true" xlink:label="lbl25632" id="id12873"/>
    <variable:variableArc xlink:type="arc" xlink:arcrole="http://xbrl.org/arcrole/2008/variable-set" name="ifrs-full:NoncurrentLeaseLiabilities" xlink:from="lbl25631" xlink:to="lbl25632"/>
    <variable:factVariable xlink:type="resource" bindAsSequence="true" xlink:label="lbl25634" id="id12874"/>
    <variable:variableArc xlink:type="arc" xlink:arcrole="http://xbrl.org/arcrole/2008/variable-set" name="ifrs-full:NoncurrentLeaseLiabilities2" xlink:from="lbl25631" xlink:to="lbl25634"/>
    <va:valueAssertion xlink:type="resource" id="regla832624" aspectModel="dimensional" implicitFiltering="true" test="$cl-ci:MasDe1AñoHasta3AñosLeasingContable = sum($cl-ci:MasDe1AñoHasta3AñosLeasingContable2)" xlink:label="lbl25638"/>
    <variable:factVariable xlink:type="resource" bindAsSequence="true" xlink:label="lbl25639" id="id12875"/>
    <variable:variableArc xlink:type="arc" xlink:arcrole="http://xbrl.org/arcrole/2008/variable-set" name="cl-ci:MasDe1AñoHasta3AñosLeasingContable" xlink:from="lbl25638" xlink:to="lbl25639"/>
    <variable:factVariable xlink:type="resource" bindAsSequence="true" xlink:label="lbl25641" id="id12876"/>
    <variable:variableArc xlink:type="arc" xlink:arcrole="http://xbrl.org/arcrole/2008/variable-set" name="cl-ci:MasDe1AñoHasta3AñosLeasingContable2" xlink:from="lbl25638" xlink:to="lbl25641"/>
    <va:valueAssertion xlink:type="resource" id="regla832625" aspectModel="dimensional" implicitFiltering="true" test="$cl-ci:MasDe3AñosHasta5AñosLeasingContable = sum($cl-ci:MasDe3AñosHasta5AñosLeasingContable2)" xlink:label="lbl25645"/>
    <variable:factVariable xlink:type="resource" bindAsSequence="true" xlink:label="lbl25646" id="id12877"/>
    <variable:variableArc xlink:type="arc" xlink:arcrole="http://xbrl.org/arcrole/2008/variable-set" name="cl-ci:MasDe3AñosHasta5AñosLeasingContable" xlink:from="lbl25645" xlink:to="lbl25646"/>
    <variable:factVariable xlink:type="resource" bindAsSequence="true" xlink:label="lbl25648" id="id12878"/>
    <variable:variableArc xlink:type="arc" xlink:arcrole="http://xbrl.org/arcrole/2008/variable-set" name="cl-ci:MasDe3AñosHasta5AñosLeasingContable2" xlink:from="lbl25645" xlink:to="lbl25648"/>
    <va:valueAssertion xlink:type="resource" id="regla832626" aspectModel="dimensional" implicitFiltering="true" test="$ifrs-full:LeaseLiabilities = sum($ifrs-full:LeaseLiabilities2)" xlink:label="lbl25652"/>
    <variable:factVariable xlink:type="resource" bindAsSequence="true" xlink:label="lbl25653" id="id12879"/>
    <variable:variableArc xlink:type="arc" xlink:arcrole="http://xbrl.org/arcrole/2008/variable-set" name="ifrs-full:LeaseLiabilities" xlink:from="lbl25652" xlink:to="lbl25653"/>
    <variable:factVariable xlink:type="resource" bindAsSequence="true" xlink:label="lbl25655" id="id12880"/>
    <variable:variableArc xlink:type="arc" xlink:arcrole="http://xbrl.org/arcrole/2008/variable-set" name="ifrs-full:LeaseLiabilities2" xlink:from="lbl25652" xlink:to="lbl25655"/>
    <va:valueAssertion xlink:type="resource" id="regla832627" aspectModel="dimensional" implicitFiltering="true" test="$ifrs-full:DepreciationRightofuseAssets = sum($ifrs-full:DepreciationRightofuseAssets2)" xlink:label="lbl25659"/>
    <variable:factVariable xlink:type="resource" bindAsSequence="true" fallbackValue="0" xlink:label="lbl25660" id="id12881"/>
    <variable:variableArc xlink:type="arc" xlink:arcrole="http://xbrl.org/arcrole/2008/variable-set" name="ifrs-full:DepreciationRightofuseAssets" xlink:from="lbl25659" xlink:to="lbl25660"/>
    <variable:factVariable xlink:type="resource" bindAsSequence="true" fallbackValue="0" xlink:label="lbl25663" id="id12882"/>
    <variable:variableArc xlink:type="arc" xlink:arcrole="http://xbrl.org/arcrole/2008/variable-set" name="ifrs-full:DepreciationRightofuseAssets2" xlink:from="lbl25659" xlink:to="lbl25663"/>
    <va:valueAssertion xlink:type="resource" id="regla832628" aspectModel="dimensional" implicitFiltering="true" test="$cl-ci:ActivosPorDerechoDeUsoTotal = sum($cl-ci:ActivosPorDerechoDeUsoTotal2)" xlink:label="lbl25668"/>
    <variable:factVariable xlink:type="resource" bindAsSequence="true" fallbackValue="0" xlink:label="lbl25669" id="id12883"/>
    <variable:variableArc xlink:type="arc" xlink:arcrole="http://xbrl.org/arcrole/2008/variable-set" name="cl-ci:ActivosPorDerechoDeUsoTotal" xlink:from="lbl25668" xlink:to="lbl25669"/>
    <variable:factVariable xlink:type="resource" bindAsSequence="true" fallbackValue="0" xlink:label="lbl25671" id="id12884"/>
    <variable:variableArc xlink:type="arc" xlink:arcrole="http://xbrl.org/arcrole/2008/variable-set" name="cl-ci:ActivosPorDerechoDeUsoTotal2" xlink:from="lbl25668" xlink:to="lbl25671"/>
    <va:valueAssertion xlink:type="resource" id="regla832629" aspectModel="dimensional" implicitFiltering="true" test="$ifrs-full:RightofuseAssetsRevaluedAssetsAtCost = sum($ifrs-full:RightofuseAssetsRevaluedAssetsAtCost2)" xlink:label="lbl25675"/>
    <variable:factVariable xlink:type="resource" bindAsSequence="true" fallbackValue="0" xlink:label="lbl25676" id="id12885"/>
    <variable:variableArc xlink:type="arc" xlink:arcrole="http://xbrl.org/arcrole/2008/variable-set" name="ifrs-full:RightofuseAssetsRevaluedAssetsAtCost" xlink:from="lbl25675" xlink:to="lbl25676"/>
    <variable:factVariable xlink:type="resource" bindAsSequence="true" fallbackValue="0" xlink:label="lbl25678" id="id12886"/>
    <variable:variableArc xlink:type="arc" xlink:arcrole="http://xbrl.org/arcrole/2008/variable-set" name="ifrs-full:RightofuseAssetsRevaluedAssetsAtCost2" xlink:from="lbl25675" xlink:to="lbl25678"/>
    <va:valueAssertion xlink:type="resource" id="regla832630" aspectModel="dimensional" implicitFiltering="true" test="$ifrs-full:RightofuseAssetsRevaluationSurplus = sum($ifrs-full:RightofuseAssetsRevaluationSurplus2)" xlink:label="lbl25682"/>
    <variable:factVariable xlink:type="resource" bindAsSequence="true" fallbackValue="0" xlink:label="lbl25683" id="id12887"/>
    <variable:variableArc xlink:type="arc" xlink:arcrole="http://xbrl.org/arcrole/2008/variable-set" name="ifrs-full:RightofuseAssetsRevaluationSurplus" xlink:from="lbl25682" xlink:to="lbl25683"/>
    <variable:factVariable xlink:type="resource" bindAsSequence="true" fallbackValue="0" xlink:label="lbl25685" id="id12888"/>
    <variable:variableArc xlink:type="arc" xlink:arcrole="http://xbrl.org/arcrole/2008/variable-set" name="ifrs-full:RightofuseAssetsRevaluationSurplus2" xlink:from="lbl25682" xlink:to="lbl25685"/>
    <va:valueAssertion xlink:type="resource" id="regla832631" aspectModel="dimensional" implicitFiltering="true" test="$ifrs-full:RightofuseAssetsIncreaseDecreaseInRevaluationSurplus = sum($ifrs-full:RightofuseAssetsIncreaseDecreaseInRevaluationSurplus2)" xlink:label="lbl25689"/>
    <variable:factVariable xlink:type="resource" bindAsSequence="true" fallbackValue="0" xlink:label="lbl25690" id="id12889"/>
    <variable:variableArc xlink:type="arc" xlink:arcrole="http://xbrl.org/arcrole/2008/variable-set" name="ifrs-full:RightofuseAssetsIncreaseDecreaseInRevaluationSurplus" xlink:from="lbl25689" xlink:to="lbl25690"/>
    <variable:factVariable xlink:type="resource" bindAsSequence="true" fallbackValue="0" xlink:label="lbl25692" id="id12890"/>
    <variable:variableArc xlink:type="arc" xlink:arcrole="http://xbrl.org/arcrole/2008/variable-set" name="ifrs-full:RightofuseAssetsIncreaseDecreaseInRevaluationSurplus2" xlink:from="lbl25689" xlink:to="lbl25692"/>
    <va:valueAssertion xlink:type="resource" id="regla832632" aspectModel="dimensional" implicitFiltering="true" test="$ifrs-full:DepreciationRightofuseAssets = sum($ifrs-full:DepreciationRightofuseAssets2)" xlink:label="lbl25696"/>
    <variable:factVariable xlink:type="resource" bindAsSequence="true" fallbackValue="0" xlink:label="lbl25697" id="id12891"/>
    <variable:variableArc xlink:type="arc" xlink:arcrole="http://xbrl.org/arcrole/2008/variable-set" name="ifrs-full:DepreciationRightofuseAssets" xlink:from="lbl25696" xlink:to="lbl25697"/>
    <variable:factVariable xlink:type="resource" bindAsSequence="true" fallbackValue="0" xlink:label="lbl25699" id="id12892"/>
    <variable:variableArc xlink:type="arc" xlink:arcrole="http://xbrl.org/arcrole/2008/variable-set" name="ifrs-full:DepreciationRightofuseAssets2" xlink:from="lbl25696" xlink:to="lbl25699"/>
    <va:valueAssertion xlink:type="resource" id="regla832633" aspectModel="dimensional" implicitFiltering="true" test="$cl-ci:ActivosPorDerechoDeUsoTotal = sum($cl-ci:ActivosPorDerechoDeUsoTotal2)" xlink:label="lbl25704"/>
    <variable:factVariable xlink:type="resource" bindAsSequence="true" fallbackValue="0" xlink:label="lbl25705" id="id12893"/>
    <variable:variableArc xlink:type="arc" xlink:arcrole="http://xbrl.org/arcrole/2008/variable-set" name="cl-ci:ActivosPorDerechoDeUsoTotal" xlink:from="lbl25704" xlink:to="lbl25705"/>
    <variable:factVariable xlink:type="resource" bindAsSequence="true" fallbackValue="0" xlink:label="lbl25706" id="id12894"/>
    <variable:variableArc xlink:type="arc" xlink:arcrole="http://xbrl.org/arcrole/2008/variable-set" name="cl-ci:ActivosPorDerechoDeUsoTotal2" xlink:from="lbl25704" xlink:to="lbl25706"/>
    <va:valueAssertion xlink:type="resource" id="regla832634" aspectModel="dimensional" implicitFiltering="true" test="$ifrs-full:RightofuseAssetsRevaluedAssetsAtCost = sum($ifrs-full:RightofuseAssetsRevaluedAssetsAtCost2)" xlink:label="lbl25710"/>
    <variable:factVariable xlink:type="resource" bindAsSequence="true" fallbackValue="0" xlink:label="lbl25711" id="id12895"/>
    <variable:variableArc xlink:type="arc" xlink:arcrole="http://xbrl.org/arcrole/2008/variable-set" name="ifrs-full:RightofuseAssetsRevaluedAssetsAtCost" xlink:from="lbl25710" xlink:to="lbl25711"/>
    <variable:factVariable xlink:type="resource" bindAsSequence="true" fallbackValue="0" xlink:label="lbl25712" id="id12896"/>
    <variable:variableArc xlink:type="arc" xlink:arcrole="http://xbrl.org/arcrole/2008/variable-set" name="ifrs-full:RightofuseAssetsRevaluedAssetsAtCost2" xlink:from="lbl25710" xlink:to="lbl25712"/>
    <va:valueAssertion xlink:type="resource" id="regla832635" aspectModel="dimensional" implicitFiltering="true" test="$ifrs-full:RightofuseAssetsRevaluationSurplus = sum($ifrs-full:RightofuseAssetsRevaluationSurplus2)" xlink:label="lbl25716"/>
    <variable:factVariable xlink:type="resource" bindAsSequence="true" fallbackValue="0" xlink:label="lbl25717" id="id12897"/>
    <variable:variableArc xlink:type="arc" xlink:arcrole="http://xbrl.org/arcrole/2008/variable-set" name="ifrs-full:RightofuseAssetsRevaluationSurplus" xlink:from="lbl25716" xlink:to="lbl25717"/>
    <variable:factVariable xlink:type="resource" bindAsSequence="true" fallbackValue="0" xlink:label="lbl25718" id="id12898"/>
    <variable:variableArc xlink:type="arc" xlink:arcrole="http://xbrl.org/arcrole/2008/variable-set" name="ifrs-full:RightofuseAssetsRevaluationSurplus2" xlink:from="lbl25716" xlink:to="lbl25718"/>
    <va:valueAssertion xlink:type="resource" id="regla832636" aspectModel="dimensional" implicitFiltering="true" test="$ifrs-full:RightofuseAssetsIncreaseDecreaseInRevaluationSurplus = sum($ifrs-full:RightofuseAssetsIncreaseDecreaseInRevaluationSurplus2)" xlink:label="lbl25722"/>
    <variable:factVariable xlink:type="resource" bindAsSequence="true" fallbackValue="0" xlink:label="lbl25723" id="id12899"/>
    <variable:variableArc xlink:type="arc" xlink:arcrole="http://xbrl.org/arcrole/2008/variable-set" name="ifrs-full:RightofuseAssetsIncreaseDecreaseInRevaluationSurplus" xlink:from="lbl25722" xlink:to="lbl25723"/>
    <variable:factVariable xlink:type="resource" bindAsSequence="true" fallbackValue="0" xlink:label="lbl25724" id="id12900"/>
    <variable:variableArc xlink:type="arc" xlink:arcrole="http://xbrl.org/arcrole/2008/variable-set" name="ifrs-full:RightofuseAssetsIncreaseDecreaseInRevaluationSurplus2" xlink:from="lbl25722" xlink:to="lbl25724"/>
    <va:valueAssertion xlink:type="resource" id="regla832637" aspectModel="dimensional" implicitFiltering="true" test="$ifrs-full:UndiscountedFinanceLeasePaymentsToBeReceived = sum($ifrs-full:UndiscountedFinanceLeasePaymentsToBeReceived2)" xlink:label="lbl25728"/>
    <variable:factVariable xlink:type="resource" bindAsSequence="true" fallbackValue="0" xlink:label="lbl25729" id="id12901"/>
    <variable:variableArc xlink:type="arc" xlink:arcrole="http://xbrl.org/arcrole/2008/variable-set" name="ifrs-full:UndiscountedFinanceLeasePaymentsToBeReceived" xlink:from="lbl25728" xlink:to="lbl25729"/>
    <variable:factVariable xlink:type="resource" bindAsSequence="true" fallbackValue="0" xlink:label="lbl25732" id="id12902"/>
    <variable:variableArc xlink:type="arc" xlink:arcrole="http://xbrl.org/arcrole/2008/variable-set" name="ifrs-full:UndiscountedFinanceLeasePaymentsToBeReceived2" xlink:from="lbl25728" xlink:to="lbl25732"/>
    <va:valueAssertion xlink:type="resource" id="regla832638" aspectModel="dimensional" implicitFiltering="true" test="$ifrs-full:UndiscountedOperatingLeasePaymentsToBeReceived = sum($ifrs-full:UndiscountedOperatingLeasePaymentsToBeReceived2)" xlink:label="lbl25737"/>
    <variable:factVariable xlink:type="resource" bindAsSequence="true" fallbackValue="0" xlink:label="lbl25738" id="id12903"/>
    <variable:variableArc xlink:type="arc" xlink:arcrole="http://xbrl.org/arcrole/2008/variable-set" name="ifrs-full:UndiscountedOperatingLeasePaymentsToBeReceived" xlink:from="lbl25737" xlink:to="lbl25738"/>
    <variable:factVariable xlink:type="resource" bindAsSequence="true" fallbackValue="0" xlink:label="lbl25740" id="id12904"/>
    <variable:variableArc xlink:type="arc" xlink:arcrole="http://xbrl.org/arcrole/2008/variable-set" name="ifrs-full:UndiscountedOperatingLeasePaymentsToBeReceived2" xlink:from="lbl25737" xlink:to="lbl25740"/>
    <cf:conceptName xlink:type="resource" xlink:label="lbl25555" id="id12905">
      <cf:concept>
        <cf:qname>cl-ci:RUTEntidadDeudora</cf:qname>
      </cf:concept>
    </cf:conceptName>
    <variable:variableFilterArc xlink:type="arc" xlink:arcrole="http://xbrl.org/arcrole/2008/variable-filter" complement="false" cover="true" xlink:from="lbl25554" xlink:to="lbl25555"/>
    <df:explicitDimension xlink:type="resource" xlink:label="lbl25556" id="id12906">
      <df:dimension>
        <df:qname>cl-ci:LeasingEje</df:qname>
      </df:dimension>
      <df:member>
        <df:qname>cl-ci:ObligacionesLeasingMiembro</df:qname>
        <df:linkrole>http://www.cmfchile.cl/cl/fr/ci/role/ifrs-16_2021-03-24_role-832610a</df:linkrole>
        <df:arcrole>http://xbrl.org/int/dim/arcrole/domain-member</df:arcrole>
        <df:axis>child</df:axis>
      </df:member>
    </df:explicitDimension>
    <variable:variableFilterArc xlink:type="arc" xlink:arcrole="http://xbrl.org/arcrole/2008/variable-filter" complement="false" cover="true" xlink:from="lbl25554" xlink:to="lbl25556"/>
    <cf:conceptName xlink:type="resource" xlink:label="lbl25562" id="id12907">
      <cf:concept>
        <cf:qname>cl-ci:NombreEntidadDeudora</cf:qname>
      </cf:concept>
    </cf:conceptName>
    <variable:variableFilterArc xlink:type="arc" xlink:arcrole="http://xbrl.org/arcrole/2008/variable-filter" complement="false" cover="true" xlink:from="lbl25561" xlink:to="lbl25562"/>
    <variable:variableFilterArc xlink:type="arc" xlink:arcrole="http://xbrl.org/arcrole/2008/variable-filter" complement="false" cover="true" xlink:from="lbl25561" xlink:to="lbl25556"/>
    <cf:conceptName xlink:type="resource" xlink:label="lbl25568" id="id12908">
      <cf:concept>
        <cf:qname>cl-ci:PaisEmpresaDeudora</cf:qname>
      </cf:concept>
    </cf:conceptName>
    <variable:variableFilterArc xlink:type="arc" xlink:arcrole="http://xbrl.org/arcrole/2008/variable-filter" complement="false" cover="true" xlink:from="lbl25567" xlink:to="lbl25568"/>
    <variable:variableFilterArc xlink:type="arc" xlink:arcrole="http://xbrl.org/arcrole/2008/variable-filter" complement="false" cover="true" xlink:from="lbl25567" xlink:to="lbl25556"/>
    <cf:conceptName xlink:type="resource" xlink:label="lbl25574" id="id12909">
      <cf:concept>
        <cf:qname>cl-ci:NombreEntidadAcreedora</cf:qname>
      </cf:concept>
    </cf:conceptName>
    <variable:variableFilterArc xlink:type="arc" xlink:arcrole="http://xbrl.org/arcrole/2008/variable-filter" complement="false" cover="true" xlink:from="lbl25573" xlink:to="lbl25574"/>
    <variable:variableFilterArc xlink:type="arc" xlink:arcrole="http://xbrl.org/arcrole/2008/variable-filter" complement="false" cover="true" xlink:from="lbl25573" xlink:to="lbl25556"/>
    <cf:conceptName xlink:type="resource" xlink:label="lbl25580" id="id12910">
      <cf:concept>
        <cf:qname>cl-ci:MonedaOUnidadReajuste</cf:qname>
      </cf:concept>
    </cf:conceptName>
    <variable:variableFilterArc xlink:type="arc" xlink:arcrole="http://xbrl.org/arcrole/2008/variable-filter" complement="false" cover="true" xlink:from="lbl25579" xlink:to="lbl25580"/>
    <variable:variableFilterArc xlink:type="arc" xlink:arcrole="http://xbrl.org/arcrole/2008/variable-filter" complement="false" cover="true" xlink:from="lbl25579" xlink:to="lbl25556"/>
    <cf:conceptName xlink:type="resource" xlink:label="lbl25586" id="id12911">
      <cf:concept>
        <cf:qname>cl-ci:TipoAmortizacion</cf:qname>
      </cf:concept>
    </cf:conceptName>
    <variable:variableFilterArc xlink:type="arc" xlink:arcrole="http://xbrl.org/arcrole/2008/variable-filter" complement="false" cover="true" xlink:from="lbl25585" xlink:to="lbl25586"/>
    <variable:variableFilterArc xlink:type="arc" xlink:arcrole="http://xbrl.org/arcrole/2008/variable-filter" complement="false" cover="true" xlink:from="lbl25585" xlink:to="lbl25556"/>
    <cf:conceptName xlink:type="resource" xlink:label="lbl25592" id="id12912">
      <cf:concept>
        <cf:qname>cl-ci:TasaEfectiva</cf:qname>
      </cf:concept>
    </cf:conceptName>
    <variable:variableFilterArc xlink:type="arc" xlink:arcrole="http://xbrl.org/arcrole/2008/variable-filter" complement="false" cover="true" xlink:from="lbl25591" xlink:to="lbl25592"/>
    <variable:variableFilterArc xlink:type="arc" xlink:arcrole="http://xbrl.org/arcrole/2008/variable-filter" complement="false" cover="true" xlink:from="lbl25591" xlink:to="lbl25556"/>
    <cf:conceptName xlink:type="resource" xlink:label="lbl25598" id="id12913">
      <cf:concept>
        <cf:qname>cl-ci:TasaNominal</cf:qname>
      </cf:concept>
    </cf:conceptName>
    <variable:variableFilterArc xlink:type="arc" xlink:arcrole="http://xbrl.org/arcrole/2008/variable-filter" complement="false" cover="true" xlink:from="lbl25597" xlink:to="lbl25598"/>
    <variable:variableFilterArc xlink:type="arc" xlink:arcrole="http://xbrl.org/arcrole/2008/variable-filter" complement="false" cover="true" xlink:from="lbl25597" xlink:to="lbl25556"/>
    <cf:conceptName xlink:type="resource" xlink:label="lbl25604" id="id12914">
      <cf:concept>
        <cf:qname>cl-ci:MasDe1AñoHasta3AñosLeasingNominales</cf:qname>
      </cf:concept>
    </cf:conceptName>
    <variable:variableFilterArc xlink:type="arc" xlink:arcrole="http://xbrl.org/arcrole/2008/variable-filter" complement="false" cover="true" xlink:from="lbl25603" xlink:to="lbl25604"/>
    <df:explicitDimension xlink:type="resource" xlink:label="lbl25605" id="id12915">
      <df:dimension>
        <df:qname>cl-ci:LeasingEje</df:qname>
      </df:dimension>
      <df:member>
        <df:qname>cl-ci:ObligacionesLeasingMiembro</df:qname>
      </df:member>
    </df:explicitDimension>
    <variable:variableFilterArc xlink:type="arc" xlink:arcrole="http://xbrl.org/arcrole/2008/variable-filter" complement="false" cover="true" xlink:from="lbl25603" xlink:to="lbl25605"/>
    <variable:variableFilterArc xlink:type="arc" xlink:arcrole="http://xbrl.org/arcrole/2008/variable-filter" complement="false" cover="true" xlink:from="lbl25606" xlink:to="lbl25604"/>
    <variable:variableFilterArc xlink:type="arc" xlink:arcrole="http://xbrl.org/arcrole/2008/variable-filter" complement="false" cover="true" xlink:from="lbl25606" xlink:to="lbl25556"/>
    <cf:conceptName xlink:type="resource" xlink:label="lbl25612" id="id12916">
      <cf:concept>
        <cf:qname>cl-ci:MasDe3AñosHasta5AñosLeasingNominales</cf:qname>
      </cf:concept>
    </cf:conceptName>
    <variable:variableFilterArc xlink:type="arc" xlink:arcrole="http://xbrl.org/arcrole/2008/variable-filter" complement="false" cover="true" xlink:from="lbl25611" xlink:to="lbl25612"/>
    <variable:variableFilterArc xlink:type="arc" xlink:arcrole="http://xbrl.org/arcrole/2008/variable-filter" complement="false" cover="true" xlink:from="lbl25611" xlink:to="lbl25605"/>
    <variable:variableFilterArc xlink:type="arc" xlink:arcrole="http://xbrl.org/arcrole/2008/variable-filter" complement="false" cover="true" xlink:from="lbl25613" xlink:to="lbl25612"/>
    <variable:variableFilterArc xlink:type="arc" xlink:arcrole="http://xbrl.org/arcrole/2008/variable-filter" complement="false" cover="true" xlink:from="lbl25613" xlink:to="lbl25556"/>
    <cf:conceptName xlink:type="resource" xlink:label="lbl25619" id="id12917">
      <cf:concept>
        <cf:qname>cl-ci:MontosNominalesLeasing</cf:qname>
      </cf:concept>
    </cf:conceptName>
    <variable:variableFilterArc xlink:type="arc" xlink:arcrole="http://xbrl.org/arcrole/2008/variable-filter" complement="false" cover="true" xlink:from="lbl25618" xlink:to="lbl25619"/>
    <variable:variableFilterArc xlink:type="arc" xlink:arcrole="http://xbrl.org/arcrole/2008/variable-filter" complement="false" cover="true" xlink:from="lbl25618" xlink:to="lbl25605"/>
    <variable:variableFilterArc xlink:type="arc" xlink:arcrole="http://xbrl.org/arcrole/2008/variable-filter" complement="false" cover="true" xlink:from="lbl25620" xlink:to="lbl25619"/>
    <variable:variableFilterArc xlink:type="arc" xlink:arcrole="http://xbrl.org/arcrole/2008/variable-filter" complement="false" cover="true" xlink:from="lbl25620" xlink:to="lbl25556"/>
    <cf:conceptName xlink:type="resource" xlink:label="lbl25626" id="id12918">
      <cf:concept>
        <cf:qname>ifrs-full:CurrentLeaseLiabilities</cf:qname>
      </cf:concept>
    </cf:conceptName>
    <variable:variableFilterArc xlink:type="arc" xlink:arcrole="http://xbrl.org/arcrole/2008/variable-filter" complement="false" cover="true" xlink:from="lbl25625" xlink:to="lbl25626"/>
    <variable:variableFilterArc xlink:type="arc" xlink:arcrole="http://xbrl.org/arcrole/2008/variable-filter" complement="false" cover="true" xlink:from="lbl25625" xlink:to="lbl25605"/>
    <variable:variableFilterArc xlink:type="arc" xlink:arcrole="http://xbrl.org/arcrole/2008/variable-filter" complement="false" cover="true" xlink:from="lbl25627" xlink:to="lbl25626"/>
    <variable:variableFilterArc xlink:type="arc" xlink:arcrole="http://xbrl.org/arcrole/2008/variable-filter" complement="false" cover="true" xlink:from="lbl25627" xlink:to="lbl25556"/>
    <cf:conceptName xlink:type="resource" xlink:label="lbl25633" id="id12919">
      <cf:concept>
        <cf:qname>ifrs-full:NoncurrentLeaseLiabilities</cf:qname>
      </cf:concept>
    </cf:conceptName>
    <variable:variableFilterArc xlink:type="arc" xlink:arcrole="http://xbrl.org/arcrole/2008/variable-filter" complement="false" cover="true" xlink:from="lbl25632" xlink:to="lbl25633"/>
    <variable:variableFilterArc xlink:type="arc" xlink:arcrole="http://xbrl.org/arcrole/2008/variable-filter" complement="false" cover="true" xlink:from="lbl25632" xlink:to="lbl25605"/>
    <variable:variableFilterArc xlink:type="arc" xlink:arcrole="http://xbrl.org/arcrole/2008/variable-filter" complement="false" cover="true" xlink:from="lbl25634" xlink:to="lbl25633"/>
    <variable:variableFilterArc xlink:type="arc" xlink:arcrole="http://xbrl.org/arcrole/2008/variable-filter" complement="false" cover="true" xlink:from="lbl25634" xlink:to="lbl25556"/>
    <cf:conceptName xlink:type="resource" xlink:label="lbl25640" id="id12920">
      <cf:concept>
        <cf:qname>cl-ci:MasDe1AñoHasta3AñosLeasingContable</cf:qname>
      </cf:concept>
    </cf:conceptName>
    <variable:variableFilterArc xlink:type="arc" xlink:arcrole="http://xbrl.org/arcrole/2008/variable-filter" complement="false" cover="true" xlink:from="lbl25639" xlink:to="lbl25640"/>
    <variable:variableFilterArc xlink:type="arc" xlink:arcrole="http://xbrl.org/arcrole/2008/variable-filter" complement="false" cover="true" xlink:from="lbl25639" xlink:to="lbl25605"/>
    <variable:variableFilterArc xlink:type="arc" xlink:arcrole="http://xbrl.org/arcrole/2008/variable-filter" complement="false" cover="true" xlink:from="lbl25641" xlink:to="lbl25640"/>
    <variable:variableFilterArc xlink:type="arc" xlink:arcrole="http://xbrl.org/arcrole/2008/variable-filter" complement="false" cover="true" xlink:from="lbl25641" xlink:to="lbl25556"/>
    <cf:conceptName xlink:type="resource" xlink:label="lbl25647" id="id12921">
      <cf:concept>
        <cf:qname>cl-ci:MasDe3AñosHasta5AñosLeasingContable</cf:qname>
      </cf:concept>
    </cf:conceptName>
    <variable:variableFilterArc xlink:type="arc" xlink:arcrole="http://xbrl.org/arcrole/2008/variable-filter" complement="false" cover="true" xlink:from="lbl25646" xlink:to="lbl25647"/>
    <variable:variableFilterArc xlink:type="arc" xlink:arcrole="http://xbrl.org/arcrole/2008/variable-filter" complement="false" cover="true" xlink:from="lbl25646" xlink:to="lbl25605"/>
    <variable:variableFilterArc xlink:type="arc" xlink:arcrole="http://xbrl.org/arcrole/2008/variable-filter" complement="false" cover="true" xlink:from="lbl25648" xlink:to="lbl25647"/>
    <variable:variableFilterArc xlink:type="arc" xlink:arcrole="http://xbrl.org/arcrole/2008/variable-filter" complement="false" cover="true" xlink:from="lbl25648" xlink:to="lbl25556"/>
    <cf:conceptName xlink:type="resource" xlink:label="lbl25654" id="id12922">
      <cf:concept>
        <cf:qname>ifrs-full:LeaseLiabilities</cf:qname>
      </cf:concept>
    </cf:conceptName>
    <variable:variableFilterArc xlink:type="arc" xlink:arcrole="http://xbrl.org/arcrole/2008/variable-filter" complement="false" cover="true" xlink:from="lbl25653" xlink:to="lbl25654"/>
    <variable:variableFilterArc xlink:type="arc" xlink:arcrole="http://xbrl.org/arcrole/2008/variable-filter" complement="false" cover="true" xlink:from="lbl25653" xlink:to="lbl25605"/>
    <variable:variableFilterArc xlink:type="arc" xlink:arcrole="http://xbrl.org/arcrole/2008/variable-filter" complement="false" cover="true" xlink:from="lbl25655" xlink:to="lbl25654"/>
    <variable:variableFilterArc xlink:type="arc" xlink:arcrole="http://xbrl.org/arcrole/2008/variable-filter" complement="false" cover="true" xlink:from="lbl25655" xlink:to="lbl25556"/>
    <cf:conceptName xlink:type="resource" xlink:label="lbl25661" id="id12923">
      <cf:concept>
        <cf:qname>ifrs-full:DepreciationRightofuseAssets</cf:qname>
      </cf:concept>
    </cf:conceptName>
    <variable:variableFilterArc xlink:type="arc" xlink:arcrole="http://xbrl.org/arcrole/2008/variable-filter" complement="false" cover="true" xlink:from="lbl25660" xlink:to="lbl25661"/>
    <df:explicitDimension xlink:type="resource" xlink:label="lbl25662" id="id12924">
      <df:dimension>
        <df:qname>ifrs-full:ClassesOfAssetsAxis</df:qname>
      </df:dimension>
      <df:member>
        <df:qname>ifrs-full:ClassesOfAssetsMember</df:qname>
      </df:member>
    </df:explicitDimension>
    <variable:variableFilterArc xlink:type="arc" xlink:arcrole="http://xbrl.org/arcrole/2008/variable-filter" complement="false" cover="true" xlink:from="lbl25660" xlink:to="lbl25662"/>
    <variable:variableFilterArc xlink:type="arc" xlink:arcrole="http://xbrl.org/arcrole/2008/variable-filter" complement="false" cover="true" xlink:from="lbl25663" xlink:to="lbl25661"/>
    <df:explicitDimension xlink:type="resource" xlink:label="lbl25664" id="id12925">
      <df:dimension>
        <df:qname>ifrs-full:ClassesOfAssetsAxis</df:qname>
      </df:dimension>
      <df:member>
        <df:qname>ifrs-full:ClassesOfAssetsMember</df:qname>
        <df:linkrole>http://www.cmfchile.cl/cl/fr/ci/role/ifrs-16_2021-03-24_role-832610b</df:linkrole>
        <df:arcrole>http://xbrl.org/int/dim/arcrole/domain-member</df:arcrole>
        <df:axis>child</df:axis>
      </df:member>
    </df:explicitDimension>
    <variable:variableFilterArc xlink:type="arc" xlink:arcrole="http://xbrl.org/arcrole/2008/variable-filter" complement="false" cover="true" xlink:from="lbl25663" xlink:to="lbl25664"/>
    <cf:conceptName xlink:type="resource" xlink:label="lbl25670" id="id12926">
      <cf:concept>
        <cf:qname>cl-ci:ActivosPorDerechoDeUsoTotal</cf:qname>
      </cf:concept>
    </cf:conceptName>
    <variable:variableFilterArc xlink:type="arc" xlink:arcrole="http://xbrl.org/arcrole/2008/variable-filter" complement="false" cover="true" xlink:from="lbl25669" xlink:to="lbl25670"/>
    <variable:variableFilterArc xlink:type="arc" xlink:arcrole="http://xbrl.org/arcrole/2008/variable-filter" complement="false" cover="true" xlink:from="lbl25669" xlink:to="lbl25662"/>
    <variable:variableFilterArc xlink:type="arc" xlink:arcrole="http://xbrl.org/arcrole/2008/variable-filter" complement="false" cover="true" xlink:from="lbl25671" xlink:to="lbl25670"/>
    <variable:variableFilterArc xlink:type="arc" xlink:arcrole="http://xbrl.org/arcrole/2008/variable-filter" complement="false" cover="true" xlink:from="lbl25671" xlink:to="lbl25664"/>
    <cf:conceptName xlink:type="resource" xlink:label="lbl25677" id="id12927">
      <cf:concept>
        <cf:qname>ifrs-full:RightofuseAssetsRevaluedAssetsAtCost</cf:qname>
      </cf:concept>
    </cf:conceptName>
    <variable:variableFilterArc xlink:type="arc" xlink:arcrole="http://xbrl.org/arcrole/2008/variable-filter" complement="false" cover="true" xlink:from="lbl25676" xlink:to="lbl25677"/>
    <variable:variableFilterArc xlink:type="arc" xlink:arcrole="http://xbrl.org/arcrole/2008/variable-filter" complement="false" cover="true" xlink:from="lbl25676" xlink:to="lbl25662"/>
    <variable:variableFilterArc xlink:type="arc" xlink:arcrole="http://xbrl.org/arcrole/2008/variable-filter" complement="false" cover="true" xlink:from="lbl25678" xlink:to="lbl25677"/>
    <variable:variableFilterArc xlink:type="arc" xlink:arcrole="http://xbrl.org/arcrole/2008/variable-filter" complement="false" cover="true" xlink:from="lbl25678" xlink:to="lbl25664"/>
    <cf:conceptName xlink:type="resource" xlink:label="lbl25684" id="id12928">
      <cf:concept>
        <cf:qname>ifrs-full:RightofuseAssetsRevaluationSurplus</cf:qname>
      </cf:concept>
    </cf:conceptName>
    <variable:variableFilterArc xlink:type="arc" xlink:arcrole="http://xbrl.org/arcrole/2008/variable-filter" complement="false" cover="true" xlink:from="lbl25683" xlink:to="lbl25684"/>
    <variable:variableFilterArc xlink:type="arc" xlink:arcrole="http://xbrl.org/arcrole/2008/variable-filter" complement="false" cover="true" xlink:from="lbl25683" xlink:to="lbl25662"/>
    <variable:variableFilterArc xlink:type="arc" xlink:arcrole="http://xbrl.org/arcrole/2008/variable-filter" complement="false" cover="true" xlink:from="lbl25685" xlink:to="lbl25684"/>
    <variable:variableFilterArc xlink:type="arc" xlink:arcrole="http://xbrl.org/arcrole/2008/variable-filter" complement="false" cover="true" xlink:from="lbl25685" xlink:to="lbl25664"/>
    <cf:conceptName xlink:type="resource" xlink:label="lbl25691" id="id12929">
      <cf:concept>
        <cf:qname>ifrs-full:RightofuseAssetsIncreaseDecreaseInRevaluationSurplus</cf:qname>
      </cf:concept>
    </cf:conceptName>
    <variable:variableFilterArc xlink:type="arc" xlink:arcrole="http://xbrl.org/arcrole/2008/variable-filter" complement="false" cover="true" xlink:from="lbl25690" xlink:to="lbl25691"/>
    <variable:variableFilterArc xlink:type="arc" xlink:arcrole="http://xbrl.org/arcrole/2008/variable-filter" complement="false" cover="true" xlink:from="lbl25690" xlink:to="lbl25662"/>
    <variable:variableFilterArc xlink:type="arc" xlink:arcrole="http://xbrl.org/arcrole/2008/variable-filter" complement="false" cover="true" xlink:from="lbl25692" xlink:to="lbl25691"/>
    <variable:variableFilterArc xlink:type="arc" xlink:arcrole="http://xbrl.org/arcrole/2008/variable-filter" complement="false" cover="true" xlink:from="lbl25692" xlink:to="lbl25664"/>
    <variable:variableFilterArc xlink:type="arc" xlink:arcrole="http://xbrl.org/arcrole/2008/variable-filter" complement="false" cover="true" xlink:from="lbl25697" xlink:to="lbl25661"/>
    <df:explicitDimension xlink:type="resource" xlink:label="lbl25698" id="id12930">
      <df:dimension>
        <df:qname>ifrs-full:ClassesOfAssetsAxis</df:qname>
      </df:dimension>
      <df:member>
        <df:qname>ifrs-full:PropertyPlantAndEquipmentMember</df:qname>
      </df:member>
    </df:explicitDimension>
    <variable:variableFilterArc xlink:type="arc" xlink:arcrole="http://xbrl.org/arcrole/2008/variable-filter" complement="false" cover="true" xlink:from="lbl25697" xlink:to="lbl25698"/>
    <variable:variableFilterArc xlink:type="arc" xlink:arcrole="http://xbrl.org/arcrole/2008/variable-filter" complement="false" cover="true" xlink:from="lbl25699" xlink:to="lbl25661"/>
    <df:explicitDimension xlink:type="resource" xlink:label="lbl25700" id="id12931">
      <df:dimension>
        <df:qname>ifrs-full:ClassesOfAssetsAxis</df:qname>
      </df:dimension>
      <df:member>
        <df:qname>ifrs-full:PropertyPlantAndEquipmentMember</df:qname>
        <df:linkrole>http://www.cmfchile.cl/cl/fr/ci/role/ifrs-16_2021-03-24_role-832610b</df:linkrole>
        <df:arcrole>http://xbrl.org/int/dim/arcrole/domain-member</df:arcrole>
        <df:axis>child</df:axis>
      </df:member>
    </df:explicitDimension>
    <variable:variableFilterArc xlink:type="arc" xlink:arcrole="http://xbrl.org/arcrole/2008/variable-filter" complement="false" cover="true" xlink:from="lbl25699" xlink:to="lbl25700"/>
    <variable:variableFilterArc xlink:type="arc" xlink:arcrole="http://xbrl.org/arcrole/2008/variable-filter" complement="false" cover="true" xlink:from="lbl25705" xlink:to="lbl25670"/>
    <variable:variableFilterArc xlink:type="arc" xlink:arcrole="http://xbrl.org/arcrole/2008/variable-filter" complement="false" cover="true" xlink:from="lbl25705" xlink:to="lbl25698"/>
    <variable:variableFilterArc xlink:type="arc" xlink:arcrole="http://xbrl.org/arcrole/2008/variable-filter" complement="false" cover="true" xlink:from="lbl25706" xlink:to="lbl25670"/>
    <variable:variableFilterArc xlink:type="arc" xlink:arcrole="http://xbrl.org/arcrole/2008/variable-filter" complement="false" cover="true" xlink:from="lbl25706" xlink:to="lbl25700"/>
    <variable:variableFilterArc xlink:type="arc" xlink:arcrole="http://xbrl.org/arcrole/2008/variable-filter" complement="false" cover="true" xlink:from="lbl25711" xlink:to="lbl25677"/>
    <variable:variableFilterArc xlink:type="arc" xlink:arcrole="http://xbrl.org/arcrole/2008/variable-filter" complement="false" cover="true" xlink:from="lbl25711" xlink:to="lbl25698"/>
    <variable:variableFilterArc xlink:type="arc" xlink:arcrole="http://xbrl.org/arcrole/2008/variable-filter" complement="false" cover="true" xlink:from="lbl25712" xlink:to="lbl25677"/>
    <variable:variableFilterArc xlink:type="arc" xlink:arcrole="http://xbrl.org/arcrole/2008/variable-filter" complement="false" cover="true" xlink:from="lbl25712" xlink:to="lbl25700"/>
    <variable:variableFilterArc xlink:type="arc" xlink:arcrole="http://xbrl.org/arcrole/2008/variable-filter" complement="false" cover="true" xlink:from="lbl25717" xlink:to="lbl25684"/>
    <variable:variableFilterArc xlink:type="arc" xlink:arcrole="http://xbrl.org/arcrole/2008/variable-filter" complement="false" cover="true" xlink:from="lbl25717" xlink:to="lbl25698"/>
    <variable:variableFilterArc xlink:type="arc" xlink:arcrole="http://xbrl.org/arcrole/2008/variable-filter" complement="false" cover="true" xlink:from="lbl25718" xlink:to="lbl25684"/>
    <variable:variableFilterArc xlink:type="arc" xlink:arcrole="http://xbrl.org/arcrole/2008/variable-filter" complement="false" cover="true" xlink:from="lbl25718" xlink:to="lbl25700"/>
    <variable:variableFilterArc xlink:type="arc" xlink:arcrole="http://xbrl.org/arcrole/2008/variable-filter" complement="false" cover="true" xlink:from="lbl25723" xlink:to="lbl25691"/>
    <variable:variableFilterArc xlink:type="arc" xlink:arcrole="http://xbrl.org/arcrole/2008/variable-filter" complement="false" cover="true" xlink:from="lbl25723" xlink:to="lbl25698"/>
    <variable:variableFilterArc xlink:type="arc" xlink:arcrole="http://xbrl.org/arcrole/2008/variable-filter" complement="false" cover="true" xlink:from="lbl25724" xlink:to="lbl25691"/>
    <variable:variableFilterArc xlink:type="arc" xlink:arcrole="http://xbrl.org/arcrole/2008/variable-filter" complement="false" cover="true" xlink:from="lbl25724" xlink:to="lbl25700"/>
    <cf:conceptName xlink:type="resource" xlink:label="lbl25730" id="id12932">
      <cf:concept>
        <cf:qname>ifrs-full:UndiscountedFinanceLeasePaymentsToBeReceived</cf:qname>
      </cf:concept>
    </cf:conceptName>
    <variable:variableFilterArc xlink:type="arc" xlink:arcrole="http://xbrl.org/arcrole/2008/variable-filter" complement="false" cover="true" xlink:from="lbl25729" xlink:to="lbl25730"/>
    <df:explicitDimension xlink:type="resource" xlink:label="lbl25731" id="id12933">
      <df:dimension>
        <df:qname>ifrs-full:MaturityAxis</df:qname>
      </df:dimension>
      <df:member>
        <df:qname>ifrs-full:AggregatedTimeBandsMember</df:qname>
      </df:member>
    </df:explicitDimension>
    <variable:variableFilterArc xlink:type="arc" xlink:arcrole="http://xbrl.org/arcrole/2008/variable-filter" complement="false" cover="true" xlink:from="lbl25729" xlink:to="lbl25731"/>
    <variable:variableFilterArc xlink:type="arc" xlink:arcrole="http://xbrl.org/arcrole/2008/variable-filter" complement="false" cover="true" xlink:from="lbl25732" xlink:to="lbl25730"/>
    <df:explicitDimension xlink:type="resource" xlink:label="lbl25733" id="id12934">
      <df:dimension>
        <df:qname>ifrs-full:MaturityAxis</df:qname>
      </df:dimension>
      <df:member>
        <df:qname>ifrs-full:AggregatedTimeBandsMember</df:qname>
        <df:linkrole>http://www.cmfchile.cl/cl/fr/ci/role/ifrs-16_2021-03-24_role-832610c</df:linkrole>
        <df:arcrole>http://xbrl.org/int/dim/arcrole/domain-member</df:arcrole>
        <df:axis>child</df:axis>
      </df:member>
    </df:explicitDimension>
    <variable:variableFilterArc xlink:type="arc" xlink:arcrole="http://xbrl.org/arcrole/2008/variable-filter" complement="false" cover="true" xlink:from="lbl25732" xlink:to="lbl25733"/>
    <cf:conceptName xlink:type="resource" xlink:label="lbl25739" id="id12935">
      <cf:concept>
        <cf:qname>ifrs-full:UndiscountedOperatingLeasePaymentsToBeReceived</cf:qname>
      </cf:concept>
    </cf:conceptName>
    <variable:variableFilterArc xlink:type="arc" xlink:arcrole="http://xbrl.org/arcrole/2008/variable-filter" complement="false" cover="true" xlink:from="lbl25738" xlink:to="lbl25739"/>
    <variable:variableFilterArc xlink:type="arc" xlink:arcrole="http://xbrl.org/arcrole/2008/variable-filter" complement="false" cover="true" xlink:from="lbl25738" xlink:to="lbl25731"/>
    <variable:variableFilterArc xlink:type="arc" xlink:arcrole="http://xbrl.org/arcrole/2008/variable-filter" complement="false" cover="true" xlink:from="lbl25740" xlink:to="lbl25739"/>
    <df:explicitDimension xlink:type="resource" xlink:label="lbl25741" id="id12936">
      <df:dimension>
        <df:qname>ifrs-full:MaturityAxis</df:qname>
      </df:dimension>
      <df:member>
        <df:qname>ifrs-full:AggregatedTimeBandsMember</df:qname>
        <df:linkrole>http://www.cmfchile.cl/cl/fr/ci/role/ifrs-16_2021-03-24_role-832610d</df:linkrole>
        <df:arcrole>http://xbrl.org/int/dim/arcrole/domain-member</df:arcrole>
        <df:axis>child</df:axis>
      </df:member>
    </df:explicitDimension>
    <variable:variableFilterArc xlink:type="arc" xlink:arcrole="http://xbrl.org/arcrole/2008/variable-filter" complement="false" cover="true" xlink:from="lbl25740" xlink:to="lbl25741"/>
    <label:label xlink:type="resource" xml:lang="es" id="id12773" xlink:label="lbl25557">832611</label:label>
    <gen:arc xlink:type="arc" xlink:arcrole="http://xbrl.org/arcrole/2008/element-label" xlink:from="lbl25553" xlink:to="lbl25557"/>
    <label:label xlink:type="resource" xml:lang="es" id="id12776" xlink:label="lbl25563">832612</label:label>
    <gen:arc xlink:type="arc" xlink:arcrole="http://xbrl.org/arcrole/2008/element-label" xlink:from="lbl25560" xlink:to="lbl25563"/>
    <label:label xlink:type="resource" xml:lang="es" id="id12779" xlink:label="lbl25569">832613</label:label>
    <gen:arc xlink:type="arc" xlink:arcrole="http://xbrl.org/arcrole/2008/element-label" xlink:from="lbl25566" xlink:to="lbl25569"/>
    <label:label xlink:type="resource" xml:lang="es" id="id12782" xlink:label="lbl25575">832614</label:label>
    <gen:arc xlink:type="arc" xlink:arcrole="http://xbrl.org/arcrole/2008/element-label" xlink:from="lbl25572" xlink:to="lbl25575"/>
    <label:label xlink:type="resource" xml:lang="es" id="id12785" xlink:label="lbl25581">832615</label:label>
    <gen:arc xlink:type="arc" xlink:arcrole="http://xbrl.org/arcrole/2008/element-label" xlink:from="lbl25578" xlink:to="lbl25581"/>
    <label:label xlink:type="resource" xml:lang="es" id="id12788" xlink:label="lbl25587">832616</label:label>
    <gen:arc xlink:type="arc" xlink:arcrole="http://xbrl.org/arcrole/2008/element-label" xlink:from="lbl25584" xlink:to="lbl25587"/>
    <label:label xlink:type="resource" xml:lang="es" id="id12791" xlink:label="lbl25593">832617</label:label>
    <gen:arc xlink:type="arc" xlink:arcrole="http://xbrl.org/arcrole/2008/element-label" xlink:from="lbl25590" xlink:to="lbl25593"/>
    <label:label xlink:type="resource" xml:lang="es" id="id12794" xlink:label="lbl25599">832618</label:label>
    <gen:arc xlink:type="arc" xlink:arcrole="http://xbrl.org/arcrole/2008/element-label" xlink:from="lbl25596" xlink:to="lbl25599"/>
    <label:label xlink:type="resource" xml:lang="es" id="id12797" xlink:label="lbl25607">832619</label:label>
    <gen:arc xlink:type="arc" xlink:arcrole="http://xbrl.org/arcrole/2008/element-label" xlink:from="lbl25602" xlink:to="lbl25607"/>
    <label:label xlink:type="resource" xml:lang="es" id="id12800" xlink:label="lbl25614">832620</label:label>
    <gen:arc xlink:type="arc" xlink:arcrole="http://xbrl.org/arcrole/2008/element-label" xlink:from="lbl25610" xlink:to="lbl25614"/>
    <label:label xlink:type="resource" xml:lang="es" id="id12803" xlink:label="lbl25621">832621</label:label>
    <gen:arc xlink:type="arc" xlink:arcrole="http://xbrl.org/arcrole/2008/element-label" xlink:from="lbl25617" xlink:to="lbl25621"/>
    <label:label xlink:type="resource" xml:lang="es" id="id12806" xlink:label="lbl25628">832622</label:label>
    <gen:arc xlink:type="arc" xlink:arcrole="http://xbrl.org/arcrole/2008/element-label" xlink:from="lbl25624" xlink:to="lbl25628"/>
    <label:label xlink:type="resource" xml:lang="es" id="id12809" xlink:label="lbl25635">832623</label:label>
    <gen:arc xlink:type="arc" xlink:arcrole="http://xbrl.org/arcrole/2008/element-label" xlink:from="lbl25631" xlink:to="lbl25635"/>
    <label:label xlink:type="resource" xml:lang="es" id="id12812" xlink:label="lbl25642">832624</label:label>
    <gen:arc xlink:type="arc" xlink:arcrole="http://xbrl.org/arcrole/2008/element-label" xlink:from="lbl25638" xlink:to="lbl25642"/>
    <label:label xlink:type="resource" xml:lang="es" id="id12815" xlink:label="lbl25649">832625</label:label>
    <gen:arc xlink:type="arc" xlink:arcrole="http://xbrl.org/arcrole/2008/element-label" xlink:from="lbl25645" xlink:to="lbl25649"/>
    <label:label xlink:type="resource" xml:lang="es" id="id12818" xlink:label="lbl25656">832626</label:label>
    <gen:arc xlink:type="arc" xlink:arcrole="http://xbrl.org/arcrole/2008/element-label" xlink:from="lbl25652" xlink:to="lbl25656"/>
    <label:label xlink:type="resource" xml:lang="es" id="id12821" xlink:label="lbl25665">832627</label:label>
    <gen:arc xlink:type="arc" xlink:arcrole="http://xbrl.org/arcrole/2008/element-label" xlink:from="lbl25659" xlink:to="lbl25665"/>
    <label:label xlink:type="resource" xml:lang="es" id="id12824" xlink:label="lbl25672">832628</label:label>
    <gen:arc xlink:type="arc" xlink:arcrole="http://xbrl.org/arcrole/2008/element-label" xlink:from="lbl25668" xlink:to="lbl25672"/>
    <label:label xlink:type="resource" xml:lang="es" id="id12827" xlink:label="lbl25679">832629</label:label>
    <gen:arc xlink:type="arc" xlink:arcrole="http://xbrl.org/arcrole/2008/element-label" xlink:from="lbl25675" xlink:to="lbl25679"/>
    <label:label xlink:type="resource" xml:lang="es" id="id12830" xlink:label="lbl25686">832630</label:label>
    <gen:arc xlink:type="arc" xlink:arcrole="http://xbrl.org/arcrole/2008/element-label" xlink:from="lbl25682" xlink:to="lbl25686"/>
    <label:label xlink:type="resource" xml:lang="es" id="id12833" xlink:label="lbl25693">832631</label:label>
    <gen:arc xlink:type="arc" xlink:arcrole="http://xbrl.org/arcrole/2008/element-label" xlink:from="lbl25689" xlink:to="lbl25693"/>
    <label:label xlink:type="resource" xml:lang="es" id="id12836" xlink:label="lbl25701">832632</label:label>
    <gen:arc xlink:type="arc" xlink:arcrole="http://xbrl.org/arcrole/2008/element-label" xlink:from="lbl25696" xlink:to="lbl25701"/>
    <label:label xlink:type="resource" xml:lang="es" id="id12839" xlink:label="lbl25707">832633</label:label>
    <gen:arc xlink:type="arc" xlink:arcrole="http://xbrl.org/arcrole/2008/element-label" xlink:from="lbl25704" xlink:to="lbl25707"/>
    <label:label xlink:type="resource" xml:lang="es" id="id12842" xlink:label="lbl25713">832634</label:label>
    <gen:arc xlink:type="arc" xlink:arcrole="http://xbrl.org/arcrole/2008/element-label" xlink:from="lbl25710" xlink:to="lbl25713"/>
    <label:label xlink:type="resource" xml:lang="es" id="id12845" xlink:label="lbl25719">832635</label:label>
    <gen:arc xlink:type="arc" xlink:arcrole="http://xbrl.org/arcrole/2008/element-label" xlink:from="lbl25716" xlink:to="lbl25719"/>
    <label:label xlink:type="resource" xml:lang="es" id="id12848" xlink:label="lbl25725">832636</label:label>
    <gen:arc xlink:type="arc" xlink:arcrole="http://xbrl.org/arcrole/2008/element-label" xlink:from="lbl25722" xlink:to="lbl25725"/>
    <label:label xlink:type="resource" xml:lang="es" id="id12851" xlink:label="lbl25734">832637</label:label>
    <gen:arc xlink:type="arc" xlink:arcrole="http://xbrl.org/arcrole/2008/element-label" xlink:from="lbl25728" xlink:to="lbl25734"/>
    <label:label xlink:type="resource" xml:lang="es" id="id12854" xlink:label="lbl25742">832638</label:label>
    <gen:arc xlink:type="arc" xlink:arcrole="http://xbrl.org/arcrole/2008/element-label" xlink:from="lbl25737" xlink:to="lbl25742"/>
    <msg:message xlink:type="resource" id="id12774" xml:lang="es" xlink:role="http://www.xbrl.org/2010/role/message" xlink:label="lbl25558">Rol[832610a] Regla832611: Informa RUT entidad deudora OK</msg:message>
    <gen:arc xlink:type="arc" xlink:arcrole="http://xbrl.org/arcrole/2010/assertion-satisfied-message" xlink:from="lbl25553" xlink:to="lbl25558"/>
    <msg:message xlink:type="resource" id="id12777" xml:lang="es" xlink:role="http://www.xbrl.org/2010/role/message" xlink:label="lbl25564">Rol[832610a] Regla832612: Informa Nombre entidad deudora OK</msg:message>
    <gen:arc xlink:type="arc" xlink:arcrole="http://xbrl.org/arcrole/2010/assertion-satisfied-message" xlink:from="lbl25560" xlink:to="lbl25564"/>
    <msg:message xlink:type="resource" id="id12780" xml:lang="es" xlink:role="http://www.xbrl.org/2010/role/message" xlink:label="lbl25570">Rol[832610a] Regla832613: Informa País de la empresa deudora OK</msg:message>
    <gen:arc xlink:type="arc" xlink:arcrole="http://xbrl.org/arcrole/2010/assertion-satisfied-message" xlink:from="lbl25566" xlink:to="lbl25570"/>
    <msg:message xlink:type="resource" id="id12783" xml:lang="es" xlink:role="http://www.xbrl.org/2010/role/message" xlink:label="lbl25576">Rol[832610a] Regla832614: Informa Nombre entidad acreedora OK</msg:message>
    <gen:arc xlink:type="arc" xlink:arcrole="http://xbrl.org/arcrole/2010/assertion-satisfied-message" xlink:from="lbl25572" xlink:to="lbl25576"/>
    <msg:message xlink:type="resource" id="id12786" xml:lang="es" xlink:role="http://www.xbrl.org/2010/role/message" xlink:label="lbl25582">Rol[832610a] Regla832615: Informa Moneda o unidad de reajuste OK</msg:message>
    <gen:arc xlink:type="arc" xlink:arcrole="http://xbrl.org/arcrole/2010/assertion-satisfied-message" xlink:from="lbl25578" xlink:to="lbl25582"/>
    <msg:message xlink:type="resource" id="id12789" xml:lang="es" xlink:role="http://www.xbrl.org/2010/role/message" xlink:label="lbl25588">Rol[832610a] Regla832616: Informa Tipo de amortización OK</msg:message>
    <gen:arc xlink:type="arc" xlink:arcrole="http://xbrl.org/arcrole/2010/assertion-satisfied-message" xlink:from="lbl25584" xlink:to="lbl25588"/>
    <msg:message xlink:type="resource" id="id12792" xml:lang="es" xlink:role="http://www.xbrl.org/2010/role/message" xlink:label="lbl25594">Rol[832610a] Regla832617: Informa Tasa  efectiva OK</msg:message>
    <gen:arc xlink:type="arc" xlink:arcrole="http://xbrl.org/arcrole/2010/assertion-satisfied-message" xlink:from="lbl25590" xlink:to="lbl25594"/>
    <msg:message xlink:type="resource" id="id12795" xml:lang="es" xlink:role="http://www.xbrl.org/2010/role/message" xlink:label="lbl25600">Rol[832610a] Regla832618: Informa Tasa nominal OK</msg:message>
    <gen:arc xlink:type="arc" xlink:arcrole="http://xbrl.org/arcrole/2010/assertion-satisfied-message" xlink:from="lbl25596" xlink:to="lbl25600"/>
    <msg:message xlink:type="resource" id="id12798" xml:lang="es" xlink:role="http://www.xbrl.org/2010/role/message" xlink:label="lbl25608">Rol[832610a] Regla832619: Suma dimensiones más de 1 año hasta 3 años OK; contexto  {$cl-ci:MasDe1AñoHasta3AñosLeasingNominales/@contextRef}</msg:message>
    <gen:arc xlink:type="arc" xlink:arcrole="http://xbrl.org/arcrole/2010/assertion-satisfied-message" xlink:from="lbl25602" xlink:to="lbl25608"/>
    <msg:message xlink:type="resource" id="id12801" xml:lang="es" xlink:role="http://www.xbrl.org/2010/role/message" xlink:label="lbl25615">Rol[832610a] Regla832620: Suma dimensiones más de 3 años hasta 5 años OK; contexto  {$cl-ci:MasDe3AñosHasta5AñosLeasingNominales/@contextRef}</msg:message>
    <gen:arc xlink:type="arc" xlink:arcrole="http://xbrl.org/arcrole/2010/assertion-satisfied-message" xlink:from="lbl25610" xlink:to="lbl25615"/>
    <msg:message xlink:type="resource" id="id12804" xml:lang="es" xlink:role="http://www.xbrl.org/2010/role/message" xlink:label="lbl25622">Rol[832610a] Regla832621: Suma dimensiones Total montos nominales OK; contexto  {$cl-ci:MontosNominalesLeasing/@contextRef}</msg:message>
    <gen:arc xlink:type="arc" xlink:arcrole="http://xbrl.org/arcrole/2010/assertion-satisfied-message" xlink:from="lbl25617" xlink:to="lbl25622"/>
    <msg:message xlink:type="resource" id="id12807" xml:lang="es" xlink:role="http://www.xbrl.org/2010/role/message" xlink:label="lbl25629">Rol[832610a] Regla832622: Suma dimensiones Pasivos por arrendamiento corrientes OK; contexto  {$ifrs-full:CurrentLeaseLiabilities/@contextRef}</msg:message>
    <gen:arc xlink:type="arc" xlink:arcrole="http://xbrl.org/arcrole/2010/assertion-satisfied-message" xlink:from="lbl25624" xlink:to="lbl25629"/>
    <msg:message xlink:type="resource" id="id12810" xml:lang="es" xlink:role="http://www.xbrl.org/2010/role/message" xlink:label="lbl25636">Rol[832610a] Regla832623: Suma dimensiones Pasivos por arrendamientos no corrientes OK; contexto  {$ifrs-full:NoncurrentLeaseLiabilities/@contextRef}</msg:message>
    <gen:arc xlink:type="arc" xlink:arcrole="http://xbrl.org/arcrole/2010/assertion-satisfied-message" xlink:from="lbl25631" xlink:to="lbl25636"/>
    <msg:message xlink:type="resource" id="id12813" xml:lang="es" xlink:role="http://www.xbrl.org/2010/role/message" xlink:label="lbl25643">Rol[832610a] Regla832624: Suma dimensiones más de 1 año hasta 3 años OK; contexto  {$cl-ci:MasDe1AñoHasta3AñosLeasingContable/@contextRef}</msg:message>
    <gen:arc xlink:type="arc" xlink:arcrole="http://xbrl.org/arcrole/2010/assertion-satisfied-message" xlink:from="lbl25638" xlink:to="lbl25643"/>
    <msg:message xlink:type="resource" id="id12816" xml:lang="es" xlink:role="http://www.xbrl.org/2010/role/message" xlink:label="lbl25650">Rol[832610a] Regla832625: Suma dimensiones más de 3 años hasta 5 años OK; contexto  {$cl-ci:MasDe3AñosHasta5AñosLeasingContable/@contextRef}</msg:message>
    <gen:arc xlink:type="arc" xlink:arcrole="http://xbrl.org/arcrole/2010/assertion-satisfied-message" xlink:from="lbl25645" xlink:to="lbl25650"/>
    <msg:message xlink:type="resource" id="id12819" xml:lang="es" xlink:role="http://www.xbrl.org/2010/role/message" xlink:label="lbl25657">Rol[832610a] Regla832626: Suma dimensiones Total pasivos por arrendamiento OK; contexto  {$ifrs-full:LeaseLiabilities/@contextRef}</msg:message>
    <gen:arc xlink:type="arc" xlink:arcrole="http://xbrl.org/arcrole/2010/assertion-satisfied-message" xlink:from="lbl25652" xlink:to="lbl25657"/>
    <msg:message xlink:type="resource" id="id12822" xml:lang="es" xlink:role="http://www.xbrl.org/2010/role/message" xlink:label="lbl25666">Rol[832610b] Regla832627: Suma dimensiones Depreciación, activos por derecho de uso OK; contexto  {$ifrs-full:DepreciationRightofuseAssets/@contextRef}</msg:message>
    <gen:arc xlink:type="arc" xlink:arcrole="http://xbrl.org/arcrole/2010/assertion-satisfied-message" xlink:from="lbl25659" xlink:to="lbl25666"/>
    <msg:message xlink:type="resource" id="id12825" xml:lang="es" xlink:role="http://www.xbrl.org/2010/role/message" xlink:label="lbl25673">Rol[832610b] Regla832628: Suma dimensiones Total activos por derecho de uso OK; contexto  {$cl-ci:ActivosPorDerechoDeUsoTotal/@contextRef}</msg:message>
    <gen:arc xlink:type="arc" xlink:arcrole="http://xbrl.org/arcrole/2010/assertion-satisfied-message" xlink:from="lbl25668" xlink:to="lbl25673"/>
    <msg:message xlink:type="resource" id="id12828" xml:lang="es" xlink:role="http://www.xbrl.org/2010/role/message" xlink:label="lbl25680">Rol[832610b] Regla832629: Suma dimensiones Activos por derecho de uso, activos revaluados, al costo OK; contexto  {$ifrs-full:RightofuseAssetsRevaluedAssetsAtCost/@contextRef}</msg:message>
    <gen:arc xlink:type="arc" xlink:arcrole="http://xbrl.org/arcrole/2010/assertion-satisfied-message" xlink:from="lbl25675" xlink:to="lbl25680"/>
    <msg:message xlink:type="resource" id="id12831" xml:lang="es" xlink:role="http://www.xbrl.org/2010/role/message" xlink:label="lbl25687">Rol[832610b] Regla832630: Suma dimensiones Activos por derecho de uso, superávit de revaluación OK; contexto  {$ifrs-full:RightofuseAssetsRevaluationSurplus/@contextRef}</msg:message>
    <gen:arc xlink:type="arc" xlink:arcrole="http://xbrl.org/arcrole/2010/assertion-satisfied-message" xlink:from="lbl25682" xlink:to="lbl25687"/>
    <msg:message xlink:type="resource" id="id12834" xml:lang="es" xlink:role="http://www.xbrl.org/2010/role/message" xlink:label="lbl25694">Rol[832610b] Regla832631: Suma dimensiones Activos por derecho de uso, incremento (disminución) en el superávit de revaluación OK; contexto  {$ifrs-full:RightofuseAssetsIncreaseDecreaseInRevaluationSurplus/@contextRef}</msg:message>
    <gen:arc xlink:type="arc" xlink:arcrole="http://xbrl.org/arcrole/2010/assertion-satisfied-message" xlink:from="lbl25689" xlink:to="lbl25694"/>
    <msg:message xlink:type="resource" id="id12837" xml:lang="es" xlink:role="http://www.xbrl.org/2010/role/message" xlink:label="lbl25702">Rol[832610b] Regla832632: Suma dimensiones Depreciación, activos por derecho de uso OK; contexto  {$ifrs-full:DepreciationRightofuseAssets/@contextRef}</msg:message>
    <gen:arc xlink:type="arc" xlink:arcrole="http://xbrl.org/arcrole/2010/assertion-satisfied-message" xlink:from="lbl25696" xlink:to="lbl25702"/>
    <msg:message xlink:type="resource" id="id12840" xml:lang="es" xlink:role="http://www.xbrl.org/2010/role/message" xlink:label="lbl25708">Rol[832610b] Regla832633: Suma dimensiones Total activos por derecho de uso OK; contexto  {$cl-ci:ActivosPorDerechoDeUsoTotal/@contextRef}</msg:message>
    <gen:arc xlink:type="arc" xlink:arcrole="http://xbrl.org/arcrole/2010/assertion-satisfied-message" xlink:from="lbl25704" xlink:to="lbl25708"/>
    <msg:message xlink:type="resource" id="id12843" xml:lang="es" xlink:role="http://www.xbrl.org/2010/role/message" xlink:label="lbl25714">Rol[832610b] Regla832634: Suma dimensiones Activos por derecho de uso, activos revaluados, al costo OK; contexto  {$ifrs-full:RightofuseAssetsRevaluedAssetsAtCost/@contextRef}</msg:message>
    <gen:arc xlink:type="arc" xlink:arcrole="http://xbrl.org/arcrole/2010/assertion-satisfied-message" xlink:from="lbl25710" xlink:to="lbl25714"/>
    <msg:message xlink:type="resource" id="id12846" xml:lang="es" xlink:role="http://www.xbrl.org/2010/role/message" xlink:label="lbl25720">Rol[832610b] Regla832635: Suma dimensiones Activos por derecho de uso, superávit de revaluación OK; contexto  {$ifrs-full:RightofuseAssetsRevaluationSurplus/@contextRef}</msg:message>
    <gen:arc xlink:type="arc" xlink:arcrole="http://xbrl.org/arcrole/2010/assertion-satisfied-message" xlink:from="lbl25716" xlink:to="lbl25720"/>
    <msg:message xlink:type="resource" id="id12849" xml:lang="es" xlink:role="http://www.xbrl.org/2010/role/message" xlink:label="lbl25726">Rol[832610b] Regla832636: Suma dimensiones Activos por derecho de uso, incremento (disminución) en el superávit de revaluación OK; contexto  {$ifrs-full:RightofuseAssetsIncreaseDecreaseInRevaluationSurplus/@contextRef}</msg:message>
    <gen:arc xlink:type="arc" xlink:arcrole="http://xbrl.org/arcrole/2010/assertion-satisfied-message" xlink:from="lbl25722" xlink:to="lbl25726"/>
    <msg:message xlink:type="resource" id="id12852" xml:lang="es" xlink:role="http://www.xbrl.org/2010/role/message" xlink:label="lbl25735">Rol[832610c] Regla832637: Suma dimensiones Pagos por arrendamiento financiero sin descontar a recibir OK; contexto  {$ifrs-full:UndiscountedFinanceLeasePaymentsToBeReceived/@contextRef}</msg:message>
    <gen:arc xlink:type="arc" xlink:arcrole="http://xbrl.org/arcrole/2010/assertion-satisfied-message" xlink:from="lbl25728" xlink:to="lbl25735"/>
    <msg:message xlink:type="resource" id="id12855" xml:lang="es" xlink:role="http://www.xbrl.org/2010/role/message" xlink:label="lbl25743">Rol[832610d] Regla832638: Suma dimensiones Pagos por arrendamiento operativo sin descontar a recibir OK; contexto  {$ifrs-full:UndiscountedOperatingLeasePaymentsToBeReceived/@contextRef}</msg:message>
    <gen:arc xlink:type="arc" xlink:arcrole="http://xbrl.org/arcrole/2010/assertion-satisfied-message" xlink:from="lbl25737" xlink:to="lbl25743"/>
    <msg:message xlink:type="resource" id="id12775" xml:lang="es" xlink:role="http://www.xbrl.org/2010/role/message" xlink:label="lbl25559">Rol[832610a] Regla832611: Error RUT entidad deudora, no está informado</msg:message>
    <gen:arc xlink:type="arc" xlink:arcrole="http://xbrl.org/arcrole/2010/assertion-unsatisfied-message" xlink:from="lbl25553" xlink:to="lbl25559"/>
    <msg:message xlink:type="resource" id="id12778" xml:lang="es" xlink:role="http://www.xbrl.org/2010/role/message" xlink:label="lbl25565">Rol[832610a] Regla832612: Error Nombre entidad deudora, no está informado</msg:message>
    <gen:arc xlink:type="arc" xlink:arcrole="http://xbrl.org/arcrole/2010/assertion-unsatisfied-message" xlink:from="lbl25560" xlink:to="lbl25565"/>
    <msg:message xlink:type="resource" id="id12781" xml:lang="es" xlink:role="http://www.xbrl.org/2010/role/message" xlink:label="lbl25571">Rol[832610a] Regla832613: Error País de la empresa deudora, no está informado</msg:message>
    <gen:arc xlink:type="arc" xlink:arcrole="http://xbrl.org/arcrole/2010/assertion-unsatisfied-message" xlink:from="lbl25566" xlink:to="lbl25571"/>
    <msg:message xlink:type="resource" id="id12784" xml:lang="es" xlink:role="http://www.xbrl.org/2010/role/message" xlink:label="lbl25577">Rol[832610a] Regla832614: Error Nombre entidad acreedora, no está informado</msg:message>
    <gen:arc xlink:type="arc" xlink:arcrole="http://xbrl.org/arcrole/2010/assertion-unsatisfied-message" xlink:from="lbl25572" xlink:to="lbl25577"/>
    <msg:message xlink:type="resource" id="id12787" xml:lang="es" xlink:role="http://www.xbrl.org/2010/role/message" xlink:label="lbl25583">Rol[832610a] Regla832615: Error Moneda o unidad de reajuste, no está informado</msg:message>
    <gen:arc xlink:type="arc" xlink:arcrole="http://xbrl.org/arcrole/2010/assertion-unsatisfied-message" xlink:from="lbl25578" xlink:to="lbl25583"/>
    <msg:message xlink:type="resource" id="id12790" xml:lang="es" xlink:role="http://www.xbrl.org/2010/role/message" xlink:label="lbl25589">Rol[832610a] Regla832616: Error Tipo de amortización, no está informado</msg:message>
    <gen:arc xlink:type="arc" xlink:arcrole="http://xbrl.org/arcrole/2010/assertion-unsatisfied-message" xlink:from="lbl25584" xlink:to="lbl25589"/>
    <msg:message xlink:type="resource" id="id12793" xml:lang="es" xlink:role="http://www.xbrl.org/2010/role/message" xlink:label="lbl25595">Rol[832610a] Regla832617: Error Tasa  efectiva, no está informado</msg:message>
    <gen:arc xlink:type="arc" xlink:arcrole="http://xbrl.org/arcrole/2010/assertion-unsatisfied-message" xlink:from="lbl25590" xlink:to="lbl25595"/>
    <msg:message xlink:type="resource" id="id12796" xml:lang="es" xlink:role="http://www.xbrl.org/2010/role/message" xlink:label="lbl25601">Rol[832610a] Regla832618: Error Tasa nominal, no está informado</msg:message>
    <gen:arc xlink:type="arc" xlink:arcrole="http://xbrl.org/arcrole/2010/assertion-unsatisfied-message" xlink:from="lbl25596" xlink:to="lbl25601"/>
    <msg:message xlink:type="resource" id="id12799" xml:lang="es" xlink:role="http://www.xbrl.org/2010/role/message" xlink:label="lbl25609">Rol[832610a] Regla832619: Error en suma dimensiones más de 1 año hasta 3 años; contexto  {$cl-ci:MasDe1AñoHasta3AñosLeasingNominales/@contextRef}</msg:message>
    <gen:arc xlink:type="arc" xlink:arcrole="http://xbrl.org/arcrole/2010/assertion-unsatisfied-message" xlink:from="lbl25602" xlink:to="lbl25609"/>
    <msg:message xlink:type="resource" id="id12802" xml:lang="es" xlink:role="http://www.xbrl.org/2010/role/message" xlink:label="lbl25616">Rol[832610a] Regla832620: Error en suma dimensiones más de 3 años hasta 5 años; contexto  {$cl-ci:MasDe3AñosHasta5AñosLeasingNominales/@contextRef}</msg:message>
    <gen:arc xlink:type="arc" xlink:arcrole="http://xbrl.org/arcrole/2010/assertion-unsatisfied-message" xlink:from="lbl25610" xlink:to="lbl25616"/>
    <msg:message xlink:type="resource" id="id12805" xml:lang="es" xlink:role="http://www.xbrl.org/2010/role/message" xlink:label="lbl25623">Rol[832610a] Regla832621: Error en suma dimensiones Total montos nominales; contexto  {$cl-ci:MontosNominalesLeasing/@contextRef}</msg:message>
    <gen:arc xlink:type="arc" xlink:arcrole="http://xbrl.org/arcrole/2010/assertion-unsatisfied-message" xlink:from="lbl25617" xlink:to="lbl25623"/>
    <msg:message xlink:type="resource" id="id12808" xml:lang="es" xlink:role="http://www.xbrl.org/2010/role/message" xlink:label="lbl25630">Rol[832610a] Regla832622: Error en suma dimensiones Pasivos por arrendamiento corrientes; contexto  {$ifrs-full:CurrentLeaseLiabilities/@contextRef}</msg:message>
    <gen:arc xlink:type="arc" xlink:arcrole="http://xbrl.org/arcrole/2010/assertion-unsatisfied-message" xlink:from="lbl25624" xlink:to="lbl25630"/>
    <msg:message xlink:type="resource" id="id12811" xml:lang="es" xlink:role="http://www.xbrl.org/2010/role/message" xlink:label="lbl25637">Rol[832610a] Regla832623: Error en suma dimensiones Pasivos por arrendamientos no corrientes; contexto  {$ifrs-full:NoncurrentLeaseLiabilities/@contextRef}</msg:message>
    <gen:arc xlink:type="arc" xlink:arcrole="http://xbrl.org/arcrole/2010/assertion-unsatisfied-message" xlink:from="lbl25631" xlink:to="lbl25637"/>
    <msg:message xlink:type="resource" id="id12814" xml:lang="es" xlink:role="http://www.xbrl.org/2010/role/message" xlink:label="lbl25644">Rol[832610a] Regla832624: Error en suma dimensiones más de 1 año hasta 3 años; contexto  {$cl-ci:MasDe1AñoHasta3AñosLeasingContable/@contextRef}</msg:message>
    <gen:arc xlink:type="arc" xlink:arcrole="http://xbrl.org/arcrole/2010/assertion-unsatisfied-message" xlink:from="lbl25638" xlink:to="lbl25644"/>
    <msg:message xlink:type="resource" id="id12817" xml:lang="es" xlink:role="http://www.xbrl.org/2010/role/message" xlink:label="lbl25651">Rol[832610a] Regla832625: Error en suma dimensiones más de 3 años hasta 5 años; contexto  {$cl-ci:MasDe3AñosHasta5AñosLeasingContable/@contextRef}</msg:message>
    <gen:arc xlink:type="arc" xlink:arcrole="http://xbrl.org/arcrole/2010/assertion-unsatisfied-message" xlink:from="lbl25645" xlink:to="lbl25651"/>
    <msg:message xlink:type="resource" id="id12820" xml:lang="es" xlink:role="http://www.xbrl.org/2010/role/message" xlink:label="lbl25658">Rol[832610a] Regla832626: Error en suma dimensiones Total pasivos por arrendamiento; contexto  {$ifrs-full:LeaseLiabilities/@contextRef}</msg:message>
    <gen:arc xlink:type="arc" xlink:arcrole="http://xbrl.org/arcrole/2010/assertion-unsatisfied-message" xlink:from="lbl25652" xlink:to="lbl25658"/>
    <msg:message xlink:type="resource" id="id12823" xml:lang="es" xlink:role="http://www.xbrl.org/2010/role/message" xlink:label="lbl25667">Rol[832610b] Regla832627: Error en suma dimensiones Depreciación, activos por derecho de uso; contexto  {$ifrs-full:DepreciationRightofuseAssets/@contextRef}</msg:message>
    <gen:arc xlink:type="arc" xlink:arcrole="http://xbrl.org/arcrole/2010/assertion-unsatisfied-message" xlink:from="lbl25659" xlink:to="lbl25667"/>
    <msg:message xlink:type="resource" id="id12826" xml:lang="es" xlink:role="http://www.xbrl.org/2010/role/message" xlink:label="lbl25674">Rol[832610b] Regla832628: Error en suma dimensiones Total activos por derecho de uso; contexto  {$cl-ci:ActivosPorDerechoDeUsoTotal/@contextRef}</msg:message>
    <gen:arc xlink:type="arc" xlink:arcrole="http://xbrl.org/arcrole/2010/assertion-unsatisfied-message" xlink:from="lbl25668" xlink:to="lbl25674"/>
    <msg:message xlink:type="resource" id="id12829" xml:lang="es" xlink:role="http://www.xbrl.org/2010/role/message" xlink:label="lbl25681">Rol[832610b] Regla832629: Error en suma dimensiones Activos por derecho de uso, activos revaluados, al costo; contexto  {$ifrs-full:RightofuseAssetsRevaluedAssetsAtCost/@contextRef}</msg:message>
    <gen:arc xlink:type="arc" xlink:arcrole="http://xbrl.org/arcrole/2010/assertion-unsatisfied-message" xlink:from="lbl25675" xlink:to="lbl25681"/>
    <msg:message xlink:type="resource" id="id12832" xml:lang="es" xlink:role="http://www.xbrl.org/2010/role/message" xlink:label="lbl25688">Rol[832610b] Regla832630: Error en suma dimensiones Activos por derecho de uso, superávit de revaluación; contexto  {$ifrs-full:RightofuseAssetsRevaluationSurplus/@contextRef}</msg:message>
    <gen:arc xlink:type="arc" xlink:arcrole="http://xbrl.org/arcrole/2010/assertion-unsatisfied-message" xlink:from="lbl25682" xlink:to="lbl25688"/>
    <msg:message xlink:type="resource" id="id12835" xml:lang="es" xlink:role="http://www.xbrl.org/2010/role/message" xlink:label="lbl25695">Rol[832610b] Regla832631: Error en suma dimensiones Activos por derecho de uso, incremento (disminución) en el superávit de revaluación; contexto  {$ifrs-full:RightofuseAssetsIncreaseDecreaseInRevaluationSurplus/@contextRef}</msg:message>
    <gen:arc xlink:type="arc" xlink:arcrole="http://xbrl.org/arcrole/2010/assertion-unsatisfied-message" xlink:from="lbl25689" xlink:to="lbl25695"/>
    <msg:message xlink:type="resource" id="id12838" xml:lang="es" xlink:role="http://www.xbrl.org/2010/role/message" xlink:label="lbl25703">Rol[832610b] Regla832632: Error en suma dimensiones Depreciación, activos por derecho de uso; contexto  {$ifrs-full:DepreciationRightofuseAssets/@contextRef}</msg:message>
    <gen:arc xlink:type="arc" xlink:arcrole="http://xbrl.org/arcrole/2010/assertion-unsatisfied-message" xlink:from="lbl25696" xlink:to="lbl25703"/>
    <msg:message xlink:type="resource" id="id12841" xml:lang="es" xlink:role="http://www.xbrl.org/2010/role/message" xlink:label="lbl25709">Rol[832610b] Regla832633: Error en suma dimensiones Total activos por derecho de uso; contexto  {$cl-ci:ActivosPorDerechoDeUsoTotal/@contextRef}</msg:message>
    <gen:arc xlink:type="arc" xlink:arcrole="http://xbrl.org/arcrole/2010/assertion-unsatisfied-message" xlink:from="lbl25704" xlink:to="lbl25709"/>
    <msg:message xlink:type="resource" id="id12844" xml:lang="es" xlink:role="http://www.xbrl.org/2010/role/message" xlink:label="lbl25715">Rol[832610b] Regla832634: Error en suma dimensiones Activos por derecho de uso, activos revaluados, al costo; contexto  {$ifrs-full:RightofuseAssetsRevaluedAssetsAtCost/@contextRef}</msg:message>
    <gen:arc xlink:type="arc" xlink:arcrole="http://xbrl.org/arcrole/2010/assertion-unsatisfied-message" xlink:from="lbl25710" xlink:to="lbl25715"/>
    <msg:message xlink:type="resource" id="id12847" xml:lang="es" xlink:role="http://www.xbrl.org/2010/role/message" xlink:label="lbl25721">Rol[832610b] Regla832635: Error en suma dimensiones Activos por derecho de uso, superávit de revaluación; contexto  {$ifrs-full:RightofuseAssetsRevaluationSurplus/@contextRef}</msg:message>
    <gen:arc xlink:type="arc" xlink:arcrole="http://xbrl.org/arcrole/2010/assertion-unsatisfied-message" xlink:from="lbl25716" xlink:to="lbl25721"/>
    <msg:message xlink:type="resource" id="id12850" xml:lang="es" xlink:role="http://www.xbrl.org/2010/role/message" xlink:label="lbl25727">Rol[832610b] Regla832636: Error en suma dimensiones Activos por derecho de uso, incremento (disminución) en el superávit de revaluación; contexto  {$ifrs-full:RightofuseAssetsIncreaseDecreaseInRevaluationSurplus/@contextRef}</msg:message>
    <gen:arc xlink:type="arc" xlink:arcrole="http://xbrl.org/arcrole/2010/assertion-unsatisfied-message" xlink:from="lbl25722" xlink:to="lbl25727"/>
    <msg:message xlink:type="resource" id="id12853" xml:lang="es" xlink:role="http://www.xbrl.org/2010/role/message" xlink:label="lbl25736">Rol[832610c] Regla832637: Error en suma dimensiones Pagos por arrendamiento financiero sin descontar a recibir; contexto  {$ifrs-full:UndiscountedFinanceLeasePaymentsToBeReceived/@contextRef}</msg:message>
    <gen:arc xlink:type="arc" xlink:arcrole="http://xbrl.org/arcrole/2010/assertion-unsatisfied-message" xlink:from="lbl25728" xlink:to="lbl25736"/>
    <msg:message xlink:type="resource" id="id12856" xml:lang="es" xlink:role="http://www.xbrl.org/2010/role/message" xlink:label="lbl25744">Rol[832610d] Regla832638: Error en suma dimensiones Pagos por arrendamiento operativo sin descontar a recibir; contexto  {$ifrs-full:UndiscountedOperatingLeasePaymentsToBeReceived/@contextRef}</msg:message>
    <gen:arc xlink:type="arc" xlink:arcrole="http://xbrl.org/arcrole/2010/assertion-unsatisfied-message" xlink:from="lbl25737" xlink:to="lbl25744"/>
  </gen:link>
</link:linkbase>