﻿<?xml version="1.0" encoding="utf-8"?>
<?taxonomy-version 1.0.0.0 ?>  <?taxonomy-set-overall-version 3.3.0.0 ?>
<!--(C) EBA-->
<link:linkbase xmlns:xsi="http://www.w3.org/2001/XMLSchema-instance" xmlns:xbrli="http://www.xbrl.org/2003/instance" xmlns:num="http://www.xbrl.org/dtr/type/numeric" xmlns:xlink="http://www.w3.org/1999/xlink" xmlns:link="http://www.xbrl.org/2003/linkbase" xmlns:gen="http://xbrl.org/2008/generic" xmlns:label="http://xbrl.org/2008/label" xmlns:model="http://www.eurofiling.info/xbrl/ext/model" xsi:schemaLocation="http://www.xbrl.org/2003/linkbase http://www.xbrl.org/2003/xbrl-linkbase-2003-12-31.xsd http://xbrl.org/2008/generic http://www.xbrl.org/2008/generic-link.xsd http://xbrl.org/2008/label http://www.xbrl.org/2008/generic-label.xsd http://www.eurofiling.info/xbrl/ext/model http://www.eurofiling.info/eu/fr/xbrl/ext/model.xsd">
  <link:arcroleRef arcroleURI="http://www.eurofiling.info/xbrl/arcrole/model-properties" xlink:type="simple" xlink:href="http://www.eurofiling.info/eu/fr/xbrl/ext/model.xsd#model-properties" />
  <gen:link xlink:type="extended" xlink:role="http://www.xbrl.org/2003/role/link">
    <link:loc xlink:type="locator" xlink:href="tax.xsd#eba_ESG_3.3" xlink:label="loc_eba_ESG_3.3" />
    <model:properties xlink:type="resource" xlink:label="eba_ESG_3.3" model:type="xbrli:monetaryItemType" model:minDecimals="-3" />
    <gen:arc xlink:type="arc" xlink:arcrole="http://www.eurofiling.info/xbrl/arcrole/model-properties" xlink:from="loc_eba_ESG_3.3" xlink:to="eba_ESG_3.3" />
    <model:properties xlink:type="resource" xlink:label="eba_ESG_3.3_1" model:type="num:percentItemType" model:minDecimals="4" />
    <gen:arc xlink:type="arc" xlink:arcrole="http://www.eurofiling.info/xbrl/arcrole/model-properties" xlink:from="loc_eba_ESG_3.3" xlink:to="eba_ESG_3.3_1" />
    <model:properties xlink:type="resource" xlink:label="eba_ESG_3.3_2" model:type="xbrli:integerItemType" model:minDecimals="0" />
    <gen:arc xlink:type="arc" xlink:arcrole="http://www.eurofiling.info/xbrl/arcrole/model-properties" xlink:from="loc_eba_ESG_3.3" xlink:to="eba_ESG_3.3_2" />
  </gen:link>
</link:linkbase>