<?xml version="1.0" encoding="UTF-8"?>
<!--
*******************************************************************************************
Copyright © 2022 Comisión para el Mercado Financiero de Chile (CMF) 
This material is copyright of the CMF Chile and all rights are reserved. 
No part of this material may be translated, reprinted, reproduced or utilised in 
any form or manner that is not expressly permitted by the CMF Chile 
IP Policy see: http://www.cmfchile.cl/sitio/pop/politica.html
*******************************************************************************************
-->
<!-- Generated with Reporting Standard S.L. XBRL Taxonomy builder version 3.7.1.1364 - http://www.reportingstandard.com -->
<link:linkbase xmlns:link="http://www.xbrl.org/2003/linkbase"
               xmlns:xs="http://www.w3.org/2001/XMLSchema"
               xmlns:xbrli="http://www.xbrl.org/2003/instance"
               xmlns:xfi="http://www.xbrl.org/2008/function/instance"
               xmlns:gen="http://xbrl.org/2008/generic"
               xmlns:xlink="http://www.w3.org/1999/xlink"
               xmlns:xsi="http://www.w3.org/2001/XMLSchema-instance"
               xmlns:ea="http://xbrl.org/2008/assertion/existence"
               xmlns:variable="http://xbrl.org/2008/variable"
               xmlns:cf="http://xbrl.org/2008/filter/concept"
               xmlns:ifrs-mc="http://xbrl.ifrs.org/taxonomy/2021-03-24/ifrs-mc"
               xmlns:label="http://xbrl.org/2008/label"
               xmlns:msg="http://xbrl.org/2010/message"
               xmlns:cl-ci="http://www.cmfchile.cl/cl/fr/ci/2022-01-03"
               xsi:schemaLocation="http://xbrl.org/2008/assertion/existence http://www.xbrl.org/2008/existence-assertion.xsd http://xbrl.org/2008/variable http://www.xbrl.org/2008/variable.xsd http://xbrl.org/2008/filter/concept http://www.xbrl.org/2008/concept-filter.xsd http://xbrl.org/2008/label http://www.xbrl.org/2008/generic-label.xsd http://xbrl.org/2010/message http://www.xbrl.org/2010/generic-message.xsd http://xbrl.org/2008/generic http://www.xbrl.org/2008/generic-link.xsd http://xbrl.ifrs.org/taxonomy/2021-03-24/ifrs-mc http://xbrl.ifrs.org/taxonomy/2021-03-24/mc/mc-cor_2021-03-24.xsd http://www.cmfchile.cl/cl/fr/ci/2022-01-03 ../../cl-ci_cor_2022-01-03.xsd">
  <link:roleRef xlink:type="simple" roleURI="http://www.cmfchile.cl/cl/fr/ci/role/mc_2021-03-24_role-105000" xlink:href="../cl-ci_mc_2021-03-24_role-105000.xsd#mc_2021-03-24_role-105000"/>
  <link:roleRef xlink:type="simple" roleURI="http://www.xbrl.org/2010/role/message" xlink:href="http://www.xbrl.org/2010/generic-message.xsd#standard-message"/>
  <link:arcroleRef xlink:type="simple" arcroleURI="http://xbrl.org/arcrole/2008/variable-set" xlink:href="http://www.xbrl.org/2008/variable.xsd#variable-set"/>
  <link:arcroleRef xlink:type="simple" arcroleURI="http://xbrl.org/arcrole/2008/variable-filter" xlink:href="http://www.xbrl.org/2008/variable.xsd#variable-filter"/>
  <link:arcroleRef xlink:type="simple" arcroleURI="http://xbrl.org/arcrole/2008/element-label" xlink:href="http://www.xbrl.org/2008/generic-label.xsd#element-label"/>
  <link:arcroleRef xlink:type="simple" arcroleURI="http://xbrl.org/arcrole/2010/assertion-satisfied-message" xlink:href="http://www.xbrl.org/2010/validation-message.xsd#assertion-satisfied-message"/>
  <link:arcroleRef xlink:type="simple" arcroleURI="http://xbrl.org/arcrole/2010/assertion-unsatisfied-message" xlink:href="http://www.xbrl.org/2010/validation-message.xsd#assertion-unsatisfied-message"/>
  <gen:link xlink:type="extended" xlink:role="http://www.cmfchile.cl/cl/fr/ci/role/mc_2021-03-24_role-105000">
    <ea:existenceAssertion xlink:type="resource" id="regla105001" aspectModel="dimensional" implicitFiltering="true" test=". ge 1" xlink:label="lbl13042"/>
    <variable:factVariable xlink:type="resource" bindAsSequence="false" xlink:label="lbl13043" id="id7113"/>
    <variable:variableArc xlink:type="arc" xlink:arcrole="http://xbrl.org/arcrole/2008/variable-set" name="acum_regla105001" xlink:from="lbl13042" xlink:to="lbl13043"/>
    <ea:existenceAssertion xlink:type="resource" id="regla105002" aspectModel="dimensional" implicitFiltering="true" test=". ge 1" xlink:label="lbl13048"/>
    <variable:factVariable xlink:type="resource" bindAsSequence="false" xlink:label="lbl13049" id="id7114"/>
    <variable:variableArc xlink:type="arc" xlink:arcrole="http://xbrl.org/arcrole/2008/variable-set" name="acum_regla105002" xlink:from="lbl13048" xlink:to="lbl13049"/>
    <ea:existenceAssertion xlink:type="resource" id="regla105003" aspectModel="dimensional" implicitFiltering="true" test=". ge 1" xlink:label="lbl13054"/>
    <variable:factVariable xlink:type="resource" bindAsSequence="false" xlink:label="lbl13055" id="id7115"/>
    <variable:variableArc xlink:type="arc" xlink:arcrole="http://xbrl.org/arcrole/2008/variable-set" name="acum_regla105003" xlink:from="lbl13054" xlink:to="lbl13055"/>
    <ea:existenceAssertion xlink:type="resource" id="regla105004" aspectModel="dimensional" implicitFiltering="true" test=". ge 1" xlink:label="lbl13060"/>
    <variable:factVariable xlink:type="resource" bindAsSequence="false" xlink:label="lbl13061" id="id7116"/>
    <variable:variableArc xlink:type="arc" xlink:arcrole="http://xbrl.org/arcrole/2008/variable-set" name="acum_regla105004" xlink:from="lbl13060" xlink:to="lbl13061"/>
    <ea:existenceAssertion xlink:type="resource" id="regla105005" aspectModel="dimensional" implicitFiltering="true" test=". ge 1" xlink:label="lbl13066"/>
    <variable:factVariable xlink:type="resource" bindAsSequence="false" xlink:label="lbl13067" id="id7117"/>
    <variable:variableArc xlink:type="arc" xlink:arcrole="http://xbrl.org/arcrole/2008/variable-set" name="acum_regla105005" xlink:from="lbl13066" xlink:to="lbl13067"/>
    <ea:existenceAssertion xlink:type="resource" id="regla105006" aspectModel="dimensional" implicitFiltering="true" test=". ge 1" xlink:label="lbl13072"/>
    <variable:factVariable xlink:type="resource" bindAsSequence="false" xlink:label="lbl13073" id="id7118"/>
    <variable:variableArc xlink:type="arc" xlink:arcrole="http://xbrl.org/arcrole/2008/variable-set" name="acum_regla105006" xlink:from="lbl13072" xlink:to="lbl13073"/>
    <ea:existenceAssertion xlink:type="resource" id="regla105007" aspectModel="dimensional" implicitFiltering="true" test=". ge 1" xlink:label="lbl13078"/>
    <variable:factVariable xlink:type="resource" bindAsSequence="false" xlink:label="lbl13079" id="id7119"/>
    <variable:variableArc xlink:type="arc" xlink:arcrole="http://xbrl.org/arcrole/2008/variable-set" name="acum_regla105007" xlink:from="lbl13078" xlink:to="lbl13079"/>
    <cf:conceptName xlink:type="resource" xlink:label="lbl13044" id="id7120">
      <cf:concept>
        <cf:qname>ifrs-mc:ManagementCommentaryExplanatory</cf:qname>
      </cf:concept>
    </cf:conceptName>
    <variable:variableFilterArc xlink:type="arc" xlink:arcrole="http://xbrl.org/arcrole/2008/variable-filter" complement="false" cover="true" xlink:from="lbl13043" xlink:to="lbl13044"/>
    <cf:conceptName xlink:type="resource" xlink:label="lbl13050" id="id7121">
      <cf:concept>
        <cf:qname>ifrs-mc:DisclosureOfNatureOfBusinessExplanatory</cf:qname>
      </cf:concept>
    </cf:conceptName>
    <variable:variableFilterArc xlink:type="arc" xlink:arcrole="http://xbrl.org/arcrole/2008/variable-filter" complement="false" cover="true" xlink:from="lbl13049" xlink:to="lbl13050"/>
    <cf:conceptName xlink:type="resource" xlink:label="lbl13056" id="id7122">
      <cf:concept>
        <cf:qname>ifrs-mc:DisclosureOfManagementsObjectivesAndItsStrategiesForMeetingThoseObjectivesExplanatory</cf:qname>
      </cf:concept>
    </cf:conceptName>
    <variable:variableFilterArc xlink:type="arc" xlink:arcrole="http://xbrl.org/arcrole/2008/variable-filter" complement="false" cover="true" xlink:from="lbl13055" xlink:to="lbl13056"/>
    <cf:conceptName xlink:type="resource" xlink:label="lbl13062" id="id7123">
      <cf:concept>
        <cf:qname>ifrs-mc:DisclosureOfEntitysMostSignificantResourcesRisksAndRelationshipsExplanatory</cf:qname>
      </cf:concept>
    </cf:conceptName>
    <variable:variableFilterArc xlink:type="arc" xlink:arcrole="http://xbrl.org/arcrole/2008/variable-filter" complement="false" cover="true" xlink:from="lbl13061" xlink:to="lbl13062"/>
    <cf:conceptName xlink:type="resource" xlink:label="lbl13068" id="id7124">
      <cf:concept>
        <cf:qname>ifrs-mc:DisclosureOfResultsOfOperationsAndProspectsExplanatory</cf:qname>
      </cf:concept>
    </cf:conceptName>
    <variable:variableFilterArc xlink:type="arc" xlink:arcrole="http://xbrl.org/arcrole/2008/variable-filter" complement="false" cover="true" xlink:from="lbl13067" xlink:to="lbl13068"/>
    <cf:conceptName xlink:type="resource" xlink:label="lbl13074" id="id7125">
      <cf:concept>
        <cf:qname>ifrs-mc:DisclosureOfCriticalPerformanceMeasuresAndIndicatorsThatManagementUsesToEvaluateEntitysPerformanceAgainstStatedObjectivesExplanatory</cf:qname>
      </cf:concept>
    </cf:conceptName>
    <variable:variableFilterArc xlink:type="arc" xlink:arcrole="http://xbrl.org/arcrole/2008/variable-filter" complement="false" cover="true" xlink:from="lbl13073" xlink:to="lbl13074"/>
    <cf:conceptName xlink:type="resource" xlink:label="lbl13080" id="id7126">
      <cf:concept>
        <cf:qname>cl-ci:FechaAdopcionNormasNIIF</cf:qname>
      </cf:concept>
    </cf:conceptName>
    <variable:variableFilterArc xlink:type="arc" xlink:arcrole="http://xbrl.org/arcrole/2008/variable-filter" complement="false" cover="true" xlink:from="lbl13079" xlink:to="lbl13080"/>
    <label:label xlink:type="resource" xml:lang="es" id="id7092" xlink:label="lbl13045">105001</label:label>
    <gen:arc xlink:type="arc" xlink:arcrole="http://xbrl.org/arcrole/2008/element-label" xlink:from="lbl13042" xlink:to="lbl13045"/>
    <label:label xlink:type="resource" xml:lang="es" id="id7095" xlink:label="lbl13051">105002</label:label>
    <gen:arc xlink:type="arc" xlink:arcrole="http://xbrl.org/arcrole/2008/element-label" xlink:from="lbl13048" xlink:to="lbl13051"/>
    <label:label xlink:type="resource" xml:lang="es" id="id7098" xlink:label="lbl13057">105003</label:label>
    <gen:arc xlink:type="arc" xlink:arcrole="http://xbrl.org/arcrole/2008/element-label" xlink:from="lbl13054" xlink:to="lbl13057"/>
    <label:label xlink:type="resource" xml:lang="es" id="id7101" xlink:label="lbl13063">105004</label:label>
    <gen:arc xlink:type="arc" xlink:arcrole="http://xbrl.org/arcrole/2008/element-label" xlink:from="lbl13060" xlink:to="lbl13063"/>
    <label:label xlink:type="resource" xml:lang="es" id="id7104" xlink:label="lbl13069">105005</label:label>
    <gen:arc xlink:type="arc" xlink:arcrole="http://xbrl.org/arcrole/2008/element-label" xlink:from="lbl13066" xlink:to="lbl13069"/>
    <label:label xlink:type="resource" xml:lang="es" id="id7107" xlink:label="lbl13075">105006</label:label>
    <gen:arc xlink:type="arc" xlink:arcrole="http://xbrl.org/arcrole/2008/element-label" xlink:from="lbl13072" xlink:to="lbl13075"/>
    <label:label xlink:type="resource" xml:lang="es" id="id7110" xlink:label="lbl13081">105007</label:label>
    <gen:arc xlink:type="arc" xlink:arcrole="http://xbrl.org/arcrole/2008/element-label" xlink:from="lbl13078" xlink:to="lbl13081"/>
    <msg:message xlink:type="resource" id="id7093" xml:lang="es" xlink:role="http://www.xbrl.org/2010/role/message" xlink:label="lbl13046">Rol[105000] Regla105001:  Comentarios de la gerencia [bloque de texto], está informado</msg:message>
    <gen:arc xlink:type="arc" xlink:arcrole="http://xbrl.org/arcrole/2010/assertion-satisfied-message" xlink:from="lbl13042" xlink:to="lbl13046"/>
    <msg:message xlink:type="resource" id="id7096" xml:lang="es" xlink:role="http://www.xbrl.org/2010/role/message" xlink:label="lbl13052">Rol[105000] Regla105002:  Información a revelar sobre la naturaleza del negocio [bloque de texto], está informado</msg:message>
    <gen:arc xlink:type="arc" xlink:arcrole="http://xbrl.org/arcrole/2010/assertion-satisfied-message" xlink:from="lbl13048" xlink:to="lbl13052"/>
    <msg:message xlink:type="resource" id="id7099" xml:lang="es" xlink:role="http://www.xbrl.org/2010/role/message" xlink:label="lbl13058">Rol[105000] Regla105003:  Información a revelar sobre los objetivos de la gerencia y sus estrategias para alcanzar esos objetivos [bloque de texto], está informado</msg:message>
    <gen:arc xlink:type="arc" xlink:arcrole="http://xbrl.org/arcrole/2010/assertion-satisfied-message" xlink:from="lbl13054" xlink:to="lbl13058"/>
    <msg:message xlink:type="resource" id="id7102" xml:lang="es" xlink:role="http://www.xbrl.org/2010/role/message" xlink:label="lbl13064">Rol[105000] Regla105004:  Información a revelar sobre los recursos, riesgos y relaciones más significativos de la entidad [bloque de texto], está informado</msg:message>
    <gen:arc xlink:type="arc" xlink:arcrole="http://xbrl.org/arcrole/2010/assertion-satisfied-message" xlink:from="lbl13060" xlink:to="lbl13064"/>
    <msg:message xlink:type="resource" id="id7105" xml:lang="es" xlink:role="http://www.xbrl.org/2010/role/message" xlink:label="lbl13070">Rol[105000] Regla105005:  Información a revelar sobre los resultados de las operaciones y perspectivas [bloque de texto], está informado</msg:message>
    <gen:arc xlink:type="arc" xlink:arcrole="http://xbrl.org/arcrole/2010/assertion-satisfied-message" xlink:from="lbl13066" xlink:to="lbl13070"/>
    <msg:message xlink:type="resource" id="id7108" xml:lang="es" xlink:role="http://www.xbrl.org/2010/role/message" xlink:label="lbl13076">Rol[105000] Regla105006:  Información a revelar sobre las medidas de rendimiento fundamentales e indicadores que la gerencia utiliza para evaluar el rendimiento de la entidad con respecto a los objetivos establecidos [bloque de texto], está informado</msg:message>
    <gen:arc xlink:type="arc" xlink:arcrole="http://xbrl.org/arcrole/2010/assertion-satisfied-message" xlink:from="lbl13072" xlink:to="lbl13076"/>
    <msg:message xlink:type="resource" id="id7111" xml:lang="es" xlink:role="http://www.xbrl.org/2010/role/message" xlink:label="lbl13082">Rol[105000] Regla105007:  Fecha de adopción de normas NIIF, está informado</msg:message>
    <gen:arc xlink:type="arc" xlink:arcrole="http://xbrl.org/arcrole/2010/assertion-satisfied-message" xlink:from="lbl13078" xlink:to="lbl13082"/>
    <msg:message xlink:type="resource" id="id7094" xml:lang="es" xlink:role="http://www.xbrl.org/2010/role/message" xlink:label="lbl13047">Rol[105000] Regla105001: Error Comentarios de la gerencia [bloque de texto], no está informado</msg:message>
    <gen:arc xlink:type="arc" xlink:arcrole="http://xbrl.org/arcrole/2010/assertion-unsatisfied-message" xlink:from="lbl13042" xlink:to="lbl13047"/>
    <msg:message xlink:type="resource" id="id7097" xml:lang="es" xlink:role="http://www.xbrl.org/2010/role/message" xlink:label="lbl13053">Rol[105000] Regla105002: Error Información a revelar sobre la naturaleza del negocio [bloque de texto], no está informado</msg:message>
    <gen:arc xlink:type="arc" xlink:arcrole="http://xbrl.org/arcrole/2010/assertion-unsatisfied-message" xlink:from="lbl13048" xlink:to="lbl13053"/>
    <msg:message xlink:type="resource" id="id7100" xml:lang="es" xlink:role="http://www.xbrl.org/2010/role/message" xlink:label="lbl13059">Rol[105000] Regla105003: Error Información a revelar sobre los objetivos de la gerencia y sus estrategias para alcanzar esos objetivos [bloque de texto], no está informado</msg:message>
    <gen:arc xlink:type="arc" xlink:arcrole="http://xbrl.org/arcrole/2010/assertion-unsatisfied-message" xlink:from="lbl13054" xlink:to="lbl13059"/>
    <msg:message xlink:type="resource" id="id7103" xml:lang="es" xlink:role="http://www.xbrl.org/2010/role/message" xlink:label="lbl13065">Rol[105000] Regla105004: Error Información a revelar sobre los recursos, riesgos y relaciones más significativos de la entidad [bloque de texto], no está informado</msg:message>
    <gen:arc xlink:type="arc" xlink:arcrole="http://xbrl.org/arcrole/2010/assertion-unsatisfied-message" xlink:from="lbl13060" xlink:to="lbl13065"/>
    <msg:message xlink:type="resource" id="id7106" xml:lang="es" xlink:role="http://www.xbrl.org/2010/role/message" xlink:label="lbl13071">Rol[105000] Regla105005: Error Información a revelar sobre los resultados de las operaciones y perspectivas [bloque de texto], no está informado</msg:message>
    <gen:arc xlink:type="arc" xlink:arcrole="http://xbrl.org/arcrole/2010/assertion-unsatisfied-message" xlink:from="lbl13066" xlink:to="lbl13071"/>
    <msg:message xlink:type="resource" id="id7109" xml:lang="es" xlink:role="http://www.xbrl.org/2010/role/message" xlink:label="lbl13077">Rol[105000] Regla105006: Error Información a revelar sobre las medidas de rendimiento fundamentales e indicadores que la gerencia utiliza para evaluar el rendimiento de la entidad con respecto a los objetivos establecidos [bloque de texto], no está informado</msg:message>
    <gen:arc xlink:type="arc" xlink:arcrole="http://xbrl.org/arcrole/2010/assertion-unsatisfied-message" xlink:from="lbl13072" xlink:to="lbl13077"/>
    <msg:message xlink:type="resource" id="id7112" xml:lang="es" xlink:role="http://www.xbrl.org/2010/role/message" xlink:label="lbl13083">Rol[105000] Regla105007: Error Fecha de adopción de normas NIIF, no está informado</msg:message>
    <gen:arc xlink:type="arc" xlink:arcrole="http://xbrl.org/arcrole/2010/assertion-unsatisfied-message" xlink:from="lbl13078" xlink:to="lbl13083"/>
  </gen:link>
</link:linkbase>