﻿<?xml version="1.0" encoding="utf-8"?>
<?taxonomy-version 1.0.0.0 ?>  <?taxonomy-set-overall-version 3.3.0.0 ?>
<!--(C) EBA-->
<link:linkbase xmlns:xsi="http://www.w3.org/2001/XMLSchema-instance" xmlns:xlink="http://www.w3.org/1999/xlink" xmlns:link="http://www.xbrl.org/2003/linkbase" xmlns:gen="http://xbrl.org/2008/generic" xmlns:label="http://xbrl.org/2008/label" xsi:schemaLocation="http://www.xbrl.org/2003/linkbase http://www.xbrl.org/2003/xbrl-linkbase-2003-12-31.xsd http://xbrl.org/2008/generic http://www.xbrl.org/2008/generic-link.xsd http://xbrl.org/2008/label http://www.xbrl.org/2008/generic-label.xsd">
  <link:arcroleRef arcroleURI="http://xbrl.org/arcrole/2008/element-label" xlink:type="simple" xlink:href="http://www.xbrl.org/2008/generic-label.xsd#element-label" />
  <link:roleRef roleURI="http://www.eba.europa.eu/xbrl/role/dpm-db-id" xlink:type="simple" xlink:href="http://www.eba.europa.eu/eu/fr/xbrl/ext/model.xsd#dpm-db-id" />
  <link:roleRef roleURI="http://www.eurofiling.info/xbrl/role/filing-indicator-code" xlink:type="simple" xlink:href="http://www.eurofiling.info/eu/fr/xbrl/ext/model.xsd#filing-indicator-code" />
  <link:roleRef roleURI="http://www.eurofiling.info/xbrl/role/rc-code" xlink:type="simple" xlink:href="http://www.eurofiling.info/eu/fr/xbrl/ext/model.xsd#rc-code" />
  <gen:link xlink:type="extended" xlink:role="http://www.xbrl.org/2003/role/link">
    <link:loc xlink:type="locator" xlink:href="d_08.00.d-rend.xml#eba_tD_08.00.d" xlink:label="loc_eba_tD_08.00.d" />
    <label:label xlink:type="resource" xlink:label="label_eba_tD_08.00.d" xml:lang="en" xlink:role="http://www.eurofiling.info/xbrl/role/rc-code">D 08.00.d</label:label>
    <gen:arc xlink:type="arc" xlink:arcrole="http://xbrl.org/arcrole/2008/element-label" xlink:from="loc_eba_tD_08.00.d" xlink:to="label_eba_tD_08.00.d" />
    <link:loc xlink:type="locator" xlink:href="d_08.00.d-rend.xml#eba_c86878" xlink:label="loc_eba_c86878" />
    <label:label xlink:type="resource" xlink:label="label_eba_c86878" xml:lang="en" xlink:role="http://www.eurofiling.info/xbrl/role/rc-code">0164</label:label>
    <gen:arc xlink:type="arc" xlink:arcrole="http://xbrl.org/arcrole/2008/element-label" xlink:from="loc_eba_c86878" xlink:to="label_eba_c86878" />
    <link:loc xlink:type="locator" xlink:href="d_08.00.d-rend.xml#eba_c86879" xlink:label="loc_eba_c86879" />
    <label:label xlink:type="resource" xlink:label="label_eba_c86879" xml:lang="en" xlink:role="http://www.eurofiling.info/xbrl/role/rc-code">0165</label:label>
    <gen:arc xlink:type="arc" xlink:arcrole="http://xbrl.org/arcrole/2008/element-label" xlink:from="loc_eba_c86879" xlink:to="label_eba_c86879" />
    <link:loc xlink:type="locator" xlink:href="d_08.00.d-rend.xml#eba_c86880" xlink:label="loc_eba_c86880" />
    <label:label xlink:type="resource" xlink:label="label_eba_c86880" xml:lang="en" xlink:role="http://www.eurofiling.info/xbrl/role/rc-code">0170</label:label>
    <gen:arc xlink:type="arc" xlink:arcrole="http://xbrl.org/arcrole/2008/element-label" xlink:from="loc_eba_c86880" xlink:to="label_eba_c86880" />
    <link:loc xlink:type="locator" xlink:href="d_08.00.d-rend.xml#eba_c86881" xlink:label="loc_eba_c86881" />
    <label:label xlink:type="resource" xlink:label="label_eba_c86881" xml:lang="en" xlink:role="http://www.eurofiling.info/xbrl/role/rc-code">0180</label:label>
    <gen:arc xlink:type="arc" xlink:arcrole="http://xbrl.org/arcrole/2008/element-label" xlink:from="loc_eba_c86881" xlink:to="label_eba_c86881" />
    <link:loc xlink:type="locator" xlink:href="d_08.00.d-rend.xml#eba_c86882" xlink:label="loc_eba_c86882" />
    <label:label xlink:type="resource" xlink:label="label_eba_c86882" xml:lang="en" xlink:role="http://www.eurofiling.info/xbrl/role/rc-code">0190</label:label>
    <gen:arc xlink:type="arc" xlink:arcrole="http://xbrl.org/arcrole/2008/element-label" xlink:from="loc_eba_c86882" xlink:to="label_eba_c86882" />
    <link:loc xlink:type="locator" xlink:href="d_08.00.d-rend.xml#eba_c86883" xlink:label="loc_eba_c86883" />
    <label:label xlink:type="resource" xlink:label="label_eba_c86883" xml:lang="en" xlink:role="http://www.eurofiling.info/xbrl/role/rc-code">0200</label:label>
    <gen:arc xlink:type="arc" xlink:arcrole="http://xbrl.org/arcrole/2008/element-label" xlink:from="loc_eba_c86883" xlink:to="label_eba_c86883" />
    <link:loc xlink:type="locator" xlink:href="d_08.00.d-rend.xml#eba_c86884" xlink:label="loc_eba_c86884" />
    <label:label xlink:type="resource" xlink:label="label_eba_c86884" xml:lang="en" xlink:role="http://www.eurofiling.info/xbrl/role/rc-code">0210</label:label>
    <gen:arc xlink:type="arc" xlink:arcrole="http://xbrl.org/arcrole/2008/element-label" xlink:from="loc_eba_c86884" xlink:to="label_eba_c86884" />
    <link:loc xlink:type="locator" xlink:href="d_08.00.d-rend.xml#eba_c86885" xlink:label="loc_eba_c86885" />
    <label:label xlink:type="resource" xlink:label="label_eba_c86885" xml:lang="en" xlink:role="http://www.eurofiling.info/xbrl/role/rc-code">0215</label:label>
    <gen:arc xlink:type="arc" xlink:arcrole="http://xbrl.org/arcrole/2008/element-label" xlink:from="loc_eba_c86885" xlink:to="label_eba_c86885" />
    <link:loc xlink:type="locator" xlink:href="d_08.00.d-rend.xml#eba_c86886" xlink:label="loc_eba_c86886" />
    <label:label xlink:type="resource" xlink:label="label_eba_c86886" xml:lang="en" xlink:role="http://www.eurofiling.info/xbrl/role/rc-code">0220</label:label>
    <gen:arc xlink:type="arc" xlink:arcrole="http://xbrl.org/arcrole/2008/element-label" xlink:from="loc_eba_c86886" xlink:to="label_eba_c86886" />
    <link:loc xlink:type="locator" xlink:href="d_08.00.d-rend.xml#eba_c86887" xlink:label="loc_eba_c86887" />
    <label:label xlink:type="resource" xlink:label="label_eba_c86887" xml:lang="en" xlink:role="http://www.eurofiling.info/xbrl/role/rc-code">0230</label:label>
    <gen:arc xlink:type="arc" xlink:arcrole="http://xbrl.org/arcrole/2008/element-label" xlink:from="loc_eba_c86887" xlink:to="label_eba_c86887" />
    <link:loc xlink:type="locator" xlink:href="d_08.00.d-rend.xml#eba_c86888" xlink:label="loc_eba_c86888" />
    <label:label xlink:type="resource" xlink:label="label_eba_c86888" xml:lang="en" xlink:role="http://www.eurofiling.info/xbrl/role/rc-code">0240</label:label>
    <gen:arc xlink:type="arc" xlink:arcrole="http://xbrl.org/arcrole/2008/element-label" xlink:from="loc_eba_c86888" xlink:to="label_eba_c86888" />
    <link:loc xlink:type="locator" xlink:href="d_08.00.d-rend.xml#eba_c86889" xlink:label="loc_eba_c86889" />
    <label:label xlink:type="resource" xlink:label="label_eba_c86889" xml:lang="en" xlink:role="http://www.eurofiling.info/xbrl/role/rc-code">0250</label:label>
    <gen:arc xlink:type="arc" xlink:arcrole="http://xbrl.org/arcrole/2008/element-label" xlink:from="loc_eba_c86889" xlink:to="label_eba_c86889" />
    <link:loc xlink:type="locator" xlink:href="d_08.00.d-rend.xml#eba_c86890" xlink:label="loc_eba_c86890" />
    <label:label xlink:type="resource" xlink:label="label_eba_c86890" xml:lang="en" xlink:role="http://www.eurofiling.info/xbrl/role/rc-code">0260</label:label>
    <gen:arc xlink:type="arc" xlink:arcrole="http://xbrl.org/arcrole/2008/element-label" xlink:from="loc_eba_c86890" xlink:to="label_eba_c86890" />
    <link:loc xlink:type="locator" xlink:href="d_08.00.d-rend.xml#eba_c86891" xlink:label="loc_eba_c86891" />
    <label:label xlink:type="resource" xlink:label="label_eba_c86891" xml:lang="en" xlink:role="http://www.eurofiling.info/xbrl/role/rc-code">0265</label:label>
    <gen:arc xlink:type="arc" xlink:arcrole="http://xbrl.org/arcrole/2008/element-label" xlink:from="loc_eba_c86891" xlink:to="label_eba_c86891" />
    <link:loc xlink:type="locator" xlink:href="d_08.00.d-rend.xml#eba_c86892" xlink:label="loc_eba_c86892" />
    <label:label xlink:type="resource" xlink:label="label_eba_c86892" xml:lang="en" xlink:role="http://www.eurofiling.info/xbrl/role/rc-code">0270</label:label>
    <gen:arc xlink:type="arc" xlink:arcrole="http://xbrl.org/arcrole/2008/element-label" xlink:from="loc_eba_c86892" xlink:to="label_eba_c86892" />
    <link:loc xlink:type="locator" xlink:href="d_08.00.d-rend.xml#eba_c86893" xlink:label="loc_eba_c86893" />
    <label:label xlink:type="resource" xlink:label="label_eba_c86893" xml:lang="en" xlink:role="http://www.eurofiling.info/xbrl/role/rc-code">0280</label:label>
    <gen:arc xlink:type="arc" xlink:arcrole="http://xbrl.org/arcrole/2008/element-label" xlink:from="loc_eba_c86893" xlink:to="label_eba_c86893" />
    <link:loc xlink:type="locator" xlink:href="d_08.00.d-rend.xml#eba_c86894" xlink:label="loc_eba_c86894" />
    <label:label xlink:type="resource" xlink:label="label_eba_c86894" xml:lang="en" xlink:role="http://www.eurofiling.info/xbrl/role/rc-code">0290</label:label>
    <gen:arc xlink:type="arc" xlink:arcrole="http://xbrl.org/arcrole/2008/element-label" xlink:from="loc_eba_c86894" xlink:to="label_eba_c86894" />
    <link:loc xlink:type="locator" xlink:href="d_08.00.d-rend.xml#eba_c86895" xlink:label="loc_eba_c86895" />
    <label:label xlink:type="resource" xlink:label="label_eba_c86895" xml:lang="en" xlink:role="http://www.eurofiling.info/xbrl/role/rc-code">0300</label:label>
    <gen:arc xlink:type="arc" xlink:arcrole="http://xbrl.org/arcrole/2008/element-label" xlink:from="loc_eba_c86895" xlink:to="label_eba_c86895" />
    <link:loc xlink:type="locator" xlink:href="d_08.00.d-rend.xml#eba_c86896" xlink:label="loc_eba_c86896" />
    <label:label xlink:type="resource" xlink:label="label_eba_c86896" xml:lang="en" xlink:role="http://www.eurofiling.info/xbrl/role/rc-code">0310</label:label>
    <gen:arc xlink:type="arc" xlink:arcrole="http://xbrl.org/arcrole/2008/element-label" xlink:from="loc_eba_c86896" xlink:to="label_eba_c86896" />
    <link:loc xlink:type="locator" xlink:href="d_08.00.d-rend.xml#eba_c86897" xlink:label="loc_eba_c86897" />
    <label:label xlink:type="resource" xlink:label="label_eba_c86897" xml:lang="en" xlink:role="http://www.eurofiling.info/xbrl/role/rc-code">0010</label:label>
    <gen:arc xlink:type="arc" xlink:arcrole="http://xbrl.org/arcrole/2008/element-label" xlink:from="loc_eba_c86897" xlink:to="label_eba_c86897" />
    <link:loc xlink:type="locator" xlink:href="d_08.00.d-rend.xml#eba_c86898" xlink:label="loc_eba_c86898" />
    <label:label xlink:type="resource" xlink:label="label_eba_c86898" xml:lang="en" xlink:role="http://www.eurofiling.info/xbrl/role/rc-code">0020</label:label>
    <gen:arc xlink:type="arc" xlink:arcrole="http://xbrl.org/arcrole/2008/element-label" xlink:from="loc_eba_c86898" xlink:to="label_eba_c86898" />
    <link:loc xlink:type="locator" xlink:href="d_08.00.d-rend.xml#eba_c86899" xlink:label="loc_eba_c86899" />
    <label:label xlink:type="resource" xlink:label="label_eba_c86899" xml:lang="en" xlink:role="http://www.eurofiling.info/xbrl/role/rc-code">0140</label:label>
    <gen:arc xlink:type="arc" xlink:arcrole="http://xbrl.org/arcrole/2008/element-label" xlink:from="loc_eba_c86899" xlink:to="label_eba_c86899" />
    <link:loc xlink:type="locator" xlink:href="d_08.00.d-rend.xml#eba_c86900" xlink:label="loc_eba_c86900" />
    <label:label xlink:type="resource" xlink:label="label_eba_c86900" xml:lang="en" xlink:role="http://www.eurofiling.info/xbrl/role/rc-code">0160</label:label>
    <gen:arc xlink:type="arc" xlink:arcrole="http://xbrl.org/arcrole/2008/element-label" xlink:from="loc_eba_c86900" xlink:to="label_eba_c86900" />
    <label:label xlink:type="resource" xlink:label="label_eba_tD_08.00.d_1" xml:lang="en" xlink:role="http://www.eurofiling.info/xbrl/role/filing-indicator-code">D_08.00</label:label>
    <gen:arc xlink:type="arc" xlink:arcrole="http://xbrl.org/arcrole/2008/element-label" xlink:from="loc_eba_tD_08.00.d" xlink:to="label_eba_tD_08.00.d_1" />
    <label:label xlink:type="resource" xlink:label="label_eba_tD_08.00.d_2" xml:lang="en" xlink:role="http://www.eba.europa.eu/xbrl/role/dpm-db-id">813.2310</label:label>
    <gen:arc xlink:type="arc" xlink:arcrole="http://xbrl.org/arcrole/2008/element-label" xlink:from="loc_eba_tD_08.00.d" xlink:to="label_eba_tD_08.00.d_2" />
    <label:label xlink:type="resource" xlink:label="label_eba_c86878_1" xml:lang="en" xlink:role="http://www.eba.europa.eu/xbrl/role/dpm-db-id">86878</label:label>
    <gen:arc xlink:type="arc" xlink:arcrole="http://xbrl.org/arcrole/2008/element-label" xlink:from="loc_eba_c86878" xlink:to="label_eba_c86878_1" />
    <label:label xlink:type="resource" xlink:label="label_eba_c86879_1" xml:lang="en" xlink:role="http://www.eba.europa.eu/xbrl/role/dpm-db-id">86879</label:label>
    <gen:arc xlink:type="arc" xlink:arcrole="http://xbrl.org/arcrole/2008/element-label" xlink:from="loc_eba_c86879" xlink:to="label_eba_c86879_1" />
    <label:label xlink:type="resource" xlink:label="label_eba_c86880_1" xml:lang="en" xlink:role="http://www.eba.europa.eu/xbrl/role/dpm-db-id">86880</label:label>
    <gen:arc xlink:type="arc" xlink:arcrole="http://xbrl.org/arcrole/2008/element-label" xlink:from="loc_eba_c86880" xlink:to="label_eba_c86880_1" />
    <label:label xlink:type="resource" xlink:label="label_eba_c86881_1" xml:lang="en" xlink:role="http://www.eba.europa.eu/xbrl/role/dpm-db-id">86881</label:label>
    <gen:arc xlink:type="arc" xlink:arcrole="http://xbrl.org/arcrole/2008/element-label" xlink:from="loc_eba_c86881" xlink:to="label_eba_c86881_1" />
    <label:label xlink:type="resource" xlink:label="label_eba_c86882_1" xml:lang="en" xlink:role="http://www.eba.europa.eu/xbrl/role/dpm-db-id">86882</label:label>
    <gen:arc xlink:type="arc" xlink:arcrole="http://xbrl.org/arcrole/2008/element-label" xlink:from="loc_eba_c86882" xlink:to="label_eba_c86882_1" />
    <label:label xlink:type="resource" xlink:label="label_eba_c86883_1" xml:lang="en" xlink:role="http://www.eba.europa.eu/xbrl/role/dpm-db-id">86883</label:label>
    <gen:arc xlink:type="arc" xlink:arcrole="http://xbrl.org/arcrole/2008/element-label" xlink:from="loc_eba_c86883" xlink:to="label_eba_c86883_1" />
    <label:label xlink:type="resource" xlink:label="label_eba_c86884_1" xml:lang="en" xlink:role="http://www.eba.europa.eu/xbrl/role/dpm-db-id">86884</label:label>
    <gen:arc xlink:type="arc" xlink:arcrole="http://xbrl.org/arcrole/2008/element-label" xlink:from="loc_eba_c86884" xlink:to="label_eba_c86884_1" />
    <label:label xlink:type="resource" xlink:label="label_eba_c86885_1" xml:lang="en" xlink:role="http://www.eba.europa.eu/xbrl/role/dpm-db-id">86885</label:label>
    <gen:arc xlink:type="arc" xlink:arcrole="http://xbrl.org/arcrole/2008/element-label" xlink:from="loc_eba_c86885" xlink:to="label_eba_c86885_1" />
    <label:label xlink:type="resource" xlink:label="label_eba_c86886_1" xml:lang="en" xlink:role="http://www.eba.europa.eu/xbrl/role/dpm-db-id">86886</label:label>
    <gen:arc xlink:type="arc" xlink:arcrole="http://xbrl.org/arcrole/2008/element-label" xlink:from="loc_eba_c86886" xlink:to="label_eba_c86886_1" />
    <label:label xlink:type="resource" xlink:label="label_eba_c86887_1" xml:lang="en" xlink:role="http://www.eba.europa.eu/xbrl/role/dpm-db-id">86887</label:label>
    <gen:arc xlink:type="arc" xlink:arcrole="http://xbrl.org/arcrole/2008/element-label" xlink:from="loc_eba_c86887" xlink:to="label_eba_c86887_1" />
    <label:label xlink:type="resource" xlink:label="label_eba_c86888_1" xml:lang="en" xlink:role="http://www.eba.europa.eu/xbrl/role/dpm-db-id">86888</label:label>
    <gen:arc xlink:type="arc" xlink:arcrole="http://xbrl.org/arcrole/2008/element-label" xlink:from="loc_eba_c86888" xlink:to="label_eba_c86888_1" />
    <label:label xlink:type="resource" xlink:label="label_eba_c86889_1" xml:lang="en" xlink:role="http://www.eba.europa.eu/xbrl/role/dpm-db-id">86889</label:label>
    <gen:arc xlink:type="arc" xlink:arcrole="http://xbrl.org/arcrole/2008/element-label" xlink:from="loc_eba_c86889" xlink:to="label_eba_c86889_1" />
    <label:label xlink:type="resource" xlink:label="label_eba_c86890_1" xml:lang="en" xlink:role="http://www.eba.europa.eu/xbrl/role/dpm-db-id">86890</label:label>
    <gen:arc xlink:type="arc" xlink:arcrole="http://xbrl.org/arcrole/2008/element-label" xlink:from="loc_eba_c86890" xlink:to="label_eba_c86890_1" />
    <label:label xlink:type="resource" xlink:label="label_eba_c86891_1" xml:lang="en" xlink:role="http://www.eba.europa.eu/xbrl/role/dpm-db-id">86891</label:label>
    <gen:arc xlink:type="arc" xlink:arcrole="http://xbrl.org/arcrole/2008/element-label" xlink:from="loc_eba_c86891" xlink:to="label_eba_c86891_1" />
    <label:label xlink:type="resource" xlink:label="label_eba_c86892_1" xml:lang="en" xlink:role="http://www.eba.europa.eu/xbrl/role/dpm-db-id">86892</label:label>
    <gen:arc xlink:type="arc" xlink:arcrole="http://xbrl.org/arcrole/2008/element-label" xlink:from="loc_eba_c86892" xlink:to="label_eba_c86892_1" />
    <label:label xlink:type="resource" xlink:label="label_eba_c86893_1" xml:lang="en" xlink:role="http://www.eba.europa.eu/xbrl/role/dpm-db-id">86893</label:label>
    <gen:arc xlink:type="arc" xlink:arcrole="http://xbrl.org/arcrole/2008/element-label" xlink:from="loc_eba_c86893" xlink:to="label_eba_c86893_1" />
    <label:label xlink:type="resource" xlink:label="label_eba_c86894_1" xml:lang="en" xlink:role="http://www.eba.europa.eu/xbrl/role/dpm-db-id">86894</label:label>
    <gen:arc xlink:type="arc" xlink:arcrole="http://xbrl.org/arcrole/2008/element-label" xlink:from="loc_eba_c86894" xlink:to="label_eba_c86894_1" />
    <label:label xlink:type="resource" xlink:label="label_eba_c86895_1" xml:lang="en" xlink:role="http://www.eba.europa.eu/xbrl/role/dpm-db-id">86895</label:label>
    <gen:arc xlink:type="arc" xlink:arcrole="http://xbrl.org/arcrole/2008/element-label" xlink:from="loc_eba_c86895" xlink:to="label_eba_c86895_1" />
    <label:label xlink:type="resource" xlink:label="label_eba_c86896_1" xml:lang="en" xlink:role="http://www.eba.europa.eu/xbrl/role/dpm-db-id">86896</label:label>
    <gen:arc xlink:type="arc" xlink:arcrole="http://xbrl.org/arcrole/2008/element-label" xlink:from="loc_eba_c86896" xlink:to="label_eba_c86896_1" />
    <label:label xlink:type="resource" xlink:label="label_eba_c86897_1" xml:lang="en" xlink:role="http://www.eba.europa.eu/xbrl/role/dpm-db-id">86897</label:label>
    <gen:arc xlink:type="arc" xlink:arcrole="http://xbrl.org/arcrole/2008/element-label" xlink:from="loc_eba_c86897" xlink:to="label_eba_c86897_1" />
    <label:label xlink:type="resource" xlink:label="label_eba_c86898_1" xml:lang="en" xlink:role="http://www.eba.europa.eu/xbrl/role/dpm-db-id">86898</label:label>
    <gen:arc xlink:type="arc" xlink:arcrole="http://xbrl.org/arcrole/2008/element-label" xlink:from="loc_eba_c86898" xlink:to="label_eba_c86898_1" />
    <label:label xlink:type="resource" xlink:label="label_eba_c86899_1" xml:lang="en" xlink:role="http://www.eba.europa.eu/xbrl/role/dpm-db-id">86899</label:label>
    <gen:arc xlink:type="arc" xlink:arcrole="http://xbrl.org/arcrole/2008/element-label" xlink:from="loc_eba_c86899" xlink:to="label_eba_c86899_1" />
    <label:label xlink:type="resource" xlink:label="label_eba_c86900_1" xml:lang="en" xlink:role="http://www.eba.europa.eu/xbrl/role/dpm-db-id">86900</label:label>
    <gen:arc xlink:type="arc" xlink:arcrole="http://xbrl.org/arcrole/2008/element-label" xlink:from="loc_eba_c86900" xlink:to="label_eba_c86900_1" />
  </gen:link>
</link:linkbase>