{
    "documentInfo": {
        "documentType": "https://xbrl.org/CR/2021-02-03/xbrl-csv",
        "namespaces": {
            "eba": "http://www.eba.europa.eu",
            "eba_BA": "http://www.eba.europa.eu/xbrl/crr/dict/dom/BA",
            "eba_CT": "http://www.eba.europa.eu/xbrl/crr/dict/dom/CT",
            "eba_EA": "http://www.eba.europa.eu/xbrl/crr/dict/dom/EA",
            "eba_MC": "http://www.eba.europa.eu/xbrl/crr/dict/dom/MC",
            "eba_PL": "http://www.eba.europa.eu/xbrl/crr/dict/dom/PL",
            "eba_dim": "http://www.eba.europa.eu/xbrl/crr/dict/dim",
            "eba_met": "http://www.eba.europa.eu/xbrl/crr/dict/met"
        }
    },
    "tableTemplates": {
        "D_04-00": {
            "columns": {
                "datapoint": {
                    "propertyGroups": {
                        "dp471840": {
                            "decimals": "$decimalsMonetary",
                            "dimensions": {
                                "concept": "eba_met:mi136",
                                "eba_dim:APL": "eba_PL:x772",
                                "eba_dim:BAS": "eba_BA:x6",
                                "eba_dim:CPS": "eba_CT:x83",
                                "eba_dim:EAQ": "eba_EA:x21",
                                "eba_dim:EPC": "eba_EA:x19",
                                "eba_dim:MCY": "eba_MC:x143",
                                "unit": "$baseCurrency"
                            },
                            "eba:documentation": {
                                "CellCode": "{D 04.00, r0010, c0030}",
                                "DataPointVersionId": "471840"
                            }
                        },
                        "dp471841": {
                            "decimals": "$decimalsMonetary",
                            "dimensions": {
                                "concept": "eba_met:mi136",
                                "eba_dim:APL": "eba_PL:x772",
                                "eba_dim:BAS": "eba_BA:x6",
                                "eba_dim:CPS": "eba_CT:x83",
                                "eba_dim:MCY": "eba_MC:x143",
                                "unit": "$baseCurrency"
                            },
                            "eba:documentation": {
                                "CellCode": "{D 04.00, r0010, c0010}",
                                "DataPointVersionId": "471841"
                            }
                        },
                        "dp472842": {
                            "decimals": "$decimalsPercentage",
                            "dimensions": {
                                "concept": "eba_met:pi972",
                                "eba_dim:APL": "eba_PL:x772",
                                "eba_dim:BAS": "eba_BA:x6",
                                "eba_dim:CPS": "eba_CT:x83",
                                "eba_dim:MCY": "eba_MC:x143"
                            },
                            "eba:documentation": {
                                "CellCode": "{D 04.00, r0010, c0020}",
                                "DataPointVersionId": "472842"
                            }
                        },
                        "dp475713": {
                            "decimals": "$decimalsInteger",
                            "dimensions": {
                                "concept": "eba_met:ii958",
                                "eba_dim:BAS": "eba_BA:x17",
                                "eba_dim:CPS": "eba_CT:x83"
                            },
                            "eba:documentation": {
                                "CellCode": "{D 04.00, r0010, c0050}",
                                "DataPointVersionId": "475713"
                            }
                        },
                        "dp475742": {
                            "decimals": "$decimalsInteger",
                            "dimensions": {
                                "concept": "eba_met:ii975",
                                "eba_dim:BAS": "eba_BA:x17",
                                "eba_dim:CPS": "eba_CT:x83",
                                "eba_dim:MCY": "eba_MC:x143"
                            },
                            "eba:documentation": {
                                "CellCode": "{D 04.00, r0010, c0040}",
                                "DataPointVersionId": "475742"
                            }
                        }
                    }
                },
                "factValue": {
                    "dimensions": {},
                    "propertiesFrom": [
                        "datapoint"
                    ]
                }
            }
        }
    }
}