﻿<?xml version="1.0" encoding="utf-8"?>
<?taxonomy-version 1.0.0.0 ?>  <?taxonomy-set-overall-version 3.3.0.0 ?>
<!--(C) EBA-->
<link:linkbase xmlns:xsi="http://www.w3.org/2001/XMLSchema-instance" xmlns:xlink="http://www.w3.org/1999/xlink" xmlns:link="http://www.xbrl.org/2003/linkbase" xmlns:gen="http://xbrl.org/2008/generic" xmlns:label="http://xbrl.org/2008/label" xsi:schemaLocation="http://www.xbrl.org/2003/linkbase http://www.xbrl.org/2003/xbrl-linkbase-2003-12-31.xsd http://xbrl.org/2008/generic http://www.xbrl.org/2008/generic-link.xsd http://xbrl.org/2008/label http://www.xbrl.org/2008/generic-label.xsd">
  <link:arcroleRef arcroleURI="http://xbrl.org/arcrole/2008/element-label" xlink:type="simple" xlink:href="http://www.xbrl.org/2008/generic-label.xsd#element-label" />
  <link:roleRef roleURI="http://www.xbrl.org/2008/role/label" xlink:type="simple" xlink:href="http://www.xbrl.org/2008/generic-label.xsd#standard-label" />
  <link:roleRef roleURI="http://www.xbrl.org/2008/role/verboseLabel" xlink:type="simple" xlink:href="http://www.xbrl.org/2008/generic-label.xsd#verbose-label" />
  <gen:link xlink:type="extended" xlink:role="http://www.xbrl.org/2003/role/link">
    <link:loc xlink:type="locator" xlink:href="d_04.00-rend.xml#eba_tD_04.00" xlink:label="loc_eba_tD_04.00" />
    <label:label xlink:type="resource" xlink:label="label_eba_tD_04.00" xml:lang="en" xlink:role="http://www.xbrl.org/2008/role/label">D 04.00</label:label>
    <gen:arc xlink:type="arc" xlink:arcrole="http://xbrl.org/arcrole/2008/element-label" xlink:from="loc_eba_tD_04.00" xlink:to="label_eba_tD_04.00" />
    <label:label xlink:type="resource" xlink:label="label_eba_tD_04.00_1" xml:lang="en" xlink:role="http://www.xbrl.org/2008/role/verboseLabel">D 04.00 Banking book - Indicators of potential climate change transition risk: Exposures to top 20 carbon-intensive firms</label:label>
    <gen:arc xlink:type="arc" xlink:arcrole="http://xbrl.org/arcrole/2008/element-label" xlink:from="loc_eba_tD_04.00" xlink:to="label_eba_tD_04.00_1" />
    <link:loc xlink:type="locator" xlink:href="d_04.00-rend.xml#eba_a1" xlink:label="loc_eba_a1" />
    <label:label xlink:type="resource" xlink:label="label_eba_a1" xml:lang="en" xlink:role="http://www.xbrl.org/2008/role/label">Columns</label:label>
    <gen:arc xlink:type="arc" xlink:arcrole="http://xbrl.org/arcrole/2008/element-label" xlink:from="loc_eba_a1" xlink:to="label_eba_a1" />
    <link:loc xlink:type="locator" xlink:href="d_04.00-rend.xml#eba_c86458" xlink:label="loc_eba_c86458" />
    <label:label xlink:type="resource" xlink:label="label_eba_c86458" xml:lang="en" xlink:role="http://www.xbrl.org/2008/role/label">Gross carrying amount (aggregate)</label:label>
    <gen:arc xlink:type="arc" xlink:arcrole="http://xbrl.org/arcrole/2008/element-label" xlink:from="loc_eba_c86458" xlink:to="label_eba_c86458" />
    <link:loc xlink:type="locator" xlink:href="d_04.00-rend.xml#eba_c86459" xlink:label="loc_eba_c86459" />
    <label:label xlink:type="resource" xlink:label="label_eba_c86459" xml:lang="en" xlink:role="http://www.xbrl.org/2008/role/label">Gross carrying amount towards the counterparties compared to total gross carrying amount (aggregate)*</label:label>
    <gen:arc xlink:type="arc" xlink:arcrole="http://xbrl.org/arcrole/2008/element-label" xlink:from="loc_eba_c86459" xlink:to="label_eba_c86459" />
    <link:loc xlink:type="locator" xlink:href="d_04.00-rend.xml#eba_c86460" xlink:label="loc_eba_c86460" />
    <label:label xlink:type="resource" xlink:label="label_eba_c86460" xml:lang="en" xlink:role="http://www.xbrl.org/2008/role/label">Of which environmentally sustainable (CCM)</label:label>
    <gen:arc xlink:type="arc" xlink:arcrole="http://xbrl.org/arcrole/2008/element-label" xlink:from="loc_eba_c86460" xlink:to="label_eba_c86460" />
    <link:loc xlink:type="locator" xlink:href="d_04.00-rend.xml#eba_c86461" xlink:label="loc_eba_c86461" />
    <label:label xlink:type="resource" xlink:label="label_eba_c86461" xml:lang="en" xlink:role="http://www.xbrl.org/2008/role/label">Weighted average maturity</label:label>
    <gen:arc xlink:type="arc" xlink:arcrole="http://xbrl.org/arcrole/2008/element-label" xlink:from="loc_eba_c86461" xlink:to="label_eba_c86461" />
    <link:loc xlink:type="locator" xlink:href="d_04.00-rend.xml#eba_c86462" xlink:label="loc_eba_c86462" />
    <label:label xlink:type="resource" xlink:label="label_eba_c86462" xml:lang="en" xlink:role="http://www.xbrl.org/2008/role/label">Number of top 20 polluting firms included</label:label>
    <gen:arc xlink:type="arc" xlink:arcrole="http://xbrl.org/arcrole/2008/element-label" xlink:from="loc_eba_c86462" xlink:to="label_eba_c86462" />
    <link:loc xlink:type="locator" xlink:href="d_04.00-rend.xml#eba_a2" xlink:label="loc_eba_a2" />
    <label:label xlink:type="resource" xlink:label="label_eba_a2" xml:lang="en" xlink:role="http://www.xbrl.org/2008/role/label">Rows</label:label>
    <gen:arc xlink:type="arc" xlink:arcrole="http://xbrl.org/arcrole/2008/element-label" xlink:from="loc_eba_a2" xlink:to="label_eba_a2" />
    <link:loc xlink:type="locator" xlink:href="d_04.00-rend.xml#eba_c86463" xlink:label="loc_eba_c86463" />
    <label:label xlink:type="resource" xlink:label="label_eba_c86463" xml:lang="en" xlink:role="http://www.xbrl.org/2008/role/label">Counterparty</label:label>
    <gen:arc xlink:type="arc" xlink:arcrole="http://xbrl.org/arcrole/2008/element-label" xlink:from="loc_eba_c86463" xlink:to="label_eba_c86463" />
  </gen:link>
</link:linkbase>