﻿<?xml version="1.0" encoding="utf-8"?>
<?taxonomy-version 1.0.0.0 ?>  <?taxonomy-set-overall-version 3.3.0.0 ?>
<!--(C) EBA-->
<link:linkbase xmlns:xsi="http://www.w3.org/2001/XMLSchema-instance" xmlns:xlink="http://www.w3.org/1999/xlink" xmlns:link="http://www.xbrl.org/2003/linkbase" xmlns:gen="http://xbrl.org/2008/generic" xmlns:label="http://xbrl.org/2008/label" xsi:schemaLocation="http://www.xbrl.org/2003/linkbase http://www.xbrl.org/2003/xbrl-linkbase-2003-12-31.xsd http://xbrl.org/2008/generic http://www.xbrl.org/2008/generic-link.xsd http://xbrl.org/2008/label http://www.xbrl.org/2008/generic-label.xsd">
  <link:arcroleRef arcroleURI="http://xbrl.org/arcrole/2008/element-label" xlink:type="simple" xlink:href="http://www.xbrl.org/2008/generic-label.xsd#element-label" />
  <link:roleRef roleURI="http://www.xbrl.org/2008/role/label" xlink:type="simple" xlink:href="http://www.xbrl.org/2008/generic-label.xsd#standard-label" />
  <link:roleRef roleURI="http://www.xbrl.org/2008/role/verboseLabel" xlink:type="simple" xlink:href="http://www.xbrl.org/2008/generic-label.xsd#verbose-label" />
  <gen:link xlink:type="extended" xlink:role="http://www.xbrl.org/2003/role/link">
    <link:loc xlink:type="locator" xlink:href="d_08.00.e-rend.xml#eba_tD_08.00.e" xlink:label="loc_eba_tD_08.00.e" />
    <label:label xlink:type="resource" xlink:label="label_eba_tD_08.00.e" xml:lang="en" xlink:role="http://www.xbrl.org/2008/role/label">D 08.00.e</label:label>
    <gen:arc xlink:type="arc" xlink:arcrole="http://xbrl.org/arcrole/2008/element-label" xlink:from="loc_eba_tD_08.00.e" xlink:to="label_eba_tD_08.00.e" />
    <label:label xlink:type="resource" xlink:label="label_eba_tD_08.00.e_1" xml:lang="en" xlink:role="http://www.xbrl.org/2008/role/verboseLabel">D 08.00.e GAR (%) (coverage) (V)</label:label>
    <gen:arc xlink:type="arc" xlink:arcrole="http://xbrl.org/arcrole/2008/element-label" xlink:from="loc_eba_tD_08.00.e" xlink:to="label_eba_tD_08.00.e_1" />
    <link:loc xlink:type="locator" xlink:href="d_08.00.e-rend.xml#eba_a1" xlink:label="loc_eba_a1" />
    <label:label xlink:type="resource" xlink:label="label_eba_a1" xml:lang="en" xlink:role="http://www.xbrl.org/2008/role/label">Columns</label:label>
    <gen:arc xlink:type="arc" xlink:arcrole="http://xbrl.org/arcrole/2008/element-label" xlink:from="loc_eba_a1" xlink:to="label_eba_a1" />
    <link:loc xlink:type="locator" xlink:href="d_08.00.e-rend.xml#eba_c86901" xlink:label="loc_eba_c86901" />
    <label:label xlink:type="resource" xlink:label="label_eba_c86901" xml:lang="en" xlink:role="http://www.xbrl.org/2008/role/label">Disclosure reference date T: KPIs on stock</label:label>
    <gen:arc xlink:type="arc" xlink:arcrole="http://xbrl.org/arcrole/2008/element-label" xlink:from="loc_eba_c86901" xlink:to="label_eba_c86901" />
    <link:loc xlink:type="locator" xlink:href="d_08.00.e-rend.xml#eba_c86902" xlink:label="loc_eba_c86902" />
    <label:label xlink:type="resource" xlink:label="label_eba_c86902" xml:lang="en" xlink:role="http://www.xbrl.org/2008/role/label">Proportion of total assets covered</label:label>
    <gen:arc xlink:type="arc" xlink:arcrole="http://xbrl.org/arcrole/2008/element-label" xlink:from="loc_eba_c86902" xlink:to="label_eba_c86902" />
    <link:loc xlink:type="locator" xlink:href="d_08.00.e-rend.xml#eba_c86903" xlink:label="loc_eba_c86903" />
    <label:label xlink:type="resource" xlink:label="label_eba_c86903" xml:lang="en" xlink:role="http://www.xbrl.org/2008/role/label">Disclosure reference date T: KPIs on flows</label:label>
    <gen:arc xlink:type="arc" xlink:arcrole="http://xbrl.org/arcrole/2008/element-label" xlink:from="loc_eba_c86903" xlink:to="label_eba_c86903" />
    <link:loc xlink:type="locator" xlink:href="d_08.00.e-rend.xml#eba_c86904" xlink:label="loc_eba_c86904" />
    <label:label xlink:type="resource" xlink:label="label_eba_c86904" xml:lang="en" xlink:role="http://www.xbrl.org/2008/role/label">Proportion of total new assets covered</label:label>
    <gen:arc xlink:type="arc" xlink:arcrole="http://xbrl.org/arcrole/2008/element-label" xlink:from="loc_eba_c86904" xlink:to="label_eba_c86904" />
    <link:loc xlink:type="locator" xlink:href="d_08.00.e-rend.xml#eba_a2" xlink:label="loc_eba_a2" />
    <label:label xlink:type="resource" xlink:label="label_eba_a2" xml:lang="en" xlink:role="http://www.xbrl.org/2008/role/label">Rows</label:label>
    <gen:arc xlink:type="arc" xlink:arcrole="http://xbrl.org/arcrole/2008/element-label" xlink:from="loc_eba_a2" xlink:to="label_eba_a2" />
    <link:loc xlink:type="locator" xlink:href="d_08.00.e-rend.xml#eba_c86669" xlink:label="loc_eba_c86669" />
    <label:label xlink:type="resource" xlink:label="label_eba_c86669" xml:lang="en" xlink:role="http://www.xbrl.org/2008/role/label">GAR</label:label>
    <gen:arc xlink:type="arc" xlink:arcrole="http://xbrl.org/arcrole/2008/element-label" xlink:from="loc_eba_c86669" xlink:to="label_eba_c86669" />
    <link:loc xlink:type="locator" xlink:href="d_08.00.e-rend.xml#eba_c86670" xlink:label="loc_eba_c86670" />
    <label:label xlink:type="resource" xlink:label="label_eba_c86670" xml:lang="en" xlink:role="http://www.xbrl.org/2008/role/label">Loans and advances, debt securities and equity instruments not HfT eligible for GAR calculation</label:label>
    <gen:arc xlink:type="arc" xlink:arcrole="http://xbrl.org/arcrole/2008/element-label" xlink:from="loc_eba_c86670" xlink:to="label_eba_c86670" />
    <link:loc xlink:type="locator" xlink:href="d_08.00.e-rend.xml#eba_c86671" xlink:label="loc_eba_c86671" />
    <label:label xlink:type="resource" xlink:label="label_eba_c86671" xml:lang="en" xlink:role="http://www.xbrl.org/2008/role/label">Financial corporations</label:label>
    <gen:arc xlink:type="arc" xlink:arcrole="http://xbrl.org/arcrole/2008/element-label" xlink:from="loc_eba_c86671" xlink:to="label_eba_c86671" />
    <link:loc xlink:type="locator" xlink:href="d_08.00.e-rend.xml#eba_c86672" xlink:label="loc_eba_c86672" />
    <label:label xlink:type="resource" xlink:label="label_eba_c86672" xml:lang="en" xlink:role="http://www.xbrl.org/2008/role/label">Credit institutions</label:label>
    <gen:arc xlink:type="arc" xlink:arcrole="http://xbrl.org/arcrole/2008/element-label" xlink:from="loc_eba_c86672" xlink:to="label_eba_c86672" />
    <link:loc xlink:type="locator" xlink:href="d_08.00.e-rend.xml#eba_c86673" xlink:label="loc_eba_c86673" />
    <label:label xlink:type="resource" xlink:label="label_eba_c86673" xml:lang="en" xlink:role="http://www.xbrl.org/2008/role/label">Other financial corporations</label:label>
    <gen:arc xlink:type="arc" xlink:arcrole="http://xbrl.org/arcrole/2008/element-label" xlink:from="loc_eba_c86673" xlink:to="label_eba_c86673" />
    <link:loc xlink:type="locator" xlink:href="d_08.00.e-rend.xml#eba_c86674" xlink:label="loc_eba_c86674" />
    <label:label xlink:type="resource" xlink:label="label_eba_c86674" xml:lang="en" xlink:role="http://www.xbrl.org/2008/role/label">of which investment firms</label:label>
    <gen:arc xlink:type="arc" xlink:arcrole="http://xbrl.org/arcrole/2008/element-label" xlink:from="loc_eba_c86674" xlink:to="label_eba_c86674" />
    <link:loc xlink:type="locator" xlink:href="d_08.00.e-rend.xml#eba_c86675" xlink:label="loc_eba_c86675" />
    <label:label xlink:type="resource" xlink:label="label_eba_c86675" xml:lang="en" xlink:role="http://www.xbrl.org/2008/role/label">of which management companies</label:label>
    <gen:arc xlink:type="arc" xlink:arcrole="http://xbrl.org/arcrole/2008/element-label" xlink:from="loc_eba_c86675" xlink:to="label_eba_c86675" />
    <link:loc xlink:type="locator" xlink:href="d_08.00.e-rend.xml#eba_c86676" xlink:label="loc_eba_c86676" />
    <label:label xlink:type="resource" xlink:label="label_eba_c86676" xml:lang="en" xlink:role="http://www.xbrl.org/2008/role/label">of which insurance undertakings</label:label>
    <gen:arc xlink:type="arc" xlink:arcrole="http://xbrl.org/arcrole/2008/element-label" xlink:from="loc_eba_c86676" xlink:to="label_eba_c86676" />
    <link:loc xlink:type="locator" xlink:href="d_08.00.e-rend.xml#eba_c86677" xlink:label="loc_eba_c86677" />
    <label:label xlink:type="resource" xlink:label="label_eba_c86677" xml:lang="en" xlink:role="http://www.xbrl.org/2008/role/label">Non-financial corporations subject to NFRD disclosure obligations</label:label>
    <gen:arc xlink:type="arc" xlink:arcrole="http://xbrl.org/arcrole/2008/element-label" xlink:from="loc_eba_c86677" xlink:to="label_eba_c86677" />
    <link:loc xlink:type="locator" xlink:href="d_08.00.e-rend.xml#eba_c86678" xlink:label="loc_eba_c86678" />
    <label:label xlink:type="resource" xlink:label="label_eba_c86678" xml:lang="en" xlink:role="http://www.xbrl.org/2008/role/label">Households</label:label>
    <gen:arc xlink:type="arc" xlink:arcrole="http://xbrl.org/arcrole/2008/element-label" xlink:from="loc_eba_c86678" xlink:to="label_eba_c86678" />
    <link:loc xlink:type="locator" xlink:href="d_08.00.e-rend.xml#eba_c86679" xlink:label="loc_eba_c86679" />
    <label:label xlink:type="resource" xlink:label="label_eba_c86679" xml:lang="en" xlink:role="http://www.xbrl.org/2008/role/label">of which loans collateralised by residential immovable property</label:label>
    <gen:arc xlink:type="arc" xlink:arcrole="http://xbrl.org/arcrole/2008/element-label" xlink:from="loc_eba_c86679" xlink:to="label_eba_c86679" />
    <link:loc xlink:type="locator" xlink:href="d_08.00.e-rend.xml#eba_c86680" xlink:label="loc_eba_c86680" />
    <label:label xlink:type="resource" xlink:label="label_eba_c86680" xml:lang="en" xlink:role="http://www.xbrl.org/2008/role/label">of which building renovation loans</label:label>
    <gen:arc xlink:type="arc" xlink:arcrole="http://xbrl.org/arcrole/2008/element-label" xlink:from="loc_eba_c86680" xlink:to="label_eba_c86680" />
    <link:loc xlink:type="locator" xlink:href="d_08.00.e-rend.xml#eba_c86681" xlink:label="loc_eba_c86681" />
    <label:label xlink:type="resource" xlink:label="label_eba_c86681" xml:lang="en" xlink:role="http://www.xbrl.org/2008/role/label">of which motor vehicle loans</label:label>
    <gen:arc xlink:type="arc" xlink:arcrole="http://xbrl.org/arcrole/2008/element-label" xlink:from="loc_eba_c86681" xlink:to="label_eba_c86681" />
    <link:loc xlink:type="locator" xlink:href="d_08.00.e-rend.xml#eba_c86682" xlink:label="loc_eba_c86682" />
    <label:label xlink:type="resource" xlink:label="label_eba_c86682" xml:lang="en" xlink:role="http://www.xbrl.org/2008/role/label">Local government financing</label:label>
    <gen:arc xlink:type="arc" xlink:arcrole="http://xbrl.org/arcrole/2008/element-label" xlink:from="loc_eba_c86682" xlink:to="label_eba_c86682" />
    <link:loc xlink:type="locator" xlink:href="d_08.00.e-rend.xml#eba_c86683" xlink:label="loc_eba_c86683" />
    <label:label xlink:type="resource" xlink:label="label_eba_c86683" xml:lang="en" xlink:role="http://www.xbrl.org/2008/role/label">Housing financing</label:label>
    <gen:arc xlink:type="arc" xlink:arcrole="http://xbrl.org/arcrole/2008/element-label" xlink:from="loc_eba_c86683" xlink:to="label_eba_c86683" />
    <link:loc xlink:type="locator" xlink:href="d_08.00.e-rend.xml#eba_c86684" xlink:label="loc_eba_c86684" />
    <label:label xlink:type="resource" xlink:label="label_eba_c86684" xml:lang="en" xlink:role="http://www.xbrl.org/2008/role/label">Other local governments financing</label:label>
    <gen:arc xlink:type="arc" xlink:arcrole="http://xbrl.org/arcrole/2008/element-label" xlink:from="loc_eba_c86684" xlink:to="label_eba_c86684" />
    <link:loc xlink:type="locator" xlink:href="d_08.00.e-rend.xml#eba_c86685" xlink:label="loc_eba_c86685" />
    <label:label xlink:type="resource" xlink:label="label_eba_c86685" xml:lang="en" xlink:role="http://www.xbrl.org/2008/role/label">Collateral obtained by taking possession: residential and commercial immovable properties</label:label>
    <gen:arc xlink:type="arc" xlink:arcrole="http://xbrl.org/arcrole/2008/element-label" xlink:from="loc_eba_c86685" xlink:to="label_eba_c86685" />
  </gen:link>
</link:linkbase>