﻿<?xml version="1.0" encoding="utf-8"?>
<?taxonomy-version 1.0.0.0 ?>  <?taxonomy-set-overall-version 3.3.0.0 ?>
<!--(C) EBA-->
<link:linkbase xmlns:xsi="http://www.w3.org/2001/XMLSchema-instance" xmlns:xlink="http://www.w3.org/1999/xlink" xmlns:link="http://www.xbrl.org/2003/linkbase" xmlns:gen="http://xbrl.org/2008/generic" xmlns:label="http://xbrl.org/2008/label" xsi:schemaLocation="http://www.xbrl.org/2003/linkbase http://www.xbrl.org/2003/xbrl-linkbase-2003-12-31.xsd http://xbrl.org/2008/generic http://www.xbrl.org/2008/generic-link.xsd http://xbrl.org/2008/label http://www.xbrl.org/2008/generic-label.xsd">
  <link:arcroleRef arcroleURI="http://xbrl.org/arcrole/2008/element-label" xlink:type="simple" xlink:href="http://www.xbrl.org/2008/generic-label.xsd#element-label" />
  <link:roleRef roleURI="http://www.xbrl.org/2008/role/label" xlink:type="simple" xlink:href="http://www.xbrl.org/2008/generic-label.xsd#standard-label" />
  <link:roleRef roleURI="http://www.xbrl.org/2008/role/verboseLabel" xlink:type="simple" xlink:href="http://www.xbrl.org/2008/generic-label.xsd#verbose-label" />
  <gen:link xlink:type="extended" xlink:role="http://www.xbrl.org/2003/role/link">
    <link:loc xlink:type="locator" xlink:href="d_07.00.a-rend.xml#eba_tD_07.00.a" xlink:label="loc_eba_tD_07.00.a" />
    <label:label xlink:type="resource" xlink:label="label_eba_tD_07.00.a" xml:lang="en" xlink:role="http://www.xbrl.org/2008/role/label">D 07.00.a</label:label>
    <gen:arc xlink:type="arc" xlink:arcrole="http://xbrl.org/arcrole/2008/element-label" xlink:from="loc_eba_tD_07.00.a" xlink:to="label_eba_tD_07.00.a" />
    <label:label xlink:type="resource" xlink:label="label_eba_tD_07.00.a_1" xml:lang="en" xlink:role="http://www.xbrl.org/2008/role/verboseLabel">D 07.00.a Mitigating actions: Assets for the calculation of GAR (I)</label:label>
    <gen:arc xlink:type="arc" xlink:arcrole="http://xbrl.org/arcrole/2008/element-label" xlink:from="loc_eba_tD_07.00.a" xlink:to="label_eba_tD_07.00.a_1" />
    <link:loc xlink:type="locator" xlink:href="d_07.00.a-rend.xml#eba_a1" xlink:label="loc_eba_a1" />
    <label:label xlink:type="resource" xlink:label="label_eba_a1" xml:lang="en" xlink:role="http://www.xbrl.org/2008/role/label">Columns</label:label>
    <gen:arc xlink:type="arc" xlink:arcrole="http://xbrl.org/arcrole/2008/element-label" xlink:from="loc_eba_a1" xlink:to="label_eba_a1" />
    <link:loc xlink:type="locator" xlink:href="d_07.00.a-rend.xml#eba_c86509" xlink:label="loc_eba_c86509" />
    <label:label xlink:type="resource" xlink:label="label_eba_c86509" xml:lang="en" xlink:role="http://www.xbrl.org/2008/role/label">Disclosure reference date T</label:label>
    <gen:arc xlink:type="arc" xlink:arcrole="http://xbrl.org/arcrole/2008/element-label" xlink:from="loc_eba_c86509" xlink:to="label_eba_c86509" />
    <link:loc xlink:type="locator" xlink:href="d_07.00.a-rend.xml#eba_c86510" xlink:label="loc_eba_c86510" />
    <label:label xlink:type="resource" xlink:label="label_eba_c86510" xml:lang="en" xlink:role="http://www.xbrl.org/2008/role/label">Total gross carrying amount</label:label>
    <gen:arc xlink:type="arc" xlink:arcrole="http://xbrl.org/arcrole/2008/element-label" xlink:from="loc_eba_c86510" xlink:to="label_eba_c86510" />
    <link:loc xlink:type="locator" xlink:href="d_07.00.a-rend.xml#eba_c86511" xlink:label="loc_eba_c86511" />
    <label:label xlink:type="resource" xlink:label="label_eba_c86511" xml:lang="en" xlink:role="http://www.xbrl.org/2008/role/label">Climate Change Mitigation (CCM)</label:label>
    <gen:arc xlink:type="arc" xlink:arcrole="http://xbrl.org/arcrole/2008/element-label" xlink:from="loc_eba_c86511" xlink:to="label_eba_c86511" />
    <link:loc xlink:type="locator" xlink:href="d_07.00.a-rend.xml#eba_c86512" xlink:label="loc_eba_c86512" />
    <label:label xlink:type="resource" xlink:label="label_eba_c86512" xml:lang="en" xlink:role="http://www.xbrl.org/2008/role/label">Of which towards taxonomy relevant sectors (Taxonomy-eligible)</label:label>
    <gen:arc xlink:type="arc" xlink:arcrole="http://xbrl.org/arcrole/2008/element-label" xlink:from="loc_eba_c86512" xlink:to="label_eba_c86512" />
    <link:loc xlink:type="locator" xlink:href="d_07.00.a-rend.xml#eba_c86513" xlink:label="loc_eba_c86513" />
    <label:label xlink:type="resource" xlink:label="label_eba_c86513" xml:lang="en" xlink:role="http://www.xbrl.org/2008/role/label">Of which environmentally sustainable (Taxonomy-aligned)</label:label>
    <gen:arc xlink:type="arc" xlink:arcrole="http://xbrl.org/arcrole/2008/element-label" xlink:from="loc_eba_c86513" xlink:to="label_eba_c86513" />
    <link:loc xlink:type="locator" xlink:href="d_07.00.a-rend.xml#eba_c86514" xlink:label="loc_eba_c86514" />
    <label:label xlink:type="resource" xlink:label="label_eba_c86514" xml:lang="en" xlink:role="http://www.xbrl.org/2008/role/label">Of which specialised lending</label:label>
    <gen:arc xlink:type="arc" xlink:arcrole="http://xbrl.org/arcrole/2008/element-label" xlink:from="loc_eba_c86514" xlink:to="label_eba_c86514" />
    <link:loc xlink:type="locator" xlink:href="d_07.00.a-rend.xml#eba_c86515" xlink:label="loc_eba_c86515" />
    <label:label xlink:type="resource" xlink:label="label_eba_c86515" xml:lang="en" xlink:role="http://www.xbrl.org/2008/role/label">Of which transitional</label:label>
    <gen:arc xlink:type="arc" xlink:arcrole="http://xbrl.org/arcrole/2008/element-label" xlink:from="loc_eba_c86515" xlink:to="label_eba_c86515" />
    <link:loc xlink:type="locator" xlink:href="d_07.00.a-rend.xml#eba_c86516" xlink:label="loc_eba_c86516" />
    <label:label xlink:type="resource" xlink:label="label_eba_c86516" xml:lang="en" xlink:role="http://www.xbrl.org/2008/role/label">Of which enabling</label:label>
    <gen:arc xlink:type="arc" xlink:arcrole="http://xbrl.org/arcrole/2008/element-label" xlink:from="loc_eba_c86516" xlink:to="label_eba_c86516" />
    <link:loc xlink:type="locator" xlink:href="d_07.00.a-rend.xml#eba_c86517" xlink:label="loc_eba_c86517" />
    <label:label xlink:type="resource" xlink:label="label_eba_c86517" xml:lang="en" xlink:role="http://www.xbrl.org/2008/role/label">Climate Change Adaptation (CCA)</label:label>
    <gen:arc xlink:type="arc" xlink:arcrole="http://xbrl.org/arcrole/2008/element-label" xlink:from="loc_eba_c86517" xlink:to="label_eba_c86517" />
    <link:loc xlink:type="locator" xlink:href="d_07.00.a-rend.xml#eba_c86518" xlink:label="loc_eba_c86518" />
    <label:label xlink:type="resource" xlink:label="label_eba_c86518" xml:lang="en" xlink:role="http://www.xbrl.org/2008/role/label">Of which towards taxonomy relevant sectors (Taxonomy-eligible)</label:label>
    <gen:arc xlink:type="arc" xlink:arcrole="http://xbrl.org/arcrole/2008/element-label" xlink:from="loc_eba_c86518" xlink:to="label_eba_c86518" />
    <link:loc xlink:type="locator" xlink:href="d_07.00.a-rend.xml#eba_c86519" xlink:label="loc_eba_c86519" />
    <label:label xlink:type="resource" xlink:label="label_eba_c86519" xml:lang="en" xlink:role="http://www.xbrl.org/2008/role/label">Of which environmentally sustainable (Taxonomy-aligned)</label:label>
    <gen:arc xlink:type="arc" xlink:arcrole="http://xbrl.org/arcrole/2008/element-label" xlink:from="loc_eba_c86519" xlink:to="label_eba_c86519" />
    <link:loc xlink:type="locator" xlink:href="d_07.00.a-rend.xml#eba_c86520" xlink:label="loc_eba_c86520" />
    <label:label xlink:type="resource" xlink:label="label_eba_c86520" xml:lang="en" xlink:role="http://www.xbrl.org/2008/role/label">Of which specialised lending</label:label>
    <gen:arc xlink:type="arc" xlink:arcrole="http://xbrl.org/arcrole/2008/element-label" xlink:from="loc_eba_c86520" xlink:to="label_eba_c86520" />
    <link:loc xlink:type="locator" xlink:href="d_07.00.a-rend.xml#eba_c86521" xlink:label="loc_eba_c86521" />
    <label:label xlink:type="resource" xlink:label="label_eba_c86521" xml:lang="en" xlink:role="http://www.xbrl.org/2008/role/label">Of which adaptation</label:label>
    <gen:arc xlink:type="arc" xlink:arcrole="http://xbrl.org/arcrole/2008/element-label" xlink:from="loc_eba_c86521" xlink:to="label_eba_c86521" />
    <link:loc xlink:type="locator" xlink:href="d_07.00.a-rend.xml#eba_c86522" xlink:label="loc_eba_c86522" />
    <label:label xlink:type="resource" xlink:label="label_eba_c86522" xml:lang="en" xlink:role="http://www.xbrl.org/2008/role/label">Of which enabling</label:label>
    <gen:arc xlink:type="arc" xlink:arcrole="http://xbrl.org/arcrole/2008/element-label" xlink:from="loc_eba_c86522" xlink:to="label_eba_c86522" />
    <link:loc xlink:type="locator" xlink:href="d_07.00.a-rend.xml#eba_c86523" xlink:label="loc_eba_c86523" />
    <label:label xlink:type="resource" xlink:label="label_eba_c86523" xml:lang="en" xlink:role="http://www.xbrl.org/2008/role/label">TOTAL (CCM + CCA)</label:label>
    <gen:arc xlink:type="arc" xlink:arcrole="http://xbrl.org/arcrole/2008/element-label" xlink:from="loc_eba_c86523" xlink:to="label_eba_c86523" />
    <link:loc xlink:type="locator" xlink:href="d_07.00.a-rend.xml#eba_c86524" xlink:label="loc_eba_c86524" />
    <label:label xlink:type="resource" xlink:label="label_eba_c86524" xml:lang="en" xlink:role="http://www.xbrl.org/2008/role/label">Of which towards taxonomy relevant sectors (Taxonomy-eligible)</label:label>
    <gen:arc xlink:type="arc" xlink:arcrole="http://xbrl.org/arcrole/2008/element-label" xlink:from="loc_eba_c86524" xlink:to="label_eba_c86524" />
    <link:loc xlink:type="locator" xlink:href="d_07.00.a-rend.xml#eba_c86525" xlink:label="loc_eba_c86525" />
    <label:label xlink:type="resource" xlink:label="label_eba_c86525" xml:lang="en" xlink:role="http://www.xbrl.org/2008/role/label">Of which environmentally sustainable (Taxonomy-aligned)</label:label>
    <gen:arc xlink:type="arc" xlink:arcrole="http://xbrl.org/arcrole/2008/element-label" xlink:from="loc_eba_c86525" xlink:to="label_eba_c86525" />
    <link:loc xlink:type="locator" xlink:href="d_07.00.a-rend.xml#eba_c86526" xlink:label="loc_eba_c86526" />
    <label:label xlink:type="resource" xlink:label="label_eba_c86526" xml:lang="en" xlink:role="http://www.xbrl.org/2008/role/label">Of which specialised lending</label:label>
    <gen:arc xlink:type="arc" xlink:arcrole="http://xbrl.org/arcrole/2008/element-label" xlink:from="loc_eba_c86526" xlink:to="label_eba_c86526" />
    <link:loc xlink:type="locator" xlink:href="d_07.00.a-rend.xml#eba_c86527" xlink:label="loc_eba_c86527" />
    <label:label xlink:type="resource" xlink:label="label_eba_c86527" xml:lang="en" xlink:role="http://www.xbrl.org/2008/role/label">Of which transitional/adaptation</label:label>
    <gen:arc xlink:type="arc" xlink:arcrole="http://xbrl.org/arcrole/2008/element-label" xlink:from="loc_eba_c86527" xlink:to="label_eba_c86527" />
    <link:loc xlink:type="locator" xlink:href="d_07.00.a-rend.xml#eba_c86528" xlink:label="loc_eba_c86528" />
    <label:label xlink:type="resource" xlink:label="label_eba_c86528" xml:lang="en" xlink:role="http://www.xbrl.org/2008/role/label">Of which enabling</label:label>
    <gen:arc xlink:type="arc" xlink:arcrole="http://xbrl.org/arcrole/2008/element-label" xlink:from="loc_eba_c86528" xlink:to="label_eba_c86528" />
    <link:loc xlink:type="locator" xlink:href="d_07.00.a-rend.xml#eba_a2" xlink:label="loc_eba_a2" />
    <label:label xlink:type="resource" xlink:label="label_eba_a2" xml:lang="en" xlink:role="http://www.xbrl.org/2008/role/label">Rows</label:label>
    <gen:arc xlink:type="arc" xlink:arcrole="http://xbrl.org/arcrole/2008/element-label" xlink:from="loc_eba_a2" xlink:to="label_eba_a2" />
    <link:loc xlink:type="locator" xlink:href="d_07.00.a-rend.xml#eba_c86549" xlink:label="loc_eba_c86549" />
    <label:label xlink:type="resource" xlink:label="label_eba_c86549" xml:lang="en" xlink:role="http://www.xbrl.org/2008/role/label">GAR - Covered assets in both numerator and denominator</label:label>
    <gen:arc xlink:type="arc" xlink:arcrole="http://xbrl.org/arcrole/2008/element-label" xlink:from="loc_eba_c86549" xlink:to="label_eba_c86549" />
    <link:loc xlink:type="locator" xlink:href="d_07.00.a-rend.xml#eba_c86550" xlink:label="loc_eba_c86550" />
    <label:label xlink:type="resource" xlink:label="label_eba_c86550" xml:lang="en" xlink:role="http://www.xbrl.org/2008/role/label">Loans and advances, debt securities and equity instruments not HfT eligible for GAR calculation</label:label>
    <gen:arc xlink:type="arc" xlink:arcrole="http://xbrl.org/arcrole/2008/element-label" xlink:from="loc_eba_c86550" xlink:to="label_eba_c86550" />
    <link:loc xlink:type="locator" xlink:href="d_07.00.a-rend.xml#eba_c86551" xlink:label="loc_eba_c86551" />
    <label:label xlink:type="resource" xlink:label="label_eba_c86551" xml:lang="en" xlink:role="http://www.xbrl.org/2008/role/label">Financial corporations</label:label>
    <gen:arc xlink:type="arc" xlink:arcrole="http://xbrl.org/arcrole/2008/element-label" xlink:from="loc_eba_c86551" xlink:to="label_eba_c86551" />
    <link:loc xlink:type="locator" xlink:href="d_07.00.a-rend.xml#eba_c86552" xlink:label="loc_eba_c86552" />
    <label:label xlink:type="resource" xlink:label="label_eba_c86552" xml:lang="en" xlink:role="http://www.xbrl.org/2008/role/label">Credit institutions</label:label>
    <gen:arc xlink:type="arc" xlink:arcrole="http://xbrl.org/arcrole/2008/element-label" xlink:from="loc_eba_c86552" xlink:to="label_eba_c86552" />
    <link:loc xlink:type="locator" xlink:href="d_07.00.a-rend.xml#eba_c86553" xlink:label="loc_eba_c86553" />
    <label:label xlink:type="resource" xlink:label="label_eba_c86553" xml:lang="en" xlink:role="http://www.xbrl.org/2008/role/label">Loans and advances</label:label>
    <gen:arc xlink:type="arc" xlink:arcrole="http://xbrl.org/arcrole/2008/element-label" xlink:from="loc_eba_c86553" xlink:to="label_eba_c86553" />
    <link:loc xlink:type="locator" xlink:href="d_07.00.a-rend.xml#eba_c86554" xlink:label="loc_eba_c86554" />
    <label:label xlink:type="resource" xlink:label="label_eba_c86554" xml:lang="en" xlink:role="http://www.xbrl.org/2008/role/label">Debt securities, including UoP</label:label>
    <gen:arc xlink:type="arc" xlink:arcrole="http://xbrl.org/arcrole/2008/element-label" xlink:from="loc_eba_c86554" xlink:to="label_eba_c86554" />
    <link:loc xlink:type="locator" xlink:href="d_07.00.a-rend.xml#eba_c86555" xlink:label="loc_eba_c86555" />
    <label:label xlink:type="resource" xlink:label="label_eba_c86555" xml:lang="en" xlink:role="http://www.xbrl.org/2008/role/label">Equity instruments</label:label>
    <gen:arc xlink:type="arc" xlink:arcrole="http://xbrl.org/arcrole/2008/element-label" xlink:from="loc_eba_c86555" xlink:to="label_eba_c86555" />
    <link:loc xlink:type="locator" xlink:href="d_07.00.a-rend.xml#eba_c86556" xlink:label="loc_eba_c86556" />
    <label:label xlink:type="resource" xlink:label="label_eba_c86556" xml:lang="en" xlink:role="http://www.xbrl.org/2008/role/label">Other financial corporations</label:label>
    <gen:arc xlink:type="arc" xlink:arcrole="http://xbrl.org/arcrole/2008/element-label" xlink:from="loc_eba_c86556" xlink:to="label_eba_c86556" />
    <link:loc xlink:type="locator" xlink:href="d_07.00.a-rend.xml#eba_c86557" xlink:label="loc_eba_c86557" />
    <label:label xlink:type="resource" xlink:label="label_eba_c86557" xml:lang="en" xlink:role="http://www.xbrl.org/2008/role/label">of which investment firms</label:label>
    <gen:arc xlink:type="arc" xlink:arcrole="http://xbrl.org/arcrole/2008/element-label" xlink:from="loc_eba_c86557" xlink:to="label_eba_c86557" />
    <link:loc xlink:type="locator" xlink:href="d_07.00.a-rend.xml#eba_c86558" xlink:label="loc_eba_c86558" />
    <label:label xlink:type="resource" xlink:label="label_eba_c86558" xml:lang="en" xlink:role="http://www.xbrl.org/2008/role/label">Loans and advances</label:label>
    <gen:arc xlink:type="arc" xlink:arcrole="http://xbrl.org/arcrole/2008/element-label" xlink:from="loc_eba_c86558" xlink:to="label_eba_c86558" />
    <link:loc xlink:type="locator" xlink:href="d_07.00.a-rend.xml#eba_c86559" xlink:label="loc_eba_c86559" />
    <label:label xlink:type="resource" xlink:label="label_eba_c86559" xml:lang="en" xlink:role="http://www.xbrl.org/2008/role/label">Debt securities, including UoP</label:label>
    <gen:arc xlink:type="arc" xlink:arcrole="http://xbrl.org/arcrole/2008/element-label" xlink:from="loc_eba_c86559" xlink:to="label_eba_c86559" />
    <link:loc xlink:type="locator" xlink:href="d_07.00.a-rend.xml#eba_c86560" xlink:label="loc_eba_c86560" />
    <label:label xlink:type="resource" xlink:label="label_eba_c86560" xml:lang="en" xlink:role="http://www.xbrl.org/2008/role/label">Equity instruments</label:label>
    <gen:arc xlink:type="arc" xlink:arcrole="http://xbrl.org/arcrole/2008/element-label" xlink:from="loc_eba_c86560" xlink:to="label_eba_c86560" />
    <link:loc xlink:type="locator" xlink:href="d_07.00.a-rend.xml#eba_c86561" xlink:label="loc_eba_c86561" />
    <label:label xlink:type="resource" xlink:label="label_eba_c86561" xml:lang="en" xlink:role="http://www.xbrl.org/2008/role/label">of which  management companies</label:label>
    <gen:arc xlink:type="arc" xlink:arcrole="http://xbrl.org/arcrole/2008/element-label" xlink:from="loc_eba_c86561" xlink:to="label_eba_c86561" />
    <link:loc xlink:type="locator" xlink:href="d_07.00.a-rend.xml#eba_c86562" xlink:label="loc_eba_c86562" />
    <label:label xlink:type="resource" xlink:label="label_eba_c86562" xml:lang="en" xlink:role="http://www.xbrl.org/2008/role/label">Loans and advances</label:label>
    <gen:arc xlink:type="arc" xlink:arcrole="http://xbrl.org/arcrole/2008/element-label" xlink:from="loc_eba_c86562" xlink:to="label_eba_c86562" />
    <link:loc xlink:type="locator" xlink:href="d_07.00.a-rend.xml#eba_c86563" xlink:label="loc_eba_c86563" />
    <label:label xlink:type="resource" xlink:label="label_eba_c86563" xml:lang="en" xlink:role="http://www.xbrl.org/2008/role/label">Debt securities, including UoP</label:label>
    <gen:arc xlink:type="arc" xlink:arcrole="http://xbrl.org/arcrole/2008/element-label" xlink:from="loc_eba_c86563" xlink:to="label_eba_c86563" />
    <link:loc xlink:type="locator" xlink:href="d_07.00.a-rend.xml#eba_c86564" xlink:label="loc_eba_c86564" />
    <label:label xlink:type="resource" xlink:label="label_eba_c86564" xml:lang="en" xlink:role="http://www.xbrl.org/2008/role/label">Equity instruments</label:label>
    <gen:arc xlink:type="arc" xlink:arcrole="http://xbrl.org/arcrole/2008/element-label" xlink:from="loc_eba_c86564" xlink:to="label_eba_c86564" />
    <link:loc xlink:type="locator" xlink:href="d_07.00.a-rend.xml#eba_c86565" xlink:label="loc_eba_c86565" />
    <label:label xlink:type="resource" xlink:label="label_eba_c86565" xml:lang="en" xlink:role="http://www.xbrl.org/2008/role/label">of which insurance undertakings</label:label>
    <gen:arc xlink:type="arc" xlink:arcrole="http://xbrl.org/arcrole/2008/element-label" xlink:from="loc_eba_c86565" xlink:to="label_eba_c86565" />
    <link:loc xlink:type="locator" xlink:href="d_07.00.a-rend.xml#eba_c86566" xlink:label="loc_eba_c86566" />
    <label:label xlink:type="resource" xlink:label="label_eba_c86566" xml:lang="en" xlink:role="http://www.xbrl.org/2008/role/label">Loans and advances</label:label>
    <gen:arc xlink:type="arc" xlink:arcrole="http://xbrl.org/arcrole/2008/element-label" xlink:from="loc_eba_c86566" xlink:to="label_eba_c86566" />
    <link:loc xlink:type="locator" xlink:href="d_07.00.a-rend.xml#eba_c86567" xlink:label="loc_eba_c86567" />
    <label:label xlink:type="resource" xlink:label="label_eba_c86567" xml:lang="en" xlink:role="http://www.xbrl.org/2008/role/label">Debt securities, including UoP</label:label>
    <gen:arc xlink:type="arc" xlink:arcrole="http://xbrl.org/arcrole/2008/element-label" xlink:from="loc_eba_c86567" xlink:to="label_eba_c86567" />
    <link:loc xlink:type="locator" xlink:href="d_07.00.a-rend.xml#eba_c86568" xlink:label="loc_eba_c86568" />
    <label:label xlink:type="resource" xlink:label="label_eba_c86568" xml:lang="en" xlink:role="http://www.xbrl.org/2008/role/label">Equity instruments</label:label>
    <gen:arc xlink:type="arc" xlink:arcrole="http://xbrl.org/arcrole/2008/element-label" xlink:from="loc_eba_c86568" xlink:to="label_eba_c86568" />
    <link:loc xlink:type="locator" xlink:href="d_07.00.a-rend.xml#eba_c86569" xlink:label="loc_eba_c86569" />
    <label:label xlink:type="resource" xlink:label="label_eba_c86569" xml:lang="en" xlink:role="http://www.xbrl.org/2008/role/label">Non-financial corporations (subject to NFRD disclosure obligations)</label:label>
    <gen:arc xlink:type="arc" xlink:arcrole="http://xbrl.org/arcrole/2008/element-label" xlink:from="loc_eba_c86569" xlink:to="label_eba_c86569" />
    <link:loc xlink:type="locator" xlink:href="d_07.00.a-rend.xml#eba_c86570" xlink:label="loc_eba_c86570" />
    <label:label xlink:type="resource" xlink:label="label_eba_c86570" xml:lang="en" xlink:role="http://www.xbrl.org/2008/role/label">Loans and advances</label:label>
    <gen:arc xlink:type="arc" xlink:arcrole="http://xbrl.org/arcrole/2008/element-label" xlink:from="loc_eba_c86570" xlink:to="label_eba_c86570" />
    <link:loc xlink:type="locator" xlink:href="d_07.00.a-rend.xml#eba_c86571" xlink:label="loc_eba_c86571" />
    <label:label xlink:type="resource" xlink:label="label_eba_c86571" xml:lang="en" xlink:role="http://www.xbrl.org/2008/role/label">Debt securities, including UoP</label:label>
    <gen:arc xlink:type="arc" xlink:arcrole="http://xbrl.org/arcrole/2008/element-label" xlink:from="loc_eba_c86571" xlink:to="label_eba_c86571" />
    <link:loc xlink:type="locator" xlink:href="d_07.00.a-rend.xml#eba_c86572" xlink:label="loc_eba_c86572" />
    <label:label xlink:type="resource" xlink:label="label_eba_c86572" xml:lang="en" xlink:role="http://www.xbrl.org/2008/role/label">Equity instruments</label:label>
    <gen:arc xlink:type="arc" xlink:arcrole="http://xbrl.org/arcrole/2008/element-label" xlink:from="loc_eba_c86572" xlink:to="label_eba_c86572" />
    <link:loc xlink:type="locator" xlink:href="d_07.00.a-rend.xml#eba_c86573" xlink:label="loc_eba_c86573" />
    <label:label xlink:type="resource" xlink:label="label_eba_c86573" xml:lang="en" xlink:role="http://www.xbrl.org/2008/role/label">Households</label:label>
    <gen:arc xlink:type="arc" xlink:arcrole="http://xbrl.org/arcrole/2008/element-label" xlink:from="loc_eba_c86573" xlink:to="label_eba_c86573" />
    <link:loc xlink:type="locator" xlink:href="d_07.00.a-rend.xml#eba_c86574" xlink:label="loc_eba_c86574" />
    <label:label xlink:type="resource" xlink:label="label_eba_c86574" xml:lang="en" xlink:role="http://www.xbrl.org/2008/role/label">of which loans collateralised by residential immovable property</label:label>
    <gen:arc xlink:type="arc" xlink:arcrole="http://xbrl.org/arcrole/2008/element-label" xlink:from="loc_eba_c86574" xlink:to="label_eba_c86574" />
    <link:loc xlink:type="locator" xlink:href="d_07.00.a-rend.xml#eba_c86575" xlink:label="loc_eba_c86575" />
    <label:label xlink:type="resource" xlink:label="label_eba_c86575" xml:lang="en" xlink:role="http://www.xbrl.org/2008/role/label">of which building renovation loans</label:label>
    <gen:arc xlink:type="arc" xlink:arcrole="http://xbrl.org/arcrole/2008/element-label" xlink:from="loc_eba_c86575" xlink:to="label_eba_c86575" />
    <link:loc xlink:type="locator" xlink:href="d_07.00.a-rend.xml#eba_c86576" xlink:label="loc_eba_c86576" />
    <label:label xlink:type="resource" xlink:label="label_eba_c86576" xml:lang="en" xlink:role="http://www.xbrl.org/2008/role/label">of which motor vehicle loans</label:label>
    <gen:arc xlink:type="arc" xlink:arcrole="http://xbrl.org/arcrole/2008/element-label" xlink:from="loc_eba_c86576" xlink:to="label_eba_c86576" />
    <link:loc xlink:type="locator" xlink:href="d_07.00.a-rend.xml#eba_c86577" xlink:label="loc_eba_c86577" />
    <label:label xlink:type="resource" xlink:label="label_eba_c86577" xml:lang="en" xlink:role="http://www.xbrl.org/2008/role/label">Local governments financing</label:label>
    <gen:arc xlink:type="arc" xlink:arcrole="http://xbrl.org/arcrole/2008/element-label" xlink:from="loc_eba_c86577" xlink:to="label_eba_c86577" />
    <link:loc xlink:type="locator" xlink:href="d_07.00.a-rend.xml#eba_c86578" xlink:label="loc_eba_c86578" />
    <label:label xlink:type="resource" xlink:label="label_eba_c86578" xml:lang="en" xlink:role="http://www.xbrl.org/2008/role/label">Housing financing</label:label>
    <gen:arc xlink:type="arc" xlink:arcrole="http://xbrl.org/arcrole/2008/element-label" xlink:from="loc_eba_c86578" xlink:to="label_eba_c86578" />
    <link:loc xlink:type="locator" xlink:href="d_07.00.a-rend.xml#eba_c88111" xlink:label="loc_eba_c88111" />
    <label:label xlink:type="resource" xlink:label="label_eba_c88111" xml:lang="en" xlink:role="http://www.xbrl.org/2008/role/label">Collateral obtained by taking possession: residential and commercial immovable properties</label:label>
    <gen:arc xlink:type="arc" xlink:arcrole="http://xbrl.org/arcrole/2008/element-label" xlink:from="loc_eba_c88111" xlink:to="label_eba_c88111" />
    <link:loc xlink:type="locator" xlink:href="d_07.00.a-rend.xml#eba_c86581" xlink:label="loc_eba_c86581" />
    <label:label xlink:type="resource" xlink:label="label_eba_c86581" xml:lang="en" xlink:role="http://www.xbrl.org/2008/role/label">TOTAL GAR ASSETS</label:label>
    <gen:arc xlink:type="arc" xlink:arcrole="http://xbrl.org/arcrole/2008/element-label" xlink:from="loc_eba_c86581" xlink:to="label_eba_c86581" />
    <link:loc xlink:type="locator" xlink:href="d_07.00.a-rend.xml#eba_c87254" xlink:label="loc_eba_c87254" />
    <label:label xlink:type="resource" xlink:label="label_eba_c87254" xml:lang="en" xlink:role="http://www.xbrl.org/2008/role/label">Assets excluded from the numerator for GAR calculation (covered in the denominator)</label:label>
    <gen:arc xlink:type="arc" xlink:arcrole="http://xbrl.org/arcrole/2008/element-label" xlink:from="loc_eba_c87254" xlink:to="label_eba_c87254" />
    <link:loc xlink:type="locator" xlink:href="d_07.00.a-rend.xml#eba_c86582" xlink:label="loc_eba_c86582" />
    <label:label xlink:type="resource" xlink:label="label_eba_c86582" xml:lang="en" xlink:role="http://www.xbrl.org/2008/role/label">EU Non-financial corporations (not subject to NFRD disclosure obligations)</label:label>
    <gen:arc xlink:type="arc" xlink:arcrole="http://xbrl.org/arcrole/2008/element-label" xlink:from="loc_eba_c86582" xlink:to="label_eba_c86582" />
    <link:loc xlink:type="locator" xlink:href="d_07.00.a-rend.xml#eba_c86583" xlink:label="loc_eba_c86583" />
    <label:label xlink:type="resource" xlink:label="label_eba_c86583" xml:lang="en" xlink:role="http://www.xbrl.org/2008/role/label">Loans and advances</label:label>
    <gen:arc xlink:type="arc" xlink:arcrole="http://xbrl.org/arcrole/2008/element-label" xlink:from="loc_eba_c86583" xlink:to="label_eba_c86583" />
    <link:loc xlink:type="locator" xlink:href="d_07.00.a-rend.xml#eba_c86584" xlink:label="loc_eba_c86584" />
    <label:label xlink:type="resource" xlink:label="label_eba_c86584" xml:lang="en" xlink:role="http://www.xbrl.org/2008/role/label">Debt securities</label:label>
    <gen:arc xlink:type="arc" xlink:arcrole="http://xbrl.org/arcrole/2008/element-label" xlink:from="loc_eba_c86584" xlink:to="label_eba_c86584" />
    <link:loc xlink:type="locator" xlink:href="d_07.00.a-rend.xml#eba_c86585" xlink:label="loc_eba_c86585" />
    <label:label xlink:type="resource" xlink:label="label_eba_c86585" xml:lang="en" xlink:role="http://www.xbrl.org/2008/role/label">Equity instruments</label:label>
    <gen:arc xlink:type="arc" xlink:arcrole="http://xbrl.org/arcrole/2008/element-label" xlink:from="loc_eba_c86585" xlink:to="label_eba_c86585" />
    <link:loc xlink:type="locator" xlink:href="d_07.00.a-rend.xml#eba_c86586" xlink:label="loc_eba_c86586" />
    <label:label xlink:type="resource" xlink:label="label_eba_c86586" xml:lang="en" xlink:role="http://www.xbrl.org/2008/role/label">Non-EU Non-financial corporations (not subject to NFRD disclosure obligations)</label:label>
    <gen:arc xlink:type="arc" xlink:arcrole="http://xbrl.org/arcrole/2008/element-label" xlink:from="loc_eba_c86586" xlink:to="label_eba_c86586" />
    <link:loc xlink:type="locator" xlink:href="d_07.00.a-rend.xml#eba_c86587" xlink:label="loc_eba_c86587" />
    <label:label xlink:type="resource" xlink:label="label_eba_c86587" xml:lang="en" xlink:role="http://www.xbrl.org/2008/role/label">Loans and advances</label:label>
    <gen:arc xlink:type="arc" xlink:arcrole="http://xbrl.org/arcrole/2008/element-label" xlink:from="loc_eba_c86587" xlink:to="label_eba_c86587" />
    <link:loc xlink:type="locator" xlink:href="d_07.00.a-rend.xml#eba_c86588" xlink:label="loc_eba_c86588" />
    <label:label xlink:type="resource" xlink:label="label_eba_c86588" xml:lang="en" xlink:role="http://www.xbrl.org/2008/role/label">Debt securities</label:label>
    <gen:arc xlink:type="arc" xlink:arcrole="http://xbrl.org/arcrole/2008/element-label" xlink:from="loc_eba_c86588" xlink:to="label_eba_c86588" />
    <link:loc xlink:type="locator" xlink:href="d_07.00.a-rend.xml#eba_c86589" xlink:label="loc_eba_c86589" />
    <label:label xlink:type="resource" xlink:label="label_eba_c86589" xml:lang="en" xlink:role="http://www.xbrl.org/2008/role/label">Equity instruments</label:label>
    <gen:arc xlink:type="arc" xlink:arcrole="http://xbrl.org/arcrole/2008/element-label" xlink:from="loc_eba_c86589" xlink:to="label_eba_c86589" />
    <link:loc xlink:type="locator" xlink:href="d_07.00.a-rend.xml#eba_c86590" xlink:label="loc_eba_c86590" />
    <label:label xlink:type="resource" xlink:label="label_eba_c86590" xml:lang="en" xlink:role="http://www.xbrl.org/2008/role/label">Derivatives</label:label>
    <gen:arc xlink:type="arc" xlink:arcrole="http://xbrl.org/arcrole/2008/element-label" xlink:from="loc_eba_c86590" xlink:to="label_eba_c86590" />
    <link:loc xlink:type="locator" xlink:href="d_07.00.a-rend.xml#eba_c86591" xlink:label="loc_eba_c86591" />
    <label:label xlink:type="resource" xlink:label="label_eba_c86591" xml:lang="en" xlink:role="http://www.xbrl.org/2008/role/label">On demand interbank loans</label:label>
    <gen:arc xlink:type="arc" xlink:arcrole="http://xbrl.org/arcrole/2008/element-label" xlink:from="loc_eba_c86591" xlink:to="label_eba_c86591" />
    <link:loc xlink:type="locator" xlink:href="d_07.00.a-rend.xml#eba_c86592" xlink:label="loc_eba_c86592" />
    <label:label xlink:type="resource" xlink:label="label_eba_c86592" xml:lang="en" xlink:role="http://www.xbrl.org/2008/role/label">Cash and cash-related assets</label:label>
    <gen:arc xlink:type="arc" xlink:arcrole="http://xbrl.org/arcrole/2008/element-label" xlink:from="loc_eba_c86592" xlink:to="label_eba_c86592" />
    <link:loc xlink:type="locator" xlink:href="d_07.00.a-rend.xml#eba_c86593" xlink:label="loc_eba_c86593" />
    <label:label xlink:type="resource" xlink:label="label_eba_c86593" xml:lang="en" xlink:role="http://www.xbrl.org/2008/role/label">Other assets (e.g. Goodwill, commodities etc.)</label:label>
    <gen:arc xlink:type="arc" xlink:arcrole="http://xbrl.org/arcrole/2008/element-label" xlink:from="loc_eba_c86593" xlink:to="label_eba_c86593" />
    <link:loc xlink:type="locator" xlink:href="d_07.00.a-rend.xml#eba_c86594" xlink:label="loc_eba_c86594" />
    <label:label xlink:type="resource" xlink:label="label_eba_c86594" xml:lang="en" xlink:role="http://www.xbrl.org/2008/role/label">TOTAL ASSETS IN THE DENOMINATOR (GAR)</label:label>
    <gen:arc xlink:type="arc" xlink:arcrole="http://xbrl.org/arcrole/2008/element-label" xlink:from="loc_eba_c86594" xlink:to="label_eba_c86594" />
    <link:loc xlink:type="locator" xlink:href="d_07.00.a-rend.xml#eba_c86595" xlink:label="loc_eba_c86595" />
    <label:label xlink:type="resource" xlink:label="label_eba_c86595" xml:lang="en" xlink:role="http://www.xbrl.org/2008/role/label">Other assets excluded from both the numerator and denominator for GAR calculation</label:label>
    <gen:arc xlink:type="arc" xlink:arcrole="http://xbrl.org/arcrole/2008/element-label" xlink:from="loc_eba_c86595" xlink:to="label_eba_c86595" />
    <link:loc xlink:type="locator" xlink:href="d_07.00.a-rend.xml#eba_c86596" xlink:label="loc_eba_c86596" />
    <label:label xlink:type="resource" xlink:label="label_eba_c86596" xml:lang="en" xlink:role="http://www.xbrl.org/2008/role/label">Sovereigns</label:label>
    <gen:arc xlink:type="arc" xlink:arcrole="http://xbrl.org/arcrole/2008/element-label" xlink:from="loc_eba_c86596" xlink:to="label_eba_c86596" />
    <link:loc xlink:type="locator" xlink:href="d_07.00.a-rend.xml#eba_c86597" xlink:label="loc_eba_c86597" />
    <label:label xlink:type="resource" xlink:label="label_eba_c86597" xml:lang="en" xlink:role="http://www.xbrl.org/2008/role/label">Central banks exposure</label:label>
    <gen:arc xlink:type="arc" xlink:arcrole="http://xbrl.org/arcrole/2008/element-label" xlink:from="loc_eba_c86597" xlink:to="label_eba_c86597" />
    <link:loc xlink:type="locator" xlink:href="d_07.00.a-rend.xml#eba_c86598" xlink:label="loc_eba_c86598" />
    <label:label xlink:type="resource" xlink:label="label_eba_c86598" xml:lang="en" xlink:role="http://www.xbrl.org/2008/role/label">Trading book</label:label>
    <gen:arc xlink:type="arc" xlink:arcrole="http://xbrl.org/arcrole/2008/element-label" xlink:from="loc_eba_c86598" xlink:to="label_eba_c86598" />
    <link:loc xlink:type="locator" xlink:href="d_07.00.a-rend.xml#eba_c86599" xlink:label="loc_eba_c86599" />
    <label:label xlink:type="resource" xlink:label="label_eba_c86599" xml:lang="en" xlink:role="http://www.xbrl.org/2008/role/label">TOTAL ASSETS EXCLUDED FROM NUMERATOR AND DENOMINATOR</label:label>
    <gen:arc xlink:type="arc" xlink:arcrole="http://xbrl.org/arcrole/2008/element-label" xlink:from="loc_eba_c86599" xlink:to="label_eba_c86599" />
    <link:loc xlink:type="locator" xlink:href="d_07.00.a-rend.xml#eba_c86600" xlink:label="loc_eba_c86600" />
    <label:label xlink:type="resource" xlink:label="label_eba_c86600" xml:lang="en" xlink:role="http://www.xbrl.org/2008/role/label">TOTAL ASSETS</label:label>
    <gen:arc xlink:type="arc" xlink:arcrole="http://xbrl.org/arcrole/2008/element-label" xlink:from="loc_eba_c86600" xlink:to="label_eba_c86600" />
  </gen:link>
</link:linkbase>