﻿<?xml version="1.0" encoding="utf-8"?>
<?taxonomy-version 1.0.0.0 ?>  <?taxonomy-set-overall-version 3.3.0.0 ?>
<!--(C) EBA-->
<link:linkbase xmlns:xsi="http://www.w3.org/2001/XMLSchema-instance" xmlns:xlink="http://www.w3.org/1999/xlink" xmlns:link="http://www.xbrl.org/2003/linkbase" xmlns:gen="http://xbrl.org/2008/generic" xmlns:label="http://xbrl.org/2008/label" xsi:schemaLocation="http://www.xbrl.org/2003/linkbase http://www.xbrl.org/2003/xbrl-linkbase-2003-12-31.xsd http://xbrl.org/2008/generic http://www.xbrl.org/2008/generic-link.xsd http://xbrl.org/2008/label http://www.xbrl.org/2008/generic-label.xsd">
  <link:arcroleRef arcroleURI="http://xbrl.org/arcrole/2008/element-label" xlink:type="simple" xlink:href="http://www.xbrl.org/2008/generic-label.xsd#element-label" />
  <link:roleRef roleURI="http://www.eba.europa.eu/xbrl/role/dpm-db-id" xlink:type="simple" xlink:href="http://www.eba.europa.eu/eu/fr/xbrl/ext/model.xsd#dpm-db-id" />
  <link:roleRef roleURI="http://www.eurofiling.info/xbrl/role/filing-indicator-code" xlink:type="simple" xlink:href="http://www.eurofiling.info/eu/fr/xbrl/ext/model.xsd#filing-indicator-code" />
  <link:roleRef roleURI="http://www.eurofiling.info/xbrl/role/rc-code" xlink:type="simple" xlink:href="http://www.eurofiling.info/eu/fr/xbrl/ext/model.xsd#rc-code" />
  <gen:link xlink:type="extended" xlink:role="http://www.xbrl.org/2003/role/link">
    <link:loc xlink:type="locator" xlink:href="d_07.00.a-rend.xml#eba_tD_07.00.a" xlink:label="loc_eba_tD_07.00.a" />
    <label:label xlink:type="resource" xlink:label="label_eba_tD_07.00.a" xml:lang="en" xlink:role="http://www.eurofiling.info/xbrl/role/rc-code">D 07.00.a</label:label>
    <gen:arc xlink:type="arc" xlink:arcrole="http://xbrl.org/arcrole/2008/element-label" xlink:from="loc_eba_tD_07.00.a" xlink:to="label_eba_tD_07.00.a" />
    <link:loc xlink:type="locator" xlink:href="d_07.00.a-rend.xml#eba_c86509" xlink:label="loc_eba_c86509" />
    <label:label xlink:type="resource" xlink:label="label_eba_c86509" xml:lang="en" xlink:role="http://www.eurofiling.info/xbrl/role/rc-code">0005</label:label>
    <gen:arc xlink:type="arc" xlink:arcrole="http://xbrl.org/arcrole/2008/element-label" xlink:from="loc_eba_c86509" xlink:to="label_eba_c86509" />
    <link:loc xlink:type="locator" xlink:href="d_07.00.a-rend.xml#eba_c86510" xlink:label="loc_eba_c86510" />
    <label:label xlink:type="resource" xlink:label="label_eba_c86510" xml:lang="en" xlink:role="http://www.eurofiling.info/xbrl/role/rc-code">0010</label:label>
    <gen:arc xlink:type="arc" xlink:arcrole="http://xbrl.org/arcrole/2008/element-label" xlink:from="loc_eba_c86510" xlink:to="label_eba_c86510" />
    <link:loc xlink:type="locator" xlink:href="d_07.00.a-rend.xml#eba_c86511" xlink:label="loc_eba_c86511" />
    <label:label xlink:type="resource" xlink:label="label_eba_c86511" xml:lang="en" xlink:role="http://www.eurofiling.info/xbrl/role/rc-code">0015</label:label>
    <gen:arc xlink:type="arc" xlink:arcrole="http://xbrl.org/arcrole/2008/element-label" xlink:from="loc_eba_c86511" xlink:to="label_eba_c86511" />
    <link:loc xlink:type="locator" xlink:href="d_07.00.a-rend.xml#eba_c86512" xlink:label="loc_eba_c86512" />
    <label:label xlink:type="resource" xlink:label="label_eba_c86512" xml:lang="en" xlink:role="http://www.eurofiling.info/xbrl/role/rc-code">0020</label:label>
    <gen:arc xlink:type="arc" xlink:arcrole="http://xbrl.org/arcrole/2008/element-label" xlink:from="loc_eba_c86512" xlink:to="label_eba_c86512" />
    <link:loc xlink:type="locator" xlink:href="d_07.00.a-rend.xml#eba_c86513" xlink:label="loc_eba_c86513" />
    <label:label xlink:type="resource" xlink:label="label_eba_c86513" xml:lang="en" xlink:role="http://www.eurofiling.info/xbrl/role/rc-code">0030</label:label>
    <gen:arc xlink:type="arc" xlink:arcrole="http://xbrl.org/arcrole/2008/element-label" xlink:from="loc_eba_c86513" xlink:to="label_eba_c86513" />
    <link:loc xlink:type="locator" xlink:href="d_07.00.a-rend.xml#eba_c86514" xlink:label="loc_eba_c86514" />
    <label:label xlink:type="resource" xlink:label="label_eba_c86514" xml:lang="en" xlink:role="http://www.eurofiling.info/xbrl/role/rc-code">0040</label:label>
    <gen:arc xlink:type="arc" xlink:arcrole="http://xbrl.org/arcrole/2008/element-label" xlink:from="loc_eba_c86514" xlink:to="label_eba_c86514" />
    <link:loc xlink:type="locator" xlink:href="d_07.00.a-rend.xml#eba_c86515" xlink:label="loc_eba_c86515" />
    <label:label xlink:type="resource" xlink:label="label_eba_c86515" xml:lang="en" xlink:role="http://www.eurofiling.info/xbrl/role/rc-code">0050</label:label>
    <gen:arc xlink:type="arc" xlink:arcrole="http://xbrl.org/arcrole/2008/element-label" xlink:from="loc_eba_c86515" xlink:to="label_eba_c86515" />
    <link:loc xlink:type="locator" xlink:href="d_07.00.a-rend.xml#eba_c86516" xlink:label="loc_eba_c86516" />
    <label:label xlink:type="resource" xlink:label="label_eba_c86516" xml:lang="en" xlink:role="http://www.eurofiling.info/xbrl/role/rc-code">0060</label:label>
    <gen:arc xlink:type="arc" xlink:arcrole="http://xbrl.org/arcrole/2008/element-label" xlink:from="loc_eba_c86516" xlink:to="label_eba_c86516" />
    <link:loc xlink:type="locator" xlink:href="d_07.00.a-rend.xml#eba_c86517" xlink:label="loc_eba_c86517" />
    <label:label xlink:type="resource" xlink:label="label_eba_c86517" xml:lang="en" xlink:role="http://www.eurofiling.info/xbrl/role/rc-code">0065</label:label>
    <gen:arc xlink:type="arc" xlink:arcrole="http://xbrl.org/arcrole/2008/element-label" xlink:from="loc_eba_c86517" xlink:to="label_eba_c86517" />
    <link:loc xlink:type="locator" xlink:href="d_07.00.a-rend.xml#eba_c86518" xlink:label="loc_eba_c86518" />
    <label:label xlink:type="resource" xlink:label="label_eba_c86518" xml:lang="en" xlink:role="http://www.eurofiling.info/xbrl/role/rc-code">0070</label:label>
    <gen:arc xlink:type="arc" xlink:arcrole="http://xbrl.org/arcrole/2008/element-label" xlink:from="loc_eba_c86518" xlink:to="label_eba_c86518" />
    <link:loc xlink:type="locator" xlink:href="d_07.00.a-rend.xml#eba_c86519" xlink:label="loc_eba_c86519" />
    <label:label xlink:type="resource" xlink:label="label_eba_c86519" xml:lang="en" xlink:role="http://www.eurofiling.info/xbrl/role/rc-code">0080</label:label>
    <gen:arc xlink:type="arc" xlink:arcrole="http://xbrl.org/arcrole/2008/element-label" xlink:from="loc_eba_c86519" xlink:to="label_eba_c86519" />
    <link:loc xlink:type="locator" xlink:href="d_07.00.a-rend.xml#eba_c86520" xlink:label="loc_eba_c86520" />
    <label:label xlink:type="resource" xlink:label="label_eba_c86520" xml:lang="en" xlink:role="http://www.eurofiling.info/xbrl/role/rc-code">0090</label:label>
    <gen:arc xlink:type="arc" xlink:arcrole="http://xbrl.org/arcrole/2008/element-label" xlink:from="loc_eba_c86520" xlink:to="label_eba_c86520" />
    <link:loc xlink:type="locator" xlink:href="d_07.00.a-rend.xml#eba_c86521" xlink:label="loc_eba_c86521" />
    <label:label xlink:type="resource" xlink:label="label_eba_c86521" xml:lang="en" xlink:role="http://www.eurofiling.info/xbrl/role/rc-code">0100</label:label>
    <gen:arc xlink:type="arc" xlink:arcrole="http://xbrl.org/arcrole/2008/element-label" xlink:from="loc_eba_c86521" xlink:to="label_eba_c86521" />
    <link:loc xlink:type="locator" xlink:href="d_07.00.a-rend.xml#eba_c86522" xlink:label="loc_eba_c86522" />
    <label:label xlink:type="resource" xlink:label="label_eba_c86522" xml:lang="en" xlink:role="http://www.eurofiling.info/xbrl/role/rc-code">0110</label:label>
    <gen:arc xlink:type="arc" xlink:arcrole="http://xbrl.org/arcrole/2008/element-label" xlink:from="loc_eba_c86522" xlink:to="label_eba_c86522" />
    <link:loc xlink:type="locator" xlink:href="d_07.00.a-rend.xml#eba_c86523" xlink:label="loc_eba_c86523" />
    <label:label xlink:type="resource" xlink:label="label_eba_c86523" xml:lang="en" xlink:role="http://www.eurofiling.info/xbrl/role/rc-code">0115</label:label>
    <gen:arc xlink:type="arc" xlink:arcrole="http://xbrl.org/arcrole/2008/element-label" xlink:from="loc_eba_c86523" xlink:to="label_eba_c86523" />
    <link:loc xlink:type="locator" xlink:href="d_07.00.a-rend.xml#eba_c86524" xlink:label="loc_eba_c86524" />
    <label:label xlink:type="resource" xlink:label="label_eba_c86524" xml:lang="en" xlink:role="http://www.eurofiling.info/xbrl/role/rc-code">0120</label:label>
    <gen:arc xlink:type="arc" xlink:arcrole="http://xbrl.org/arcrole/2008/element-label" xlink:from="loc_eba_c86524" xlink:to="label_eba_c86524" />
    <link:loc xlink:type="locator" xlink:href="d_07.00.a-rend.xml#eba_c86525" xlink:label="loc_eba_c86525" />
    <label:label xlink:type="resource" xlink:label="label_eba_c86525" xml:lang="en" xlink:role="http://www.eurofiling.info/xbrl/role/rc-code">0130</label:label>
    <gen:arc xlink:type="arc" xlink:arcrole="http://xbrl.org/arcrole/2008/element-label" xlink:from="loc_eba_c86525" xlink:to="label_eba_c86525" />
    <link:loc xlink:type="locator" xlink:href="d_07.00.a-rend.xml#eba_c86526" xlink:label="loc_eba_c86526" />
    <label:label xlink:type="resource" xlink:label="label_eba_c86526" xml:lang="en" xlink:role="http://www.eurofiling.info/xbrl/role/rc-code">0140</label:label>
    <gen:arc xlink:type="arc" xlink:arcrole="http://xbrl.org/arcrole/2008/element-label" xlink:from="loc_eba_c86526" xlink:to="label_eba_c86526" />
    <link:loc xlink:type="locator" xlink:href="d_07.00.a-rend.xml#eba_c86527" xlink:label="loc_eba_c86527" />
    <label:label xlink:type="resource" xlink:label="label_eba_c86527" xml:lang="en" xlink:role="http://www.eurofiling.info/xbrl/role/rc-code">0150</label:label>
    <gen:arc xlink:type="arc" xlink:arcrole="http://xbrl.org/arcrole/2008/element-label" xlink:from="loc_eba_c86527" xlink:to="label_eba_c86527" />
    <link:loc xlink:type="locator" xlink:href="d_07.00.a-rend.xml#eba_c86528" xlink:label="loc_eba_c86528" />
    <label:label xlink:type="resource" xlink:label="label_eba_c86528" xml:lang="en" xlink:role="http://www.eurofiling.info/xbrl/role/rc-code">0160</label:label>
    <gen:arc xlink:type="arc" xlink:arcrole="http://xbrl.org/arcrole/2008/element-label" xlink:from="loc_eba_c86528" xlink:to="label_eba_c86528" />
    <link:loc xlink:type="locator" xlink:href="d_07.00.a-rend.xml#eba_c86549" xlink:label="loc_eba_c86549" />
    <label:label xlink:type="resource" xlink:label="label_eba_c86549" xml:lang="en" xlink:role="http://www.eurofiling.info/xbrl/role/rc-code">0005</label:label>
    <gen:arc xlink:type="arc" xlink:arcrole="http://xbrl.org/arcrole/2008/element-label" xlink:from="loc_eba_c86549" xlink:to="label_eba_c86549" />
    <link:loc xlink:type="locator" xlink:href="d_07.00.a-rend.xml#eba_c86550" xlink:label="loc_eba_c86550" />
    <label:label xlink:type="resource" xlink:label="label_eba_c86550" xml:lang="en" xlink:role="http://www.eurofiling.info/xbrl/role/rc-code">0010</label:label>
    <gen:arc xlink:type="arc" xlink:arcrole="http://xbrl.org/arcrole/2008/element-label" xlink:from="loc_eba_c86550" xlink:to="label_eba_c86550" />
    <link:loc xlink:type="locator" xlink:href="d_07.00.a-rend.xml#eba_c86551" xlink:label="loc_eba_c86551" />
    <label:label xlink:type="resource" xlink:label="label_eba_c86551" xml:lang="en" xlink:role="http://www.eurofiling.info/xbrl/role/rc-code">0020</label:label>
    <gen:arc xlink:type="arc" xlink:arcrole="http://xbrl.org/arcrole/2008/element-label" xlink:from="loc_eba_c86551" xlink:to="label_eba_c86551" />
    <link:loc xlink:type="locator" xlink:href="d_07.00.a-rend.xml#eba_c86552" xlink:label="loc_eba_c86552" />
    <label:label xlink:type="resource" xlink:label="label_eba_c86552" xml:lang="en" xlink:role="http://www.eurofiling.info/xbrl/role/rc-code">0030</label:label>
    <gen:arc xlink:type="arc" xlink:arcrole="http://xbrl.org/arcrole/2008/element-label" xlink:from="loc_eba_c86552" xlink:to="label_eba_c86552" />
    <link:loc xlink:type="locator" xlink:href="d_07.00.a-rend.xml#eba_c86553" xlink:label="loc_eba_c86553" />
    <label:label xlink:type="resource" xlink:label="label_eba_c86553" xml:lang="en" xlink:role="http://www.eurofiling.info/xbrl/role/rc-code">0040</label:label>
    <gen:arc xlink:type="arc" xlink:arcrole="http://xbrl.org/arcrole/2008/element-label" xlink:from="loc_eba_c86553" xlink:to="label_eba_c86553" />
    <link:loc xlink:type="locator" xlink:href="d_07.00.a-rend.xml#eba_c86554" xlink:label="loc_eba_c86554" />
    <label:label xlink:type="resource" xlink:label="label_eba_c86554" xml:lang="en" xlink:role="http://www.eurofiling.info/xbrl/role/rc-code">0050</label:label>
    <gen:arc xlink:type="arc" xlink:arcrole="http://xbrl.org/arcrole/2008/element-label" xlink:from="loc_eba_c86554" xlink:to="label_eba_c86554" />
    <link:loc xlink:type="locator" xlink:href="d_07.00.a-rend.xml#eba_c86555" xlink:label="loc_eba_c86555" />
    <label:label xlink:type="resource" xlink:label="label_eba_c86555" xml:lang="en" xlink:role="http://www.eurofiling.info/xbrl/role/rc-code">0060</label:label>
    <gen:arc xlink:type="arc" xlink:arcrole="http://xbrl.org/arcrole/2008/element-label" xlink:from="loc_eba_c86555" xlink:to="label_eba_c86555" />
    <link:loc xlink:type="locator" xlink:href="d_07.00.a-rend.xml#eba_c86556" xlink:label="loc_eba_c86556" />
    <label:label xlink:type="resource" xlink:label="label_eba_c86556" xml:lang="en" xlink:role="http://www.eurofiling.info/xbrl/role/rc-code">0070</label:label>
    <gen:arc xlink:type="arc" xlink:arcrole="http://xbrl.org/arcrole/2008/element-label" xlink:from="loc_eba_c86556" xlink:to="label_eba_c86556" />
    <link:loc xlink:type="locator" xlink:href="d_07.00.a-rend.xml#eba_c86557" xlink:label="loc_eba_c86557" />
    <label:label xlink:type="resource" xlink:label="label_eba_c86557" xml:lang="en" xlink:role="http://www.eurofiling.info/xbrl/role/rc-code">0080</label:label>
    <gen:arc xlink:type="arc" xlink:arcrole="http://xbrl.org/arcrole/2008/element-label" xlink:from="loc_eba_c86557" xlink:to="label_eba_c86557" />
    <link:loc xlink:type="locator" xlink:href="d_07.00.a-rend.xml#eba_c86558" xlink:label="loc_eba_c86558" />
    <label:label xlink:type="resource" xlink:label="label_eba_c86558" xml:lang="en" xlink:role="http://www.eurofiling.info/xbrl/role/rc-code">0090</label:label>
    <gen:arc xlink:type="arc" xlink:arcrole="http://xbrl.org/arcrole/2008/element-label" xlink:from="loc_eba_c86558" xlink:to="label_eba_c86558" />
    <link:loc xlink:type="locator" xlink:href="d_07.00.a-rend.xml#eba_c86559" xlink:label="loc_eba_c86559" />
    <label:label xlink:type="resource" xlink:label="label_eba_c86559" xml:lang="en" xlink:role="http://www.eurofiling.info/xbrl/role/rc-code">0100</label:label>
    <gen:arc xlink:type="arc" xlink:arcrole="http://xbrl.org/arcrole/2008/element-label" xlink:from="loc_eba_c86559" xlink:to="label_eba_c86559" />
    <link:loc xlink:type="locator" xlink:href="d_07.00.a-rend.xml#eba_c86560" xlink:label="loc_eba_c86560" />
    <label:label xlink:type="resource" xlink:label="label_eba_c86560" xml:lang="en" xlink:role="http://www.eurofiling.info/xbrl/role/rc-code">0110</label:label>
    <gen:arc xlink:type="arc" xlink:arcrole="http://xbrl.org/arcrole/2008/element-label" xlink:from="loc_eba_c86560" xlink:to="label_eba_c86560" />
    <link:loc xlink:type="locator" xlink:href="d_07.00.a-rend.xml#eba_c86561" xlink:label="loc_eba_c86561" />
    <label:label xlink:type="resource" xlink:label="label_eba_c86561" xml:lang="en" xlink:role="http://www.eurofiling.info/xbrl/role/rc-code">0120</label:label>
    <gen:arc xlink:type="arc" xlink:arcrole="http://xbrl.org/arcrole/2008/element-label" xlink:from="loc_eba_c86561" xlink:to="label_eba_c86561" />
    <link:loc xlink:type="locator" xlink:href="d_07.00.a-rend.xml#eba_c86562" xlink:label="loc_eba_c86562" />
    <label:label xlink:type="resource" xlink:label="label_eba_c86562" xml:lang="en" xlink:role="http://www.eurofiling.info/xbrl/role/rc-code">0130</label:label>
    <gen:arc xlink:type="arc" xlink:arcrole="http://xbrl.org/arcrole/2008/element-label" xlink:from="loc_eba_c86562" xlink:to="label_eba_c86562" />
    <link:loc xlink:type="locator" xlink:href="d_07.00.a-rend.xml#eba_c86563" xlink:label="loc_eba_c86563" />
    <label:label xlink:type="resource" xlink:label="label_eba_c86563" xml:lang="en" xlink:role="http://www.eurofiling.info/xbrl/role/rc-code">0140</label:label>
    <gen:arc xlink:type="arc" xlink:arcrole="http://xbrl.org/arcrole/2008/element-label" xlink:from="loc_eba_c86563" xlink:to="label_eba_c86563" />
    <link:loc xlink:type="locator" xlink:href="d_07.00.a-rend.xml#eba_c86564" xlink:label="loc_eba_c86564" />
    <label:label xlink:type="resource" xlink:label="label_eba_c86564" xml:lang="en" xlink:role="http://www.eurofiling.info/xbrl/role/rc-code">0150</label:label>
    <gen:arc xlink:type="arc" xlink:arcrole="http://xbrl.org/arcrole/2008/element-label" xlink:from="loc_eba_c86564" xlink:to="label_eba_c86564" />
    <link:loc xlink:type="locator" xlink:href="d_07.00.a-rend.xml#eba_c86565" xlink:label="loc_eba_c86565" />
    <label:label xlink:type="resource" xlink:label="label_eba_c86565" xml:lang="en" xlink:role="http://www.eurofiling.info/xbrl/role/rc-code">0160</label:label>
    <gen:arc xlink:type="arc" xlink:arcrole="http://xbrl.org/arcrole/2008/element-label" xlink:from="loc_eba_c86565" xlink:to="label_eba_c86565" />
    <link:loc xlink:type="locator" xlink:href="d_07.00.a-rend.xml#eba_c86566" xlink:label="loc_eba_c86566" />
    <label:label xlink:type="resource" xlink:label="label_eba_c86566" xml:lang="en" xlink:role="http://www.eurofiling.info/xbrl/role/rc-code">0170</label:label>
    <gen:arc xlink:type="arc" xlink:arcrole="http://xbrl.org/arcrole/2008/element-label" xlink:from="loc_eba_c86566" xlink:to="label_eba_c86566" />
    <link:loc xlink:type="locator" xlink:href="d_07.00.a-rend.xml#eba_c86567" xlink:label="loc_eba_c86567" />
    <label:label xlink:type="resource" xlink:label="label_eba_c86567" xml:lang="en" xlink:role="http://www.eurofiling.info/xbrl/role/rc-code">0180</label:label>
    <gen:arc xlink:type="arc" xlink:arcrole="http://xbrl.org/arcrole/2008/element-label" xlink:from="loc_eba_c86567" xlink:to="label_eba_c86567" />
    <link:loc xlink:type="locator" xlink:href="d_07.00.a-rend.xml#eba_c86568" xlink:label="loc_eba_c86568" />
    <label:label xlink:type="resource" xlink:label="label_eba_c86568" xml:lang="en" xlink:role="http://www.eurofiling.info/xbrl/role/rc-code">0190</label:label>
    <gen:arc xlink:type="arc" xlink:arcrole="http://xbrl.org/arcrole/2008/element-label" xlink:from="loc_eba_c86568" xlink:to="label_eba_c86568" />
    <link:loc xlink:type="locator" xlink:href="d_07.00.a-rend.xml#eba_c86569" xlink:label="loc_eba_c86569" />
    <label:label xlink:type="resource" xlink:label="label_eba_c86569" xml:lang="en" xlink:role="http://www.eurofiling.info/xbrl/role/rc-code">0200</label:label>
    <gen:arc xlink:type="arc" xlink:arcrole="http://xbrl.org/arcrole/2008/element-label" xlink:from="loc_eba_c86569" xlink:to="label_eba_c86569" />
    <link:loc xlink:type="locator" xlink:href="d_07.00.a-rend.xml#eba_c86570" xlink:label="loc_eba_c86570" />
    <label:label xlink:type="resource" xlink:label="label_eba_c86570" xml:lang="en" xlink:role="http://www.eurofiling.info/xbrl/role/rc-code">0210</label:label>
    <gen:arc xlink:type="arc" xlink:arcrole="http://xbrl.org/arcrole/2008/element-label" xlink:from="loc_eba_c86570" xlink:to="label_eba_c86570" />
    <link:loc xlink:type="locator" xlink:href="d_07.00.a-rend.xml#eba_c86571" xlink:label="loc_eba_c86571" />
    <label:label xlink:type="resource" xlink:label="label_eba_c86571" xml:lang="en" xlink:role="http://www.eurofiling.info/xbrl/role/rc-code">0220</label:label>
    <gen:arc xlink:type="arc" xlink:arcrole="http://xbrl.org/arcrole/2008/element-label" xlink:from="loc_eba_c86571" xlink:to="label_eba_c86571" />
    <link:loc xlink:type="locator" xlink:href="d_07.00.a-rend.xml#eba_c86572" xlink:label="loc_eba_c86572" />
    <label:label xlink:type="resource" xlink:label="label_eba_c86572" xml:lang="en" xlink:role="http://www.eurofiling.info/xbrl/role/rc-code">0230</label:label>
    <gen:arc xlink:type="arc" xlink:arcrole="http://xbrl.org/arcrole/2008/element-label" xlink:from="loc_eba_c86572" xlink:to="label_eba_c86572" />
    <link:loc xlink:type="locator" xlink:href="d_07.00.a-rend.xml#eba_c86573" xlink:label="loc_eba_c86573" />
    <label:label xlink:type="resource" xlink:label="label_eba_c86573" xml:lang="en" xlink:role="http://www.eurofiling.info/xbrl/role/rc-code">0240</label:label>
    <gen:arc xlink:type="arc" xlink:arcrole="http://xbrl.org/arcrole/2008/element-label" xlink:from="loc_eba_c86573" xlink:to="label_eba_c86573" />
    <link:loc xlink:type="locator" xlink:href="d_07.00.a-rend.xml#eba_c86574" xlink:label="loc_eba_c86574" />
    <label:label xlink:type="resource" xlink:label="label_eba_c86574" xml:lang="en" xlink:role="http://www.eurofiling.info/xbrl/role/rc-code">0250</label:label>
    <gen:arc xlink:type="arc" xlink:arcrole="http://xbrl.org/arcrole/2008/element-label" xlink:from="loc_eba_c86574" xlink:to="label_eba_c86574" />
    <link:loc xlink:type="locator" xlink:href="d_07.00.a-rend.xml#eba_c86575" xlink:label="loc_eba_c86575" />
    <label:label xlink:type="resource" xlink:label="label_eba_c86575" xml:lang="en" xlink:role="http://www.eurofiling.info/xbrl/role/rc-code">0260</label:label>
    <gen:arc xlink:type="arc" xlink:arcrole="http://xbrl.org/arcrole/2008/element-label" xlink:from="loc_eba_c86575" xlink:to="label_eba_c86575" />
    <link:loc xlink:type="locator" xlink:href="d_07.00.a-rend.xml#eba_c86576" xlink:label="loc_eba_c86576" />
    <label:label xlink:type="resource" xlink:label="label_eba_c86576" xml:lang="en" xlink:role="http://www.eurofiling.info/xbrl/role/rc-code">0270</label:label>
    <gen:arc xlink:type="arc" xlink:arcrole="http://xbrl.org/arcrole/2008/element-label" xlink:from="loc_eba_c86576" xlink:to="label_eba_c86576" />
    <link:loc xlink:type="locator" xlink:href="d_07.00.a-rend.xml#eba_c86577" xlink:label="loc_eba_c86577" />
    <label:label xlink:type="resource" xlink:label="label_eba_c86577" xml:lang="en" xlink:role="http://www.eurofiling.info/xbrl/role/rc-code">0280</label:label>
    <gen:arc xlink:type="arc" xlink:arcrole="http://xbrl.org/arcrole/2008/element-label" xlink:from="loc_eba_c86577" xlink:to="label_eba_c86577" />
    <link:loc xlink:type="locator" xlink:href="d_07.00.a-rend.xml#eba_c86578" xlink:label="loc_eba_c86578" />
    <label:label xlink:type="resource" xlink:label="label_eba_c86578" xml:lang="en" xlink:role="http://www.eurofiling.info/xbrl/role/rc-code">0290</label:label>
    <gen:arc xlink:type="arc" xlink:arcrole="http://xbrl.org/arcrole/2008/element-label" xlink:from="loc_eba_c86578" xlink:to="label_eba_c86578" />
    <link:loc xlink:type="locator" xlink:href="d_07.00.a-rend.xml#eba_c88111" xlink:label="loc_eba_c88111" />
    <label:label xlink:type="resource" xlink:label="label_eba_c88111" xml:lang="en" xlink:role="http://www.eurofiling.info/xbrl/role/rc-code">0310</label:label>
    <gen:arc xlink:type="arc" xlink:arcrole="http://xbrl.org/arcrole/2008/element-label" xlink:from="loc_eba_c88111" xlink:to="label_eba_c88111" />
    <link:loc xlink:type="locator" xlink:href="d_07.00.a-rend.xml#eba_c86581" xlink:label="loc_eba_c86581" />
    <label:label xlink:type="resource" xlink:label="label_eba_c86581" xml:lang="en" xlink:role="http://www.eurofiling.info/xbrl/role/rc-code">0320</label:label>
    <gen:arc xlink:type="arc" xlink:arcrole="http://xbrl.org/arcrole/2008/element-label" xlink:from="loc_eba_c86581" xlink:to="label_eba_c86581" />
    <link:loc xlink:type="locator" xlink:href="d_07.00.a-rend.xml#eba_c87254" xlink:label="loc_eba_c87254" />
    <label:label xlink:type="resource" xlink:label="label_eba_c87254" xml:lang="en" xlink:role="http://www.eurofiling.info/xbrl/role/rc-code">0325</label:label>
    <gen:arc xlink:type="arc" xlink:arcrole="http://xbrl.org/arcrole/2008/element-label" xlink:from="loc_eba_c87254" xlink:to="label_eba_c87254" />
    <link:loc xlink:type="locator" xlink:href="d_07.00.a-rend.xml#eba_c86582" xlink:label="loc_eba_c86582" />
    <label:label xlink:type="resource" xlink:label="label_eba_c86582" xml:lang="en" xlink:role="http://www.eurofiling.info/xbrl/role/rc-code">0330</label:label>
    <gen:arc xlink:type="arc" xlink:arcrole="http://xbrl.org/arcrole/2008/element-label" xlink:from="loc_eba_c86582" xlink:to="label_eba_c86582" />
    <link:loc xlink:type="locator" xlink:href="d_07.00.a-rend.xml#eba_c86583" xlink:label="loc_eba_c86583" />
    <label:label xlink:type="resource" xlink:label="label_eba_c86583" xml:lang="en" xlink:role="http://www.eurofiling.info/xbrl/role/rc-code">0340</label:label>
    <gen:arc xlink:type="arc" xlink:arcrole="http://xbrl.org/arcrole/2008/element-label" xlink:from="loc_eba_c86583" xlink:to="label_eba_c86583" />
    <link:loc xlink:type="locator" xlink:href="d_07.00.a-rend.xml#eba_c86584" xlink:label="loc_eba_c86584" />
    <label:label xlink:type="resource" xlink:label="label_eba_c86584" xml:lang="en" xlink:role="http://www.eurofiling.info/xbrl/role/rc-code">0350</label:label>
    <gen:arc xlink:type="arc" xlink:arcrole="http://xbrl.org/arcrole/2008/element-label" xlink:from="loc_eba_c86584" xlink:to="label_eba_c86584" />
    <link:loc xlink:type="locator" xlink:href="d_07.00.a-rend.xml#eba_c86585" xlink:label="loc_eba_c86585" />
    <label:label xlink:type="resource" xlink:label="label_eba_c86585" xml:lang="en" xlink:role="http://www.eurofiling.info/xbrl/role/rc-code">0360</label:label>
    <gen:arc xlink:type="arc" xlink:arcrole="http://xbrl.org/arcrole/2008/element-label" xlink:from="loc_eba_c86585" xlink:to="label_eba_c86585" />
    <link:loc xlink:type="locator" xlink:href="d_07.00.a-rend.xml#eba_c86586" xlink:label="loc_eba_c86586" />
    <label:label xlink:type="resource" xlink:label="label_eba_c86586" xml:lang="en" xlink:role="http://www.eurofiling.info/xbrl/role/rc-code">0370</label:label>
    <gen:arc xlink:type="arc" xlink:arcrole="http://xbrl.org/arcrole/2008/element-label" xlink:from="loc_eba_c86586" xlink:to="label_eba_c86586" />
    <link:loc xlink:type="locator" xlink:href="d_07.00.a-rend.xml#eba_c86587" xlink:label="loc_eba_c86587" />
    <label:label xlink:type="resource" xlink:label="label_eba_c86587" xml:lang="en" xlink:role="http://www.eurofiling.info/xbrl/role/rc-code">0380</label:label>
    <gen:arc xlink:type="arc" xlink:arcrole="http://xbrl.org/arcrole/2008/element-label" xlink:from="loc_eba_c86587" xlink:to="label_eba_c86587" />
    <link:loc xlink:type="locator" xlink:href="d_07.00.a-rend.xml#eba_c86588" xlink:label="loc_eba_c86588" />
    <label:label xlink:type="resource" xlink:label="label_eba_c86588" xml:lang="en" xlink:role="http://www.eurofiling.info/xbrl/role/rc-code">0390</label:label>
    <gen:arc xlink:type="arc" xlink:arcrole="http://xbrl.org/arcrole/2008/element-label" xlink:from="loc_eba_c86588" xlink:to="label_eba_c86588" />
    <link:loc xlink:type="locator" xlink:href="d_07.00.a-rend.xml#eba_c86589" xlink:label="loc_eba_c86589" />
    <label:label xlink:type="resource" xlink:label="label_eba_c86589" xml:lang="en" xlink:role="http://www.eurofiling.info/xbrl/role/rc-code">0400</label:label>
    <gen:arc xlink:type="arc" xlink:arcrole="http://xbrl.org/arcrole/2008/element-label" xlink:from="loc_eba_c86589" xlink:to="label_eba_c86589" />
    <link:loc xlink:type="locator" xlink:href="d_07.00.a-rend.xml#eba_c86590" xlink:label="loc_eba_c86590" />
    <label:label xlink:type="resource" xlink:label="label_eba_c86590" xml:lang="en" xlink:role="http://www.eurofiling.info/xbrl/role/rc-code">0410</label:label>
    <gen:arc xlink:type="arc" xlink:arcrole="http://xbrl.org/arcrole/2008/element-label" xlink:from="loc_eba_c86590" xlink:to="label_eba_c86590" />
    <link:loc xlink:type="locator" xlink:href="d_07.00.a-rend.xml#eba_c86591" xlink:label="loc_eba_c86591" />
    <label:label xlink:type="resource" xlink:label="label_eba_c86591" xml:lang="en" xlink:role="http://www.eurofiling.info/xbrl/role/rc-code">0420</label:label>
    <gen:arc xlink:type="arc" xlink:arcrole="http://xbrl.org/arcrole/2008/element-label" xlink:from="loc_eba_c86591" xlink:to="label_eba_c86591" />
    <link:loc xlink:type="locator" xlink:href="d_07.00.a-rend.xml#eba_c86592" xlink:label="loc_eba_c86592" />
    <label:label xlink:type="resource" xlink:label="label_eba_c86592" xml:lang="en" xlink:role="http://www.eurofiling.info/xbrl/role/rc-code">0430</label:label>
    <gen:arc xlink:type="arc" xlink:arcrole="http://xbrl.org/arcrole/2008/element-label" xlink:from="loc_eba_c86592" xlink:to="label_eba_c86592" />
    <link:loc xlink:type="locator" xlink:href="d_07.00.a-rend.xml#eba_c86593" xlink:label="loc_eba_c86593" />
    <label:label xlink:type="resource" xlink:label="label_eba_c86593" xml:lang="en" xlink:role="http://www.eurofiling.info/xbrl/role/rc-code">0440</label:label>
    <gen:arc xlink:type="arc" xlink:arcrole="http://xbrl.org/arcrole/2008/element-label" xlink:from="loc_eba_c86593" xlink:to="label_eba_c86593" />
    <link:loc xlink:type="locator" xlink:href="d_07.00.a-rend.xml#eba_c86594" xlink:label="loc_eba_c86594" />
    <label:label xlink:type="resource" xlink:label="label_eba_c86594" xml:lang="en" xlink:role="http://www.eurofiling.info/xbrl/role/rc-code">0450</label:label>
    <gen:arc xlink:type="arc" xlink:arcrole="http://xbrl.org/arcrole/2008/element-label" xlink:from="loc_eba_c86594" xlink:to="label_eba_c86594" />
    <link:loc xlink:type="locator" xlink:href="d_07.00.a-rend.xml#eba_c86595" xlink:label="loc_eba_c86595" />
    <label:label xlink:type="resource" xlink:label="label_eba_c86595" xml:lang="en" xlink:role="http://www.eurofiling.info/xbrl/role/rc-code">0455</label:label>
    <gen:arc xlink:type="arc" xlink:arcrole="http://xbrl.org/arcrole/2008/element-label" xlink:from="loc_eba_c86595" xlink:to="label_eba_c86595" />
    <link:loc xlink:type="locator" xlink:href="d_07.00.a-rend.xml#eba_c86596" xlink:label="loc_eba_c86596" />
    <label:label xlink:type="resource" xlink:label="label_eba_c86596" xml:lang="en" xlink:role="http://www.eurofiling.info/xbrl/role/rc-code">0460</label:label>
    <gen:arc xlink:type="arc" xlink:arcrole="http://xbrl.org/arcrole/2008/element-label" xlink:from="loc_eba_c86596" xlink:to="label_eba_c86596" />
    <link:loc xlink:type="locator" xlink:href="d_07.00.a-rend.xml#eba_c86597" xlink:label="loc_eba_c86597" />
    <label:label xlink:type="resource" xlink:label="label_eba_c86597" xml:lang="en" xlink:role="http://www.eurofiling.info/xbrl/role/rc-code">0470</label:label>
    <gen:arc xlink:type="arc" xlink:arcrole="http://xbrl.org/arcrole/2008/element-label" xlink:from="loc_eba_c86597" xlink:to="label_eba_c86597" />
    <link:loc xlink:type="locator" xlink:href="d_07.00.a-rend.xml#eba_c86598" xlink:label="loc_eba_c86598" />
    <label:label xlink:type="resource" xlink:label="label_eba_c86598" xml:lang="en" xlink:role="http://www.eurofiling.info/xbrl/role/rc-code">0480</label:label>
    <gen:arc xlink:type="arc" xlink:arcrole="http://xbrl.org/arcrole/2008/element-label" xlink:from="loc_eba_c86598" xlink:to="label_eba_c86598" />
    <link:loc xlink:type="locator" xlink:href="d_07.00.a-rend.xml#eba_c86599" xlink:label="loc_eba_c86599" />
    <label:label xlink:type="resource" xlink:label="label_eba_c86599" xml:lang="en" xlink:role="http://www.eurofiling.info/xbrl/role/rc-code">0490</label:label>
    <gen:arc xlink:type="arc" xlink:arcrole="http://xbrl.org/arcrole/2008/element-label" xlink:from="loc_eba_c86599" xlink:to="label_eba_c86599" />
    <link:loc xlink:type="locator" xlink:href="d_07.00.a-rend.xml#eba_c86600" xlink:label="loc_eba_c86600" />
    <label:label xlink:type="resource" xlink:label="label_eba_c86600" xml:lang="en" xlink:role="http://www.eurofiling.info/xbrl/role/rc-code">0500</label:label>
    <gen:arc xlink:type="arc" xlink:arcrole="http://xbrl.org/arcrole/2008/element-label" xlink:from="loc_eba_c86600" xlink:to="label_eba_c86600" />
    <label:label xlink:type="resource" xlink:label="label_eba_tD_07.00.a_1" xml:lang="en" xlink:role="http://www.eurofiling.info/xbrl/role/filing-indicator-code">D_07.00</label:label>
    <gen:arc xlink:type="arc" xlink:arcrole="http://xbrl.org/arcrole/2008/element-label" xlink:from="loc_eba_tD_07.00.a" xlink:to="label_eba_tD_07.00.a_1" />
    <label:label xlink:type="resource" xlink:label="label_eba_tD_07.00.a_2" xml:lang="en" xlink:role="http://www.eba.europa.eu/xbrl/role/dpm-db-id">808.2305</label:label>
    <gen:arc xlink:type="arc" xlink:arcrole="http://xbrl.org/arcrole/2008/element-label" xlink:from="loc_eba_tD_07.00.a" xlink:to="label_eba_tD_07.00.a_2" />
    <label:label xlink:type="resource" xlink:label="label_eba_c86509_1" xml:lang="en" xlink:role="http://www.eba.europa.eu/xbrl/role/dpm-db-id">86509</label:label>
    <gen:arc xlink:type="arc" xlink:arcrole="http://xbrl.org/arcrole/2008/element-label" xlink:from="loc_eba_c86509" xlink:to="label_eba_c86509_1" />
    <label:label xlink:type="resource" xlink:label="label_eba_c86510_1" xml:lang="en" xlink:role="http://www.eba.europa.eu/xbrl/role/dpm-db-id">86510</label:label>
    <gen:arc xlink:type="arc" xlink:arcrole="http://xbrl.org/arcrole/2008/element-label" xlink:from="loc_eba_c86510" xlink:to="label_eba_c86510_1" />
    <label:label xlink:type="resource" xlink:label="label_eba_c86511_1" xml:lang="en" xlink:role="http://www.eba.europa.eu/xbrl/role/dpm-db-id">86511</label:label>
    <gen:arc xlink:type="arc" xlink:arcrole="http://xbrl.org/arcrole/2008/element-label" xlink:from="loc_eba_c86511" xlink:to="label_eba_c86511_1" />
    <label:label xlink:type="resource" xlink:label="label_eba_c86512_1" xml:lang="en" xlink:role="http://www.eba.europa.eu/xbrl/role/dpm-db-id">86512</label:label>
    <gen:arc xlink:type="arc" xlink:arcrole="http://xbrl.org/arcrole/2008/element-label" xlink:from="loc_eba_c86512" xlink:to="label_eba_c86512_1" />
    <label:label xlink:type="resource" xlink:label="label_eba_c86513_1" xml:lang="en" xlink:role="http://www.eba.europa.eu/xbrl/role/dpm-db-id">86513</label:label>
    <gen:arc xlink:type="arc" xlink:arcrole="http://xbrl.org/arcrole/2008/element-label" xlink:from="loc_eba_c86513" xlink:to="label_eba_c86513_1" />
    <label:label xlink:type="resource" xlink:label="label_eba_c86514_1" xml:lang="en" xlink:role="http://www.eba.europa.eu/xbrl/role/dpm-db-id">86514</label:label>
    <gen:arc xlink:type="arc" xlink:arcrole="http://xbrl.org/arcrole/2008/element-label" xlink:from="loc_eba_c86514" xlink:to="label_eba_c86514_1" />
    <label:label xlink:type="resource" xlink:label="label_eba_c86515_1" xml:lang="en" xlink:role="http://www.eba.europa.eu/xbrl/role/dpm-db-id">86515</label:label>
    <gen:arc xlink:type="arc" xlink:arcrole="http://xbrl.org/arcrole/2008/element-label" xlink:from="loc_eba_c86515" xlink:to="label_eba_c86515_1" />
    <label:label xlink:type="resource" xlink:label="label_eba_c86516_1" xml:lang="en" xlink:role="http://www.eba.europa.eu/xbrl/role/dpm-db-id">86516</label:label>
    <gen:arc xlink:type="arc" xlink:arcrole="http://xbrl.org/arcrole/2008/element-label" xlink:from="loc_eba_c86516" xlink:to="label_eba_c86516_1" />
    <label:label xlink:type="resource" xlink:label="label_eba_c86517_1" xml:lang="en" xlink:role="http://www.eba.europa.eu/xbrl/role/dpm-db-id">86517</label:label>
    <gen:arc xlink:type="arc" xlink:arcrole="http://xbrl.org/arcrole/2008/element-label" xlink:from="loc_eba_c86517" xlink:to="label_eba_c86517_1" />
    <label:label xlink:type="resource" xlink:label="label_eba_c86518_1" xml:lang="en" xlink:role="http://www.eba.europa.eu/xbrl/role/dpm-db-id">86518</label:label>
    <gen:arc xlink:type="arc" xlink:arcrole="http://xbrl.org/arcrole/2008/element-label" xlink:from="loc_eba_c86518" xlink:to="label_eba_c86518_1" />
    <label:label xlink:type="resource" xlink:label="label_eba_c86519_1" xml:lang="en" xlink:role="http://www.eba.europa.eu/xbrl/role/dpm-db-id">86519</label:label>
    <gen:arc xlink:type="arc" xlink:arcrole="http://xbrl.org/arcrole/2008/element-label" xlink:from="loc_eba_c86519" xlink:to="label_eba_c86519_1" />
    <label:label xlink:type="resource" xlink:label="label_eba_c86520_1" xml:lang="en" xlink:role="http://www.eba.europa.eu/xbrl/role/dpm-db-id">86520</label:label>
    <gen:arc xlink:type="arc" xlink:arcrole="http://xbrl.org/arcrole/2008/element-label" xlink:from="loc_eba_c86520" xlink:to="label_eba_c86520_1" />
    <label:label xlink:type="resource" xlink:label="label_eba_c86521_1" xml:lang="en" xlink:role="http://www.eba.europa.eu/xbrl/role/dpm-db-id">86521</label:label>
    <gen:arc xlink:type="arc" xlink:arcrole="http://xbrl.org/arcrole/2008/element-label" xlink:from="loc_eba_c86521" xlink:to="label_eba_c86521_1" />
    <label:label xlink:type="resource" xlink:label="label_eba_c86522_1" xml:lang="en" xlink:role="http://www.eba.europa.eu/xbrl/role/dpm-db-id">86522</label:label>
    <gen:arc xlink:type="arc" xlink:arcrole="http://xbrl.org/arcrole/2008/element-label" xlink:from="loc_eba_c86522" xlink:to="label_eba_c86522_1" />
    <label:label xlink:type="resource" xlink:label="label_eba_c86523_1" xml:lang="en" xlink:role="http://www.eba.europa.eu/xbrl/role/dpm-db-id">86523</label:label>
    <gen:arc xlink:type="arc" xlink:arcrole="http://xbrl.org/arcrole/2008/element-label" xlink:from="loc_eba_c86523" xlink:to="label_eba_c86523_1" />
    <label:label xlink:type="resource" xlink:label="label_eba_c86524_1" xml:lang="en" xlink:role="http://www.eba.europa.eu/xbrl/role/dpm-db-id">86524</label:label>
    <gen:arc xlink:type="arc" xlink:arcrole="http://xbrl.org/arcrole/2008/element-label" xlink:from="loc_eba_c86524" xlink:to="label_eba_c86524_1" />
    <label:label xlink:type="resource" xlink:label="label_eba_c86525_1" xml:lang="en" xlink:role="http://www.eba.europa.eu/xbrl/role/dpm-db-id">86525</label:label>
    <gen:arc xlink:type="arc" xlink:arcrole="http://xbrl.org/arcrole/2008/element-label" xlink:from="loc_eba_c86525" xlink:to="label_eba_c86525_1" />
    <label:label xlink:type="resource" xlink:label="label_eba_c86526_1" xml:lang="en" xlink:role="http://www.eba.europa.eu/xbrl/role/dpm-db-id">86526</label:label>
    <gen:arc xlink:type="arc" xlink:arcrole="http://xbrl.org/arcrole/2008/element-label" xlink:from="loc_eba_c86526" xlink:to="label_eba_c86526_1" />
    <label:label xlink:type="resource" xlink:label="label_eba_c86527_1" xml:lang="en" xlink:role="http://www.eba.europa.eu/xbrl/role/dpm-db-id">86527</label:label>
    <gen:arc xlink:type="arc" xlink:arcrole="http://xbrl.org/arcrole/2008/element-label" xlink:from="loc_eba_c86527" xlink:to="label_eba_c86527_1" />
    <label:label xlink:type="resource" xlink:label="label_eba_c86528_1" xml:lang="en" xlink:role="http://www.eba.europa.eu/xbrl/role/dpm-db-id">86528</label:label>
    <gen:arc xlink:type="arc" xlink:arcrole="http://xbrl.org/arcrole/2008/element-label" xlink:from="loc_eba_c86528" xlink:to="label_eba_c86528_1" />
    <label:label xlink:type="resource" xlink:label="label_eba_c86549_1" xml:lang="en" xlink:role="http://www.eba.europa.eu/xbrl/role/dpm-db-id">86549</label:label>
    <gen:arc xlink:type="arc" xlink:arcrole="http://xbrl.org/arcrole/2008/element-label" xlink:from="loc_eba_c86549" xlink:to="label_eba_c86549_1" />
    <label:label xlink:type="resource" xlink:label="label_eba_c86550_1" xml:lang="en" xlink:role="http://www.eba.europa.eu/xbrl/role/dpm-db-id">86550</label:label>
    <gen:arc xlink:type="arc" xlink:arcrole="http://xbrl.org/arcrole/2008/element-label" xlink:from="loc_eba_c86550" xlink:to="label_eba_c86550_1" />
    <label:label xlink:type="resource" xlink:label="label_eba_c86551_1" xml:lang="en" xlink:role="http://www.eba.europa.eu/xbrl/role/dpm-db-id">86551</label:label>
    <gen:arc xlink:type="arc" xlink:arcrole="http://xbrl.org/arcrole/2008/element-label" xlink:from="loc_eba_c86551" xlink:to="label_eba_c86551_1" />
    <label:label xlink:type="resource" xlink:label="label_eba_c86552_1" xml:lang="en" xlink:role="http://www.eba.europa.eu/xbrl/role/dpm-db-id">86552</label:label>
    <gen:arc xlink:type="arc" xlink:arcrole="http://xbrl.org/arcrole/2008/element-label" xlink:from="loc_eba_c86552" xlink:to="label_eba_c86552_1" />
    <label:label xlink:type="resource" xlink:label="label_eba_c86553_1" xml:lang="en" xlink:role="http://www.eba.europa.eu/xbrl/role/dpm-db-id">86553</label:label>
    <gen:arc xlink:type="arc" xlink:arcrole="http://xbrl.org/arcrole/2008/element-label" xlink:from="loc_eba_c86553" xlink:to="label_eba_c86553_1" />
    <label:label xlink:type="resource" xlink:label="label_eba_c86554_1" xml:lang="en" xlink:role="http://www.eba.europa.eu/xbrl/role/dpm-db-id">86554</label:label>
    <gen:arc xlink:type="arc" xlink:arcrole="http://xbrl.org/arcrole/2008/element-label" xlink:from="loc_eba_c86554" xlink:to="label_eba_c86554_1" />
    <label:label xlink:type="resource" xlink:label="label_eba_c86555_1" xml:lang="en" xlink:role="http://www.eba.europa.eu/xbrl/role/dpm-db-id">86555</label:label>
    <gen:arc xlink:type="arc" xlink:arcrole="http://xbrl.org/arcrole/2008/element-label" xlink:from="loc_eba_c86555" xlink:to="label_eba_c86555_1" />
    <label:label xlink:type="resource" xlink:label="label_eba_c86556_1" xml:lang="en" xlink:role="http://www.eba.europa.eu/xbrl/role/dpm-db-id">86556</label:label>
    <gen:arc xlink:type="arc" xlink:arcrole="http://xbrl.org/arcrole/2008/element-label" xlink:from="loc_eba_c86556" xlink:to="label_eba_c86556_1" />
    <label:label xlink:type="resource" xlink:label="label_eba_c86557_1" xml:lang="en" xlink:role="http://www.eba.europa.eu/xbrl/role/dpm-db-id">86557</label:label>
    <gen:arc xlink:type="arc" xlink:arcrole="http://xbrl.org/arcrole/2008/element-label" xlink:from="loc_eba_c86557" xlink:to="label_eba_c86557_1" />
    <label:label xlink:type="resource" xlink:label="label_eba_c86558_1" xml:lang="en" xlink:role="http://www.eba.europa.eu/xbrl/role/dpm-db-id">86558</label:label>
    <gen:arc xlink:type="arc" xlink:arcrole="http://xbrl.org/arcrole/2008/element-label" xlink:from="loc_eba_c86558" xlink:to="label_eba_c86558_1" />
    <label:label xlink:type="resource" xlink:label="label_eba_c86559_1" xml:lang="en" xlink:role="http://www.eba.europa.eu/xbrl/role/dpm-db-id">86559</label:label>
    <gen:arc xlink:type="arc" xlink:arcrole="http://xbrl.org/arcrole/2008/element-label" xlink:from="loc_eba_c86559" xlink:to="label_eba_c86559_1" />
    <label:label xlink:type="resource" xlink:label="label_eba_c86560_1" xml:lang="en" xlink:role="http://www.eba.europa.eu/xbrl/role/dpm-db-id">86560</label:label>
    <gen:arc xlink:type="arc" xlink:arcrole="http://xbrl.org/arcrole/2008/element-label" xlink:from="loc_eba_c86560" xlink:to="label_eba_c86560_1" />
    <label:label xlink:type="resource" xlink:label="label_eba_c86561_1" xml:lang="en" xlink:role="http://www.eba.europa.eu/xbrl/role/dpm-db-id">86561</label:label>
    <gen:arc xlink:type="arc" xlink:arcrole="http://xbrl.org/arcrole/2008/element-label" xlink:from="loc_eba_c86561" xlink:to="label_eba_c86561_1" />
    <label:label xlink:type="resource" xlink:label="label_eba_c86562_1" xml:lang="en" xlink:role="http://www.eba.europa.eu/xbrl/role/dpm-db-id">86562</label:label>
    <gen:arc xlink:type="arc" xlink:arcrole="http://xbrl.org/arcrole/2008/element-label" xlink:from="loc_eba_c86562" xlink:to="label_eba_c86562_1" />
    <label:label xlink:type="resource" xlink:label="label_eba_c86563_1" xml:lang="en" xlink:role="http://www.eba.europa.eu/xbrl/role/dpm-db-id">86563</label:label>
    <gen:arc xlink:type="arc" xlink:arcrole="http://xbrl.org/arcrole/2008/element-label" xlink:from="loc_eba_c86563" xlink:to="label_eba_c86563_1" />
    <label:label xlink:type="resource" xlink:label="label_eba_c86564_1" xml:lang="en" xlink:role="http://www.eba.europa.eu/xbrl/role/dpm-db-id">86564</label:label>
    <gen:arc xlink:type="arc" xlink:arcrole="http://xbrl.org/arcrole/2008/element-label" xlink:from="loc_eba_c86564" xlink:to="label_eba_c86564_1" />
    <label:label xlink:type="resource" xlink:label="label_eba_c86565_1" xml:lang="en" xlink:role="http://www.eba.europa.eu/xbrl/role/dpm-db-id">86565</label:label>
    <gen:arc xlink:type="arc" xlink:arcrole="http://xbrl.org/arcrole/2008/element-label" xlink:from="loc_eba_c86565" xlink:to="label_eba_c86565_1" />
    <label:label xlink:type="resource" xlink:label="label_eba_c86566_1" xml:lang="en" xlink:role="http://www.eba.europa.eu/xbrl/role/dpm-db-id">86566</label:label>
    <gen:arc xlink:type="arc" xlink:arcrole="http://xbrl.org/arcrole/2008/element-label" xlink:from="loc_eba_c86566" xlink:to="label_eba_c86566_1" />
    <label:label xlink:type="resource" xlink:label="label_eba_c86567_1" xml:lang="en" xlink:role="http://www.eba.europa.eu/xbrl/role/dpm-db-id">86567</label:label>
    <gen:arc xlink:type="arc" xlink:arcrole="http://xbrl.org/arcrole/2008/element-label" xlink:from="loc_eba_c86567" xlink:to="label_eba_c86567_1" />
    <label:label xlink:type="resource" xlink:label="label_eba_c86568_1" xml:lang="en" xlink:role="http://www.eba.europa.eu/xbrl/role/dpm-db-id">86568</label:label>
    <gen:arc xlink:type="arc" xlink:arcrole="http://xbrl.org/arcrole/2008/element-label" xlink:from="loc_eba_c86568" xlink:to="label_eba_c86568_1" />
    <label:label xlink:type="resource" xlink:label="label_eba_c86569_1" xml:lang="en" xlink:role="http://www.eba.europa.eu/xbrl/role/dpm-db-id">86569</label:label>
    <gen:arc xlink:type="arc" xlink:arcrole="http://xbrl.org/arcrole/2008/element-label" xlink:from="loc_eba_c86569" xlink:to="label_eba_c86569_1" />
    <label:label xlink:type="resource" xlink:label="label_eba_c86570_1" xml:lang="en" xlink:role="http://www.eba.europa.eu/xbrl/role/dpm-db-id">86570</label:label>
    <gen:arc xlink:type="arc" xlink:arcrole="http://xbrl.org/arcrole/2008/element-label" xlink:from="loc_eba_c86570" xlink:to="label_eba_c86570_1" />
    <label:label xlink:type="resource" xlink:label="label_eba_c86571_1" xml:lang="en" xlink:role="http://www.eba.europa.eu/xbrl/role/dpm-db-id">86571</label:label>
    <gen:arc xlink:type="arc" xlink:arcrole="http://xbrl.org/arcrole/2008/element-label" xlink:from="loc_eba_c86571" xlink:to="label_eba_c86571_1" />
    <label:label xlink:type="resource" xlink:label="label_eba_c86572_1" xml:lang="en" xlink:role="http://www.eba.europa.eu/xbrl/role/dpm-db-id">86572</label:label>
    <gen:arc xlink:type="arc" xlink:arcrole="http://xbrl.org/arcrole/2008/element-label" xlink:from="loc_eba_c86572" xlink:to="label_eba_c86572_1" />
    <label:label xlink:type="resource" xlink:label="label_eba_c86573_1" xml:lang="en" xlink:role="http://www.eba.europa.eu/xbrl/role/dpm-db-id">86573</label:label>
    <gen:arc xlink:type="arc" xlink:arcrole="http://xbrl.org/arcrole/2008/element-label" xlink:from="loc_eba_c86573" xlink:to="label_eba_c86573_1" />
    <label:label xlink:type="resource" xlink:label="label_eba_c86574_1" xml:lang="en" xlink:role="http://www.eba.europa.eu/xbrl/role/dpm-db-id">86574</label:label>
    <gen:arc xlink:type="arc" xlink:arcrole="http://xbrl.org/arcrole/2008/element-label" xlink:from="loc_eba_c86574" xlink:to="label_eba_c86574_1" />
    <label:label xlink:type="resource" xlink:label="label_eba_c86575_1" xml:lang="en" xlink:role="http://www.eba.europa.eu/xbrl/role/dpm-db-id">86575</label:label>
    <gen:arc xlink:type="arc" xlink:arcrole="http://xbrl.org/arcrole/2008/element-label" xlink:from="loc_eba_c86575" xlink:to="label_eba_c86575_1" />
    <label:label xlink:type="resource" xlink:label="label_eba_c86576_1" xml:lang="en" xlink:role="http://www.eba.europa.eu/xbrl/role/dpm-db-id">86576</label:label>
    <gen:arc xlink:type="arc" xlink:arcrole="http://xbrl.org/arcrole/2008/element-label" xlink:from="loc_eba_c86576" xlink:to="label_eba_c86576_1" />
    <label:label xlink:type="resource" xlink:label="label_eba_c86577_1" xml:lang="en" xlink:role="http://www.eba.europa.eu/xbrl/role/dpm-db-id">86577</label:label>
    <gen:arc xlink:type="arc" xlink:arcrole="http://xbrl.org/arcrole/2008/element-label" xlink:from="loc_eba_c86577" xlink:to="label_eba_c86577_1" />
    <label:label xlink:type="resource" xlink:label="label_eba_c86578_1" xml:lang="en" xlink:role="http://www.eba.europa.eu/xbrl/role/dpm-db-id">86578</label:label>
    <gen:arc xlink:type="arc" xlink:arcrole="http://xbrl.org/arcrole/2008/element-label" xlink:from="loc_eba_c86578" xlink:to="label_eba_c86578_1" />
    <label:label xlink:type="resource" xlink:label="label_eba_c88111_1" xml:lang="en" xlink:role="http://www.eba.europa.eu/xbrl/role/dpm-db-id">88111</label:label>
    <gen:arc xlink:type="arc" xlink:arcrole="http://xbrl.org/arcrole/2008/element-label" xlink:from="loc_eba_c88111" xlink:to="label_eba_c88111_1" />
    <label:label xlink:type="resource" xlink:label="label_eba_c86581_1" xml:lang="en" xlink:role="http://www.eba.europa.eu/xbrl/role/dpm-db-id">86581</label:label>
    <gen:arc xlink:type="arc" xlink:arcrole="http://xbrl.org/arcrole/2008/element-label" xlink:from="loc_eba_c86581" xlink:to="label_eba_c86581_1" />
    <label:label xlink:type="resource" xlink:label="label_eba_c87254_1" xml:lang="en" xlink:role="http://www.eba.europa.eu/xbrl/role/dpm-db-id">87254</label:label>
    <gen:arc xlink:type="arc" xlink:arcrole="http://xbrl.org/arcrole/2008/element-label" xlink:from="loc_eba_c87254" xlink:to="label_eba_c87254_1" />
    <label:label xlink:type="resource" xlink:label="label_eba_c86582_1" xml:lang="en" xlink:role="http://www.eba.europa.eu/xbrl/role/dpm-db-id">86582</label:label>
    <gen:arc xlink:type="arc" xlink:arcrole="http://xbrl.org/arcrole/2008/element-label" xlink:from="loc_eba_c86582" xlink:to="label_eba_c86582_1" />
    <label:label xlink:type="resource" xlink:label="label_eba_c86583_1" xml:lang="en" xlink:role="http://www.eba.europa.eu/xbrl/role/dpm-db-id">86583</label:label>
    <gen:arc xlink:type="arc" xlink:arcrole="http://xbrl.org/arcrole/2008/element-label" xlink:from="loc_eba_c86583" xlink:to="label_eba_c86583_1" />
    <label:label xlink:type="resource" xlink:label="label_eba_c86584_1" xml:lang="en" xlink:role="http://www.eba.europa.eu/xbrl/role/dpm-db-id">86584</label:label>
    <gen:arc xlink:type="arc" xlink:arcrole="http://xbrl.org/arcrole/2008/element-label" xlink:from="loc_eba_c86584" xlink:to="label_eba_c86584_1" />
    <label:label xlink:type="resource" xlink:label="label_eba_c86585_1" xml:lang="en" xlink:role="http://www.eba.europa.eu/xbrl/role/dpm-db-id">86585</label:label>
    <gen:arc xlink:type="arc" xlink:arcrole="http://xbrl.org/arcrole/2008/element-label" xlink:from="loc_eba_c86585" xlink:to="label_eba_c86585_1" />
    <label:label xlink:type="resource" xlink:label="label_eba_c86586_1" xml:lang="en" xlink:role="http://www.eba.europa.eu/xbrl/role/dpm-db-id">86586</label:label>
    <gen:arc xlink:type="arc" xlink:arcrole="http://xbrl.org/arcrole/2008/element-label" xlink:from="loc_eba_c86586" xlink:to="label_eba_c86586_1" />
    <label:label xlink:type="resource" xlink:label="label_eba_c86587_1" xml:lang="en" xlink:role="http://www.eba.europa.eu/xbrl/role/dpm-db-id">86587</label:label>
    <gen:arc xlink:type="arc" xlink:arcrole="http://xbrl.org/arcrole/2008/element-label" xlink:from="loc_eba_c86587" xlink:to="label_eba_c86587_1" />
    <label:label xlink:type="resource" xlink:label="label_eba_c86588_1" xml:lang="en" xlink:role="http://www.eba.europa.eu/xbrl/role/dpm-db-id">86588</label:label>
    <gen:arc xlink:type="arc" xlink:arcrole="http://xbrl.org/arcrole/2008/element-label" xlink:from="loc_eba_c86588" xlink:to="label_eba_c86588_1" />
    <label:label xlink:type="resource" xlink:label="label_eba_c86589_1" xml:lang="en" xlink:role="http://www.eba.europa.eu/xbrl/role/dpm-db-id">86589</label:label>
    <gen:arc xlink:type="arc" xlink:arcrole="http://xbrl.org/arcrole/2008/element-label" xlink:from="loc_eba_c86589" xlink:to="label_eba_c86589_1" />
    <label:label xlink:type="resource" xlink:label="label_eba_c86590_1" xml:lang="en" xlink:role="http://www.eba.europa.eu/xbrl/role/dpm-db-id">86590</label:label>
    <gen:arc xlink:type="arc" xlink:arcrole="http://xbrl.org/arcrole/2008/element-label" xlink:from="loc_eba_c86590" xlink:to="label_eba_c86590_1" />
    <label:label xlink:type="resource" xlink:label="label_eba_c86591_1" xml:lang="en" xlink:role="http://www.eba.europa.eu/xbrl/role/dpm-db-id">86591</label:label>
    <gen:arc xlink:type="arc" xlink:arcrole="http://xbrl.org/arcrole/2008/element-label" xlink:from="loc_eba_c86591" xlink:to="label_eba_c86591_1" />
    <label:label xlink:type="resource" xlink:label="label_eba_c86592_1" xml:lang="en" xlink:role="http://www.eba.europa.eu/xbrl/role/dpm-db-id">86592</label:label>
    <gen:arc xlink:type="arc" xlink:arcrole="http://xbrl.org/arcrole/2008/element-label" xlink:from="loc_eba_c86592" xlink:to="label_eba_c86592_1" />
    <label:label xlink:type="resource" xlink:label="label_eba_c86593_1" xml:lang="en" xlink:role="http://www.eba.europa.eu/xbrl/role/dpm-db-id">86593</label:label>
    <gen:arc xlink:type="arc" xlink:arcrole="http://xbrl.org/arcrole/2008/element-label" xlink:from="loc_eba_c86593" xlink:to="label_eba_c86593_1" />
    <label:label xlink:type="resource" xlink:label="label_eba_c86594_1" xml:lang="en" xlink:role="http://www.eba.europa.eu/xbrl/role/dpm-db-id">86594</label:label>
    <gen:arc xlink:type="arc" xlink:arcrole="http://xbrl.org/arcrole/2008/element-label" xlink:from="loc_eba_c86594" xlink:to="label_eba_c86594_1" />
    <label:label xlink:type="resource" xlink:label="label_eba_c86595_1" xml:lang="en" xlink:role="http://www.eba.europa.eu/xbrl/role/dpm-db-id">86595</label:label>
    <gen:arc xlink:type="arc" xlink:arcrole="http://xbrl.org/arcrole/2008/element-label" xlink:from="loc_eba_c86595" xlink:to="label_eba_c86595_1" />
    <label:label xlink:type="resource" xlink:label="label_eba_c86596_1" xml:lang="en" xlink:role="http://www.eba.europa.eu/xbrl/role/dpm-db-id">86596</label:label>
    <gen:arc xlink:type="arc" xlink:arcrole="http://xbrl.org/arcrole/2008/element-label" xlink:from="loc_eba_c86596" xlink:to="label_eba_c86596_1" />
    <label:label xlink:type="resource" xlink:label="label_eba_c86597_1" xml:lang="en" xlink:role="http://www.eba.europa.eu/xbrl/role/dpm-db-id">86597</label:label>
    <gen:arc xlink:type="arc" xlink:arcrole="http://xbrl.org/arcrole/2008/element-label" xlink:from="loc_eba_c86597" xlink:to="label_eba_c86597_1" />
    <label:label xlink:type="resource" xlink:label="label_eba_c86598_1" xml:lang="en" xlink:role="http://www.eba.europa.eu/xbrl/role/dpm-db-id">86598</label:label>
    <gen:arc xlink:type="arc" xlink:arcrole="http://xbrl.org/arcrole/2008/element-label" xlink:from="loc_eba_c86598" xlink:to="label_eba_c86598_1" />
    <label:label xlink:type="resource" xlink:label="label_eba_c86599_1" xml:lang="en" xlink:role="http://www.eba.europa.eu/xbrl/role/dpm-db-id">86599</label:label>
    <gen:arc xlink:type="arc" xlink:arcrole="http://xbrl.org/arcrole/2008/element-label" xlink:from="loc_eba_c86599" xlink:to="label_eba_c86599_1" />
    <label:label xlink:type="resource" xlink:label="label_eba_c86600_1" xml:lang="en" xlink:role="http://www.eba.europa.eu/xbrl/role/dpm-db-id">86600</label:label>
    <gen:arc xlink:type="arc" xlink:arcrole="http://xbrl.org/arcrole/2008/element-label" xlink:from="loc_eba_c86600" xlink:to="label_eba_c86600_1" />
  </gen:link>
</link:linkbase>