﻿<?xml version="1.0" encoding="utf-8"?>
<?taxonomy-version 1.0.0.0 ?>  <?taxonomy-set-overall-version 3.3.0.0 ?>
<!--(C) EBA-->
<link:linkbase xmlns:xsi="http://www.w3.org/2001/XMLSchema-instance" xmlns:xlink="http://www.w3.org/1999/xlink" xmlns:link="http://www.xbrl.org/2003/linkbase" xmlns:gen="http://xbrl.org/2008/generic" xmlns:label="http://xbrl.org/2008/label" xsi:schemaLocation="http://www.xbrl.org/2003/linkbase http://www.xbrl.org/2003/xbrl-linkbase-2003-12-31.xsd http://xbrl.org/2008/generic http://www.xbrl.org/2008/generic-link.xsd http://xbrl.org/2008/label http://www.xbrl.org/2008/generic-label.xsd">
  <link:arcroleRef arcroleURI="http://xbrl.org/arcrole/2008/element-label" xlink:type="simple" xlink:href="http://www.xbrl.org/2008/generic-label.xsd#element-label" />
  <link:roleRef roleURI="http://www.eba.europa.eu/xbrl/role/dpm-db-id" xlink:type="simple" xlink:href="http://www.eba.europa.eu/eu/fr/xbrl/ext/model.xsd#dpm-db-id" />
  <link:roleRef roleURI="http://www.eurofiling.info/xbrl/role/filing-indicator-code" xlink:type="simple" xlink:href="http://www.eurofiling.info/eu/fr/xbrl/ext/model.xsd#filing-indicator-code" />
  <link:roleRef roleURI="http://www.eurofiling.info/xbrl/role/rc-code" xlink:type="simple" xlink:href="http://www.eurofiling.info/eu/fr/xbrl/ext/model.xsd#rc-code" />
  <gen:link xlink:type="extended" xlink:role="http://www.xbrl.org/2003/role/link">
    <link:loc xlink:type="locator" xlink:href="d_08.00.c-rend.xml#eba_tD_08.00.c" xlink:label="loc_eba_tD_08.00.c" />
    <label:label xlink:type="resource" xlink:label="label_eba_tD_08.00.c" xml:lang="en" xlink:role="http://www.eurofiling.info/xbrl/role/rc-code">D 08.00.c</label:label>
    <gen:arc xlink:type="arc" xlink:arcrole="http://xbrl.org/arcrole/2008/element-label" xlink:from="loc_eba_tD_08.00.c" xlink:to="label_eba_tD_08.00.c" />
    <link:loc xlink:type="locator" xlink:href="d_08.00.c-rend.xml#eba_c86840" xlink:label="loc_eba_c86840" />
    <label:label xlink:type="resource" xlink:label="label_eba_c86840" xml:lang="en" xlink:role="http://www.eurofiling.info/xbrl/role/rc-code">0164</label:label>
    <gen:arc xlink:type="arc" xlink:arcrole="http://xbrl.org/arcrole/2008/element-label" xlink:from="loc_eba_c86840" xlink:to="label_eba_c86840" />
    <link:loc xlink:type="locator" xlink:href="d_08.00.c-rend.xml#eba_c86841" xlink:label="loc_eba_c86841" />
    <label:label xlink:type="resource" xlink:label="label_eba_c86841" xml:lang="en" xlink:role="http://www.eurofiling.info/xbrl/role/rc-code">0165</label:label>
    <gen:arc xlink:type="arc" xlink:arcrole="http://xbrl.org/arcrole/2008/element-label" xlink:from="loc_eba_c86841" xlink:to="label_eba_c86841" />
    <link:loc xlink:type="locator" xlink:href="d_08.00.c-rend.xml#eba_c86842" xlink:label="loc_eba_c86842" />
    <label:label xlink:type="resource" xlink:label="label_eba_c86842" xml:lang="en" xlink:role="http://www.eurofiling.info/xbrl/role/rc-code">0170</label:label>
    <gen:arc xlink:type="arc" xlink:arcrole="http://xbrl.org/arcrole/2008/element-label" xlink:from="loc_eba_c86842" xlink:to="label_eba_c86842" />
    <link:loc xlink:type="locator" xlink:href="d_08.00.c-rend.xml#eba_c86843" xlink:label="loc_eba_c86843" />
    <label:label xlink:type="resource" xlink:label="label_eba_c86843" xml:lang="en" xlink:role="http://www.eurofiling.info/xbrl/role/rc-code">0180</label:label>
    <gen:arc xlink:type="arc" xlink:arcrole="http://xbrl.org/arcrole/2008/element-label" xlink:from="loc_eba_c86843" xlink:to="label_eba_c86843" />
    <link:loc xlink:type="locator" xlink:href="d_08.00.c-rend.xml#eba_c86844" xlink:label="loc_eba_c86844" />
    <label:label xlink:type="resource" xlink:label="label_eba_c86844" xml:lang="en" xlink:role="http://www.eurofiling.info/xbrl/role/rc-code">0190</label:label>
    <gen:arc xlink:type="arc" xlink:arcrole="http://xbrl.org/arcrole/2008/element-label" xlink:from="loc_eba_c86844" xlink:to="label_eba_c86844" />
    <link:loc xlink:type="locator" xlink:href="d_08.00.c-rend.xml#eba_c86845" xlink:label="loc_eba_c86845" />
    <label:label xlink:type="resource" xlink:label="label_eba_c86845" xml:lang="en" xlink:role="http://www.eurofiling.info/xbrl/role/rc-code">0200</label:label>
    <gen:arc xlink:type="arc" xlink:arcrole="http://xbrl.org/arcrole/2008/element-label" xlink:from="loc_eba_c86845" xlink:to="label_eba_c86845" />
    <link:loc xlink:type="locator" xlink:href="d_08.00.c-rend.xml#eba_c86846" xlink:label="loc_eba_c86846" />
    <label:label xlink:type="resource" xlink:label="label_eba_c86846" xml:lang="en" xlink:role="http://www.eurofiling.info/xbrl/role/rc-code">0210</label:label>
    <gen:arc xlink:type="arc" xlink:arcrole="http://xbrl.org/arcrole/2008/element-label" xlink:from="loc_eba_c86846" xlink:to="label_eba_c86846" />
    <link:loc xlink:type="locator" xlink:href="d_08.00.c-rend.xml#eba_c86847" xlink:label="loc_eba_c86847" />
    <label:label xlink:type="resource" xlink:label="label_eba_c86847" xml:lang="en" xlink:role="http://www.eurofiling.info/xbrl/role/rc-code">0215</label:label>
    <gen:arc xlink:type="arc" xlink:arcrole="http://xbrl.org/arcrole/2008/element-label" xlink:from="loc_eba_c86847" xlink:to="label_eba_c86847" />
    <link:loc xlink:type="locator" xlink:href="d_08.00.c-rend.xml#eba_c86848" xlink:label="loc_eba_c86848" />
    <label:label xlink:type="resource" xlink:label="label_eba_c86848" xml:lang="en" xlink:role="http://www.eurofiling.info/xbrl/role/rc-code">0220</label:label>
    <gen:arc xlink:type="arc" xlink:arcrole="http://xbrl.org/arcrole/2008/element-label" xlink:from="loc_eba_c86848" xlink:to="label_eba_c86848" />
    <link:loc xlink:type="locator" xlink:href="d_08.00.c-rend.xml#eba_c86849" xlink:label="loc_eba_c86849" />
    <label:label xlink:type="resource" xlink:label="label_eba_c86849" xml:lang="en" xlink:role="http://www.eurofiling.info/xbrl/role/rc-code">0230</label:label>
    <gen:arc xlink:type="arc" xlink:arcrole="http://xbrl.org/arcrole/2008/element-label" xlink:from="loc_eba_c86849" xlink:to="label_eba_c86849" />
    <link:loc xlink:type="locator" xlink:href="d_08.00.c-rend.xml#eba_c86850" xlink:label="loc_eba_c86850" />
    <label:label xlink:type="resource" xlink:label="label_eba_c86850" xml:lang="en" xlink:role="http://www.eurofiling.info/xbrl/role/rc-code">0240</label:label>
    <gen:arc xlink:type="arc" xlink:arcrole="http://xbrl.org/arcrole/2008/element-label" xlink:from="loc_eba_c86850" xlink:to="label_eba_c86850" />
    <link:loc xlink:type="locator" xlink:href="d_08.00.c-rend.xml#eba_c86851" xlink:label="loc_eba_c86851" />
    <label:label xlink:type="resource" xlink:label="label_eba_c86851" xml:lang="en" xlink:role="http://www.eurofiling.info/xbrl/role/rc-code">0250</label:label>
    <gen:arc xlink:type="arc" xlink:arcrole="http://xbrl.org/arcrole/2008/element-label" xlink:from="loc_eba_c86851" xlink:to="label_eba_c86851" />
    <link:loc xlink:type="locator" xlink:href="d_08.00.c-rend.xml#eba_c86852" xlink:label="loc_eba_c86852" />
    <label:label xlink:type="resource" xlink:label="label_eba_c86852" xml:lang="en" xlink:role="http://www.eurofiling.info/xbrl/role/rc-code">0260</label:label>
    <gen:arc xlink:type="arc" xlink:arcrole="http://xbrl.org/arcrole/2008/element-label" xlink:from="loc_eba_c86852" xlink:to="label_eba_c86852" />
    <link:loc xlink:type="locator" xlink:href="d_08.00.c-rend.xml#eba_c86853" xlink:label="loc_eba_c86853" />
    <label:label xlink:type="resource" xlink:label="label_eba_c86853" xml:lang="en" xlink:role="http://www.eurofiling.info/xbrl/role/rc-code">0265</label:label>
    <gen:arc xlink:type="arc" xlink:arcrole="http://xbrl.org/arcrole/2008/element-label" xlink:from="loc_eba_c86853" xlink:to="label_eba_c86853" />
    <link:loc xlink:type="locator" xlink:href="d_08.00.c-rend.xml#eba_c86854" xlink:label="loc_eba_c86854" />
    <label:label xlink:type="resource" xlink:label="label_eba_c86854" xml:lang="en" xlink:role="http://www.eurofiling.info/xbrl/role/rc-code">0270</label:label>
    <gen:arc xlink:type="arc" xlink:arcrole="http://xbrl.org/arcrole/2008/element-label" xlink:from="loc_eba_c86854" xlink:to="label_eba_c86854" />
    <link:loc xlink:type="locator" xlink:href="d_08.00.c-rend.xml#eba_c86855" xlink:label="loc_eba_c86855" />
    <label:label xlink:type="resource" xlink:label="label_eba_c86855" xml:lang="en" xlink:role="http://www.eurofiling.info/xbrl/role/rc-code">0280</label:label>
    <gen:arc xlink:type="arc" xlink:arcrole="http://xbrl.org/arcrole/2008/element-label" xlink:from="loc_eba_c86855" xlink:to="label_eba_c86855" />
    <link:loc xlink:type="locator" xlink:href="d_08.00.c-rend.xml#eba_c86856" xlink:label="loc_eba_c86856" />
    <label:label xlink:type="resource" xlink:label="label_eba_c86856" xml:lang="en" xlink:role="http://www.eurofiling.info/xbrl/role/rc-code">0290</label:label>
    <gen:arc xlink:type="arc" xlink:arcrole="http://xbrl.org/arcrole/2008/element-label" xlink:from="loc_eba_c86856" xlink:to="label_eba_c86856" />
    <link:loc xlink:type="locator" xlink:href="d_08.00.c-rend.xml#eba_c86857" xlink:label="loc_eba_c86857" />
    <label:label xlink:type="resource" xlink:label="label_eba_c86857" xml:lang="en" xlink:role="http://www.eurofiling.info/xbrl/role/rc-code">0300</label:label>
    <gen:arc xlink:type="arc" xlink:arcrole="http://xbrl.org/arcrole/2008/element-label" xlink:from="loc_eba_c86857" xlink:to="label_eba_c86857" />
    <link:loc xlink:type="locator" xlink:href="d_08.00.c-rend.xml#eba_c86858" xlink:label="loc_eba_c86858" />
    <label:label xlink:type="resource" xlink:label="label_eba_c86858" xml:lang="en" xlink:role="http://www.eurofiling.info/xbrl/role/rc-code">0310</label:label>
    <gen:arc xlink:type="arc" xlink:arcrole="http://xbrl.org/arcrole/2008/element-label" xlink:from="loc_eba_c86858" xlink:to="label_eba_c86858" />
    <link:loc xlink:type="locator" xlink:href="d_08.00.c-rend.xml#eba_c86859" xlink:label="loc_eba_c86859" />
    <label:label xlink:type="resource" xlink:label="label_eba_c86859" xml:lang="en" xlink:role="http://www.eurofiling.info/xbrl/role/rc-code">0010</label:label>
    <gen:arc xlink:type="arc" xlink:arcrole="http://xbrl.org/arcrole/2008/element-label" xlink:from="loc_eba_c86859" xlink:to="label_eba_c86859" />
    <link:loc xlink:type="locator" xlink:href="d_08.00.c-rend.xml#eba_c86860" xlink:label="loc_eba_c86860" />
    <label:label xlink:type="resource" xlink:label="label_eba_c86860" xml:lang="en" xlink:role="http://www.eurofiling.info/xbrl/role/rc-code">0020</label:label>
    <gen:arc xlink:type="arc" xlink:arcrole="http://xbrl.org/arcrole/2008/element-label" xlink:from="loc_eba_c86860" xlink:to="label_eba_c86860" />
    <link:loc xlink:type="locator" xlink:href="d_08.00.c-rend.xml#eba_c86861" xlink:label="loc_eba_c86861" />
    <label:label xlink:type="resource" xlink:label="label_eba_c86861" xml:lang="en" xlink:role="http://www.eurofiling.info/xbrl/role/rc-code">0030</label:label>
    <gen:arc xlink:type="arc" xlink:arcrole="http://xbrl.org/arcrole/2008/element-label" xlink:from="loc_eba_c86861" xlink:to="label_eba_c86861" />
    <link:loc xlink:type="locator" xlink:href="d_08.00.c-rend.xml#eba_c86862" xlink:label="loc_eba_c86862" />
    <label:label xlink:type="resource" xlink:label="label_eba_c86862" xml:lang="en" xlink:role="http://www.eurofiling.info/xbrl/role/rc-code">0040</label:label>
    <gen:arc xlink:type="arc" xlink:arcrole="http://xbrl.org/arcrole/2008/element-label" xlink:from="loc_eba_c86862" xlink:to="label_eba_c86862" />
    <link:loc xlink:type="locator" xlink:href="d_08.00.c-rend.xml#eba_c86863" xlink:label="loc_eba_c86863" />
    <label:label xlink:type="resource" xlink:label="label_eba_c86863" xml:lang="en" xlink:role="http://www.eurofiling.info/xbrl/role/rc-code">0050</label:label>
    <gen:arc xlink:type="arc" xlink:arcrole="http://xbrl.org/arcrole/2008/element-label" xlink:from="loc_eba_c86863" xlink:to="label_eba_c86863" />
    <link:loc xlink:type="locator" xlink:href="d_08.00.c-rend.xml#eba_c86864" xlink:label="loc_eba_c86864" />
    <label:label xlink:type="resource" xlink:label="label_eba_c86864" xml:lang="en" xlink:role="http://www.eurofiling.info/xbrl/role/rc-code">0060</label:label>
    <gen:arc xlink:type="arc" xlink:arcrole="http://xbrl.org/arcrole/2008/element-label" xlink:from="loc_eba_c86864" xlink:to="label_eba_c86864" />
    <link:loc xlink:type="locator" xlink:href="d_08.00.c-rend.xml#eba_c86865" xlink:label="loc_eba_c86865" />
    <label:label xlink:type="resource" xlink:label="label_eba_c86865" xml:lang="en" xlink:role="http://www.eurofiling.info/xbrl/role/rc-code">0070</label:label>
    <gen:arc xlink:type="arc" xlink:arcrole="http://xbrl.org/arcrole/2008/element-label" xlink:from="loc_eba_c86865" xlink:to="label_eba_c86865" />
    <link:loc xlink:type="locator" xlink:href="d_08.00.c-rend.xml#eba_c86866" xlink:label="loc_eba_c86866" />
    <label:label xlink:type="resource" xlink:label="label_eba_c86866" xml:lang="en" xlink:role="http://www.eurofiling.info/xbrl/role/rc-code">0080</label:label>
    <gen:arc xlink:type="arc" xlink:arcrole="http://xbrl.org/arcrole/2008/element-label" xlink:from="loc_eba_c86866" xlink:to="label_eba_c86866" />
    <link:loc xlink:type="locator" xlink:href="d_08.00.c-rend.xml#eba_c86867" xlink:label="loc_eba_c86867" />
    <label:label xlink:type="resource" xlink:label="label_eba_c86867" xml:lang="en" xlink:role="http://www.eurofiling.info/xbrl/role/rc-code">0090</label:label>
    <gen:arc xlink:type="arc" xlink:arcrole="http://xbrl.org/arcrole/2008/element-label" xlink:from="loc_eba_c86867" xlink:to="label_eba_c86867" />
    <link:loc xlink:type="locator" xlink:href="d_08.00.c-rend.xml#eba_c86868" xlink:label="loc_eba_c86868" />
    <label:label xlink:type="resource" xlink:label="label_eba_c86868" xml:lang="en" xlink:role="http://www.eurofiling.info/xbrl/role/rc-code">0100</label:label>
    <gen:arc xlink:type="arc" xlink:arcrole="http://xbrl.org/arcrole/2008/element-label" xlink:from="loc_eba_c86868" xlink:to="label_eba_c86868" />
    <link:loc xlink:type="locator" xlink:href="d_08.00.c-rend.xml#eba_c86869" xlink:label="loc_eba_c86869" />
    <label:label xlink:type="resource" xlink:label="label_eba_c86869" xml:lang="en" xlink:role="http://www.eurofiling.info/xbrl/role/rc-code">0110</label:label>
    <gen:arc xlink:type="arc" xlink:arcrole="http://xbrl.org/arcrole/2008/element-label" xlink:from="loc_eba_c86869" xlink:to="label_eba_c86869" />
    <link:loc xlink:type="locator" xlink:href="d_08.00.c-rend.xml#eba_c86870" xlink:label="loc_eba_c86870" />
    <label:label xlink:type="resource" xlink:label="label_eba_c86870" xml:lang="en" xlink:role="http://www.eurofiling.info/xbrl/role/rc-code">0120</label:label>
    <gen:arc xlink:type="arc" xlink:arcrole="http://xbrl.org/arcrole/2008/element-label" xlink:from="loc_eba_c86870" xlink:to="label_eba_c86870" />
    <link:loc xlink:type="locator" xlink:href="d_08.00.c-rend.xml#eba_c86871" xlink:label="loc_eba_c86871" />
    <label:label xlink:type="resource" xlink:label="label_eba_c86871" xml:lang="en" xlink:role="http://www.eurofiling.info/xbrl/role/rc-code">0130</label:label>
    <gen:arc xlink:type="arc" xlink:arcrole="http://xbrl.org/arcrole/2008/element-label" xlink:from="loc_eba_c86871" xlink:to="label_eba_c86871" />
    <link:loc xlink:type="locator" xlink:href="d_08.00.c-rend.xml#eba_c86872" xlink:label="loc_eba_c86872" />
    <label:label xlink:type="resource" xlink:label="label_eba_c86872" xml:lang="en" xlink:role="http://www.eurofiling.info/xbrl/role/rc-code">0140</label:label>
    <gen:arc xlink:type="arc" xlink:arcrole="http://xbrl.org/arcrole/2008/element-label" xlink:from="loc_eba_c86872" xlink:to="label_eba_c86872" />
    <link:loc xlink:type="locator" xlink:href="d_08.00.c-rend.xml#eba_c86873" xlink:label="loc_eba_c86873" />
    <label:label xlink:type="resource" xlink:label="label_eba_c86873" xml:lang="en" xlink:role="http://www.eurofiling.info/xbrl/role/rc-code">0150</label:label>
    <gen:arc xlink:type="arc" xlink:arcrole="http://xbrl.org/arcrole/2008/element-label" xlink:from="loc_eba_c86873" xlink:to="label_eba_c86873" />
    <link:loc xlink:type="locator" xlink:href="d_08.00.c-rend.xml#eba_c86875" xlink:label="loc_eba_c86875" />
    <label:label xlink:type="resource" xlink:label="label_eba_c86875" xml:lang="en" xlink:role="http://www.eurofiling.info/xbrl/role/rc-code">0170</label:label>
    <gen:arc xlink:type="arc" xlink:arcrole="http://xbrl.org/arcrole/2008/element-label" xlink:from="loc_eba_c86875" xlink:to="label_eba_c86875" />
    <label:label xlink:type="resource" xlink:label="label_eba_tD_08.00.c_1" xml:lang="en" xlink:role="http://www.eurofiling.info/xbrl/role/filing-indicator-code">D_08.00</label:label>
    <gen:arc xlink:type="arc" xlink:arcrole="http://xbrl.org/arcrole/2008/element-label" xlink:from="loc_eba_tD_08.00.c" xlink:to="label_eba_tD_08.00.c_1" />
    <label:label xlink:type="resource" xlink:label="label_eba_tD_08.00.c_2" xml:lang="en" xlink:role="http://www.eba.europa.eu/xbrl/role/dpm-db-id">812.2309</label:label>
    <gen:arc xlink:type="arc" xlink:arcrole="http://xbrl.org/arcrole/2008/element-label" xlink:from="loc_eba_tD_08.00.c" xlink:to="label_eba_tD_08.00.c_2" />
    <label:label xlink:type="resource" xlink:label="label_eba_c86840_1" xml:lang="en" xlink:role="http://www.eba.europa.eu/xbrl/role/dpm-db-id">86840</label:label>
    <gen:arc xlink:type="arc" xlink:arcrole="http://xbrl.org/arcrole/2008/element-label" xlink:from="loc_eba_c86840" xlink:to="label_eba_c86840_1" />
    <label:label xlink:type="resource" xlink:label="label_eba_c86841_1" xml:lang="en" xlink:role="http://www.eba.europa.eu/xbrl/role/dpm-db-id">86841</label:label>
    <gen:arc xlink:type="arc" xlink:arcrole="http://xbrl.org/arcrole/2008/element-label" xlink:from="loc_eba_c86841" xlink:to="label_eba_c86841_1" />
    <label:label xlink:type="resource" xlink:label="label_eba_c86842_1" xml:lang="en" xlink:role="http://www.eba.europa.eu/xbrl/role/dpm-db-id">86842</label:label>
    <gen:arc xlink:type="arc" xlink:arcrole="http://xbrl.org/arcrole/2008/element-label" xlink:from="loc_eba_c86842" xlink:to="label_eba_c86842_1" />
    <label:label xlink:type="resource" xlink:label="label_eba_c86843_1" xml:lang="en" xlink:role="http://www.eba.europa.eu/xbrl/role/dpm-db-id">86843</label:label>
    <gen:arc xlink:type="arc" xlink:arcrole="http://xbrl.org/arcrole/2008/element-label" xlink:from="loc_eba_c86843" xlink:to="label_eba_c86843_1" />
    <label:label xlink:type="resource" xlink:label="label_eba_c86844_1" xml:lang="en" xlink:role="http://www.eba.europa.eu/xbrl/role/dpm-db-id">86844</label:label>
    <gen:arc xlink:type="arc" xlink:arcrole="http://xbrl.org/arcrole/2008/element-label" xlink:from="loc_eba_c86844" xlink:to="label_eba_c86844_1" />
    <label:label xlink:type="resource" xlink:label="label_eba_c86845_1" xml:lang="en" xlink:role="http://www.eba.europa.eu/xbrl/role/dpm-db-id">86845</label:label>
    <gen:arc xlink:type="arc" xlink:arcrole="http://xbrl.org/arcrole/2008/element-label" xlink:from="loc_eba_c86845" xlink:to="label_eba_c86845_1" />
    <label:label xlink:type="resource" xlink:label="label_eba_c86846_1" xml:lang="en" xlink:role="http://www.eba.europa.eu/xbrl/role/dpm-db-id">86846</label:label>
    <gen:arc xlink:type="arc" xlink:arcrole="http://xbrl.org/arcrole/2008/element-label" xlink:from="loc_eba_c86846" xlink:to="label_eba_c86846_1" />
    <label:label xlink:type="resource" xlink:label="label_eba_c86847_1" xml:lang="en" xlink:role="http://www.eba.europa.eu/xbrl/role/dpm-db-id">86847</label:label>
    <gen:arc xlink:type="arc" xlink:arcrole="http://xbrl.org/arcrole/2008/element-label" xlink:from="loc_eba_c86847" xlink:to="label_eba_c86847_1" />
    <label:label xlink:type="resource" xlink:label="label_eba_c86848_1" xml:lang="en" xlink:role="http://www.eba.europa.eu/xbrl/role/dpm-db-id">86848</label:label>
    <gen:arc xlink:type="arc" xlink:arcrole="http://xbrl.org/arcrole/2008/element-label" xlink:from="loc_eba_c86848" xlink:to="label_eba_c86848_1" />
    <label:label xlink:type="resource" xlink:label="label_eba_c86849_1" xml:lang="en" xlink:role="http://www.eba.europa.eu/xbrl/role/dpm-db-id">86849</label:label>
    <gen:arc xlink:type="arc" xlink:arcrole="http://xbrl.org/arcrole/2008/element-label" xlink:from="loc_eba_c86849" xlink:to="label_eba_c86849_1" />
    <label:label xlink:type="resource" xlink:label="label_eba_c86850_1" xml:lang="en" xlink:role="http://www.eba.europa.eu/xbrl/role/dpm-db-id">86850</label:label>
    <gen:arc xlink:type="arc" xlink:arcrole="http://xbrl.org/arcrole/2008/element-label" xlink:from="loc_eba_c86850" xlink:to="label_eba_c86850_1" />
    <label:label xlink:type="resource" xlink:label="label_eba_c86851_1" xml:lang="en" xlink:role="http://www.eba.europa.eu/xbrl/role/dpm-db-id">86851</label:label>
    <gen:arc xlink:type="arc" xlink:arcrole="http://xbrl.org/arcrole/2008/element-label" xlink:from="loc_eba_c86851" xlink:to="label_eba_c86851_1" />
    <label:label xlink:type="resource" xlink:label="label_eba_c86852_1" xml:lang="en" xlink:role="http://www.eba.europa.eu/xbrl/role/dpm-db-id">86852</label:label>
    <gen:arc xlink:type="arc" xlink:arcrole="http://xbrl.org/arcrole/2008/element-label" xlink:from="loc_eba_c86852" xlink:to="label_eba_c86852_1" />
    <label:label xlink:type="resource" xlink:label="label_eba_c86853_1" xml:lang="en" xlink:role="http://www.eba.europa.eu/xbrl/role/dpm-db-id">86853</label:label>
    <gen:arc xlink:type="arc" xlink:arcrole="http://xbrl.org/arcrole/2008/element-label" xlink:from="loc_eba_c86853" xlink:to="label_eba_c86853_1" />
    <label:label xlink:type="resource" xlink:label="label_eba_c86854_1" xml:lang="en" xlink:role="http://www.eba.europa.eu/xbrl/role/dpm-db-id">86854</label:label>
    <gen:arc xlink:type="arc" xlink:arcrole="http://xbrl.org/arcrole/2008/element-label" xlink:from="loc_eba_c86854" xlink:to="label_eba_c86854_1" />
    <label:label xlink:type="resource" xlink:label="label_eba_c86855_1" xml:lang="en" xlink:role="http://www.eba.europa.eu/xbrl/role/dpm-db-id">86855</label:label>
    <gen:arc xlink:type="arc" xlink:arcrole="http://xbrl.org/arcrole/2008/element-label" xlink:from="loc_eba_c86855" xlink:to="label_eba_c86855_1" />
    <label:label xlink:type="resource" xlink:label="label_eba_c86856_1" xml:lang="en" xlink:role="http://www.eba.europa.eu/xbrl/role/dpm-db-id">86856</label:label>
    <gen:arc xlink:type="arc" xlink:arcrole="http://xbrl.org/arcrole/2008/element-label" xlink:from="loc_eba_c86856" xlink:to="label_eba_c86856_1" />
    <label:label xlink:type="resource" xlink:label="label_eba_c86857_1" xml:lang="en" xlink:role="http://www.eba.europa.eu/xbrl/role/dpm-db-id">86857</label:label>
    <gen:arc xlink:type="arc" xlink:arcrole="http://xbrl.org/arcrole/2008/element-label" xlink:from="loc_eba_c86857" xlink:to="label_eba_c86857_1" />
    <label:label xlink:type="resource" xlink:label="label_eba_c86858_1" xml:lang="en" xlink:role="http://www.eba.europa.eu/xbrl/role/dpm-db-id">86858</label:label>
    <gen:arc xlink:type="arc" xlink:arcrole="http://xbrl.org/arcrole/2008/element-label" xlink:from="loc_eba_c86858" xlink:to="label_eba_c86858_1" />
    <label:label xlink:type="resource" xlink:label="label_eba_c86859_1" xml:lang="en" xlink:role="http://www.eba.europa.eu/xbrl/role/dpm-db-id">86859</label:label>
    <gen:arc xlink:type="arc" xlink:arcrole="http://xbrl.org/arcrole/2008/element-label" xlink:from="loc_eba_c86859" xlink:to="label_eba_c86859_1" />
    <label:label xlink:type="resource" xlink:label="label_eba_c86860_1" xml:lang="en" xlink:role="http://www.eba.europa.eu/xbrl/role/dpm-db-id">86860</label:label>
    <gen:arc xlink:type="arc" xlink:arcrole="http://xbrl.org/arcrole/2008/element-label" xlink:from="loc_eba_c86860" xlink:to="label_eba_c86860_1" />
    <label:label xlink:type="resource" xlink:label="label_eba_c86861_1" xml:lang="en" xlink:role="http://www.eba.europa.eu/xbrl/role/dpm-db-id">86861</label:label>
    <gen:arc xlink:type="arc" xlink:arcrole="http://xbrl.org/arcrole/2008/element-label" xlink:from="loc_eba_c86861" xlink:to="label_eba_c86861_1" />
    <label:label xlink:type="resource" xlink:label="label_eba_c86862_1" xml:lang="en" xlink:role="http://www.eba.europa.eu/xbrl/role/dpm-db-id">86862</label:label>
    <gen:arc xlink:type="arc" xlink:arcrole="http://xbrl.org/arcrole/2008/element-label" xlink:from="loc_eba_c86862" xlink:to="label_eba_c86862_1" />
    <label:label xlink:type="resource" xlink:label="label_eba_c86863_1" xml:lang="en" xlink:role="http://www.eba.europa.eu/xbrl/role/dpm-db-id">86863</label:label>
    <gen:arc xlink:type="arc" xlink:arcrole="http://xbrl.org/arcrole/2008/element-label" xlink:from="loc_eba_c86863" xlink:to="label_eba_c86863_1" />
    <label:label xlink:type="resource" xlink:label="label_eba_c86864_1" xml:lang="en" xlink:role="http://www.eba.europa.eu/xbrl/role/dpm-db-id">86864</label:label>
    <gen:arc xlink:type="arc" xlink:arcrole="http://xbrl.org/arcrole/2008/element-label" xlink:from="loc_eba_c86864" xlink:to="label_eba_c86864_1" />
    <label:label xlink:type="resource" xlink:label="label_eba_c86865_1" xml:lang="en" xlink:role="http://www.eba.europa.eu/xbrl/role/dpm-db-id">86865</label:label>
    <gen:arc xlink:type="arc" xlink:arcrole="http://xbrl.org/arcrole/2008/element-label" xlink:from="loc_eba_c86865" xlink:to="label_eba_c86865_1" />
    <label:label xlink:type="resource" xlink:label="label_eba_c86866_1" xml:lang="en" xlink:role="http://www.eba.europa.eu/xbrl/role/dpm-db-id">86866</label:label>
    <gen:arc xlink:type="arc" xlink:arcrole="http://xbrl.org/arcrole/2008/element-label" xlink:from="loc_eba_c86866" xlink:to="label_eba_c86866_1" />
    <label:label xlink:type="resource" xlink:label="label_eba_c86867_1" xml:lang="en" xlink:role="http://www.eba.europa.eu/xbrl/role/dpm-db-id">86867</label:label>
    <gen:arc xlink:type="arc" xlink:arcrole="http://xbrl.org/arcrole/2008/element-label" xlink:from="loc_eba_c86867" xlink:to="label_eba_c86867_1" />
    <label:label xlink:type="resource" xlink:label="label_eba_c86868_1" xml:lang="en" xlink:role="http://www.eba.europa.eu/xbrl/role/dpm-db-id">86868</label:label>
    <gen:arc xlink:type="arc" xlink:arcrole="http://xbrl.org/arcrole/2008/element-label" xlink:from="loc_eba_c86868" xlink:to="label_eba_c86868_1" />
    <label:label xlink:type="resource" xlink:label="label_eba_c86869_1" xml:lang="en" xlink:role="http://www.eba.europa.eu/xbrl/role/dpm-db-id">86869</label:label>
    <gen:arc xlink:type="arc" xlink:arcrole="http://xbrl.org/arcrole/2008/element-label" xlink:from="loc_eba_c86869" xlink:to="label_eba_c86869_1" />
    <label:label xlink:type="resource" xlink:label="label_eba_c86870_1" xml:lang="en" xlink:role="http://www.eba.europa.eu/xbrl/role/dpm-db-id">86870</label:label>
    <gen:arc xlink:type="arc" xlink:arcrole="http://xbrl.org/arcrole/2008/element-label" xlink:from="loc_eba_c86870" xlink:to="label_eba_c86870_1" />
    <label:label xlink:type="resource" xlink:label="label_eba_c86871_1" xml:lang="en" xlink:role="http://www.eba.europa.eu/xbrl/role/dpm-db-id">86871</label:label>
    <gen:arc xlink:type="arc" xlink:arcrole="http://xbrl.org/arcrole/2008/element-label" xlink:from="loc_eba_c86871" xlink:to="label_eba_c86871_1" />
    <label:label xlink:type="resource" xlink:label="label_eba_c86872_1" xml:lang="en" xlink:role="http://www.eba.europa.eu/xbrl/role/dpm-db-id">86872</label:label>
    <gen:arc xlink:type="arc" xlink:arcrole="http://xbrl.org/arcrole/2008/element-label" xlink:from="loc_eba_c86872" xlink:to="label_eba_c86872_1" />
    <label:label xlink:type="resource" xlink:label="label_eba_c86873_1" xml:lang="en" xlink:role="http://www.eba.europa.eu/xbrl/role/dpm-db-id">86873</label:label>
    <gen:arc xlink:type="arc" xlink:arcrole="http://xbrl.org/arcrole/2008/element-label" xlink:from="loc_eba_c86873" xlink:to="label_eba_c86873_1" />
    <label:label xlink:type="resource" xlink:label="label_eba_c86875_1" xml:lang="en" xlink:role="http://www.eba.europa.eu/xbrl/role/dpm-db-id">86875</label:label>
    <gen:arc xlink:type="arc" xlink:arcrole="http://xbrl.org/arcrole/2008/element-label" xlink:from="loc_eba_c86875" xlink:to="label_eba_c86875_1" />
  </gen:link>
</link:linkbase>