﻿<?xml version="1.0" encoding="utf-8"?>
<?taxonomy-version 1.0.0.0 ?>  <?taxonomy-set-overall-version 3.3.0.0 ?>
<!--(C) EBA-->
<link:linkbase xmlns:xsi="http://www.w3.org/2001/XMLSchema-instance" xmlns:xlink="http://www.w3.org/1999/xlink" xmlns:link="http://www.xbrl.org/2003/linkbase" xmlns:xbrldt="http://xbrl.org/2005/xbrldt" xsi:schemaLocation="http://www.xbrl.org/2003/linkbase http://www.xbrl.org/2003/xbrl-linkbase-2003-12-31.xsd http://xbrl.org/2005/xbrldt http://www.xbrl.org/2005/xbrldt-2005.xsd">
  <link:arcroleRef arcroleURI="http://xbrl.org/int/dim/arcrole/all" xlink:type="simple" xlink:href="http://www.xbrl.org/2005/xbrldt-2005.xsd#all" />
  <link:arcroleRef arcroleURI="http://xbrl.org/int/dim/arcrole/dimension-domain" xlink:type="simple" xlink:href="http://www.xbrl.org/2005/xbrldt-2005.xsd#dimension-domain" />
  <link:arcroleRef arcroleURI="http://xbrl.org/int/dim/arcrole/domain-member" xlink:type="simple" xlink:href="http://www.xbrl.org/2005/xbrldt-2005.xsd#domain-member" />
  <link:arcroleRef arcroleURI="http://xbrl.org/int/dim/arcrole/hypercube-dimension" xlink:type="simple" xlink:href="http://www.xbrl.org/2005/xbrldt-2005.xsd#hypercube-dimension" />
  <link:roleRef roleURI="http://www.eba.europa.eu/xbrl/crr/role/fws/ESG/its-2021-637/2023-05-30/tab/D_07.00.b/1" xlink:type="simple" xlink:href="d_07.00.b.xsd#role1" />
  <link:roleRef roleURI="http://www.eba.europa.eu/xbrl/crr/role/fws/ESG/its-2021-637/2023-05-30/tab/D_07.00.b/10" xlink:type="simple" xlink:href="d_07.00.b.xsd#role10" />
  <link:roleRef roleURI="http://www.eba.europa.eu/xbrl/crr/role/fws/ESG/its-2021-637/2023-05-30/tab/D_07.00.b/11" xlink:type="simple" xlink:href="d_07.00.b.xsd#role11" />
  <link:roleRef roleURI="http://www.eba.europa.eu/xbrl/crr/role/fws/ESG/its-2021-637/2023-05-30/tab/D_07.00.b/12" xlink:type="simple" xlink:href="d_07.00.b.xsd#role12" />
  <link:roleRef roleURI="http://www.eba.europa.eu/xbrl/crr/role/fws/ESG/its-2021-637/2023-05-30/tab/D_07.00.b/13" xlink:type="simple" xlink:href="d_07.00.b.xsd#role13" />
  <link:roleRef roleURI="http://www.eba.europa.eu/xbrl/crr/role/fws/ESG/its-2021-637/2023-05-30/tab/D_07.00.b/14" xlink:type="simple" xlink:href="d_07.00.b.xsd#role14" />
  <link:roleRef roleURI="http://www.eba.europa.eu/xbrl/crr/role/fws/ESG/its-2021-637/2023-05-30/tab/D_07.00.b/15" xlink:type="simple" xlink:href="d_07.00.b.xsd#role15" />
  <link:roleRef roleURI="http://www.eba.europa.eu/xbrl/crr/role/fws/ESG/its-2021-637/2023-05-30/tab/D_07.00.b/16" xlink:type="simple" xlink:href="d_07.00.b.xsd#role16" />
  <link:roleRef roleURI="http://www.eba.europa.eu/xbrl/crr/role/fws/ESG/its-2021-637/2023-05-30/tab/D_07.00.b/17" xlink:type="simple" xlink:href="d_07.00.b.xsd#role17" />
  <link:roleRef roleURI="http://www.eba.europa.eu/xbrl/crr/role/fws/ESG/its-2021-637/2023-05-30/tab/D_07.00.b/18" xlink:type="simple" xlink:href="d_07.00.b.xsd#role18" />
  <link:roleRef roleURI="http://www.eba.europa.eu/xbrl/crr/role/fws/ESG/its-2021-637/2023-05-30/tab/D_07.00.b/19" xlink:type="simple" xlink:href="d_07.00.b.xsd#role19" />
  <link:roleRef roleURI="http://www.eba.europa.eu/xbrl/crr/role/fws/ESG/its-2021-637/2023-05-30/tab/D_07.00.b/2" xlink:type="simple" xlink:href="d_07.00.b.xsd#role2" />
  <link:roleRef roleURI="http://www.eba.europa.eu/xbrl/crr/role/fws/ESG/its-2021-637/2023-05-30/tab/D_07.00.b/20" xlink:type="simple" xlink:href="d_07.00.b.xsd#role20" />
  <link:roleRef roleURI="http://www.eba.europa.eu/xbrl/crr/role/fws/ESG/its-2021-637/2023-05-30/tab/D_07.00.b/21" xlink:type="simple" xlink:href="d_07.00.b.xsd#role21" />
  <link:roleRef roleURI="http://www.eba.europa.eu/xbrl/crr/role/fws/ESG/its-2021-637/2023-05-30/tab/D_07.00.b/22" xlink:type="simple" xlink:href="d_07.00.b.xsd#role22" />
  <link:roleRef roleURI="http://www.eba.europa.eu/xbrl/crr/role/fws/ESG/its-2021-637/2023-05-30/tab/D_07.00.b/23" xlink:type="simple" xlink:href="d_07.00.b.xsd#role23" />
  <link:roleRef roleURI="http://www.eba.europa.eu/xbrl/crr/role/fws/ESG/its-2021-637/2023-05-30/tab/D_07.00.b/24" xlink:type="simple" xlink:href="d_07.00.b.xsd#role24" />
  <link:roleRef roleURI="http://www.eba.europa.eu/xbrl/crr/role/fws/ESG/its-2021-637/2023-05-30/tab/D_07.00.b/3" xlink:type="simple" xlink:href="d_07.00.b.xsd#role3" />
  <link:roleRef roleURI="http://www.eba.europa.eu/xbrl/crr/role/fws/ESG/its-2021-637/2023-05-30/tab/D_07.00.b/4" xlink:type="simple" xlink:href="d_07.00.b.xsd#role4" />
  <link:roleRef roleURI="http://www.eba.europa.eu/xbrl/crr/role/fws/ESG/its-2021-637/2023-05-30/tab/D_07.00.b/5" xlink:type="simple" xlink:href="d_07.00.b.xsd#role5" />
  <link:roleRef roleURI="http://www.eba.europa.eu/xbrl/crr/role/fws/ESG/its-2021-637/2023-05-30/tab/D_07.00.b/6" xlink:type="simple" xlink:href="d_07.00.b.xsd#role6" />
  <link:roleRef roleURI="http://www.eba.europa.eu/xbrl/crr/role/fws/ESG/its-2021-637/2023-05-30/tab/D_07.00.b/7" xlink:type="simple" xlink:href="d_07.00.b.xsd#role7" />
  <link:roleRef roleURI="http://www.eba.europa.eu/xbrl/crr/role/fws/ESG/its-2021-637/2023-05-30/tab/D_07.00.b/8" xlink:type="simple" xlink:href="d_07.00.b.xsd#role8" />
  <link:roleRef roleURI="http://www.eba.europa.eu/xbrl/crr/role/fws/ESG/its-2021-637/2023-05-30/tab/D_07.00.b/9" xlink:type="simple" xlink:href="d_07.00.b.xsd#role9" />
  <link:definitionLink xlink:type="extended" xlink:role="http://www.eba.europa.eu/xbrl/crr/role/fws/ESG/its-2021-637/2023-05-30/tab/D_07.00.b/1">
    <link:loc xlink:type="locator" xlink:href="../../../../../../dict/met/met.xsd#eba_mi136" xlink:label="loc_eba_mi136" />
    <link:loc xlink:type="locator" xlink:href="http://www.eurofiling.info/eu/fr/xbrl/ext/model.xsd#hyp" xlink:label="loc_hyp" />
    <link:definitionArc xlink:type="arc" xlink:arcrole="http://xbrl.org/int/dim/arcrole/all" xlink:from="loc_eba_mi136" xlink:to="loc_hyp" xbrldt:closed="true" xbrldt:contextElement="scenario" order="1" />
    <link:loc xlink:type="locator" xlink:href="../../../../../../dict/dim/dim.xsd#eba_EPC" xlink:label="loc_eba_EPC" />
    <link:definitionArc xlink:type="arc" xlink:arcrole="http://xbrl.org/int/dim/arcrole/hypercube-dimension" xlink:from="loc_hyp" xlink:to="loc_eba_EPC" order="1" />
    <link:loc xlink:type="locator" xlink:href="../../../../../../dict/dom/exp.xsd#eba_EA" xlink:label="loc_eba_EA" />
    <link:definitionArc xlink:type="arc" xlink:arcrole="http://xbrl.org/int/dim/arcrole/dimension-domain" xlink:from="loc_eba_EPC" xlink:to="loc_eba_EA" xbrldt:usable="false" order="1" />
    <link:loc xlink:type="locator" xlink:href="../../../../../../dict/dom/ea/mem.xsd#eba_x0" xlink:label="loc_eba_x0" />
    <link:definitionArc xlink:type="arc" xlink:arcrole="http://xbrl.org/int/dim/arcrole/domain-member" xlink:from="loc_eba_EA" xlink:to="loc_eba_x0" order="1" />
    <link:loc xlink:type="locator" xlink:href="../../../../../../dict/dim/dim.xsd#eba_EAQ" xlink:label="loc_eba_EAQ" />
    <link:definitionArc xlink:type="arc" xlink:arcrole="http://xbrl.org/int/dim/arcrole/hypercube-dimension" xlink:from="loc_hyp" xlink:to="loc_eba_EAQ" xbrldt:targetRole="http://www.eba.europa.eu/xbrl/crr/role/fws/ESG/its-2021-637/2023-05-30/tab/D_07.00.b/2" order="2" />
    <link:loc xlink:type="locator" xlink:href="../../../../../../dict/dim/dim.xsd#eba_EAW" xlink:label="loc_eba_EAW" />
    <link:definitionArc xlink:type="arc" xlink:arcrole="http://xbrl.org/int/dim/arcrole/hypercube-dimension" xlink:from="loc_hyp" xlink:to="loc_eba_EAW" xbrldt:targetRole="http://www.eba.europa.eu/xbrl/crr/role/fws/ESG/its-2021-637/2023-05-30/tab/D_07.00.b/3" order="3" />
    <link:loc xlink:type="locator" xlink:href="../../../../../../dict/dim/dim.xsd#eba_BAS" xlink:label="loc_eba_BAS" />
    <link:definitionArc xlink:type="arc" xlink:arcrole="http://xbrl.org/int/dim/arcrole/hypercube-dimension" xlink:from="loc_hyp" xlink:to="loc_eba_BAS" order="4" />
    <link:loc xlink:type="locator" xlink:href="../../../../../../dict/dom/exp.xsd#eba_BA" xlink:label="loc_eba_BA" />
    <link:definitionArc xlink:type="arc" xlink:arcrole="http://xbrl.org/int/dim/arcrole/dimension-domain" xlink:from="loc_eba_BAS" xlink:to="loc_eba_BA" xbrldt:usable="false" order="1" />
    <link:loc xlink:type="locator" xlink:href="../../../../../../dict/dom/ba/mem.xsd#eba_x6" xlink:label="loc_eba_x6" />
    <link:definitionArc xlink:type="arc" xlink:arcrole="http://xbrl.org/int/dim/arcrole/domain-member" xlink:from="loc_eba_BA" xlink:to="loc_eba_x6" order="1" />
    <link:loc xlink:type="locator" xlink:href="../../../../../../dict/dim/dim.xsd#eba_MCY" xlink:label="loc_eba_MCY" />
    <link:definitionArc xlink:type="arc" xlink:arcrole="http://xbrl.org/int/dim/arcrole/hypercube-dimension" xlink:from="loc_hyp" xlink:to="loc_eba_MCY" order="5" />
    <link:loc xlink:type="locator" xlink:href="../../../../../../dict/dom/exp.xsd#eba_MC" xlink:label="loc_eba_MC" />
    <link:definitionArc xlink:type="arc" xlink:arcrole="http://xbrl.org/int/dim/arcrole/dimension-domain" xlink:from="loc_eba_MCY" xlink:to="loc_eba_MC" xbrldt:usable="false" order="1" />
    <link:loc xlink:type="locator" xlink:href="../../../../../../dict/dom/mc/mem.xsd#eba_x469" xlink:label="loc_eba_x469" />
    <link:definitionArc xlink:type="arc" xlink:arcrole="http://xbrl.org/int/dim/arcrole/domain-member" xlink:from="loc_eba_MC" xlink:to="loc_eba_x469" order="1" />
    <link:loc xlink:type="locator" xlink:href="../../../../../../dict/dim/dim.xsd#eba_EXC" xlink:label="loc_eba_EXC" />
    <link:definitionArc xlink:type="arc" xlink:arcrole="http://xbrl.org/int/dim/arcrole/hypercube-dimension" xlink:from="loc_hyp" xlink:to="loc_eba_EXC" order="6" />
    <link:loc xlink:type="locator" xlink:href="../../../../../../dict/dom/exp.xsd#eba_EC" xlink:label="loc_eba_EC" />
    <link:definitionArc xlink:type="arc" xlink:arcrole="http://xbrl.org/int/dim/arcrole/dimension-domain" xlink:from="loc_eba_EXC" xlink:to="loc_eba_EC" xbrldt:usable="false" order="1" />
    <link:loc xlink:type="locator" xlink:href="../../../../../../dict/dom/ec/mem.xsd#eba_x3" xlink:label="loc_eba_x3" />
    <link:definitionArc xlink:type="arc" xlink:arcrole="http://xbrl.org/int/dim/arcrole/domain-member" xlink:from="loc_eba_EC" xlink:to="loc_eba_x3" order="1" />
    <link:loc xlink:type="locator" xlink:href="../../../../../../dict/dim/dim.xsd#eba_CPS" xlink:label="loc_eba_CPS" />
    <link:definitionArc xlink:type="arc" xlink:arcrole="http://xbrl.org/int/dim/arcrole/hypercube-dimension" xlink:from="loc_hyp" xlink:to="loc_eba_CPS" order="7" />
    <link:loc xlink:type="locator" xlink:href="../../../../../../dict/dom/exp.xsd#eba_CT" xlink:label="loc_eba_CT" />
    <link:definitionArc xlink:type="arc" xlink:arcrole="http://xbrl.org/int/dim/arcrole/dimension-domain" xlink:from="loc_eba_CPS" xlink:to="loc_eba_CT" xbrldt:usable="false" order="1" />
    <link:loc xlink:type="locator" xlink:href="../../../../../../dict/dom/ct/mem.xsd#eba_x68" xlink:label="loc_eba_x68" />
    <link:definitionArc xlink:type="arc" xlink:arcrole="http://xbrl.org/int/dim/arcrole/domain-member" xlink:from="loc_eba_CT" xlink:to="loc_eba_x68" order="1" />
    <link:loc xlink:type="locator" xlink:href="../../../../../../dict/dim/dim.xsd#eba_APL" xlink:label="loc_eba_APL" />
    <link:definitionArc xlink:type="arc" xlink:arcrole="http://xbrl.org/int/dim/arcrole/hypercube-dimension" xlink:from="loc_hyp" xlink:to="loc_eba_APL" order="8" />
    <link:loc xlink:type="locator" xlink:href="../../../../../../dict/dom/exp.xsd#eba_PL" xlink:label="loc_eba_PL" />
    <link:definitionArc xlink:type="arc" xlink:arcrole="http://xbrl.org/int/dim/arcrole/dimension-domain" xlink:from="loc_eba_APL" xlink:to="loc_eba_PL" xbrldt:usable="false" order="1" />
    <link:loc xlink:type="locator" xlink:href="../../../../../../dict/dom/pl/mem.xsd#eba_x772" xlink:label="loc_eba_x772" />
    <link:definitionArc xlink:type="arc" xlink:arcrole="http://xbrl.org/int/dim/arcrole/domain-member" xlink:from="loc_eba_PL" xlink:to="loc_eba_x772" order="1" />
    <link:loc xlink:type="locator" xlink:href="../../../../../../dict/dim/dim.xsd#eba_PUR" xlink:label="loc_eba_PUR" />
    <link:definitionArc xlink:type="arc" xlink:arcrole="http://xbrl.org/int/dim/arcrole/hypercube-dimension" xlink:from="loc_hyp" xlink:to="loc_eba_PUR" order="9" />
    <link:loc xlink:type="locator" xlink:href="../../../../../../dict/dom/exp.xsd#eba_PU" xlink:label="loc_eba_PU" />
    <link:definitionArc xlink:type="arc" xlink:arcrole="http://xbrl.org/int/dim/arcrole/dimension-domain" xlink:from="loc_eba_PUR" xlink:to="loc_eba_PU" xbrldt:usable="false" order="1" />
    <link:loc xlink:type="locator" xlink:href="../../../../../../dict/dom/pu/mem.xsd#eba_x44" xlink:label="loc_eba_x44" />
    <link:definitionArc xlink:type="arc" xlink:arcrole="http://xbrl.org/int/dim/arcrole/domain-member" xlink:from="loc_eba_PU" xlink:to="loc_eba_x44" order="1" />
    <link:loc xlink:type="locator" xlink:href="../../../../../../dict/dim/dim.xsd#eba_KUP" xlink:label="loc_eba_KUP" />
    <link:definitionArc xlink:type="arc" xlink:arcrole="http://xbrl.org/int/dim/arcrole/hypercube-dimension" xlink:from="loc_hyp" xlink:to="loc_eba_KUP" xbrldt:targetRole="http://www.eba.europa.eu/xbrl/crr/role/fws/ESG/its-2021-637/2023-05-30/tab/D_07.00.b/4" order="10" />
  </link:definitionLink>
  <link:definitionLink xlink:type="extended" xlink:role="http://www.eba.europa.eu/xbrl/crr/role/fws/ESG/its-2021-637/2023-05-30/tab/D_07.00.b/2">
    <link:loc xlink:type="locator" xlink:href="../../../../../../dict/dim/dim.xsd#eba_EAQ" xlink:label="loc_eba_EAQ" />
    <link:loc xlink:type="locator" xlink:href="../../../../../../dict/dom/exp.xsd#eba_EA" xlink:label="loc_eba_EA" />
    <link:definitionArc xlink:type="arc" xlink:arcrole="http://xbrl.org/int/dim/arcrole/dimension-domain" xlink:from="loc_eba_EAQ" xlink:to="loc_eba_EA" xbrldt:usable="false" order="1" />
    <link:loc xlink:type="locator" xlink:href="../../../../../../dict/dom/ea/mem.xsd#eba_x0" xlink:label="loc_eba_x0" />
    <link:definitionArc xlink:type="arc" xlink:arcrole="http://xbrl.org/int/dim/arcrole/domain-member" xlink:from="loc_eba_EA" xlink:to="loc_eba_x0" order="1" />
  </link:definitionLink>
  <link:definitionLink xlink:type="extended" xlink:role="http://www.eba.europa.eu/xbrl/crr/role/fws/ESG/its-2021-637/2023-05-30/tab/D_07.00.b/3">
    <link:loc xlink:type="locator" xlink:href="../../../../../../dict/dim/dim.xsd#eba_EAW" xlink:label="loc_eba_EAW" />
    <link:loc xlink:type="locator" xlink:href="../../../../../../dict/dom/exp.xsd#eba_EA" xlink:label="loc_eba_EA" />
    <link:definitionArc xlink:type="arc" xlink:arcrole="http://xbrl.org/int/dim/arcrole/dimension-domain" xlink:from="loc_eba_EAW" xlink:to="loc_eba_EA" xbrldt:usable="false" order="1" />
    <link:loc xlink:type="locator" xlink:href="../../../../../../dict/dom/ea/mem.xsd#eba_x0" xlink:label="loc_eba_x0" />
    <link:definitionArc xlink:type="arc" xlink:arcrole="http://xbrl.org/int/dim/arcrole/domain-member" xlink:from="loc_eba_EA" xlink:to="loc_eba_x0" order="1" />
  </link:definitionLink>
  <link:definitionLink xlink:type="extended" xlink:role="http://www.eba.europa.eu/xbrl/crr/role/fws/ESG/its-2021-637/2023-05-30/tab/D_07.00.b/4">
    <link:loc xlink:type="locator" xlink:href="../../../../../../dict/dim/dim.xsd#eba_KUP" xlink:label="loc_eba_KUP" />
    <link:loc xlink:type="locator" xlink:href="../../../../../../dict/dom/exp.xsd#eba_PU" xlink:label="loc_eba_PU" />
    <link:definitionArc xlink:type="arc" xlink:arcrole="http://xbrl.org/int/dim/arcrole/dimension-domain" xlink:from="loc_eba_KUP" xlink:to="loc_eba_PU" xbrldt:usable="false" order="1" />
    <link:loc xlink:type="locator" xlink:href="../../../../../../dict/dom/pu/mem.xsd#eba_x45" xlink:label="loc_eba_x45" />
    <link:definitionArc xlink:type="arc" xlink:arcrole="http://xbrl.org/int/dim/arcrole/domain-member" xlink:from="loc_eba_PU" xlink:to="loc_eba_x45" order="1" />
  </link:definitionLink>
  <link:definitionLink xlink:type="extended" xlink:role="http://www.eba.europa.eu/xbrl/crr/role/fws/ESG/its-2021-637/2023-05-30/tab/D_07.00.b/5">
    <link:loc xlink:type="locator" xlink:href="../../../../../../dict/met/met.xsd#eba_mi136" xlink:label="loc_eba_mi136" />
    <link:loc xlink:type="locator" xlink:href="http://www.eurofiling.info/eu/fr/xbrl/ext/model.xsd#hyp" xlink:label="loc_hyp" />
    <link:definitionArc xlink:type="arc" xlink:arcrole="http://xbrl.org/int/dim/arcrole/all" xlink:from="loc_eba_mi136" xlink:to="loc_hyp" xbrldt:closed="true" xbrldt:contextElement="scenario" order="1" />
    <link:loc xlink:type="locator" xlink:href="../../../../../../dict/dim/dim.xsd#eba_EPC" xlink:label="loc_eba_EPC" />
    <link:definitionArc xlink:type="arc" xlink:arcrole="http://xbrl.org/int/dim/arcrole/hypercube-dimension" xlink:from="loc_hyp" xlink:to="loc_eba_EPC" order="1" />
    <link:loc xlink:type="locator" xlink:href="../../../../../../dict/dom/exp.xsd#eba_EA" xlink:label="loc_eba_EA" />
    <link:definitionArc xlink:type="arc" xlink:arcrole="http://xbrl.org/int/dim/arcrole/dimension-domain" xlink:from="loc_eba_EPC" xlink:to="loc_eba_EA" xbrldt:usable="false" order="1" />
    <link:loc xlink:type="locator" xlink:href="../../../../../../dict/dom/ea/mem.xsd#eba_x20" xlink:label="loc_eba_x20" />
    <link:definitionArc xlink:type="arc" xlink:arcrole="http://xbrl.org/int/dim/arcrole/domain-member" xlink:from="loc_eba_EA" xlink:to="loc_eba_x20" order="1" />
    <link:loc xlink:type="locator" xlink:href="../../../../../../dict/dom/ea/mem.xsd#eba_x19" xlink:label="loc_eba_x19" />
    <link:definitionArc xlink:type="arc" xlink:arcrole="http://xbrl.org/int/dim/arcrole/domain-member" xlink:from="loc_eba_EA" xlink:to="loc_eba_x19" order="2" />
    <link:loc xlink:type="locator" xlink:href="../../../../../../dict/dim/dim.xsd#eba_EAQ" xlink:label="loc_eba_EAQ" />
    <link:definitionArc xlink:type="arc" xlink:arcrole="http://xbrl.org/int/dim/arcrole/hypercube-dimension" xlink:from="loc_hyp" xlink:to="loc_eba_EAQ" xbrldt:targetRole="http://www.eba.europa.eu/xbrl/crr/role/fws/ESG/its-2021-637/2023-05-30/tab/D_07.00.b/6" order="2" />
    <link:loc xlink:type="locator" xlink:href="../../../../../../dict/dim/dim.xsd#eba_EAW" xlink:label="loc_eba_EAW" />
    <link:definitionArc xlink:type="arc" xlink:arcrole="http://xbrl.org/int/dim/arcrole/hypercube-dimension" xlink:from="loc_hyp" xlink:to="loc_eba_EAW" xbrldt:targetRole="http://www.eba.europa.eu/xbrl/crr/role/fws/ESG/its-2021-637/2023-05-30/tab/D_07.00.b/7" order="3" />
    <link:loc xlink:type="locator" xlink:href="../../../../../../dict/dim/dim.xsd#eba_BAS" xlink:label="loc_eba_BAS" />
    <link:definitionArc xlink:type="arc" xlink:arcrole="http://xbrl.org/int/dim/arcrole/hypercube-dimension" xlink:from="loc_hyp" xlink:to="loc_eba_BAS" order="4" />
    <link:loc xlink:type="locator" xlink:href="../../../../../../dict/dom/exp.xsd#eba_BA" xlink:label="loc_eba_BA" />
    <link:definitionArc xlink:type="arc" xlink:arcrole="http://xbrl.org/int/dim/arcrole/dimension-domain" xlink:from="loc_eba_BAS" xlink:to="loc_eba_BA" xbrldt:usable="false" order="1" />
    <link:loc xlink:type="locator" xlink:href="../../../../../../dict/dom/ba/mem.xsd#eba_x6" xlink:label="loc_eba_x6" />
    <link:definitionArc xlink:type="arc" xlink:arcrole="http://xbrl.org/int/dim/arcrole/domain-member" xlink:from="loc_eba_BA" xlink:to="loc_eba_x6" order="1" />
    <link:loc xlink:type="locator" xlink:href="../../../../../../dict/dim/dim.xsd#eba_MCY" xlink:label="loc_eba_MCY" />
    <link:definitionArc xlink:type="arc" xlink:arcrole="http://xbrl.org/int/dim/arcrole/hypercube-dimension" xlink:from="loc_hyp" xlink:to="loc_eba_MCY" order="5" />
    <link:loc xlink:type="locator" xlink:href="../../../../../../dict/dom/exp.xsd#eba_MC" xlink:label="loc_eba_MC" />
    <link:definitionArc xlink:type="arc" xlink:arcrole="http://xbrl.org/int/dim/arcrole/dimension-domain" xlink:from="loc_eba_MCY" xlink:to="loc_eba_MC" xbrldt:usable="false" order="1" />
    <link:loc xlink:type="locator" xlink:href="../../../../../../dict/dom/mc/mem.xsd#eba_x469" xlink:label="loc_eba_x469" />
    <link:definitionArc xlink:type="arc" xlink:arcrole="http://xbrl.org/int/dim/arcrole/domain-member" xlink:from="loc_eba_MC" xlink:to="loc_eba_x469" order="1" />
    <link:loc xlink:type="locator" xlink:href="../../../../../../dict/dim/dim.xsd#eba_EXC" xlink:label="loc_eba_EXC" />
    <link:definitionArc xlink:type="arc" xlink:arcrole="http://xbrl.org/int/dim/arcrole/hypercube-dimension" xlink:from="loc_hyp" xlink:to="loc_eba_EXC" order="6" />
    <link:loc xlink:type="locator" xlink:href="../../../../../../dict/dom/exp.xsd#eba_EC" xlink:label="loc_eba_EC" />
    <link:definitionArc xlink:type="arc" xlink:arcrole="http://xbrl.org/int/dim/arcrole/dimension-domain" xlink:from="loc_eba_EXC" xlink:to="loc_eba_EC" xbrldt:usable="false" order="1" />
    <link:loc xlink:type="locator" xlink:href="../../../../../../dict/dom/ec/mem.xsd#eba_x3" xlink:label="loc_eba_x3" />
    <link:definitionArc xlink:type="arc" xlink:arcrole="http://xbrl.org/int/dim/arcrole/domain-member" xlink:from="loc_eba_EC" xlink:to="loc_eba_x3" order="1" />
    <link:loc xlink:type="locator" xlink:href="../../../../../../dict/dim/dim.xsd#eba_CPS" xlink:label="loc_eba_CPS" />
    <link:definitionArc xlink:type="arc" xlink:arcrole="http://xbrl.org/int/dim/arcrole/hypercube-dimension" xlink:from="loc_hyp" xlink:to="loc_eba_CPS" order="7" />
    <link:loc xlink:type="locator" xlink:href="../../../../../../dict/dom/exp.xsd#eba_CT" xlink:label="loc_eba_CT" />
    <link:definitionArc xlink:type="arc" xlink:arcrole="http://xbrl.org/int/dim/arcrole/dimension-domain" xlink:from="loc_eba_CPS" xlink:to="loc_eba_CT" xbrldt:usable="false" order="1" />
    <link:loc xlink:type="locator" xlink:href="../../../../../../dict/dom/ct/mem.xsd#eba_x68" xlink:label="loc_eba_x68" />
    <link:definitionArc xlink:type="arc" xlink:arcrole="http://xbrl.org/int/dim/arcrole/domain-member" xlink:from="loc_eba_CT" xlink:to="loc_eba_x68" order="1" />
    <link:loc xlink:type="locator" xlink:href="../../../../../../dict/dim/dim.xsd#eba_APL" xlink:label="loc_eba_APL" />
    <link:definitionArc xlink:type="arc" xlink:arcrole="http://xbrl.org/int/dim/arcrole/hypercube-dimension" xlink:from="loc_hyp" xlink:to="loc_eba_APL" order="8" />
    <link:loc xlink:type="locator" xlink:href="../../../../../../dict/dom/exp.xsd#eba_PL" xlink:label="loc_eba_PL" />
    <link:definitionArc xlink:type="arc" xlink:arcrole="http://xbrl.org/int/dim/arcrole/dimension-domain" xlink:from="loc_eba_APL" xlink:to="loc_eba_PL" xbrldt:usable="false" order="1" />
    <link:loc xlink:type="locator" xlink:href="../../../../../../dict/dom/pl/mem.xsd#eba_x772" xlink:label="loc_eba_x772" />
    <link:definitionArc xlink:type="arc" xlink:arcrole="http://xbrl.org/int/dim/arcrole/domain-member" xlink:from="loc_eba_PL" xlink:to="loc_eba_x772" order="1" />
    <link:loc xlink:type="locator" xlink:href="../../../../../../dict/dim/dim.xsd#eba_PUR" xlink:label="loc_eba_PUR" />
    <link:definitionArc xlink:type="arc" xlink:arcrole="http://xbrl.org/int/dim/arcrole/hypercube-dimension" xlink:from="loc_hyp" xlink:to="loc_eba_PUR" order="9" />
    <link:loc xlink:type="locator" xlink:href="../../../../../../dict/dom/exp.xsd#eba_PU" xlink:label="loc_eba_PU" />
    <link:definitionArc xlink:type="arc" xlink:arcrole="http://xbrl.org/int/dim/arcrole/dimension-domain" xlink:from="loc_eba_PUR" xlink:to="loc_eba_PU" xbrldt:usable="false" order="1" />
    <link:loc xlink:type="locator" xlink:href="../../../../../../dict/dom/pu/mem.xsd#eba_x44" xlink:label="loc_eba_x44" />
    <link:definitionArc xlink:type="arc" xlink:arcrole="http://xbrl.org/int/dim/arcrole/domain-member" xlink:from="loc_eba_PU" xlink:to="loc_eba_x44" order="1" />
    <link:loc xlink:type="locator" xlink:href="../../../../../../dict/dim/dim.xsd#eba_KUP" xlink:label="loc_eba_KUP" />
    <link:definitionArc xlink:type="arc" xlink:arcrole="http://xbrl.org/int/dim/arcrole/hypercube-dimension" xlink:from="loc_hyp" xlink:to="loc_eba_KUP" xbrldt:targetRole="http://www.eba.europa.eu/xbrl/crr/role/fws/ESG/its-2021-637/2023-05-30/tab/D_07.00.b/8" order="10" />
  </link:definitionLink>
  <link:definitionLink xlink:type="extended" xlink:role="http://www.eba.europa.eu/xbrl/crr/role/fws/ESG/its-2021-637/2023-05-30/tab/D_07.00.b/6">
    <link:loc xlink:type="locator" xlink:href="../../../../../../dict/dim/dim.xsd#eba_EAQ" xlink:label="loc_eba_EAQ" />
    <link:loc xlink:type="locator" xlink:href="../../../../../../dict/dom/exp.xsd#eba_EA" xlink:label="loc_eba_EA" />
    <link:definitionArc xlink:type="arc" xlink:arcrole="http://xbrl.org/int/dim/arcrole/dimension-domain" xlink:from="loc_eba_EAQ" xlink:to="loc_eba_EA" xbrldt:usable="false" order="1" />
    <link:loc xlink:type="locator" xlink:href="../../../../../../dict/dom/ea/mem.xsd#eba_x21" xlink:label="loc_eba_x21" />
    <link:definitionArc xlink:type="arc" xlink:arcrole="http://xbrl.org/int/dim/arcrole/domain-member" xlink:from="loc_eba_EA" xlink:to="loc_eba_x21" order="1" />
    <link:loc xlink:type="locator" xlink:href="../../../../../../dict/dom/ea/mem.xsd#eba_x22" xlink:label="loc_eba_x22" />
    <link:definitionArc xlink:type="arc" xlink:arcrole="http://xbrl.org/int/dim/arcrole/domain-member" xlink:from="loc_eba_EA" xlink:to="loc_eba_x22" order="2" />
    <link:loc xlink:type="locator" xlink:href="../../../../../../dict/dom/ea/mem.xsd#eba_x23" xlink:label="loc_eba_x23" />
    <link:definitionArc xlink:type="arc" xlink:arcrole="http://xbrl.org/int/dim/arcrole/domain-member" xlink:from="loc_eba_EA" xlink:to="loc_eba_x23" order="3" />
  </link:definitionLink>
  <link:definitionLink xlink:type="extended" xlink:role="http://www.eba.europa.eu/xbrl/crr/role/fws/ESG/its-2021-637/2023-05-30/tab/D_07.00.b/7">
    <link:loc xlink:type="locator" xlink:href="../../../../../../dict/dim/dim.xsd#eba_EAW" xlink:label="loc_eba_EAW" />
    <link:loc xlink:type="locator" xlink:href="../../../../../../dict/dom/exp.xsd#eba_EA" xlink:label="loc_eba_EA" />
    <link:definitionArc xlink:type="arc" xlink:arcrole="http://xbrl.org/int/dim/arcrole/dimension-domain" xlink:from="loc_eba_EAW" xlink:to="loc_eba_EA" xbrldt:usable="false" order="1" />
    <link:loc xlink:type="locator" xlink:href="../../../../../../dict/dom/ea/mem.xsd#eba_x0" xlink:label="loc_eba_x0" />
    <link:definitionArc xlink:type="arc" xlink:arcrole="http://xbrl.org/int/dim/arcrole/domain-member" xlink:from="loc_eba_EA" xlink:to="loc_eba_x0" order="1" />
  </link:definitionLink>
  <link:definitionLink xlink:type="extended" xlink:role="http://www.eba.europa.eu/xbrl/crr/role/fws/ESG/its-2021-637/2023-05-30/tab/D_07.00.b/8">
    <link:loc xlink:type="locator" xlink:href="../../../../../../dict/dim/dim.xsd#eba_KUP" xlink:label="loc_eba_KUP" />
    <link:loc xlink:type="locator" xlink:href="../../../../../../dict/dom/exp.xsd#eba_PU" xlink:label="loc_eba_PU" />
    <link:definitionArc xlink:type="arc" xlink:arcrole="http://xbrl.org/int/dim/arcrole/dimension-domain" xlink:from="loc_eba_KUP" xlink:to="loc_eba_PU" xbrldt:usable="false" order="1" />
    <link:loc xlink:type="locator" xlink:href="../../../../../../dict/dom/pu/mem.xsd#eba_x45" xlink:label="loc_eba_x45" />
    <link:definitionArc xlink:type="arc" xlink:arcrole="http://xbrl.org/int/dim/arcrole/domain-member" xlink:from="loc_eba_PU" xlink:to="loc_eba_x45" order="1" />
  </link:definitionLink>
  <link:definitionLink xlink:type="extended" xlink:role="http://www.eba.europa.eu/xbrl/crr/role/fws/ESG/its-2021-637/2023-05-30/tab/D_07.00.b/9">
    <link:loc xlink:type="locator" xlink:href="../../../../../../dict/met/met.xsd#eba_mi136" xlink:label="loc_eba_mi136" />
    <link:loc xlink:type="locator" xlink:href="http://www.eurofiling.info/eu/fr/xbrl/ext/model.xsd#hyp" xlink:label="loc_hyp" />
    <link:definitionArc xlink:type="arc" xlink:arcrole="http://xbrl.org/int/dim/arcrole/all" xlink:from="loc_eba_mi136" xlink:to="loc_hyp" xbrldt:closed="true" xbrldt:contextElement="scenario" order="1" />
    <link:loc xlink:type="locator" xlink:href="../../../../../../dict/dim/dim.xsd#eba_EAW" xlink:label="loc_eba_EAW" />
    <link:definitionArc xlink:type="arc" xlink:arcrole="http://xbrl.org/int/dim/arcrole/hypercube-dimension" xlink:from="loc_hyp" xlink:to="loc_eba_EAW" order="1" />
    <link:loc xlink:type="locator" xlink:href="../../../../../../dict/dom/exp.xsd#eba_EA" xlink:label="loc_eba_EA" />
    <link:definitionArc xlink:type="arc" xlink:arcrole="http://xbrl.org/int/dim/arcrole/dimension-domain" xlink:from="loc_eba_EAW" xlink:to="loc_eba_EA" xbrldt:usable="false" order="1" />
    <link:loc xlink:type="locator" xlink:href="../../../../../../dict/dom/ea/mem.xsd#eba_x24" xlink:label="loc_eba_x24" />
    <link:definitionArc xlink:type="arc" xlink:arcrole="http://xbrl.org/int/dim/arcrole/domain-member" xlink:from="loc_eba_EA" xlink:to="loc_eba_x24" order="1" />
    <link:loc xlink:type="locator" xlink:href="../../../../../../dict/dim/dim.xsd#eba_EPC" xlink:label="loc_eba_EPC" />
    <link:definitionArc xlink:type="arc" xlink:arcrole="http://xbrl.org/int/dim/arcrole/hypercube-dimension" xlink:from="loc_hyp" xlink:to="loc_eba_EPC" xbrldt:targetRole="http://www.eba.europa.eu/xbrl/crr/role/fws/ESG/its-2021-637/2023-05-30/tab/D_07.00.b/10" order="2" />
    <link:loc xlink:type="locator" xlink:href="../../../../../../dict/dim/dim.xsd#eba_EAQ" xlink:label="loc_eba_EAQ" />
    <link:definitionArc xlink:type="arc" xlink:arcrole="http://xbrl.org/int/dim/arcrole/hypercube-dimension" xlink:from="loc_hyp" xlink:to="loc_eba_EAQ" xbrldt:targetRole="http://www.eba.europa.eu/xbrl/crr/role/fws/ESG/its-2021-637/2023-05-30/tab/D_07.00.b/11" order="3" />
    <link:loc xlink:type="locator" xlink:href="../../../../../../dict/dim/dim.xsd#eba_BAS" xlink:label="loc_eba_BAS" />
    <link:definitionArc xlink:type="arc" xlink:arcrole="http://xbrl.org/int/dim/arcrole/hypercube-dimension" xlink:from="loc_hyp" xlink:to="loc_eba_BAS" order="4" />
    <link:loc xlink:type="locator" xlink:href="../../../../../../dict/dom/exp.xsd#eba_BA" xlink:label="loc_eba_BA" />
    <link:definitionArc xlink:type="arc" xlink:arcrole="http://xbrl.org/int/dim/arcrole/dimension-domain" xlink:from="loc_eba_BAS" xlink:to="loc_eba_BA" xbrldt:usable="false" order="1" />
    <link:loc xlink:type="locator" xlink:href="../../../../../../dict/dom/ba/mem.xsd#eba_x6" xlink:label="loc_eba_x6" />
    <link:definitionArc xlink:type="arc" xlink:arcrole="http://xbrl.org/int/dim/arcrole/domain-member" xlink:from="loc_eba_BA" xlink:to="loc_eba_x6" order="1" />
    <link:loc xlink:type="locator" xlink:href="../../../../../../dict/dim/dim.xsd#eba_MCY" xlink:label="loc_eba_MCY" />
    <link:definitionArc xlink:type="arc" xlink:arcrole="http://xbrl.org/int/dim/arcrole/hypercube-dimension" xlink:from="loc_hyp" xlink:to="loc_eba_MCY" order="5" />
    <link:loc xlink:type="locator" xlink:href="../../../../../../dict/dom/exp.xsd#eba_MC" xlink:label="loc_eba_MC" />
    <link:definitionArc xlink:type="arc" xlink:arcrole="http://xbrl.org/int/dim/arcrole/dimension-domain" xlink:from="loc_eba_MCY" xlink:to="loc_eba_MC" xbrldt:usable="false" order="1" />
    <link:loc xlink:type="locator" xlink:href="../../../../../../dict/dom/mc/mem.xsd#eba_x469" xlink:label="loc_eba_x469" />
    <link:definitionArc xlink:type="arc" xlink:arcrole="http://xbrl.org/int/dim/arcrole/domain-member" xlink:from="loc_eba_MC" xlink:to="loc_eba_x469" order="1" />
    <link:loc xlink:type="locator" xlink:href="../../../../../../dict/dim/dim.xsd#eba_EXC" xlink:label="loc_eba_EXC" />
    <link:definitionArc xlink:type="arc" xlink:arcrole="http://xbrl.org/int/dim/arcrole/hypercube-dimension" xlink:from="loc_hyp" xlink:to="loc_eba_EXC" order="6" />
    <link:loc xlink:type="locator" xlink:href="../../../../../../dict/dom/exp.xsd#eba_EC" xlink:label="loc_eba_EC" />
    <link:definitionArc xlink:type="arc" xlink:arcrole="http://xbrl.org/int/dim/arcrole/dimension-domain" xlink:from="loc_eba_EXC" xlink:to="loc_eba_EC" xbrldt:usable="false" order="1" />
    <link:loc xlink:type="locator" xlink:href="../../../../../../dict/dom/ec/mem.xsd#eba_x3" xlink:label="loc_eba_x3" />
    <link:definitionArc xlink:type="arc" xlink:arcrole="http://xbrl.org/int/dim/arcrole/domain-member" xlink:from="loc_eba_EC" xlink:to="loc_eba_x3" order="1" />
    <link:loc xlink:type="locator" xlink:href="../../../../../../dict/dim/dim.xsd#eba_CPS" xlink:label="loc_eba_CPS" />
    <link:definitionArc xlink:type="arc" xlink:arcrole="http://xbrl.org/int/dim/arcrole/hypercube-dimension" xlink:from="loc_hyp" xlink:to="loc_eba_CPS" order="7" />
    <link:loc xlink:type="locator" xlink:href="../../../../../../dict/dom/exp.xsd#eba_CT" xlink:label="loc_eba_CT" />
    <link:definitionArc xlink:type="arc" xlink:arcrole="http://xbrl.org/int/dim/arcrole/dimension-domain" xlink:from="loc_eba_CPS" xlink:to="loc_eba_CT" xbrldt:usable="false" order="1" />
    <link:loc xlink:type="locator" xlink:href="../../../../../../dict/dom/ct/mem.xsd#eba_x68" xlink:label="loc_eba_x68" />
    <link:definitionArc xlink:type="arc" xlink:arcrole="http://xbrl.org/int/dim/arcrole/domain-member" xlink:from="loc_eba_CT" xlink:to="loc_eba_x68" order="1" />
    <link:loc xlink:type="locator" xlink:href="../../../../../../dict/dim/dim.xsd#eba_APL" xlink:label="loc_eba_APL" />
    <link:definitionArc xlink:type="arc" xlink:arcrole="http://xbrl.org/int/dim/arcrole/hypercube-dimension" xlink:from="loc_hyp" xlink:to="loc_eba_APL" order="8" />
    <link:loc xlink:type="locator" xlink:href="../../../../../../dict/dom/exp.xsd#eba_PL" xlink:label="loc_eba_PL" />
    <link:definitionArc xlink:type="arc" xlink:arcrole="http://xbrl.org/int/dim/arcrole/dimension-domain" xlink:from="loc_eba_APL" xlink:to="loc_eba_PL" xbrldt:usable="false" order="1" />
    <link:loc xlink:type="locator" xlink:href="../../../../../../dict/dom/pl/mem.xsd#eba_x772" xlink:label="loc_eba_x772" />
    <link:definitionArc xlink:type="arc" xlink:arcrole="http://xbrl.org/int/dim/arcrole/domain-member" xlink:from="loc_eba_PL" xlink:to="loc_eba_x772" order="1" />
    <link:loc xlink:type="locator" xlink:href="../../../../../../dict/dim/dim.xsd#eba_PUR" xlink:label="loc_eba_PUR" />
    <link:definitionArc xlink:type="arc" xlink:arcrole="http://xbrl.org/int/dim/arcrole/hypercube-dimension" xlink:from="loc_hyp" xlink:to="loc_eba_PUR" order="9" />
    <link:loc xlink:type="locator" xlink:href="../../../../../../dict/dom/exp.xsd#eba_PU" xlink:label="loc_eba_PU" />
    <link:definitionArc xlink:type="arc" xlink:arcrole="http://xbrl.org/int/dim/arcrole/dimension-domain" xlink:from="loc_eba_PUR" xlink:to="loc_eba_PU" xbrldt:usable="false" order="1" />
    <link:loc xlink:type="locator" xlink:href="../../../../../../dict/dom/pu/mem.xsd#eba_x44" xlink:label="loc_eba_x44" />
    <link:definitionArc xlink:type="arc" xlink:arcrole="http://xbrl.org/int/dim/arcrole/domain-member" xlink:from="loc_eba_PU" xlink:to="loc_eba_x44" order="1" />
    <link:loc xlink:type="locator" xlink:href="../../../../../../dict/dim/dim.xsd#eba_KUP" xlink:label="loc_eba_KUP" />
    <link:definitionArc xlink:type="arc" xlink:arcrole="http://xbrl.org/int/dim/arcrole/hypercube-dimension" xlink:from="loc_hyp" xlink:to="loc_eba_KUP" xbrldt:targetRole="http://www.eba.europa.eu/xbrl/crr/role/fws/ESG/its-2021-637/2023-05-30/tab/D_07.00.b/12" order="10" />
  </link:definitionLink>
  <link:definitionLink xlink:type="extended" xlink:role="http://www.eba.europa.eu/xbrl/crr/role/fws/ESG/its-2021-637/2023-05-30/tab/D_07.00.b/10">
    <link:loc xlink:type="locator" xlink:href="../../../../../../dict/dim/dim.xsd#eba_EPC" xlink:label="loc_eba_EPC" />
    <link:loc xlink:type="locator" xlink:href="../../../../../../dict/dom/exp.xsd#eba_EA" xlink:label="loc_eba_EA" />
    <link:definitionArc xlink:type="arc" xlink:arcrole="http://xbrl.org/int/dim/arcrole/dimension-domain" xlink:from="loc_eba_EPC" xlink:to="loc_eba_EA" xbrldt:usable="false" order="1" />
    <link:loc xlink:type="locator" xlink:href="../../../../../../dict/dom/ea/mem.xsd#eba_x19" xlink:label="loc_eba_x19" />
    <link:definitionArc xlink:type="arc" xlink:arcrole="http://xbrl.org/int/dim/arcrole/domain-member" xlink:from="loc_eba_EA" xlink:to="loc_eba_x19" order="1" />
  </link:definitionLink>
  <link:definitionLink xlink:type="extended" xlink:role="http://www.eba.europa.eu/xbrl/crr/role/fws/ESG/its-2021-637/2023-05-30/tab/D_07.00.b/11">
    <link:loc xlink:type="locator" xlink:href="../../../../../../dict/dim/dim.xsd#eba_EAQ" xlink:label="loc_eba_EAQ" />
    <link:loc xlink:type="locator" xlink:href="../../../../../../dict/dom/exp.xsd#eba_EA" xlink:label="loc_eba_EA" />
    <link:definitionArc xlink:type="arc" xlink:arcrole="http://xbrl.org/int/dim/arcrole/dimension-domain" xlink:from="loc_eba_EAQ" xlink:to="loc_eba_EA" xbrldt:usable="false" order="1" />
    <link:loc xlink:type="locator" xlink:href="../../../../../../dict/dom/ea/mem.xsd#eba_x21" xlink:label="loc_eba_x21" />
    <link:definitionArc xlink:type="arc" xlink:arcrole="http://xbrl.org/int/dim/arcrole/domain-member" xlink:from="loc_eba_EA" xlink:to="loc_eba_x21" order="1" />
    <link:loc xlink:type="locator" xlink:href="../../../../../../dict/dom/ea/mem.xsd#eba_x22" xlink:label="loc_eba_x22" />
    <link:definitionArc xlink:type="arc" xlink:arcrole="http://xbrl.org/int/dim/arcrole/domain-member" xlink:from="loc_eba_EA" xlink:to="loc_eba_x22" order="2" />
    <link:loc xlink:type="locator" xlink:href="../../../../../../dict/dom/ea/mem.xsd#eba_x23" xlink:label="loc_eba_x23" />
    <link:definitionArc xlink:type="arc" xlink:arcrole="http://xbrl.org/int/dim/arcrole/domain-member" xlink:from="loc_eba_EA" xlink:to="loc_eba_x23" order="3" />
  </link:definitionLink>
  <link:definitionLink xlink:type="extended" xlink:role="http://www.eba.europa.eu/xbrl/crr/role/fws/ESG/its-2021-637/2023-05-30/tab/D_07.00.b/12">
    <link:loc xlink:type="locator" xlink:href="../../../../../../dict/dim/dim.xsd#eba_KUP" xlink:label="loc_eba_KUP" />
    <link:loc xlink:type="locator" xlink:href="../../../../../../dict/dom/exp.xsd#eba_PU" xlink:label="loc_eba_PU" />
    <link:definitionArc xlink:type="arc" xlink:arcrole="http://xbrl.org/int/dim/arcrole/dimension-domain" xlink:from="loc_eba_KUP" xlink:to="loc_eba_PU" xbrldt:usable="false" order="1" />
    <link:loc xlink:type="locator" xlink:href="../../../../../../dict/dom/pu/mem.xsd#eba_x45" xlink:label="loc_eba_x45" />
    <link:definitionArc xlink:type="arc" xlink:arcrole="http://xbrl.org/int/dim/arcrole/domain-member" xlink:from="loc_eba_PU" xlink:to="loc_eba_x45" order="1" />
  </link:definitionLink>
  <link:definitionLink xlink:type="extended" xlink:role="http://www.eba.europa.eu/xbrl/crr/role/fws/ESG/its-2021-637/2023-05-30/tab/D_07.00.b/13">
    <link:loc xlink:type="locator" xlink:href="../../../../../../dict/met/met.xsd#eba_mi136" xlink:label="loc_eba_mi136" />
    <link:loc xlink:type="locator" xlink:href="http://www.eurofiling.info/eu/fr/xbrl/ext/model.xsd#hyp" xlink:label="loc_hyp" />
    <link:definitionArc xlink:type="arc" xlink:arcrole="http://xbrl.org/int/dim/arcrole/all" xlink:from="loc_eba_mi136" xlink:to="loc_hyp" xbrldt:closed="true" xbrldt:contextElement="scenario" order="1" />
    <link:loc xlink:type="locator" xlink:href="../../../../../../dict/dim/dim.xsd#eba_EAW" xlink:label="loc_eba_EAW" />
    <link:definitionArc xlink:type="arc" xlink:arcrole="http://xbrl.org/int/dim/arcrole/hypercube-dimension" xlink:from="loc_hyp" xlink:to="loc_eba_EAW" order="1" />
    <link:loc xlink:type="locator" xlink:href="../../../../../../dict/dom/exp.xsd#eba_EA" xlink:label="loc_eba_EA" />
    <link:definitionArc xlink:type="arc" xlink:arcrole="http://xbrl.org/int/dim/arcrole/dimension-domain" xlink:from="loc_eba_EAW" xlink:to="loc_eba_EA" xbrldt:usable="false" order="1" />
    <link:loc xlink:type="locator" xlink:href="../../../../../../dict/dom/ea/mem.xsd#eba_x25" xlink:label="loc_eba_x25" />
    <link:definitionArc xlink:type="arc" xlink:arcrole="http://xbrl.org/int/dim/arcrole/domain-member" xlink:from="loc_eba_EA" xlink:to="loc_eba_x25" order="1" />
    <link:loc xlink:type="locator" xlink:href="../../../../../../dict/dim/dim.xsd#eba_EPC" xlink:label="loc_eba_EPC" />
    <link:definitionArc xlink:type="arc" xlink:arcrole="http://xbrl.org/int/dim/arcrole/hypercube-dimension" xlink:from="loc_hyp" xlink:to="loc_eba_EPC" xbrldt:targetRole="http://www.eba.europa.eu/xbrl/crr/role/fws/ESG/its-2021-637/2023-05-30/tab/D_07.00.b/14" order="2" />
    <link:loc xlink:type="locator" xlink:href="../../../../../../dict/dim/dim.xsd#eba_EAQ" xlink:label="loc_eba_EAQ" />
    <link:definitionArc xlink:type="arc" xlink:arcrole="http://xbrl.org/int/dim/arcrole/hypercube-dimension" xlink:from="loc_hyp" xlink:to="loc_eba_EAQ" xbrldt:targetRole="http://www.eba.europa.eu/xbrl/crr/role/fws/ESG/its-2021-637/2023-05-30/tab/D_07.00.b/15" order="3" />
    <link:loc xlink:type="locator" xlink:href="../../../../../../dict/dim/dim.xsd#eba_BAS" xlink:label="loc_eba_BAS" />
    <link:definitionArc xlink:type="arc" xlink:arcrole="http://xbrl.org/int/dim/arcrole/hypercube-dimension" xlink:from="loc_hyp" xlink:to="loc_eba_BAS" order="4" />
    <link:loc xlink:type="locator" xlink:href="../../../../../../dict/dom/exp.xsd#eba_BA" xlink:label="loc_eba_BA" />
    <link:definitionArc xlink:type="arc" xlink:arcrole="http://xbrl.org/int/dim/arcrole/dimension-domain" xlink:from="loc_eba_BAS" xlink:to="loc_eba_BA" xbrldt:usable="false" order="1" />
    <link:loc xlink:type="locator" xlink:href="../../../../../../dict/dom/ba/mem.xsd#eba_x6" xlink:label="loc_eba_x6" />
    <link:definitionArc xlink:type="arc" xlink:arcrole="http://xbrl.org/int/dim/arcrole/domain-member" xlink:from="loc_eba_BA" xlink:to="loc_eba_x6" order="1" />
    <link:loc xlink:type="locator" xlink:href="../../../../../../dict/dim/dim.xsd#eba_MCY" xlink:label="loc_eba_MCY" />
    <link:definitionArc xlink:type="arc" xlink:arcrole="http://xbrl.org/int/dim/arcrole/hypercube-dimension" xlink:from="loc_hyp" xlink:to="loc_eba_MCY" order="5" />
    <link:loc xlink:type="locator" xlink:href="../../../../../../dict/dom/exp.xsd#eba_MC" xlink:label="loc_eba_MC" />
    <link:definitionArc xlink:type="arc" xlink:arcrole="http://xbrl.org/int/dim/arcrole/dimension-domain" xlink:from="loc_eba_MCY" xlink:to="loc_eba_MC" xbrldt:usable="false" order="1" />
    <link:loc xlink:type="locator" xlink:href="../../../../../../dict/dom/mc/mem.xsd#eba_x469" xlink:label="loc_eba_x469" />
    <link:definitionArc xlink:type="arc" xlink:arcrole="http://xbrl.org/int/dim/arcrole/domain-member" xlink:from="loc_eba_MC" xlink:to="loc_eba_x469" order="1" />
    <link:loc xlink:type="locator" xlink:href="../../../../../../dict/dim/dim.xsd#eba_EXC" xlink:label="loc_eba_EXC" />
    <link:definitionArc xlink:type="arc" xlink:arcrole="http://xbrl.org/int/dim/arcrole/hypercube-dimension" xlink:from="loc_hyp" xlink:to="loc_eba_EXC" order="6" />
    <link:loc xlink:type="locator" xlink:href="../../../../../../dict/dom/exp.xsd#eba_EC" xlink:label="loc_eba_EC" />
    <link:definitionArc xlink:type="arc" xlink:arcrole="http://xbrl.org/int/dim/arcrole/dimension-domain" xlink:from="loc_eba_EXC" xlink:to="loc_eba_EC" xbrldt:usable="false" order="1" />
    <link:loc xlink:type="locator" xlink:href="../../../../../../dict/dom/ec/mem.xsd#eba_x3" xlink:label="loc_eba_x3" />
    <link:definitionArc xlink:type="arc" xlink:arcrole="http://xbrl.org/int/dim/arcrole/domain-member" xlink:from="loc_eba_EC" xlink:to="loc_eba_x3" order="1" />
    <link:loc xlink:type="locator" xlink:href="../../../../../../dict/dim/dim.xsd#eba_CPS" xlink:label="loc_eba_CPS" />
    <link:definitionArc xlink:type="arc" xlink:arcrole="http://xbrl.org/int/dim/arcrole/hypercube-dimension" xlink:from="loc_hyp" xlink:to="loc_eba_CPS" order="7" />
    <link:loc xlink:type="locator" xlink:href="../../../../../../dict/dom/exp.xsd#eba_CT" xlink:label="loc_eba_CT" />
    <link:definitionArc xlink:type="arc" xlink:arcrole="http://xbrl.org/int/dim/arcrole/dimension-domain" xlink:from="loc_eba_CPS" xlink:to="loc_eba_CT" xbrldt:usable="false" order="1" />
    <link:loc xlink:type="locator" xlink:href="../../../../../../dict/dom/ct/mem.xsd#eba_x68" xlink:label="loc_eba_x68" />
    <link:definitionArc xlink:type="arc" xlink:arcrole="http://xbrl.org/int/dim/arcrole/domain-member" xlink:from="loc_eba_CT" xlink:to="loc_eba_x68" order="1" />
    <link:loc xlink:type="locator" xlink:href="../../../../../../dict/dim/dim.xsd#eba_APL" xlink:label="loc_eba_APL" />
    <link:definitionArc xlink:type="arc" xlink:arcrole="http://xbrl.org/int/dim/arcrole/hypercube-dimension" xlink:from="loc_hyp" xlink:to="loc_eba_APL" order="8" />
    <link:loc xlink:type="locator" xlink:href="../../../../../../dict/dom/exp.xsd#eba_PL" xlink:label="loc_eba_PL" />
    <link:definitionArc xlink:type="arc" xlink:arcrole="http://xbrl.org/int/dim/arcrole/dimension-domain" xlink:from="loc_eba_APL" xlink:to="loc_eba_PL" xbrldt:usable="false" order="1" />
    <link:loc xlink:type="locator" xlink:href="../../../../../../dict/dom/pl/mem.xsd#eba_x772" xlink:label="loc_eba_x772" />
    <link:definitionArc xlink:type="arc" xlink:arcrole="http://xbrl.org/int/dim/arcrole/domain-member" xlink:from="loc_eba_PL" xlink:to="loc_eba_x772" order="1" />
    <link:loc xlink:type="locator" xlink:href="../../../../../../dict/dim/dim.xsd#eba_PUR" xlink:label="loc_eba_PUR" />
    <link:definitionArc xlink:type="arc" xlink:arcrole="http://xbrl.org/int/dim/arcrole/hypercube-dimension" xlink:from="loc_hyp" xlink:to="loc_eba_PUR" order="9" />
    <link:loc xlink:type="locator" xlink:href="../../../../../../dict/dom/exp.xsd#eba_PU" xlink:label="loc_eba_PU" />
    <link:definitionArc xlink:type="arc" xlink:arcrole="http://xbrl.org/int/dim/arcrole/dimension-domain" xlink:from="loc_eba_PUR" xlink:to="loc_eba_PU" xbrldt:usable="false" order="1" />
    <link:loc xlink:type="locator" xlink:href="../../../../../../dict/dom/pu/mem.xsd#eba_x44" xlink:label="loc_eba_x44" />
    <link:definitionArc xlink:type="arc" xlink:arcrole="http://xbrl.org/int/dim/arcrole/domain-member" xlink:from="loc_eba_PU" xlink:to="loc_eba_x44" order="1" />
    <link:loc xlink:type="locator" xlink:href="../../../../../../dict/dim/dim.xsd#eba_KUP" xlink:label="loc_eba_KUP" />
    <link:definitionArc xlink:type="arc" xlink:arcrole="http://xbrl.org/int/dim/arcrole/hypercube-dimension" xlink:from="loc_hyp" xlink:to="loc_eba_KUP" xbrldt:targetRole="http://www.eba.europa.eu/xbrl/crr/role/fws/ESG/its-2021-637/2023-05-30/tab/D_07.00.b/16" order="10" />
  </link:definitionLink>
  <link:definitionLink xlink:type="extended" xlink:role="http://www.eba.europa.eu/xbrl/crr/role/fws/ESG/its-2021-637/2023-05-30/tab/D_07.00.b/14">
    <link:loc xlink:type="locator" xlink:href="../../../../../../dict/dim/dim.xsd#eba_EPC" xlink:label="loc_eba_EPC" />
    <link:loc xlink:type="locator" xlink:href="../../../../../../dict/dom/exp.xsd#eba_EA" xlink:label="loc_eba_EA" />
    <link:definitionArc xlink:type="arc" xlink:arcrole="http://xbrl.org/int/dim/arcrole/dimension-domain" xlink:from="loc_eba_EPC" xlink:to="loc_eba_EA" xbrldt:usable="false" order="1" />
    <link:loc xlink:type="locator" xlink:href="../../../../../../dict/dom/ea/mem.xsd#eba_x19" xlink:label="loc_eba_x19" />
    <link:definitionArc xlink:type="arc" xlink:arcrole="http://xbrl.org/int/dim/arcrole/domain-member" xlink:from="loc_eba_EA" xlink:to="loc_eba_x19" order="1" />
  </link:definitionLink>
  <link:definitionLink xlink:type="extended" xlink:role="http://www.eba.europa.eu/xbrl/crr/role/fws/ESG/its-2021-637/2023-05-30/tab/D_07.00.b/15">
    <link:loc xlink:type="locator" xlink:href="../../../../../../dict/dim/dim.xsd#eba_EAQ" xlink:label="loc_eba_EAQ" />
    <link:loc xlink:type="locator" xlink:href="../../../../../../dict/dom/exp.xsd#eba_EA" xlink:label="loc_eba_EA" />
    <link:definitionArc xlink:type="arc" xlink:arcrole="http://xbrl.org/int/dim/arcrole/dimension-domain" xlink:from="loc_eba_EAQ" xlink:to="loc_eba_EA" xbrldt:usable="false" order="1" />
    <link:loc xlink:type="locator" xlink:href="../../../../../../dict/dom/ea/mem.xsd#eba_x21" xlink:label="loc_eba_x21" />
    <link:definitionArc xlink:type="arc" xlink:arcrole="http://xbrl.org/int/dim/arcrole/domain-member" xlink:from="loc_eba_EA" xlink:to="loc_eba_x21" order="1" />
  </link:definitionLink>
  <link:definitionLink xlink:type="extended" xlink:role="http://www.eba.europa.eu/xbrl/crr/role/fws/ESG/its-2021-637/2023-05-30/tab/D_07.00.b/16">
    <link:loc xlink:type="locator" xlink:href="../../../../../../dict/dim/dim.xsd#eba_KUP" xlink:label="loc_eba_KUP" />
    <link:loc xlink:type="locator" xlink:href="../../../../../../dict/dom/exp.xsd#eba_PU" xlink:label="loc_eba_PU" />
    <link:definitionArc xlink:type="arc" xlink:arcrole="http://xbrl.org/int/dim/arcrole/dimension-domain" xlink:from="loc_eba_KUP" xlink:to="loc_eba_PU" xbrldt:usable="false" order="1" />
    <link:loc xlink:type="locator" xlink:href="../../../../../../dict/dom/pu/mem.xsd#eba_x45" xlink:label="loc_eba_x45" />
    <link:definitionArc xlink:type="arc" xlink:arcrole="http://xbrl.org/int/dim/arcrole/domain-member" xlink:from="loc_eba_PU" xlink:to="loc_eba_x45" order="1" />
  </link:definitionLink>
  <link:definitionLink xlink:type="extended" xlink:role="http://www.eba.europa.eu/xbrl/crr/role/fws/ESG/its-2021-637/2023-05-30/tab/D_07.00.b/17">
    <link:loc xlink:type="locator" xlink:href="../../../../../../dict/met/met.xsd#eba_mi136" xlink:label="loc_eba_mi136" />
    <link:loc xlink:type="locator" xlink:href="http://www.eurofiling.info/eu/fr/xbrl/ext/model.xsd#hyp" xlink:label="loc_hyp" />
    <link:definitionArc xlink:type="arc" xlink:arcrole="http://xbrl.org/int/dim/arcrole/all" xlink:from="loc_eba_mi136" xlink:to="loc_hyp" xbrldt:closed="true" xbrldt:contextElement="scenario" order="1" />
    <link:loc xlink:type="locator" xlink:href="../../../../../../dict/dim/dim.xsd#eba_EAW" xlink:label="loc_eba_EAW" />
    <link:definitionArc xlink:type="arc" xlink:arcrole="http://xbrl.org/int/dim/arcrole/hypercube-dimension" xlink:from="loc_hyp" xlink:to="loc_eba_EAW" order="1" />
    <link:loc xlink:type="locator" xlink:href="../../../../../../dict/dom/exp.xsd#eba_EA" xlink:label="loc_eba_EA" />
    <link:definitionArc xlink:type="arc" xlink:arcrole="http://xbrl.org/int/dim/arcrole/dimension-domain" xlink:from="loc_eba_EAW" xlink:to="loc_eba_EA" xbrldt:usable="false" order="1" />
    <link:loc xlink:type="locator" xlink:href="../../../../../../dict/dom/ea/mem.xsd#eba_x26" xlink:label="loc_eba_x26" />
    <link:definitionArc xlink:type="arc" xlink:arcrole="http://xbrl.org/int/dim/arcrole/domain-member" xlink:from="loc_eba_EA" xlink:to="loc_eba_x26" order="1" />
    <link:loc xlink:type="locator" xlink:href="../../../../../../dict/dim/dim.xsd#eba_EPC" xlink:label="loc_eba_EPC" />
    <link:definitionArc xlink:type="arc" xlink:arcrole="http://xbrl.org/int/dim/arcrole/hypercube-dimension" xlink:from="loc_hyp" xlink:to="loc_eba_EPC" xbrldt:targetRole="http://www.eba.europa.eu/xbrl/crr/role/fws/ESG/its-2021-637/2023-05-30/tab/D_07.00.b/18" order="2" />
    <link:loc xlink:type="locator" xlink:href="../../../../../../dict/dim/dim.xsd#eba_EAQ" xlink:label="loc_eba_EAQ" />
    <link:definitionArc xlink:type="arc" xlink:arcrole="http://xbrl.org/int/dim/arcrole/hypercube-dimension" xlink:from="loc_hyp" xlink:to="loc_eba_EAQ" xbrldt:targetRole="http://www.eba.europa.eu/xbrl/crr/role/fws/ESG/its-2021-637/2023-05-30/tab/D_07.00.b/19" order="3" />
    <link:loc xlink:type="locator" xlink:href="../../../../../../dict/dim/dim.xsd#eba_BAS" xlink:label="loc_eba_BAS" />
    <link:definitionArc xlink:type="arc" xlink:arcrole="http://xbrl.org/int/dim/arcrole/hypercube-dimension" xlink:from="loc_hyp" xlink:to="loc_eba_BAS" order="4" />
    <link:loc xlink:type="locator" xlink:href="../../../../../../dict/dom/exp.xsd#eba_BA" xlink:label="loc_eba_BA" />
    <link:definitionArc xlink:type="arc" xlink:arcrole="http://xbrl.org/int/dim/arcrole/dimension-domain" xlink:from="loc_eba_BAS" xlink:to="loc_eba_BA" xbrldt:usable="false" order="1" />
    <link:loc xlink:type="locator" xlink:href="../../../../../../dict/dom/ba/mem.xsd#eba_x6" xlink:label="loc_eba_x6" />
    <link:definitionArc xlink:type="arc" xlink:arcrole="http://xbrl.org/int/dim/arcrole/domain-member" xlink:from="loc_eba_BA" xlink:to="loc_eba_x6" order="1" />
    <link:loc xlink:type="locator" xlink:href="../../../../../../dict/dim/dim.xsd#eba_MCY" xlink:label="loc_eba_MCY" />
    <link:definitionArc xlink:type="arc" xlink:arcrole="http://xbrl.org/int/dim/arcrole/hypercube-dimension" xlink:from="loc_hyp" xlink:to="loc_eba_MCY" order="5" />
    <link:loc xlink:type="locator" xlink:href="../../../../../../dict/dom/exp.xsd#eba_MC" xlink:label="loc_eba_MC" />
    <link:definitionArc xlink:type="arc" xlink:arcrole="http://xbrl.org/int/dim/arcrole/dimension-domain" xlink:from="loc_eba_MCY" xlink:to="loc_eba_MC" xbrldt:usable="false" order="1" />
    <link:loc xlink:type="locator" xlink:href="../../../../../../dict/dom/mc/mem.xsd#eba_x469" xlink:label="loc_eba_x469" />
    <link:definitionArc xlink:type="arc" xlink:arcrole="http://xbrl.org/int/dim/arcrole/domain-member" xlink:from="loc_eba_MC" xlink:to="loc_eba_x469" order="1" />
    <link:loc xlink:type="locator" xlink:href="../../../../../../dict/dim/dim.xsd#eba_EXC" xlink:label="loc_eba_EXC" />
    <link:definitionArc xlink:type="arc" xlink:arcrole="http://xbrl.org/int/dim/arcrole/hypercube-dimension" xlink:from="loc_hyp" xlink:to="loc_eba_EXC" order="6" />
    <link:loc xlink:type="locator" xlink:href="../../../../../../dict/dom/exp.xsd#eba_EC" xlink:label="loc_eba_EC" />
    <link:definitionArc xlink:type="arc" xlink:arcrole="http://xbrl.org/int/dim/arcrole/dimension-domain" xlink:from="loc_eba_EXC" xlink:to="loc_eba_EC" xbrldt:usable="false" order="1" />
    <link:loc xlink:type="locator" xlink:href="../../../../../../dict/dom/ec/mem.xsd#eba_x3" xlink:label="loc_eba_x3" />
    <link:definitionArc xlink:type="arc" xlink:arcrole="http://xbrl.org/int/dim/arcrole/domain-member" xlink:from="loc_eba_EC" xlink:to="loc_eba_x3" order="1" />
    <link:loc xlink:type="locator" xlink:href="../../../../../../dict/dim/dim.xsd#eba_CPS" xlink:label="loc_eba_CPS" />
    <link:definitionArc xlink:type="arc" xlink:arcrole="http://xbrl.org/int/dim/arcrole/hypercube-dimension" xlink:from="loc_hyp" xlink:to="loc_eba_CPS" order="7" />
    <link:loc xlink:type="locator" xlink:href="../../../../../../dict/dom/exp.xsd#eba_CT" xlink:label="loc_eba_CT" />
    <link:definitionArc xlink:type="arc" xlink:arcrole="http://xbrl.org/int/dim/arcrole/dimension-domain" xlink:from="loc_eba_CPS" xlink:to="loc_eba_CT" xbrldt:usable="false" order="1" />
    <link:loc xlink:type="locator" xlink:href="../../../../../../dict/dom/ct/mem.xsd#eba_x68" xlink:label="loc_eba_x68" />
    <link:definitionArc xlink:type="arc" xlink:arcrole="http://xbrl.org/int/dim/arcrole/domain-member" xlink:from="loc_eba_CT" xlink:to="loc_eba_x68" order="1" />
    <link:loc xlink:type="locator" xlink:href="../../../../../../dict/dim/dim.xsd#eba_APL" xlink:label="loc_eba_APL" />
    <link:definitionArc xlink:type="arc" xlink:arcrole="http://xbrl.org/int/dim/arcrole/hypercube-dimension" xlink:from="loc_hyp" xlink:to="loc_eba_APL" order="8" />
    <link:loc xlink:type="locator" xlink:href="../../../../../../dict/dom/exp.xsd#eba_PL" xlink:label="loc_eba_PL" />
    <link:definitionArc xlink:type="arc" xlink:arcrole="http://xbrl.org/int/dim/arcrole/dimension-domain" xlink:from="loc_eba_APL" xlink:to="loc_eba_PL" xbrldt:usable="false" order="1" />
    <link:loc xlink:type="locator" xlink:href="../../../../../../dict/dom/pl/mem.xsd#eba_x772" xlink:label="loc_eba_x772" />
    <link:definitionArc xlink:type="arc" xlink:arcrole="http://xbrl.org/int/dim/arcrole/domain-member" xlink:from="loc_eba_PL" xlink:to="loc_eba_x772" order="1" />
    <link:loc xlink:type="locator" xlink:href="../../../../../../dict/dim/dim.xsd#eba_PUR" xlink:label="loc_eba_PUR" />
    <link:definitionArc xlink:type="arc" xlink:arcrole="http://xbrl.org/int/dim/arcrole/hypercube-dimension" xlink:from="loc_hyp" xlink:to="loc_eba_PUR" order="9" />
    <link:loc xlink:type="locator" xlink:href="../../../../../../dict/dom/exp.xsd#eba_PU" xlink:label="loc_eba_PU" />
    <link:definitionArc xlink:type="arc" xlink:arcrole="http://xbrl.org/int/dim/arcrole/dimension-domain" xlink:from="loc_eba_PUR" xlink:to="loc_eba_PU" xbrldt:usable="false" order="1" />
    <link:loc xlink:type="locator" xlink:href="../../../../../../dict/dom/pu/mem.xsd#eba_x44" xlink:label="loc_eba_x44" />
    <link:definitionArc xlink:type="arc" xlink:arcrole="http://xbrl.org/int/dim/arcrole/domain-member" xlink:from="loc_eba_PU" xlink:to="loc_eba_x44" order="1" />
    <link:loc xlink:type="locator" xlink:href="../../../../../../dict/dim/dim.xsd#eba_KUP" xlink:label="loc_eba_KUP" />
    <link:definitionArc xlink:type="arc" xlink:arcrole="http://xbrl.org/int/dim/arcrole/hypercube-dimension" xlink:from="loc_hyp" xlink:to="loc_eba_KUP" xbrldt:targetRole="http://www.eba.europa.eu/xbrl/crr/role/fws/ESG/its-2021-637/2023-05-30/tab/D_07.00.b/20" order="10" />
  </link:definitionLink>
  <link:definitionLink xlink:type="extended" xlink:role="http://www.eba.europa.eu/xbrl/crr/role/fws/ESG/its-2021-637/2023-05-30/tab/D_07.00.b/18">
    <link:loc xlink:type="locator" xlink:href="../../../../../../dict/dim/dim.xsd#eba_EPC" xlink:label="loc_eba_EPC" />
    <link:loc xlink:type="locator" xlink:href="../../../../../../dict/dom/exp.xsd#eba_EA" xlink:label="loc_eba_EA" />
    <link:definitionArc xlink:type="arc" xlink:arcrole="http://xbrl.org/int/dim/arcrole/dimension-domain" xlink:from="loc_eba_EPC" xlink:to="loc_eba_EA" xbrldt:usable="false" order="1" />
    <link:loc xlink:type="locator" xlink:href="../../../../../../dict/dom/ea/mem.xsd#eba_x19" xlink:label="loc_eba_x19" />
    <link:definitionArc xlink:type="arc" xlink:arcrole="http://xbrl.org/int/dim/arcrole/domain-member" xlink:from="loc_eba_EA" xlink:to="loc_eba_x19" order="1" />
  </link:definitionLink>
  <link:definitionLink xlink:type="extended" xlink:role="http://www.eba.europa.eu/xbrl/crr/role/fws/ESG/its-2021-637/2023-05-30/tab/D_07.00.b/19">
    <link:loc xlink:type="locator" xlink:href="../../../../../../dict/dim/dim.xsd#eba_EAQ" xlink:label="loc_eba_EAQ" />
    <link:loc xlink:type="locator" xlink:href="../../../../../../dict/dom/exp.xsd#eba_EA" xlink:label="loc_eba_EA" />
    <link:definitionArc xlink:type="arc" xlink:arcrole="http://xbrl.org/int/dim/arcrole/dimension-domain" xlink:from="loc_eba_EAQ" xlink:to="loc_eba_EA" xbrldt:usable="false" order="1" />
    <link:loc xlink:type="locator" xlink:href="../../../../../../dict/dom/ea/mem.xsd#eba_x22" xlink:label="loc_eba_x22" />
    <link:definitionArc xlink:type="arc" xlink:arcrole="http://xbrl.org/int/dim/arcrole/domain-member" xlink:from="loc_eba_EA" xlink:to="loc_eba_x22" order="1" />
  </link:definitionLink>
  <link:definitionLink xlink:type="extended" xlink:role="http://www.eba.europa.eu/xbrl/crr/role/fws/ESG/its-2021-637/2023-05-30/tab/D_07.00.b/20">
    <link:loc xlink:type="locator" xlink:href="../../../../../../dict/dim/dim.xsd#eba_KUP" xlink:label="loc_eba_KUP" />
    <link:loc xlink:type="locator" xlink:href="../../../../../../dict/dom/exp.xsd#eba_PU" xlink:label="loc_eba_PU" />
    <link:definitionArc xlink:type="arc" xlink:arcrole="http://xbrl.org/int/dim/arcrole/dimension-domain" xlink:from="loc_eba_KUP" xlink:to="loc_eba_PU" xbrldt:usable="false" order="1" />
    <link:loc xlink:type="locator" xlink:href="../../../../../../dict/dom/pu/mem.xsd#eba_x45" xlink:label="loc_eba_x45" />
    <link:definitionArc xlink:type="arc" xlink:arcrole="http://xbrl.org/int/dim/arcrole/domain-member" xlink:from="loc_eba_PU" xlink:to="loc_eba_x45" order="1" />
  </link:definitionLink>
  <link:definitionLink xlink:type="extended" xlink:role="http://www.eba.europa.eu/xbrl/crr/role/fws/ESG/its-2021-637/2023-05-30/tab/D_07.00.b/21">
    <link:loc xlink:type="locator" xlink:href="../../../../../../dict/met/met.xsd#eba_mi136" xlink:label="loc_eba_mi136" />
    <link:loc xlink:type="locator" xlink:href="http://www.eurofiling.info/eu/fr/xbrl/ext/model.xsd#hyp" xlink:label="loc_hyp" />
    <link:definitionArc xlink:type="arc" xlink:arcrole="http://xbrl.org/int/dim/arcrole/all" xlink:from="loc_eba_mi136" xlink:to="loc_hyp" xbrldt:closed="true" xbrldt:contextElement="scenario" order="1" />
    <link:loc xlink:type="locator" xlink:href="../../../../../../dict/dim/dim.xsd#eba_EAW" xlink:label="loc_eba_EAW" />
    <link:definitionArc xlink:type="arc" xlink:arcrole="http://xbrl.org/int/dim/arcrole/hypercube-dimension" xlink:from="loc_hyp" xlink:to="loc_eba_EAW" order="1" />
    <link:loc xlink:type="locator" xlink:href="../../../../../../dict/dom/exp.xsd#eba_EA" xlink:label="loc_eba_EA" />
    <link:definitionArc xlink:type="arc" xlink:arcrole="http://xbrl.org/int/dim/arcrole/dimension-domain" xlink:from="loc_eba_EAW" xlink:to="loc_eba_EA" xbrldt:usable="false" order="1" />
    <link:loc xlink:type="locator" xlink:href="../../../../../../dict/dom/ea/mem.xsd#eba_x32" xlink:label="loc_eba_x32" />
    <link:definitionArc xlink:type="arc" xlink:arcrole="http://xbrl.org/int/dim/arcrole/domain-member" xlink:from="loc_eba_EA" xlink:to="loc_eba_x32" order="1" />
    <link:loc xlink:type="locator" xlink:href="../../../../../../dict/dim/dim.xsd#eba_EPC" xlink:label="loc_eba_EPC" />
    <link:definitionArc xlink:type="arc" xlink:arcrole="http://xbrl.org/int/dim/arcrole/hypercube-dimension" xlink:from="loc_hyp" xlink:to="loc_eba_EPC" xbrldt:targetRole="http://www.eba.europa.eu/xbrl/crr/role/fws/ESG/its-2021-637/2023-05-30/tab/D_07.00.b/22" order="2" />
    <link:loc xlink:type="locator" xlink:href="../../../../../../dict/dim/dim.xsd#eba_EAQ" xlink:label="loc_eba_EAQ" />
    <link:definitionArc xlink:type="arc" xlink:arcrole="http://xbrl.org/int/dim/arcrole/hypercube-dimension" xlink:from="loc_hyp" xlink:to="loc_eba_EAQ" xbrldt:targetRole="http://www.eba.europa.eu/xbrl/crr/role/fws/ESG/its-2021-637/2023-05-30/tab/D_07.00.b/23" order="3" />
    <link:loc xlink:type="locator" xlink:href="../../../../../../dict/dim/dim.xsd#eba_BAS" xlink:label="loc_eba_BAS" />
    <link:definitionArc xlink:type="arc" xlink:arcrole="http://xbrl.org/int/dim/arcrole/hypercube-dimension" xlink:from="loc_hyp" xlink:to="loc_eba_BAS" order="4" />
    <link:loc xlink:type="locator" xlink:href="../../../../../../dict/dom/exp.xsd#eba_BA" xlink:label="loc_eba_BA" />
    <link:definitionArc xlink:type="arc" xlink:arcrole="http://xbrl.org/int/dim/arcrole/dimension-domain" xlink:from="loc_eba_BAS" xlink:to="loc_eba_BA" xbrldt:usable="false" order="1" />
    <link:loc xlink:type="locator" xlink:href="../../../../../../dict/dom/ba/mem.xsd#eba_x6" xlink:label="loc_eba_x6" />
    <link:definitionArc xlink:type="arc" xlink:arcrole="http://xbrl.org/int/dim/arcrole/domain-member" xlink:from="loc_eba_BA" xlink:to="loc_eba_x6" order="1" />
    <link:loc xlink:type="locator" xlink:href="../../../../../../dict/dim/dim.xsd#eba_MCY" xlink:label="loc_eba_MCY" />
    <link:definitionArc xlink:type="arc" xlink:arcrole="http://xbrl.org/int/dim/arcrole/hypercube-dimension" xlink:from="loc_hyp" xlink:to="loc_eba_MCY" order="5" />
    <link:loc xlink:type="locator" xlink:href="../../../../../../dict/dom/exp.xsd#eba_MC" xlink:label="loc_eba_MC" />
    <link:definitionArc xlink:type="arc" xlink:arcrole="http://xbrl.org/int/dim/arcrole/dimension-domain" xlink:from="loc_eba_MCY" xlink:to="loc_eba_MC" xbrldt:usable="false" order="1" />
    <link:loc xlink:type="locator" xlink:href="../../../../../../dict/dom/mc/mem.xsd#eba_x469" xlink:label="loc_eba_x469" />
    <link:definitionArc xlink:type="arc" xlink:arcrole="http://xbrl.org/int/dim/arcrole/domain-member" xlink:from="loc_eba_MC" xlink:to="loc_eba_x469" order="1" />
    <link:loc xlink:type="locator" xlink:href="../../../../../../dict/dim/dim.xsd#eba_EXC" xlink:label="loc_eba_EXC" />
    <link:definitionArc xlink:type="arc" xlink:arcrole="http://xbrl.org/int/dim/arcrole/hypercube-dimension" xlink:from="loc_hyp" xlink:to="loc_eba_EXC" order="6" />
    <link:loc xlink:type="locator" xlink:href="../../../../../../dict/dom/exp.xsd#eba_EC" xlink:label="loc_eba_EC" />
    <link:definitionArc xlink:type="arc" xlink:arcrole="http://xbrl.org/int/dim/arcrole/dimension-domain" xlink:from="loc_eba_EXC" xlink:to="loc_eba_EC" xbrldt:usable="false" order="1" />
    <link:loc xlink:type="locator" xlink:href="../../../../../../dict/dom/ec/mem.xsd#eba_x3" xlink:label="loc_eba_x3" />
    <link:definitionArc xlink:type="arc" xlink:arcrole="http://xbrl.org/int/dim/arcrole/domain-member" xlink:from="loc_eba_EC" xlink:to="loc_eba_x3" order="1" />
    <link:loc xlink:type="locator" xlink:href="../../../../../../dict/dim/dim.xsd#eba_CPS" xlink:label="loc_eba_CPS" />
    <link:definitionArc xlink:type="arc" xlink:arcrole="http://xbrl.org/int/dim/arcrole/hypercube-dimension" xlink:from="loc_hyp" xlink:to="loc_eba_CPS" order="7" />
    <link:loc xlink:type="locator" xlink:href="../../../../../../dict/dom/exp.xsd#eba_CT" xlink:label="loc_eba_CT" />
    <link:definitionArc xlink:type="arc" xlink:arcrole="http://xbrl.org/int/dim/arcrole/dimension-domain" xlink:from="loc_eba_CPS" xlink:to="loc_eba_CT" xbrldt:usable="false" order="1" />
    <link:loc xlink:type="locator" xlink:href="../../../../../../dict/dom/ct/mem.xsd#eba_x68" xlink:label="loc_eba_x68" />
    <link:definitionArc xlink:type="arc" xlink:arcrole="http://xbrl.org/int/dim/arcrole/domain-member" xlink:from="loc_eba_CT" xlink:to="loc_eba_x68" order="1" />
    <link:loc xlink:type="locator" xlink:href="../../../../../../dict/dim/dim.xsd#eba_APL" xlink:label="loc_eba_APL" />
    <link:definitionArc xlink:type="arc" xlink:arcrole="http://xbrl.org/int/dim/arcrole/hypercube-dimension" xlink:from="loc_hyp" xlink:to="loc_eba_APL" order="8" />
    <link:loc xlink:type="locator" xlink:href="../../../../../../dict/dom/exp.xsd#eba_PL" xlink:label="loc_eba_PL" />
    <link:definitionArc xlink:type="arc" xlink:arcrole="http://xbrl.org/int/dim/arcrole/dimension-domain" xlink:from="loc_eba_APL" xlink:to="loc_eba_PL" xbrldt:usable="false" order="1" />
    <link:loc xlink:type="locator" xlink:href="../../../../../../dict/dom/pl/mem.xsd#eba_x772" xlink:label="loc_eba_x772" />
    <link:definitionArc xlink:type="arc" xlink:arcrole="http://xbrl.org/int/dim/arcrole/domain-member" xlink:from="loc_eba_PL" xlink:to="loc_eba_x772" order="1" />
    <link:loc xlink:type="locator" xlink:href="../../../../../../dict/dim/dim.xsd#eba_PUR" xlink:label="loc_eba_PUR" />
    <link:definitionArc xlink:type="arc" xlink:arcrole="http://xbrl.org/int/dim/arcrole/hypercube-dimension" xlink:from="loc_hyp" xlink:to="loc_eba_PUR" order="9" />
    <link:loc xlink:type="locator" xlink:href="../../../../../../dict/dom/exp.xsd#eba_PU" xlink:label="loc_eba_PU" />
    <link:definitionArc xlink:type="arc" xlink:arcrole="http://xbrl.org/int/dim/arcrole/dimension-domain" xlink:from="loc_eba_PUR" xlink:to="loc_eba_PU" xbrldt:usable="false" order="1" />
    <link:loc xlink:type="locator" xlink:href="../../../../../../dict/dom/pu/mem.xsd#eba_x44" xlink:label="loc_eba_x44" />
    <link:definitionArc xlink:type="arc" xlink:arcrole="http://xbrl.org/int/dim/arcrole/domain-member" xlink:from="loc_eba_PU" xlink:to="loc_eba_x44" order="1" />
    <link:loc xlink:type="locator" xlink:href="../../../../../../dict/dim/dim.xsd#eba_KUP" xlink:label="loc_eba_KUP" />
    <link:definitionArc xlink:type="arc" xlink:arcrole="http://xbrl.org/int/dim/arcrole/hypercube-dimension" xlink:from="loc_hyp" xlink:to="loc_eba_KUP" xbrldt:targetRole="http://www.eba.europa.eu/xbrl/crr/role/fws/ESG/its-2021-637/2023-05-30/tab/D_07.00.b/24" order="10" />
  </link:definitionLink>
  <link:definitionLink xlink:type="extended" xlink:role="http://www.eba.europa.eu/xbrl/crr/role/fws/ESG/its-2021-637/2023-05-30/tab/D_07.00.b/22">
    <link:loc xlink:type="locator" xlink:href="../../../../../../dict/dim/dim.xsd#eba_EPC" xlink:label="loc_eba_EPC" />
    <link:loc xlink:type="locator" xlink:href="../../../../../../dict/dom/exp.xsd#eba_EA" xlink:label="loc_eba_EA" />
    <link:definitionArc xlink:type="arc" xlink:arcrole="http://xbrl.org/int/dim/arcrole/dimension-domain" xlink:from="loc_eba_EPC" xlink:to="loc_eba_EA" xbrldt:usable="false" order="1" />
    <link:loc xlink:type="locator" xlink:href="../../../../../../dict/dom/ea/mem.xsd#eba_x19" xlink:label="loc_eba_x19" />
    <link:definitionArc xlink:type="arc" xlink:arcrole="http://xbrl.org/int/dim/arcrole/domain-member" xlink:from="loc_eba_EA" xlink:to="loc_eba_x19" order="1" />
  </link:definitionLink>
  <link:definitionLink xlink:type="extended" xlink:role="http://www.eba.europa.eu/xbrl/crr/role/fws/ESG/its-2021-637/2023-05-30/tab/D_07.00.b/23">
    <link:loc xlink:type="locator" xlink:href="../../../../../../dict/dim/dim.xsd#eba_EAQ" xlink:label="loc_eba_EAQ" />
    <link:loc xlink:type="locator" xlink:href="../../../../../../dict/dom/exp.xsd#eba_EA" xlink:label="loc_eba_EA" />
    <link:definitionArc xlink:type="arc" xlink:arcrole="http://xbrl.org/int/dim/arcrole/dimension-domain" xlink:from="loc_eba_EAQ" xlink:to="loc_eba_EA" xbrldt:usable="false" order="1" />
    <link:loc xlink:type="locator" xlink:href="../../../../../../dict/dom/ea/mem.xsd#eba_x23" xlink:label="loc_eba_x23" />
    <link:definitionArc xlink:type="arc" xlink:arcrole="http://xbrl.org/int/dim/arcrole/domain-member" xlink:from="loc_eba_EA" xlink:to="loc_eba_x23" order="1" />
  </link:definitionLink>
  <link:definitionLink xlink:type="extended" xlink:role="http://www.eba.europa.eu/xbrl/crr/role/fws/ESG/its-2021-637/2023-05-30/tab/D_07.00.b/24">
    <link:loc xlink:type="locator" xlink:href="../../../../../../dict/dim/dim.xsd#eba_KUP" xlink:label="loc_eba_KUP" />
    <link:loc xlink:type="locator" xlink:href="../../../../../../dict/dom/exp.xsd#eba_PU" xlink:label="loc_eba_PU" />
    <link:definitionArc xlink:type="arc" xlink:arcrole="http://xbrl.org/int/dim/arcrole/dimension-domain" xlink:from="loc_eba_KUP" xlink:to="loc_eba_PU" xbrldt:usable="false" order="1" />
    <link:loc xlink:type="locator" xlink:href="../../../../../../dict/dom/pu/mem.xsd#eba_x45" xlink:label="loc_eba_x45" />
    <link:definitionArc xlink:type="arc" xlink:arcrole="http://xbrl.org/int/dim/arcrole/domain-member" xlink:from="loc_eba_PU" xlink:to="loc_eba_x45" order="1" />
  </link:definitionLink>
</link:linkbase>