﻿<?xml version="1.0" encoding="utf-8"?>
<?taxonomy-version 1.0.0.0 ?>  <?taxonomy-set-overall-version 3.3.0.0 ?>
<!--(C) EBA-->
<link:linkbase xmlns:xsi="http://www.w3.org/2001/XMLSchema-instance" xmlns:xlink="http://www.w3.org/1999/xlink" xmlns:link="http://www.xbrl.org/2003/linkbase" xmlns:gen="http://xbrl.org/2008/generic" xmlns:label="http://xbrl.org/2008/label" xsi:schemaLocation="http://www.xbrl.org/2003/linkbase http://www.xbrl.org/2003/xbrl-linkbase-2003-12-31.xsd http://xbrl.org/2008/generic http://www.xbrl.org/2008/generic-link.xsd http://xbrl.org/2008/label http://www.xbrl.org/2008/generic-label.xsd">
  <link:arcroleRef arcroleURI="http://xbrl.org/arcrole/2008/element-label" xlink:type="simple" xlink:href="http://www.xbrl.org/2008/generic-label.xsd#element-label" />
  <link:roleRef roleURI="http://www.xbrl.org/2008/role/label" xlink:type="simple" xlink:href="http://www.xbrl.org/2008/generic-label.xsd#standard-label" />
  <link:roleRef roleURI="http://www.xbrl.org/2008/role/verboseLabel" xlink:type="simple" xlink:href="http://www.xbrl.org/2008/generic-label.xsd#verbose-label" />
  <gen:link xlink:type="extended" xlink:role="http://www.xbrl.org/2003/role/link">
    <link:loc xlink:type="locator" xlink:href="d_07.00.b-rend.xml#eba_tD_07.00.b" xlink:label="loc_eba_tD_07.00.b" />
    <label:label xlink:type="resource" xlink:label="label_eba_tD_07.00.b" xml:lang="en" xlink:role="http://www.xbrl.org/2008/role/label">D 07.00.b</label:label>
    <gen:arc xlink:type="arc" xlink:arcrole="http://xbrl.org/arcrole/2008/element-label" xlink:from="loc_eba_tD_07.00.b" xlink:to="label_eba_tD_07.00.b" />
    <label:label xlink:type="resource" xlink:label="label_eba_tD_07.00.b_1" xml:lang="en" xlink:role="http://www.xbrl.org/2008/role/verboseLabel">D 07.00.b Mitigating actions: Assets for the calculation of GAR (II)</label:label>
    <gen:arc xlink:type="arc" xlink:arcrole="http://xbrl.org/arcrole/2008/element-label" xlink:from="loc_eba_tD_07.00.b" xlink:to="label_eba_tD_07.00.b_1" />
    <link:loc xlink:type="locator" xlink:href="d_07.00.b-rend.xml#eba_a1" xlink:label="loc_eba_a1" />
    <label:label xlink:type="resource" xlink:label="label_eba_a1" xml:lang="en" xlink:role="http://www.xbrl.org/2008/role/label">Columns</label:label>
    <gen:arc xlink:type="arc" xlink:arcrole="http://xbrl.org/arcrole/2008/element-label" xlink:from="loc_eba_a1" xlink:to="label_eba_a1" />
    <link:loc xlink:type="locator" xlink:href="d_07.00.b-rend.xml#eba_c86529" xlink:label="loc_eba_c86529" />
    <label:label xlink:type="resource" xlink:label="label_eba_c86529" xml:lang="en" xlink:role="http://www.xbrl.org/2008/role/label">Disclosure reference date T</label:label>
    <gen:arc xlink:type="arc" xlink:arcrole="http://xbrl.org/arcrole/2008/element-label" xlink:from="loc_eba_c86529" xlink:to="label_eba_c86529" />
    <link:loc xlink:type="locator" xlink:href="d_07.00.b-rend.xml#eba_c86530" xlink:label="loc_eba_c86530" />
    <label:label xlink:type="resource" xlink:label="label_eba_c86530" xml:lang="en" xlink:role="http://www.xbrl.org/2008/role/label">Total gross carrying amount</label:label>
    <gen:arc xlink:type="arc" xlink:arcrole="http://xbrl.org/arcrole/2008/element-label" xlink:from="loc_eba_c86530" xlink:to="label_eba_c86530" />
    <link:loc xlink:type="locator" xlink:href="d_07.00.b-rend.xml#eba_c86531" xlink:label="loc_eba_c86531" />
    <label:label xlink:type="resource" xlink:label="label_eba_c86531" xml:lang="en" xlink:role="http://www.xbrl.org/2008/role/label">Climate Change Mitigation (CCM)</label:label>
    <gen:arc xlink:type="arc" xlink:arcrole="http://xbrl.org/arcrole/2008/element-label" xlink:from="loc_eba_c86531" xlink:to="label_eba_c86531" />
    <link:loc xlink:type="locator" xlink:href="d_07.00.b-rend.xml#eba_c86532" xlink:label="loc_eba_c86532" />
    <label:label xlink:type="resource" xlink:label="label_eba_c86532" xml:lang="en" xlink:role="http://www.xbrl.org/2008/role/label">Of which towards taxonomy relevant sectors (Taxonomy-eligible)</label:label>
    <gen:arc xlink:type="arc" xlink:arcrole="http://xbrl.org/arcrole/2008/element-label" xlink:from="loc_eba_c86532" xlink:to="label_eba_c86532" />
    <link:loc xlink:type="locator" xlink:href="d_07.00.b-rend.xml#eba_c86533" xlink:label="loc_eba_c86533" />
    <label:label xlink:type="resource" xlink:label="label_eba_c86533" xml:lang="en" xlink:role="http://www.xbrl.org/2008/role/label">Of which environmentally sustainable (Taxonomy-aligned)</label:label>
    <gen:arc xlink:type="arc" xlink:arcrole="http://xbrl.org/arcrole/2008/element-label" xlink:from="loc_eba_c86533" xlink:to="label_eba_c86533" />
    <link:loc xlink:type="locator" xlink:href="d_07.00.b-rend.xml#eba_c86534" xlink:label="loc_eba_c86534" />
    <label:label xlink:type="resource" xlink:label="label_eba_c86534" xml:lang="en" xlink:role="http://www.xbrl.org/2008/role/label">Of which specialised lending</label:label>
    <gen:arc xlink:type="arc" xlink:arcrole="http://xbrl.org/arcrole/2008/element-label" xlink:from="loc_eba_c86534" xlink:to="label_eba_c86534" />
    <link:loc xlink:type="locator" xlink:href="d_07.00.b-rend.xml#eba_c86535" xlink:label="loc_eba_c86535" />
    <label:label xlink:type="resource" xlink:label="label_eba_c86535" xml:lang="en" xlink:role="http://www.xbrl.org/2008/role/label">Of which transitional</label:label>
    <gen:arc xlink:type="arc" xlink:arcrole="http://xbrl.org/arcrole/2008/element-label" xlink:from="loc_eba_c86535" xlink:to="label_eba_c86535" />
    <link:loc xlink:type="locator" xlink:href="d_07.00.b-rend.xml#eba_c86536" xlink:label="loc_eba_c86536" />
    <label:label xlink:type="resource" xlink:label="label_eba_c86536" xml:lang="en" xlink:role="http://www.xbrl.org/2008/role/label">Of which enabling</label:label>
    <gen:arc xlink:type="arc" xlink:arcrole="http://xbrl.org/arcrole/2008/element-label" xlink:from="loc_eba_c86536" xlink:to="label_eba_c86536" />
    <link:loc xlink:type="locator" xlink:href="d_07.00.b-rend.xml#eba_c86537" xlink:label="loc_eba_c86537" />
    <label:label xlink:type="resource" xlink:label="label_eba_c86537" xml:lang="en" xlink:role="http://www.xbrl.org/2008/role/label">Climate Change Adaptation (CCA)</label:label>
    <gen:arc xlink:type="arc" xlink:arcrole="http://xbrl.org/arcrole/2008/element-label" xlink:from="loc_eba_c86537" xlink:to="label_eba_c86537" />
    <link:loc xlink:type="locator" xlink:href="d_07.00.b-rend.xml#eba_c86538" xlink:label="loc_eba_c86538" />
    <label:label xlink:type="resource" xlink:label="label_eba_c86538" xml:lang="en" xlink:role="http://www.xbrl.org/2008/role/label">Of which towards taxonomy relevant sectors (Taxonomy-eligible)</label:label>
    <gen:arc xlink:type="arc" xlink:arcrole="http://xbrl.org/arcrole/2008/element-label" xlink:from="loc_eba_c86538" xlink:to="label_eba_c86538" />
    <link:loc xlink:type="locator" xlink:href="d_07.00.b-rend.xml#eba_c86539" xlink:label="loc_eba_c86539" />
    <label:label xlink:type="resource" xlink:label="label_eba_c86539" xml:lang="en" xlink:role="http://www.xbrl.org/2008/role/label">Of which environmentally sustainable (Taxonomy-aligned)</label:label>
    <gen:arc xlink:type="arc" xlink:arcrole="http://xbrl.org/arcrole/2008/element-label" xlink:from="loc_eba_c86539" xlink:to="label_eba_c86539" />
    <link:loc xlink:type="locator" xlink:href="d_07.00.b-rend.xml#eba_c86540" xlink:label="loc_eba_c86540" />
    <label:label xlink:type="resource" xlink:label="label_eba_c86540" xml:lang="en" xlink:role="http://www.xbrl.org/2008/role/label">Of which specialised lending</label:label>
    <gen:arc xlink:type="arc" xlink:arcrole="http://xbrl.org/arcrole/2008/element-label" xlink:from="loc_eba_c86540" xlink:to="label_eba_c86540" />
    <link:loc xlink:type="locator" xlink:href="d_07.00.b-rend.xml#eba_c86541" xlink:label="loc_eba_c86541" />
    <label:label xlink:type="resource" xlink:label="label_eba_c86541" xml:lang="en" xlink:role="http://www.xbrl.org/2008/role/label">Of which adaptation</label:label>
    <gen:arc xlink:type="arc" xlink:arcrole="http://xbrl.org/arcrole/2008/element-label" xlink:from="loc_eba_c86541" xlink:to="label_eba_c86541" />
    <link:loc xlink:type="locator" xlink:href="d_07.00.b-rend.xml#eba_c86542" xlink:label="loc_eba_c86542" />
    <label:label xlink:type="resource" xlink:label="label_eba_c86542" xml:lang="en" xlink:role="http://www.xbrl.org/2008/role/label">Of which enabling</label:label>
    <gen:arc xlink:type="arc" xlink:arcrole="http://xbrl.org/arcrole/2008/element-label" xlink:from="loc_eba_c86542" xlink:to="label_eba_c86542" />
    <link:loc xlink:type="locator" xlink:href="d_07.00.b-rend.xml#eba_c86543" xlink:label="loc_eba_c86543" />
    <label:label xlink:type="resource" xlink:label="label_eba_c86543" xml:lang="en" xlink:role="http://www.xbrl.org/2008/role/label">TOTAL (CCM + CCA)</label:label>
    <gen:arc xlink:type="arc" xlink:arcrole="http://xbrl.org/arcrole/2008/element-label" xlink:from="loc_eba_c86543" xlink:to="label_eba_c86543" />
    <link:loc xlink:type="locator" xlink:href="d_07.00.b-rend.xml#eba_c86544" xlink:label="loc_eba_c86544" />
    <label:label xlink:type="resource" xlink:label="label_eba_c86544" xml:lang="en" xlink:role="http://www.xbrl.org/2008/role/label">Of which towards taxonomy relevant sectors (Taxonomy-eligible)</label:label>
    <gen:arc xlink:type="arc" xlink:arcrole="http://xbrl.org/arcrole/2008/element-label" xlink:from="loc_eba_c86544" xlink:to="label_eba_c86544" />
    <link:loc xlink:type="locator" xlink:href="d_07.00.b-rend.xml#eba_c86545" xlink:label="loc_eba_c86545" />
    <label:label xlink:type="resource" xlink:label="label_eba_c86545" xml:lang="en" xlink:role="http://www.xbrl.org/2008/role/label">Of which environmentally sustainable (Taxonomy-aligned)</label:label>
    <gen:arc xlink:type="arc" xlink:arcrole="http://xbrl.org/arcrole/2008/element-label" xlink:from="loc_eba_c86545" xlink:to="label_eba_c86545" />
    <link:loc xlink:type="locator" xlink:href="d_07.00.b-rend.xml#eba_c86546" xlink:label="loc_eba_c86546" />
    <label:label xlink:type="resource" xlink:label="label_eba_c86546" xml:lang="en" xlink:role="http://www.xbrl.org/2008/role/label">Of which specialised lending</label:label>
    <gen:arc xlink:type="arc" xlink:arcrole="http://xbrl.org/arcrole/2008/element-label" xlink:from="loc_eba_c86546" xlink:to="label_eba_c86546" />
    <link:loc xlink:type="locator" xlink:href="d_07.00.b-rend.xml#eba_c86547" xlink:label="loc_eba_c86547" />
    <label:label xlink:type="resource" xlink:label="label_eba_c86547" xml:lang="en" xlink:role="http://www.xbrl.org/2008/role/label">Of which transitional/adaptation</label:label>
    <gen:arc xlink:type="arc" xlink:arcrole="http://xbrl.org/arcrole/2008/element-label" xlink:from="loc_eba_c86547" xlink:to="label_eba_c86547" />
    <link:loc xlink:type="locator" xlink:href="d_07.00.b-rend.xml#eba_c86548" xlink:label="loc_eba_c86548" />
    <label:label xlink:type="resource" xlink:label="label_eba_c86548" xml:lang="en" xlink:role="http://www.xbrl.org/2008/role/label">Of which enabling</label:label>
    <gen:arc xlink:type="arc" xlink:arcrole="http://xbrl.org/arcrole/2008/element-label" xlink:from="loc_eba_c86548" xlink:to="label_eba_c86548" />
    <link:loc xlink:type="locator" xlink:href="d_07.00.b-rend.xml#eba_a2" xlink:label="loc_eba_a2" />
    <label:label xlink:type="resource" xlink:label="label_eba_a2" xml:lang="en" xlink:role="http://www.xbrl.org/2008/role/label">Rows</label:label>
    <gen:arc xlink:type="arc" xlink:arcrole="http://xbrl.org/arcrole/2008/element-label" xlink:from="loc_eba_a2" xlink:to="label_eba_a2" />
    <link:loc xlink:type="locator" xlink:href="d_07.00.b-rend.xml#eba_c87256" xlink:label="loc_eba_c87256" />
    <label:label xlink:type="resource" xlink:label="label_eba_c87256" xml:lang="en" xlink:role="http://www.xbrl.org/2008/role/label">GAR - Covered assets in both numerator and denominator</label:label>
    <gen:arc xlink:type="arc" xlink:arcrole="http://xbrl.org/arcrole/2008/element-label" xlink:from="loc_eba_c87256" xlink:to="label_eba_c87256" />
    <link:loc xlink:type="locator" xlink:href="d_07.00.b-rend.xml#eba_c87257" xlink:label="loc_eba_c87257" />
    <label:label xlink:type="resource" xlink:label="label_eba_c87257" xml:lang="en" xlink:role="http://www.xbrl.org/2008/role/label">Loans and advances, debt securities and equity instruments not HfT eligible for GAR calculation</label:label>
    <gen:arc xlink:type="arc" xlink:arcrole="http://xbrl.org/arcrole/2008/element-label" xlink:from="loc_eba_c87257" xlink:to="label_eba_c87257" />
    <link:loc xlink:type="locator" xlink:href="d_07.00.b-rend.xml#eba_c86603" xlink:label="loc_eba_c86603" />
    <label:label xlink:type="resource" xlink:label="label_eba_c86603" xml:lang="en" xlink:role="http://www.xbrl.org/2008/role/label">Local governments financing</label:label>
    <gen:arc xlink:type="arc" xlink:arcrole="http://xbrl.org/arcrole/2008/element-label" xlink:from="loc_eba_c86603" xlink:to="label_eba_c86603" />
    <link:loc xlink:type="locator" xlink:href="d_07.00.b-rend.xml#eba_c86605" xlink:label="loc_eba_c86605" />
    <label:label xlink:type="resource" xlink:label="label_eba_c86605" xml:lang="en" xlink:role="http://www.xbrl.org/2008/role/label">Other local governments financing</label:label>
    <gen:arc xlink:type="arc" xlink:arcrole="http://xbrl.org/arcrole/2008/element-label" xlink:from="loc_eba_c86605" xlink:to="label_eba_c86605" />
  </gen:link>
</link:linkbase>