{
    "documentInfo": {
        "documentType": "https://xbrl.org/CR/2021-02-03/xbrl-csv",
        "namespaces": {
            "eba": "http://www.eba.europa.eu",
            "eba_BA": "http://www.eba.europa.eu/xbrl/crr/dict/dom/BA",
            "eba_CT": "http://www.eba.europa.eu/xbrl/crr/dict/dom/CT",
            "eba_EA": "http://www.eba.europa.eu/xbrl/crr/dict/dom/EA",
            "eba_EC": "http://www.eba.europa.eu/xbrl/crr/dict/dom/EC",
            "eba_MC": "http://www.eba.europa.eu/xbrl/crr/dict/dom/MC",
            "eba_PL": "http://www.eba.europa.eu/xbrl/crr/dict/dom/PL",
            "eba_PU": "http://www.eba.europa.eu/xbrl/crr/dict/dom/PU",
            "eba_dim": "http://www.eba.europa.eu/xbrl/crr/dict/dim",
            "eba_met": "http://www.eba.europa.eu/xbrl/crr/dict/met"
        }
    },
    "tableTemplates": {
        "D_07-00-b": {
            "columns": {
                "datapoint": {
                    "propertyGroups": {
                        "dp471594": {
                            "decimals": "$decimalsMonetary",
                            "dimensions": {
                                "concept": "eba_met:mi136",
                                "eba_dim:APL": "eba_PL:x772",
                                "eba_dim:BAS": "eba_BA:x6",
                                "eba_dim:CPS": "eba_CT:x68",
                                "eba_dim:EAQ": "eba_EA:x21",
                                "eba_dim:EAW": "eba_EA:x24",
                                "eba_dim:EPC": "eba_EA:x19",
                                "eba_dim:EXC": "eba_EC:x3",
                                "eba_dim:KUP": "eba_PU:x45",
                                "eba_dim:MCY": "eba_MC:x469",
                                "eba_dim:PUR": "eba_PU:x44",
                                "unit": "$baseCurrency"
                            },
                            "eba:documentation": {
                                "CellCode": "{D 07.00.b, r0300, c0060}",
                                "DataPointVersionId": "471594"
                            }
                        },
                        "dp471597": {
                            "decimals": "$decimalsMonetary",
                            "dimensions": {
                                "concept": "eba_met:mi136",
                                "eba_dim:APL": "eba_PL:x772",
                                "eba_dim:BAS": "eba_BA:x6",
                                "eba_dim:CPS": "eba_CT:x68",
                                "eba_dim:EAQ": "eba_EA:x21",
                                "eba_dim:EAW": "eba_EA:x25",
                                "eba_dim:EPC": "eba_EA:x19",
                                "eba_dim:EXC": "eba_EC:x3",
                                "eba_dim:KUP": "eba_PU:x45",
                                "eba_dim:MCY": "eba_MC:x469",
                                "eba_dim:PUR": "eba_PU:x44",
                                "unit": "$baseCurrency"
                            },
                            "eba:documentation": {
                                "CellCode": "{D 07.00.b, r0300, c0050}",
                                "DataPointVersionId": "471597"
                            }
                        },
                        "dp471602": {
                            "decimals": "$decimalsMonetary",
                            "dimensions": {
                                "concept": "eba_met:mi136",
                                "eba_dim:APL": "eba_PL:x772",
                                "eba_dim:BAS": "eba_BA:x6",
                                "eba_dim:CPS": "eba_CT:x68",
                                "eba_dim:EAQ": "eba_EA:x21",
                                "eba_dim:EPC": "eba_EA:x19",
                                "eba_dim:EXC": "eba_EC:x3",
                                "eba_dim:KUP": "eba_PU:x45",
                                "eba_dim:MCY": "eba_MC:x469",
                                "eba_dim:PUR": "eba_PU:x44",
                                "unit": "$baseCurrency"
                            },
                            "eba:documentation": {
                                "CellCode": "{D 07.00.b, r0300, c0030}",
                                "DataPointVersionId": "471602"
                            }
                        },
                        "dp471605": {
                            "decimals": "$decimalsMonetary",
                            "dimensions": {
                                "concept": "eba_met:mi136",
                                "eba_dim:APL": "eba_PL:x772",
                                "eba_dim:BAS": "eba_BA:x6",
                                "eba_dim:CPS": "eba_CT:x68",
                                "eba_dim:EAQ": "eba_EA:x21",
                                "eba_dim:EPC": "eba_EA:x20",
                                "eba_dim:EXC": "eba_EC:x3",
                                "eba_dim:KUP": "eba_PU:x45",
                                "eba_dim:MCY": "eba_MC:x469",
                                "eba_dim:PUR": "eba_PU:x44",
                                "unit": "$baseCurrency"
                            },
                            "eba:documentation": {
                                "CellCode": "{D 07.00.b, r0300, c0020}",
                                "DataPointVersionId": "471605"
                            }
                        },
                        "dp471608": {
                            "decimals": "$decimalsMonetary",
                            "dimensions": {
                                "concept": "eba_met:mi136",
                                "eba_dim:APL": "eba_PL:x772",
                                "eba_dim:BAS": "eba_BA:x6",
                                "eba_dim:CPS": "eba_CT:x68",
                                "eba_dim:EAQ": "eba_EA:x22",
                                "eba_dim:EAW": "eba_EA:x24",
                                "eba_dim:EPC": "eba_EA:x19",
                                "eba_dim:EXC": "eba_EC:x3",
                                "eba_dim:KUP": "eba_PU:x45",
                                "eba_dim:MCY": "eba_MC:x469",
                                "eba_dim:PUR": "eba_PU:x44",
                                "unit": "$baseCurrency"
                            },
                            "eba:documentation": {
                                "CellCode": "{D 07.00.b, r0300, c0110}",
                                "DataPointVersionId": "471608"
                            }
                        },
                        "dp471611": {
                            "decimals": "$decimalsMonetary",
                            "dimensions": {
                                "concept": "eba_met:mi136",
                                "eba_dim:APL": "eba_PL:x772",
                                "eba_dim:BAS": "eba_BA:x6",
                                "eba_dim:CPS": "eba_CT:x68",
                                "eba_dim:EAQ": "eba_EA:x22",
                                "eba_dim:EAW": "eba_EA:x26",
                                "eba_dim:EPC": "eba_EA:x19",
                                "eba_dim:EXC": "eba_EC:x3",
                                "eba_dim:KUP": "eba_PU:x45",
                                "eba_dim:MCY": "eba_MC:x469",
                                "eba_dim:PUR": "eba_PU:x44",
                                "unit": "$baseCurrency"
                            },
                            "eba:documentation": {
                                "CellCode": "{D 07.00.b, r0300, c0100}",
                                "DataPointVersionId": "471611"
                            }
                        },
                        "dp471616": {
                            "decimals": "$decimalsMonetary",
                            "dimensions": {
                                "concept": "eba_met:mi136",
                                "eba_dim:APL": "eba_PL:x772",
                                "eba_dim:BAS": "eba_BA:x6",
                                "eba_dim:CPS": "eba_CT:x68",
                                "eba_dim:EAQ": "eba_EA:x22",
                                "eba_dim:EPC": "eba_EA:x19",
                                "eba_dim:EXC": "eba_EC:x3",
                                "eba_dim:KUP": "eba_PU:x45",
                                "eba_dim:MCY": "eba_MC:x469",
                                "eba_dim:PUR": "eba_PU:x44",
                                "unit": "$baseCurrency"
                            },
                            "eba:documentation": {
                                "CellCode": "{D 07.00.b, r0300, c0080}",
                                "DataPointVersionId": "471616"
                            }
                        },
                        "dp471619": {
                            "decimals": "$decimalsMonetary",
                            "dimensions": {
                                "concept": "eba_met:mi136",
                                "eba_dim:APL": "eba_PL:x772",
                                "eba_dim:BAS": "eba_BA:x6",
                                "eba_dim:CPS": "eba_CT:x68",
                                "eba_dim:EAQ": "eba_EA:x22",
                                "eba_dim:EPC": "eba_EA:x20",
                                "eba_dim:EXC": "eba_EC:x3",
                                "eba_dim:KUP": "eba_PU:x45",
                                "eba_dim:MCY": "eba_MC:x469",
                                "eba_dim:PUR": "eba_PU:x44",
                                "unit": "$baseCurrency"
                            },
                            "eba:documentation": {
                                "CellCode": "{D 07.00.b, r0300, c0070}",
                                "DataPointVersionId": "471619"
                            }
                        },
                        "dp471622": {
                            "decimals": "$decimalsMonetary",
                            "dimensions": {
                                "concept": "eba_met:mi136",
                                "eba_dim:APL": "eba_PL:x772",
                                "eba_dim:BAS": "eba_BA:x6",
                                "eba_dim:CPS": "eba_CT:x68",
                                "eba_dim:EAQ": "eba_EA:x23",
                                "eba_dim:EAW": "eba_EA:x24",
                                "eba_dim:EPC": "eba_EA:x19",
                                "eba_dim:EXC": "eba_EC:x3",
                                "eba_dim:KUP": "eba_PU:x45",
                                "eba_dim:MCY": "eba_MC:x469",
                                "eba_dim:PUR": "eba_PU:x44",
                                "unit": "$baseCurrency"
                            },
                            "eba:documentation": {
                                "CellCode": "{D 07.00.b, r0300, c0160}",
                                "DataPointVersionId": "471622"
                            }
                        },
                        "dp471625": {
                            "decimals": "$decimalsMonetary",
                            "dimensions": {
                                "concept": "eba_met:mi136",
                                "eba_dim:APL": "eba_PL:x772",
                                "eba_dim:BAS": "eba_BA:x6",
                                "eba_dim:CPS": "eba_CT:x68",
                                "eba_dim:EAQ": "eba_EA:x23",
                                "eba_dim:EAW": "eba_EA:x32",
                                "eba_dim:EPC": "eba_EA:x19",
                                "eba_dim:EXC": "eba_EC:x3",
                                "eba_dim:KUP": "eba_PU:x45",
                                "eba_dim:MCY": "eba_MC:x469",
                                "eba_dim:PUR": "eba_PU:x44",
                                "unit": "$baseCurrency"
                            },
                            "eba:documentation": {
                                "CellCode": "{D 07.00.b, r0300, c0150}",
                                "DataPointVersionId": "471625"
                            }
                        },
                        "dp471630": {
                            "decimals": "$decimalsMonetary",
                            "dimensions": {
                                "concept": "eba_met:mi136",
                                "eba_dim:APL": "eba_PL:x772",
                                "eba_dim:BAS": "eba_BA:x6",
                                "eba_dim:CPS": "eba_CT:x68",
                                "eba_dim:EAQ": "eba_EA:x23",
                                "eba_dim:EPC": "eba_EA:x19",
                                "eba_dim:EXC": "eba_EC:x3",
                                "eba_dim:KUP": "eba_PU:x45",
                                "eba_dim:MCY": "eba_MC:x469",
                                "eba_dim:PUR": "eba_PU:x44",
                                "unit": "$baseCurrency"
                            },
                            "eba:documentation": {
                                "CellCode": "{D 07.00.b, r0300, c0130}",
                                "DataPointVersionId": "471630"
                            }
                        },
                        "dp471633": {
                            "decimals": "$decimalsMonetary",
                            "dimensions": {
                                "concept": "eba_met:mi136",
                                "eba_dim:APL": "eba_PL:x772",
                                "eba_dim:BAS": "eba_BA:x6",
                                "eba_dim:CPS": "eba_CT:x68",
                                "eba_dim:EAQ": "eba_EA:x23",
                                "eba_dim:EPC": "eba_EA:x20",
                                "eba_dim:EXC": "eba_EC:x3",
                                "eba_dim:KUP": "eba_PU:x45",
                                "eba_dim:MCY": "eba_MC:x469",
                                "eba_dim:PUR": "eba_PU:x44",
                                "unit": "$baseCurrency"
                            },
                            "eba:documentation": {
                                "CellCode": "{D 07.00.b, r0300, c0120}",
                                "DataPointVersionId": "471633"
                            }
                        },
                        "dp471636": {
                            "decimals": "$decimalsMonetary",
                            "dimensions": {
                                "concept": "eba_met:mi136",
                                "eba_dim:APL": "eba_PL:x772",
                                "eba_dim:BAS": "eba_BA:x6",
                                "eba_dim:CPS": "eba_CT:x68",
                                "eba_dim:EXC": "eba_EC:x3",
                                "eba_dim:KUP": "eba_PU:x45",
                                "eba_dim:MCY": "eba_MC:x469",
                                "eba_dim:PUR": "eba_PU:x44",
                                "unit": "$baseCurrency"
                            },
                            "eba:documentation": {
                                "CellCode": "{D 07.00.b, r0300, c0010}",
                                "DataPointVersionId": "471636"
                            }
                        }
                    }
                },
                "factValue": {
                    "dimensions": {},
                    "propertiesFrom": [
                        "datapoint"
                    ]
                }
            }
        }
    }
}