﻿<?xml version="1.0" encoding="utf-8"?>
<?taxonomy-version 1.0.0.0 ?>  <?taxonomy-set-overall-version 3.3.0.0 ?>
<!--(C) EBA-->
<link:linkbase xmlns:xsi="http://www.w3.org/2001/XMLSchema-instance" xmlns:xlink="http://www.w3.org/1999/xlink" xmlns:link="http://www.xbrl.org/2003/linkbase" xmlns:gen="http://xbrl.org/2008/generic" xmlns:label="http://xbrl.org/2008/label" xsi:schemaLocation="http://www.xbrl.org/2003/linkbase http://www.xbrl.org/2003/xbrl-linkbase-2003-12-31.xsd http://xbrl.org/2008/generic http://www.xbrl.org/2008/generic-link.xsd http://xbrl.org/2008/label http://www.xbrl.org/2008/generic-label.xsd">
  <link:arcroleRef arcroleURI="http://xbrl.org/arcrole/2008/element-label" xlink:type="simple" xlink:href="http://www.xbrl.org/2008/generic-label.xsd#element-label" />
  <link:roleRef roleURI="http://www.eba.europa.eu/xbrl/role/dpm-db-id" xlink:type="simple" xlink:href="http://www.eba.europa.eu/eu/fr/xbrl/ext/model.xsd#dpm-db-id" />
  <link:roleRef roleURI="http://www.eurofiling.info/xbrl/role/filing-indicator-code" xlink:type="simple" xlink:href="http://www.eurofiling.info/eu/fr/xbrl/ext/model.xsd#filing-indicator-code" />
  <link:roleRef roleURI="http://www.eurofiling.info/xbrl/role/rc-code" xlink:type="simple" xlink:href="http://www.eurofiling.info/eu/fr/xbrl/ext/model.xsd#rc-code" />
  <gen:link xlink:type="extended" xlink:role="http://www.xbrl.org/2003/role/link">
    <link:loc xlink:type="locator" xlink:href="d_07.00.b-rend.xml#eba_tD_07.00.b" xlink:label="loc_eba_tD_07.00.b" />
    <label:label xlink:type="resource" xlink:label="label_eba_tD_07.00.b" xml:lang="en" xlink:role="http://www.eurofiling.info/xbrl/role/rc-code">D 07.00.b</label:label>
    <gen:arc xlink:type="arc" xlink:arcrole="http://xbrl.org/arcrole/2008/element-label" xlink:from="loc_eba_tD_07.00.b" xlink:to="label_eba_tD_07.00.b" />
    <link:loc xlink:type="locator" xlink:href="d_07.00.b-rend.xml#eba_c86529" xlink:label="loc_eba_c86529" />
    <label:label xlink:type="resource" xlink:label="label_eba_c86529" xml:lang="en" xlink:role="http://www.eurofiling.info/xbrl/role/rc-code">0005</label:label>
    <gen:arc xlink:type="arc" xlink:arcrole="http://xbrl.org/arcrole/2008/element-label" xlink:from="loc_eba_c86529" xlink:to="label_eba_c86529" />
    <link:loc xlink:type="locator" xlink:href="d_07.00.b-rend.xml#eba_c86530" xlink:label="loc_eba_c86530" />
    <label:label xlink:type="resource" xlink:label="label_eba_c86530" xml:lang="en" xlink:role="http://www.eurofiling.info/xbrl/role/rc-code">0010</label:label>
    <gen:arc xlink:type="arc" xlink:arcrole="http://xbrl.org/arcrole/2008/element-label" xlink:from="loc_eba_c86530" xlink:to="label_eba_c86530" />
    <link:loc xlink:type="locator" xlink:href="d_07.00.b-rend.xml#eba_c86531" xlink:label="loc_eba_c86531" />
    <label:label xlink:type="resource" xlink:label="label_eba_c86531" xml:lang="en" xlink:role="http://www.eurofiling.info/xbrl/role/rc-code">0015</label:label>
    <gen:arc xlink:type="arc" xlink:arcrole="http://xbrl.org/arcrole/2008/element-label" xlink:from="loc_eba_c86531" xlink:to="label_eba_c86531" />
    <link:loc xlink:type="locator" xlink:href="d_07.00.b-rend.xml#eba_c86532" xlink:label="loc_eba_c86532" />
    <label:label xlink:type="resource" xlink:label="label_eba_c86532" xml:lang="en" xlink:role="http://www.eurofiling.info/xbrl/role/rc-code">0020</label:label>
    <gen:arc xlink:type="arc" xlink:arcrole="http://xbrl.org/arcrole/2008/element-label" xlink:from="loc_eba_c86532" xlink:to="label_eba_c86532" />
    <link:loc xlink:type="locator" xlink:href="d_07.00.b-rend.xml#eba_c86533" xlink:label="loc_eba_c86533" />
    <label:label xlink:type="resource" xlink:label="label_eba_c86533" xml:lang="en" xlink:role="http://www.eurofiling.info/xbrl/role/rc-code">0030</label:label>
    <gen:arc xlink:type="arc" xlink:arcrole="http://xbrl.org/arcrole/2008/element-label" xlink:from="loc_eba_c86533" xlink:to="label_eba_c86533" />
    <link:loc xlink:type="locator" xlink:href="d_07.00.b-rend.xml#eba_c86534" xlink:label="loc_eba_c86534" />
    <label:label xlink:type="resource" xlink:label="label_eba_c86534" xml:lang="en" xlink:role="http://www.eurofiling.info/xbrl/role/rc-code">0040</label:label>
    <gen:arc xlink:type="arc" xlink:arcrole="http://xbrl.org/arcrole/2008/element-label" xlink:from="loc_eba_c86534" xlink:to="label_eba_c86534" />
    <link:loc xlink:type="locator" xlink:href="d_07.00.b-rend.xml#eba_c86535" xlink:label="loc_eba_c86535" />
    <label:label xlink:type="resource" xlink:label="label_eba_c86535" xml:lang="en" xlink:role="http://www.eurofiling.info/xbrl/role/rc-code">0050</label:label>
    <gen:arc xlink:type="arc" xlink:arcrole="http://xbrl.org/arcrole/2008/element-label" xlink:from="loc_eba_c86535" xlink:to="label_eba_c86535" />
    <link:loc xlink:type="locator" xlink:href="d_07.00.b-rend.xml#eba_c86536" xlink:label="loc_eba_c86536" />
    <label:label xlink:type="resource" xlink:label="label_eba_c86536" xml:lang="en" xlink:role="http://www.eurofiling.info/xbrl/role/rc-code">0060</label:label>
    <gen:arc xlink:type="arc" xlink:arcrole="http://xbrl.org/arcrole/2008/element-label" xlink:from="loc_eba_c86536" xlink:to="label_eba_c86536" />
    <link:loc xlink:type="locator" xlink:href="d_07.00.b-rend.xml#eba_c86537" xlink:label="loc_eba_c86537" />
    <label:label xlink:type="resource" xlink:label="label_eba_c86537" xml:lang="en" xlink:role="http://www.eurofiling.info/xbrl/role/rc-code">0065</label:label>
    <gen:arc xlink:type="arc" xlink:arcrole="http://xbrl.org/arcrole/2008/element-label" xlink:from="loc_eba_c86537" xlink:to="label_eba_c86537" />
    <link:loc xlink:type="locator" xlink:href="d_07.00.b-rend.xml#eba_c86538" xlink:label="loc_eba_c86538" />
    <label:label xlink:type="resource" xlink:label="label_eba_c86538" xml:lang="en" xlink:role="http://www.eurofiling.info/xbrl/role/rc-code">0070</label:label>
    <gen:arc xlink:type="arc" xlink:arcrole="http://xbrl.org/arcrole/2008/element-label" xlink:from="loc_eba_c86538" xlink:to="label_eba_c86538" />
    <link:loc xlink:type="locator" xlink:href="d_07.00.b-rend.xml#eba_c86539" xlink:label="loc_eba_c86539" />
    <label:label xlink:type="resource" xlink:label="label_eba_c86539" xml:lang="en" xlink:role="http://www.eurofiling.info/xbrl/role/rc-code">0080</label:label>
    <gen:arc xlink:type="arc" xlink:arcrole="http://xbrl.org/arcrole/2008/element-label" xlink:from="loc_eba_c86539" xlink:to="label_eba_c86539" />
    <link:loc xlink:type="locator" xlink:href="d_07.00.b-rend.xml#eba_c86540" xlink:label="loc_eba_c86540" />
    <label:label xlink:type="resource" xlink:label="label_eba_c86540" xml:lang="en" xlink:role="http://www.eurofiling.info/xbrl/role/rc-code">0090</label:label>
    <gen:arc xlink:type="arc" xlink:arcrole="http://xbrl.org/arcrole/2008/element-label" xlink:from="loc_eba_c86540" xlink:to="label_eba_c86540" />
    <link:loc xlink:type="locator" xlink:href="d_07.00.b-rend.xml#eba_c86541" xlink:label="loc_eba_c86541" />
    <label:label xlink:type="resource" xlink:label="label_eba_c86541" xml:lang="en" xlink:role="http://www.eurofiling.info/xbrl/role/rc-code">0100</label:label>
    <gen:arc xlink:type="arc" xlink:arcrole="http://xbrl.org/arcrole/2008/element-label" xlink:from="loc_eba_c86541" xlink:to="label_eba_c86541" />
    <link:loc xlink:type="locator" xlink:href="d_07.00.b-rend.xml#eba_c86542" xlink:label="loc_eba_c86542" />
    <label:label xlink:type="resource" xlink:label="label_eba_c86542" xml:lang="en" xlink:role="http://www.eurofiling.info/xbrl/role/rc-code">0110</label:label>
    <gen:arc xlink:type="arc" xlink:arcrole="http://xbrl.org/arcrole/2008/element-label" xlink:from="loc_eba_c86542" xlink:to="label_eba_c86542" />
    <link:loc xlink:type="locator" xlink:href="d_07.00.b-rend.xml#eba_c86543" xlink:label="loc_eba_c86543" />
    <label:label xlink:type="resource" xlink:label="label_eba_c86543" xml:lang="en" xlink:role="http://www.eurofiling.info/xbrl/role/rc-code">0115</label:label>
    <gen:arc xlink:type="arc" xlink:arcrole="http://xbrl.org/arcrole/2008/element-label" xlink:from="loc_eba_c86543" xlink:to="label_eba_c86543" />
    <link:loc xlink:type="locator" xlink:href="d_07.00.b-rend.xml#eba_c86544" xlink:label="loc_eba_c86544" />
    <label:label xlink:type="resource" xlink:label="label_eba_c86544" xml:lang="en" xlink:role="http://www.eurofiling.info/xbrl/role/rc-code">0120</label:label>
    <gen:arc xlink:type="arc" xlink:arcrole="http://xbrl.org/arcrole/2008/element-label" xlink:from="loc_eba_c86544" xlink:to="label_eba_c86544" />
    <link:loc xlink:type="locator" xlink:href="d_07.00.b-rend.xml#eba_c86545" xlink:label="loc_eba_c86545" />
    <label:label xlink:type="resource" xlink:label="label_eba_c86545" xml:lang="en" xlink:role="http://www.eurofiling.info/xbrl/role/rc-code">0130</label:label>
    <gen:arc xlink:type="arc" xlink:arcrole="http://xbrl.org/arcrole/2008/element-label" xlink:from="loc_eba_c86545" xlink:to="label_eba_c86545" />
    <link:loc xlink:type="locator" xlink:href="d_07.00.b-rend.xml#eba_c86546" xlink:label="loc_eba_c86546" />
    <label:label xlink:type="resource" xlink:label="label_eba_c86546" xml:lang="en" xlink:role="http://www.eurofiling.info/xbrl/role/rc-code">0140</label:label>
    <gen:arc xlink:type="arc" xlink:arcrole="http://xbrl.org/arcrole/2008/element-label" xlink:from="loc_eba_c86546" xlink:to="label_eba_c86546" />
    <link:loc xlink:type="locator" xlink:href="d_07.00.b-rend.xml#eba_c86547" xlink:label="loc_eba_c86547" />
    <label:label xlink:type="resource" xlink:label="label_eba_c86547" xml:lang="en" xlink:role="http://www.eurofiling.info/xbrl/role/rc-code">0150</label:label>
    <gen:arc xlink:type="arc" xlink:arcrole="http://xbrl.org/arcrole/2008/element-label" xlink:from="loc_eba_c86547" xlink:to="label_eba_c86547" />
    <link:loc xlink:type="locator" xlink:href="d_07.00.b-rend.xml#eba_c86548" xlink:label="loc_eba_c86548" />
    <label:label xlink:type="resource" xlink:label="label_eba_c86548" xml:lang="en" xlink:role="http://www.eurofiling.info/xbrl/role/rc-code">0160</label:label>
    <gen:arc xlink:type="arc" xlink:arcrole="http://xbrl.org/arcrole/2008/element-label" xlink:from="loc_eba_c86548" xlink:to="label_eba_c86548" />
    <link:loc xlink:type="locator" xlink:href="d_07.00.b-rend.xml#eba_c87256" xlink:label="loc_eba_c87256" />
    <label:label xlink:type="resource" xlink:label="label_eba_c87256" xml:lang="en" xlink:role="http://www.eurofiling.info/xbrl/role/rc-code">0005</label:label>
    <gen:arc xlink:type="arc" xlink:arcrole="http://xbrl.org/arcrole/2008/element-label" xlink:from="loc_eba_c87256" xlink:to="label_eba_c87256" />
    <link:loc xlink:type="locator" xlink:href="d_07.00.b-rend.xml#eba_c87257" xlink:label="loc_eba_c87257" />
    <label:label xlink:type="resource" xlink:label="label_eba_c87257" xml:lang="en" xlink:role="http://www.eurofiling.info/xbrl/role/rc-code">0010</label:label>
    <gen:arc xlink:type="arc" xlink:arcrole="http://xbrl.org/arcrole/2008/element-label" xlink:from="loc_eba_c87257" xlink:to="label_eba_c87257" />
    <link:loc xlink:type="locator" xlink:href="d_07.00.b-rend.xml#eba_c86603" xlink:label="loc_eba_c86603" />
    <label:label xlink:type="resource" xlink:label="label_eba_c86603" xml:lang="en" xlink:role="http://www.eurofiling.info/xbrl/role/rc-code">0280</label:label>
    <gen:arc xlink:type="arc" xlink:arcrole="http://xbrl.org/arcrole/2008/element-label" xlink:from="loc_eba_c86603" xlink:to="label_eba_c86603" />
    <link:loc xlink:type="locator" xlink:href="d_07.00.b-rend.xml#eba_c86605" xlink:label="loc_eba_c86605" />
    <label:label xlink:type="resource" xlink:label="label_eba_c86605" xml:lang="en" xlink:role="http://www.eurofiling.info/xbrl/role/rc-code">0300</label:label>
    <gen:arc xlink:type="arc" xlink:arcrole="http://xbrl.org/arcrole/2008/element-label" xlink:from="loc_eba_c86605" xlink:to="label_eba_c86605" />
    <label:label xlink:type="resource" xlink:label="label_eba_tD_07.00.b_1" xml:lang="en" xlink:role="http://www.eurofiling.info/xbrl/role/filing-indicator-code">D_07.00</label:label>
    <gen:arc xlink:type="arc" xlink:arcrole="http://xbrl.org/arcrole/2008/element-label" xlink:from="loc_eba_tD_07.00.b" xlink:to="label_eba_tD_07.00.b_1" />
    <label:label xlink:type="resource" xlink:label="label_eba_tD_07.00.b_2" xml:lang="en" xlink:role="http://www.eba.europa.eu/xbrl/role/dpm-db-id">809.2306</label:label>
    <gen:arc xlink:type="arc" xlink:arcrole="http://xbrl.org/arcrole/2008/element-label" xlink:from="loc_eba_tD_07.00.b" xlink:to="label_eba_tD_07.00.b_2" />
    <label:label xlink:type="resource" xlink:label="label_eba_c86529_1" xml:lang="en" xlink:role="http://www.eba.europa.eu/xbrl/role/dpm-db-id">86529</label:label>
    <gen:arc xlink:type="arc" xlink:arcrole="http://xbrl.org/arcrole/2008/element-label" xlink:from="loc_eba_c86529" xlink:to="label_eba_c86529_1" />
    <label:label xlink:type="resource" xlink:label="label_eba_c86530_1" xml:lang="en" xlink:role="http://www.eba.europa.eu/xbrl/role/dpm-db-id">86530</label:label>
    <gen:arc xlink:type="arc" xlink:arcrole="http://xbrl.org/arcrole/2008/element-label" xlink:from="loc_eba_c86530" xlink:to="label_eba_c86530_1" />
    <label:label xlink:type="resource" xlink:label="label_eba_c86531_1" xml:lang="en" xlink:role="http://www.eba.europa.eu/xbrl/role/dpm-db-id">86531</label:label>
    <gen:arc xlink:type="arc" xlink:arcrole="http://xbrl.org/arcrole/2008/element-label" xlink:from="loc_eba_c86531" xlink:to="label_eba_c86531_1" />
    <label:label xlink:type="resource" xlink:label="label_eba_c86532_1" xml:lang="en" xlink:role="http://www.eba.europa.eu/xbrl/role/dpm-db-id">86532</label:label>
    <gen:arc xlink:type="arc" xlink:arcrole="http://xbrl.org/arcrole/2008/element-label" xlink:from="loc_eba_c86532" xlink:to="label_eba_c86532_1" />
    <label:label xlink:type="resource" xlink:label="label_eba_c86533_1" xml:lang="en" xlink:role="http://www.eba.europa.eu/xbrl/role/dpm-db-id">86533</label:label>
    <gen:arc xlink:type="arc" xlink:arcrole="http://xbrl.org/arcrole/2008/element-label" xlink:from="loc_eba_c86533" xlink:to="label_eba_c86533_1" />
    <label:label xlink:type="resource" xlink:label="label_eba_c86534_1" xml:lang="en" xlink:role="http://www.eba.europa.eu/xbrl/role/dpm-db-id">86534</label:label>
    <gen:arc xlink:type="arc" xlink:arcrole="http://xbrl.org/arcrole/2008/element-label" xlink:from="loc_eba_c86534" xlink:to="label_eba_c86534_1" />
    <label:label xlink:type="resource" xlink:label="label_eba_c86535_1" xml:lang="en" xlink:role="http://www.eba.europa.eu/xbrl/role/dpm-db-id">86535</label:label>
    <gen:arc xlink:type="arc" xlink:arcrole="http://xbrl.org/arcrole/2008/element-label" xlink:from="loc_eba_c86535" xlink:to="label_eba_c86535_1" />
    <label:label xlink:type="resource" xlink:label="label_eba_c86536_1" xml:lang="en" xlink:role="http://www.eba.europa.eu/xbrl/role/dpm-db-id">86536</label:label>
    <gen:arc xlink:type="arc" xlink:arcrole="http://xbrl.org/arcrole/2008/element-label" xlink:from="loc_eba_c86536" xlink:to="label_eba_c86536_1" />
    <label:label xlink:type="resource" xlink:label="label_eba_c86537_1" xml:lang="en" xlink:role="http://www.eba.europa.eu/xbrl/role/dpm-db-id">86537</label:label>
    <gen:arc xlink:type="arc" xlink:arcrole="http://xbrl.org/arcrole/2008/element-label" xlink:from="loc_eba_c86537" xlink:to="label_eba_c86537_1" />
    <label:label xlink:type="resource" xlink:label="label_eba_c86538_1" xml:lang="en" xlink:role="http://www.eba.europa.eu/xbrl/role/dpm-db-id">86538</label:label>
    <gen:arc xlink:type="arc" xlink:arcrole="http://xbrl.org/arcrole/2008/element-label" xlink:from="loc_eba_c86538" xlink:to="label_eba_c86538_1" />
    <label:label xlink:type="resource" xlink:label="label_eba_c86539_1" xml:lang="en" xlink:role="http://www.eba.europa.eu/xbrl/role/dpm-db-id">86539</label:label>
    <gen:arc xlink:type="arc" xlink:arcrole="http://xbrl.org/arcrole/2008/element-label" xlink:from="loc_eba_c86539" xlink:to="label_eba_c86539_1" />
    <label:label xlink:type="resource" xlink:label="label_eba_c86540_1" xml:lang="en" xlink:role="http://www.eba.europa.eu/xbrl/role/dpm-db-id">86540</label:label>
    <gen:arc xlink:type="arc" xlink:arcrole="http://xbrl.org/arcrole/2008/element-label" xlink:from="loc_eba_c86540" xlink:to="label_eba_c86540_1" />
    <label:label xlink:type="resource" xlink:label="label_eba_c86541_1" xml:lang="en" xlink:role="http://www.eba.europa.eu/xbrl/role/dpm-db-id">86541</label:label>
    <gen:arc xlink:type="arc" xlink:arcrole="http://xbrl.org/arcrole/2008/element-label" xlink:from="loc_eba_c86541" xlink:to="label_eba_c86541_1" />
    <label:label xlink:type="resource" xlink:label="label_eba_c86542_1" xml:lang="en" xlink:role="http://www.eba.europa.eu/xbrl/role/dpm-db-id">86542</label:label>
    <gen:arc xlink:type="arc" xlink:arcrole="http://xbrl.org/arcrole/2008/element-label" xlink:from="loc_eba_c86542" xlink:to="label_eba_c86542_1" />
    <label:label xlink:type="resource" xlink:label="label_eba_c86543_1" xml:lang="en" xlink:role="http://www.eba.europa.eu/xbrl/role/dpm-db-id">86543</label:label>
    <gen:arc xlink:type="arc" xlink:arcrole="http://xbrl.org/arcrole/2008/element-label" xlink:from="loc_eba_c86543" xlink:to="label_eba_c86543_1" />
    <label:label xlink:type="resource" xlink:label="label_eba_c86544_1" xml:lang="en" xlink:role="http://www.eba.europa.eu/xbrl/role/dpm-db-id">86544</label:label>
    <gen:arc xlink:type="arc" xlink:arcrole="http://xbrl.org/arcrole/2008/element-label" xlink:from="loc_eba_c86544" xlink:to="label_eba_c86544_1" />
    <label:label xlink:type="resource" xlink:label="label_eba_c86545_1" xml:lang="en" xlink:role="http://www.eba.europa.eu/xbrl/role/dpm-db-id">86545</label:label>
    <gen:arc xlink:type="arc" xlink:arcrole="http://xbrl.org/arcrole/2008/element-label" xlink:from="loc_eba_c86545" xlink:to="label_eba_c86545_1" />
    <label:label xlink:type="resource" xlink:label="label_eba_c86546_1" xml:lang="en" xlink:role="http://www.eba.europa.eu/xbrl/role/dpm-db-id">86546</label:label>
    <gen:arc xlink:type="arc" xlink:arcrole="http://xbrl.org/arcrole/2008/element-label" xlink:from="loc_eba_c86546" xlink:to="label_eba_c86546_1" />
    <label:label xlink:type="resource" xlink:label="label_eba_c86547_1" xml:lang="en" xlink:role="http://www.eba.europa.eu/xbrl/role/dpm-db-id">86547</label:label>
    <gen:arc xlink:type="arc" xlink:arcrole="http://xbrl.org/arcrole/2008/element-label" xlink:from="loc_eba_c86547" xlink:to="label_eba_c86547_1" />
    <label:label xlink:type="resource" xlink:label="label_eba_c86548_1" xml:lang="en" xlink:role="http://www.eba.europa.eu/xbrl/role/dpm-db-id">86548</label:label>
    <gen:arc xlink:type="arc" xlink:arcrole="http://xbrl.org/arcrole/2008/element-label" xlink:from="loc_eba_c86548" xlink:to="label_eba_c86548_1" />
    <label:label xlink:type="resource" xlink:label="label_eba_c87256_1" xml:lang="en" xlink:role="http://www.eba.europa.eu/xbrl/role/dpm-db-id">87256</label:label>
    <gen:arc xlink:type="arc" xlink:arcrole="http://xbrl.org/arcrole/2008/element-label" xlink:from="loc_eba_c87256" xlink:to="label_eba_c87256_1" />
    <label:label xlink:type="resource" xlink:label="label_eba_c87257_1" xml:lang="en" xlink:role="http://www.eba.europa.eu/xbrl/role/dpm-db-id">87257</label:label>
    <gen:arc xlink:type="arc" xlink:arcrole="http://xbrl.org/arcrole/2008/element-label" xlink:from="loc_eba_c87257" xlink:to="label_eba_c87257_1" />
    <label:label xlink:type="resource" xlink:label="label_eba_c86603_1" xml:lang="en" xlink:role="http://www.eba.europa.eu/xbrl/role/dpm-db-id">86603</label:label>
    <gen:arc xlink:type="arc" xlink:arcrole="http://xbrl.org/arcrole/2008/element-label" xlink:from="loc_eba_c86603" xlink:to="label_eba_c86603_1" />
    <label:label xlink:type="resource" xlink:label="label_eba_c86605_1" xml:lang="en" xlink:role="http://www.eba.europa.eu/xbrl/role/dpm-db-id">86605</label:label>
    <gen:arc xlink:type="arc" xlink:arcrole="http://xbrl.org/arcrole/2008/element-label" xlink:from="loc_eba_c86605" xlink:to="label_eba_c86605_1" />
  </gen:link>
</link:linkbase>