﻿<?xml version="1.0" encoding="utf-8"?>
<?taxonomy-version 1.0.0.0 ?>  <?taxonomy-set-overall-version 3.3.0.0 ?>
<!--(C) EBA-->
<link:linkbase xmlns:xsi="http://www.w3.org/2001/XMLSchema-instance" xmlns:xlink="http://www.w3.org/1999/xlink" xmlns:link="http://www.xbrl.org/2003/linkbase" xmlns:gen="http://xbrl.org/2008/generic" xmlns:label="http://xbrl.org/2008/label" xmlns:formula="http://xbrl.org/2008/formula" xmlns:df="http://xbrl.org/2008/filter/dimension" xmlns:table="http://xbrl.org/2014/table" xmlns:model="http://www.eurofiling.info/xbrl/ext/model" xmlns:eba_dim="http://www.eba.europa.eu/xbrl/crr/dict/dim" xmlns:eba_EA="http://www.eba.europa.eu/xbrl/crr/dict/dom/EA" xmlns:eba_BA="http://www.eba.europa.eu/xbrl/crr/dict/dom/BA" xmlns:eba_MC="http://www.eba.europa.eu/xbrl/crr/dict/dom/MC" xmlns:eba_EC="http://www.eba.europa.eu/xbrl/crr/dict/dom/EC" xmlns:eba_CT="http://www.eba.europa.eu/xbrl/crr/dict/dom/CT" xmlns:eba_PL="http://www.eba.europa.eu/xbrl/crr/dict/dom/PL" xmlns:eba_PU="http://www.eba.europa.eu/xbrl/crr/dict/dom/PU" xmlns:eba_met="http://www.eba.europa.eu/xbrl/crr/dict/met" xsi:schemaLocation="http://www.xbrl.org/2003/linkbase http://www.xbrl.org/2003/xbrl-linkbase-2003-12-31.xsd http://xbrl.org/2008/generic http://www.xbrl.org/2008/generic-link.xsd http://xbrl.org/2008/label http://www.xbrl.org/2008/generic-label.xsd http://xbrl.org/2008/formula http://www.xbrl.org/2008/formula.xsd http://xbrl.org/2008/filter/dimension http://www.xbrl.org/2008/dimension-filter.xsd http://xbrl.org/2014/table http://www.xbrl.org/2014/table.xsd http://www.eurofiling.info/xbrl/ext/model http://www.eurofiling.info/eu/fr/xbrl/ext/model.xsd">
  <link:arcroleRef arcroleURI="http://xbrl.org/arcrole/2014/breakdown-tree" xlink:type="simple" xlink:href="http://www.xbrl.org/2014/table.xsd#breakdown-tree" />
  <link:arcroleRef arcroleURI="http://xbrl.org/arcrole/2014/definition-node-subtree" xlink:type="simple" xlink:href="http://www.xbrl.org/2014/table.xsd#definition-node-subtree" />
  <link:arcroleRef arcroleURI="http://xbrl.org/arcrole/2014/table-breakdown" xlink:type="simple" xlink:href="http://www.xbrl.org/2014/table.xsd#table-breakdown" />
  <link:roleRef roleURI="http://www.eba.europa.eu/xbrl/crr/role/fws/ESG/its-2021-637/2023-05-30/tab/D_07.00.b" xlink:type="simple" xlink:href="d_07.00.b.xsd#role" />
  <gen:link xlink:type="extended" xlink:role="http://www.eba.europa.eu/xbrl/crr/role/fws/ESG/its-2021-637/2023-05-30/tab/D_07.00.b">
    <table:table xlink:type="resource" xlink:label="eba_tD_07.00.b" id="eba_tD_07.00.b" />
    <table:breakdown xlink:type="resource" xlink:label="eba_a1" parentChildOrder="parent-first" id="eba_a1" />
    <table:ruleNode xlink:type="resource" xlink:label="eba_a1.root" abstract="true" merge="true" id="eba_a1.root" />
    <table:breakdownTreeArc xlink:type="arc" xlink:arcrole="http://xbrl.org/arcrole/2014/breakdown-tree" xlink:from="eba_a1" xlink:to="eba_a1.root" order="0" />
    <table:ruleNode xlink:type="resource" xlink:label="eba_c86529" abstract="true" id="eba_c86529" />
    <table:ruleNode xlink:type="resource" xlink:label="eba_c86530" id="eba_c86530" />
    <table:definitionNodeSubtreeArc xlink:type="arc" xlink:arcrole="http://xbrl.org/arcrole/2014/definition-node-subtree" xlink:from="eba_c86529" xlink:to="eba_c86530" order="1" />
    <table:ruleNode xlink:type="resource" xlink:label="eba_c86531" abstract="true" id="eba_c86531">
      <formula:explicitDimension dimension="eba_dim:EPC">
        <formula:member>
          <formula:qname>eba_EA:x20</formula:qname>
        </formula:member>
      </formula:explicitDimension>
      <formula:explicitDimension dimension="eba_dim:EAQ">
        <formula:member>
          <formula:qname>eba_EA:x21</formula:qname>
        </formula:member>
      </formula:explicitDimension>
    </table:ruleNode>
    <table:ruleNode xlink:type="resource" xlink:label="eba_c86532" id="eba_c86532" />
    <table:ruleNode xlink:type="resource" xlink:label="eba_c86533" id="eba_c86533">
      <formula:explicitDimension dimension="eba_dim:EPC">
        <formula:member>
          <formula:qname>eba_EA:x19</formula:qname>
        </formula:member>
      </formula:explicitDimension>
    </table:ruleNode>
    <table:ruleNode xlink:type="resource" xlink:label="eba_c86534" id="eba_c86534" />
    <table:definitionNodeSubtreeArc xlink:type="arc" xlink:arcrole="http://xbrl.org/arcrole/2014/definition-node-subtree" xlink:from="eba_c86533" xlink:to="eba_c86534" order="1" />
    <table:ruleNode xlink:type="resource" xlink:label="eba_c86535" id="eba_c86535">
      <formula:explicitDimension dimension="eba_dim:EAW">
        <formula:member>
          <formula:qname>eba_EA:x25</formula:qname>
        </formula:member>
      </formula:explicitDimension>
    </table:ruleNode>
    <table:definitionNodeSubtreeArc xlink:type="arc" xlink:arcrole="http://xbrl.org/arcrole/2014/definition-node-subtree" xlink:from="eba_c86533" xlink:to="eba_c86535" order="2" />
    <table:ruleNode xlink:type="resource" xlink:label="eba_c86536" id="eba_c86536">
      <formula:explicitDimension dimension="eba_dim:EAW">
        <formula:member>
          <formula:qname>eba_EA:x24</formula:qname>
        </formula:member>
      </formula:explicitDimension>
    </table:ruleNode>
    <table:definitionNodeSubtreeArc xlink:type="arc" xlink:arcrole="http://xbrl.org/arcrole/2014/definition-node-subtree" xlink:from="eba_c86533" xlink:to="eba_c86536" order="3" />
    <table:definitionNodeSubtreeArc xlink:type="arc" xlink:arcrole="http://xbrl.org/arcrole/2014/definition-node-subtree" xlink:from="eba_c86532" xlink:to="eba_c86533" order="1" />
    <table:definitionNodeSubtreeArc xlink:type="arc" xlink:arcrole="http://xbrl.org/arcrole/2014/definition-node-subtree" xlink:from="eba_c86531" xlink:to="eba_c86532" order="1" />
    <table:definitionNodeSubtreeArc xlink:type="arc" xlink:arcrole="http://xbrl.org/arcrole/2014/definition-node-subtree" xlink:from="eba_c86529" xlink:to="eba_c86531" order="2" />
    <table:ruleNode xlink:type="resource" xlink:label="eba_c86537" abstract="true" id="eba_c86537">
      <formula:explicitDimension dimension="eba_dim:EPC">
        <formula:member>
          <formula:qname>eba_EA:x20</formula:qname>
        </formula:member>
      </formula:explicitDimension>
      <formula:explicitDimension dimension="eba_dim:EAQ">
        <formula:member>
          <formula:qname>eba_EA:x22</formula:qname>
        </formula:member>
      </formula:explicitDimension>
    </table:ruleNode>
    <table:ruleNode xlink:type="resource" xlink:label="eba_c86538" id="eba_c86538" />
    <table:ruleNode xlink:type="resource" xlink:label="eba_c86539" id="eba_c86539">
      <formula:explicitDimension dimension="eba_dim:EPC">
        <formula:member>
          <formula:qname>eba_EA:x19</formula:qname>
        </formula:member>
      </formula:explicitDimension>
    </table:ruleNode>
    <table:ruleNode xlink:type="resource" xlink:label="eba_c86540" id="eba_c86540" />
    <table:definitionNodeSubtreeArc xlink:type="arc" xlink:arcrole="http://xbrl.org/arcrole/2014/definition-node-subtree" xlink:from="eba_c86539" xlink:to="eba_c86540" order="1" />
    <table:ruleNode xlink:type="resource" xlink:label="eba_c86541" id="eba_c86541">
      <formula:explicitDimension dimension="eba_dim:EAW">
        <formula:member>
          <formula:qname>eba_EA:x26</formula:qname>
        </formula:member>
      </formula:explicitDimension>
    </table:ruleNode>
    <table:definitionNodeSubtreeArc xlink:type="arc" xlink:arcrole="http://xbrl.org/arcrole/2014/definition-node-subtree" xlink:from="eba_c86539" xlink:to="eba_c86541" order="2" />
    <table:ruleNode xlink:type="resource" xlink:label="eba_c86542" id="eba_c86542">
      <formula:explicitDimension dimension="eba_dim:EAW">
        <formula:member>
          <formula:qname>eba_EA:x24</formula:qname>
        </formula:member>
      </formula:explicitDimension>
    </table:ruleNode>
    <table:definitionNodeSubtreeArc xlink:type="arc" xlink:arcrole="http://xbrl.org/arcrole/2014/definition-node-subtree" xlink:from="eba_c86539" xlink:to="eba_c86542" order="3" />
    <table:definitionNodeSubtreeArc xlink:type="arc" xlink:arcrole="http://xbrl.org/arcrole/2014/definition-node-subtree" xlink:from="eba_c86538" xlink:to="eba_c86539" order="1" />
    <table:definitionNodeSubtreeArc xlink:type="arc" xlink:arcrole="http://xbrl.org/arcrole/2014/definition-node-subtree" xlink:from="eba_c86537" xlink:to="eba_c86538" order="1" />
    <table:definitionNodeSubtreeArc xlink:type="arc" xlink:arcrole="http://xbrl.org/arcrole/2014/definition-node-subtree" xlink:from="eba_c86529" xlink:to="eba_c86537" order="3" />
    <table:ruleNode xlink:type="resource" xlink:label="eba_c86543" abstract="true" id="eba_c86543">
      <formula:explicitDimension dimension="eba_dim:EPC">
        <formula:member>
          <formula:qname>eba_EA:x20</formula:qname>
        </formula:member>
      </formula:explicitDimension>
      <formula:explicitDimension dimension="eba_dim:EAQ">
        <formula:member>
          <formula:qname>eba_EA:x23</formula:qname>
        </formula:member>
      </formula:explicitDimension>
    </table:ruleNode>
    <table:ruleNode xlink:type="resource" xlink:label="eba_c86544" id="eba_c86544" />
    <table:ruleNode xlink:type="resource" xlink:label="eba_c86545" id="eba_c86545">
      <formula:explicitDimension dimension="eba_dim:EPC">
        <formula:member>
          <formula:qname>eba_EA:x19</formula:qname>
        </formula:member>
      </formula:explicitDimension>
    </table:ruleNode>
    <table:ruleNode xlink:type="resource" xlink:label="eba_c86546" id="eba_c86546" />
    <table:definitionNodeSubtreeArc xlink:type="arc" xlink:arcrole="http://xbrl.org/arcrole/2014/definition-node-subtree" xlink:from="eba_c86545" xlink:to="eba_c86546" order="1" />
    <table:ruleNode xlink:type="resource" xlink:label="eba_c86547" id="eba_c86547">
      <formula:explicitDimension dimension="eba_dim:EAW">
        <formula:member>
          <formula:qname>eba_EA:x32</formula:qname>
        </formula:member>
      </formula:explicitDimension>
    </table:ruleNode>
    <table:definitionNodeSubtreeArc xlink:type="arc" xlink:arcrole="http://xbrl.org/arcrole/2014/definition-node-subtree" xlink:from="eba_c86545" xlink:to="eba_c86547" order="2" />
    <table:ruleNode xlink:type="resource" xlink:label="eba_c86548" id="eba_c86548">
      <formula:explicitDimension dimension="eba_dim:EAW">
        <formula:member>
          <formula:qname>eba_EA:x24</formula:qname>
        </formula:member>
      </formula:explicitDimension>
    </table:ruleNode>
    <table:definitionNodeSubtreeArc xlink:type="arc" xlink:arcrole="http://xbrl.org/arcrole/2014/definition-node-subtree" xlink:from="eba_c86545" xlink:to="eba_c86548" order="3" />
    <table:definitionNodeSubtreeArc xlink:type="arc" xlink:arcrole="http://xbrl.org/arcrole/2014/definition-node-subtree" xlink:from="eba_c86544" xlink:to="eba_c86545" order="1" />
    <table:definitionNodeSubtreeArc xlink:type="arc" xlink:arcrole="http://xbrl.org/arcrole/2014/definition-node-subtree" xlink:from="eba_c86543" xlink:to="eba_c86544" order="1" />
    <table:definitionNodeSubtreeArc xlink:type="arc" xlink:arcrole="http://xbrl.org/arcrole/2014/definition-node-subtree" xlink:from="eba_c86529" xlink:to="eba_c86543" order="4" />
    <table:definitionNodeSubtreeArc xlink:type="arc" xlink:arcrole="http://xbrl.org/arcrole/2014/definition-node-subtree" xlink:from="eba_a1.root" xlink:to="eba_c86529" order="1" />
    <table:tableBreakdownArc xlink:type="arc" xlink:arcrole="http://xbrl.org/arcrole/2014/table-breakdown" xlink:from="eba_tD_07.00.b" xlink:to="eba_a1" axis="x" order="1" />
    <table:breakdown xlink:type="resource" xlink:label="eba_a2" parentChildOrder="parent-first" id="eba_a2" />
    <table:ruleNode xlink:type="resource" xlink:label="eba_a2.root" abstract="true" merge="true" id="eba_a2.root">
      <formula:explicitDimension dimension="eba_dim:BAS">
        <formula:member>
          <formula:qname>eba_BA:x6</formula:qname>
        </formula:member>
      </formula:explicitDimension>
      <formula:explicitDimension dimension="eba_dim:MCY">
        <formula:member>
          <formula:qname>eba_MC:x469</formula:qname>
        </formula:member>
      </formula:explicitDimension>
      <formula:explicitDimension dimension="eba_dim:EXC">
        <formula:member>
          <formula:qname>eba_EC:x3</formula:qname>
        </formula:member>
      </formula:explicitDimension>
      <formula:explicitDimension dimension="eba_dim:CPS">
        <formula:member>
          <formula:qname>eba_CT:x68</formula:qname>
        </formula:member>
      </formula:explicitDimension>
      <formula:explicitDimension dimension="eba_dim:APL">
        <formula:member>
          <formula:qname>eba_PL:x772</formula:qname>
        </formula:member>
      </formula:explicitDimension>
      <formula:explicitDimension dimension="eba_dim:PUR">
        <formula:member>
          <formula:qname>eba_PU:x44</formula:qname>
        </formula:member>
      </formula:explicitDimension>
      <formula:explicitDimension dimension="eba_dim:KUP">
        <formula:member>
          <formula:qname>eba_PU:x45</formula:qname>
        </formula:member>
      </formula:explicitDimension>
    </table:ruleNode>
    <table:breakdownTreeArc xlink:type="arc" xlink:arcrole="http://xbrl.org/arcrole/2014/breakdown-tree" xlink:from="eba_a2" xlink:to="eba_a2.root" order="0" />
    <table:ruleNode xlink:type="resource" xlink:label="eba_c87256" abstract="true" id="eba_c87256" />
    <table:ruleNode xlink:type="resource" xlink:label="eba_c87257" abstract="true" id="eba_c87257" />
    <table:ruleNode xlink:type="resource" xlink:label="eba_c86603" abstract="true" id="eba_c86603" />
    <table:ruleNode xlink:type="resource" xlink:label="eba_c86605" id="eba_c86605">
      <formula:concept>
        <formula:qname>eba_met:mi136</formula:qname>
      </formula:concept>
    </table:ruleNode>
    <table:definitionNodeSubtreeArc xlink:type="arc" xlink:arcrole="http://xbrl.org/arcrole/2014/definition-node-subtree" xlink:from="eba_c86603" xlink:to="eba_c86605" order="1" />
    <table:definitionNodeSubtreeArc xlink:type="arc" xlink:arcrole="http://xbrl.org/arcrole/2014/definition-node-subtree" xlink:from="eba_c87257" xlink:to="eba_c86603" order="1" />
    <table:definitionNodeSubtreeArc xlink:type="arc" xlink:arcrole="http://xbrl.org/arcrole/2014/definition-node-subtree" xlink:from="eba_c87256" xlink:to="eba_c87257" order="1" />
    <table:definitionNodeSubtreeArc xlink:type="arc" xlink:arcrole="http://xbrl.org/arcrole/2014/definition-node-subtree" xlink:from="eba_a2.root" xlink:to="eba_c87256" order="1" />
    <table:tableBreakdownArc xlink:type="arc" xlink:arcrole="http://xbrl.org/arcrole/2014/table-breakdown" xlink:from="eba_tD_07.00.b" xlink:to="eba_a2" axis="y" order="2" />
  </gen:link>
</link:linkbase>