﻿<?xml version="1.0" encoding="utf-8"?>
<?taxonomy-version 1.0.0.0 ?>  <?taxonomy-set-overall-version 3.3.0.0 ?>
<!--(C) EBA-->
<link:linkbase xmlns:xsi="http://www.w3.org/2001/XMLSchema-instance" xmlns:xlink="http://www.w3.org/1999/xlink" xmlns:link="http://www.xbrl.org/2003/linkbase" xmlns:gen="http://xbrl.org/2008/generic" xmlns:label="http://xbrl.org/2008/label" xsi:schemaLocation="http://www.xbrl.org/2003/linkbase http://www.xbrl.org/2003/xbrl-linkbase-2003-12-31.xsd http://xbrl.org/2008/generic http://www.xbrl.org/2008/generic-link.xsd http://xbrl.org/2008/label http://www.xbrl.org/2008/generic-label.xsd">
  <link:arcroleRef arcroleURI="http://xbrl.org/arcrole/2008/element-label" xlink:type="simple" xlink:href="http://www.xbrl.org/2008/generic-label.xsd#element-label" />
  <link:roleRef roleURI="http://www.xbrl.org/2008/role/label" xlink:type="simple" xlink:href="http://www.xbrl.org/2008/generic-label.xsd#standard-label" />
  <link:roleRef roleURI="http://www.xbrl.org/2008/role/verboseLabel" xlink:type="simple" xlink:href="http://www.xbrl.org/2008/generic-label.xsd#verbose-label" />
  <gen:link xlink:type="extended" xlink:role="http://www.xbrl.org/2003/role/link">
    <link:loc xlink:type="locator" xlink:href="d_08.00.b-rend.xml#eba_tD_08.00.b" xlink:label="loc_eba_tD_08.00.b" />
    <label:label xlink:type="resource" xlink:label="label_eba_tD_08.00.b" xml:lang="en" xlink:role="http://www.xbrl.org/2008/role/label">D 08.00.b</label:label>
    <gen:arc xlink:type="arc" xlink:arcrole="http://xbrl.org/arcrole/2008/element-label" xlink:from="loc_eba_tD_08.00.b" xlink:to="label_eba_tD_08.00.b" />
    <label:label xlink:type="resource" xlink:label="label_eba_tD_08.00.b_1" xml:lang="en" xlink:role="http://www.xbrl.org/2008/role/verboseLabel">D 08.00.b GAR (%) (stock) (II)</label:label>
    <gen:arc xlink:type="arc" xlink:arcrole="http://xbrl.org/arcrole/2008/element-label" xlink:from="loc_eba_tD_08.00.b" xlink:to="label_eba_tD_08.00.b_1" />
    <link:loc xlink:type="locator" xlink:href="d_08.00.b-rend.xml#eba_a1" xlink:label="loc_eba_a1" />
    <label:label xlink:type="resource" xlink:label="label_eba_a1" xml:lang="en" xlink:role="http://www.xbrl.org/2008/role/label">Columns</label:label>
    <gen:arc xlink:type="arc" xlink:arcrole="http://xbrl.org/arcrole/2008/element-label" xlink:from="loc_eba_a1" xlink:to="label_eba_a1" />
    <link:loc xlink:type="locator" xlink:href="d_08.00.b-rend.xml#eba_c86625" xlink:label="loc_eba_c86625" />
    <label:label xlink:type="resource" xlink:label="label_eba_c86625" xml:lang="en" xlink:role="http://www.xbrl.org/2008/role/label">Disclosure reference date T: KPIs on stock</label:label>
    <gen:arc xlink:type="arc" xlink:arcrole="http://xbrl.org/arcrole/2008/element-label" xlink:from="loc_eba_c86625" xlink:to="label_eba_c86625" />
    <link:loc xlink:type="locator" xlink:href="d_08.00.b-rend.xml#eba_c86626" xlink:label="loc_eba_c86626" />
    <label:label xlink:type="resource" xlink:label="label_eba_c86626" xml:lang="en" xlink:role="http://www.xbrl.org/2008/role/label">Climate Change Mitigation (CCM)</label:label>
    <gen:arc xlink:type="arc" xlink:arcrole="http://xbrl.org/arcrole/2008/element-label" xlink:from="loc_eba_c86626" xlink:to="label_eba_c86626" />
    <link:loc xlink:type="locator" xlink:href="d_08.00.b-rend.xml#eba_c86627" xlink:label="loc_eba_c86627" />
    <label:label xlink:type="resource" xlink:label="label_eba_c86627" xml:lang="en" xlink:role="http://www.xbrl.org/2008/role/label">Proportion of eligible assets funding taxonomy relevant sectors</label:label>
    <gen:arc xlink:type="arc" xlink:arcrole="http://xbrl.org/arcrole/2008/element-label" xlink:from="loc_eba_c86627" xlink:to="label_eba_c86627" />
    <link:loc xlink:type="locator" xlink:href="d_08.00.b-rend.xml#eba_c86628" xlink:label="loc_eba_c86628" />
    <label:label xlink:type="resource" xlink:label="label_eba_c86628" xml:lang="en" xlink:role="http://www.xbrl.org/2008/role/label">Of which environmentally sustainable</label:label>
    <gen:arc xlink:type="arc" xlink:arcrole="http://xbrl.org/arcrole/2008/element-label" xlink:from="loc_eba_c86628" xlink:to="label_eba_c86628" />
    <link:loc xlink:type="locator" xlink:href="d_08.00.b-rend.xml#eba_c86629" xlink:label="loc_eba_c86629" />
    <label:label xlink:type="resource" xlink:label="label_eba_c86629" xml:lang="en" xlink:role="http://www.xbrl.org/2008/role/label">Of which specialised lending</label:label>
    <gen:arc xlink:type="arc" xlink:arcrole="http://xbrl.org/arcrole/2008/element-label" xlink:from="loc_eba_c86629" xlink:to="label_eba_c86629" />
    <link:loc xlink:type="locator" xlink:href="d_08.00.b-rend.xml#eba_c86630" xlink:label="loc_eba_c86630" />
    <label:label xlink:type="resource" xlink:label="label_eba_c86630" xml:lang="en" xlink:role="http://www.xbrl.org/2008/role/label">Of which transitional</label:label>
    <gen:arc xlink:type="arc" xlink:arcrole="http://xbrl.org/arcrole/2008/element-label" xlink:from="loc_eba_c86630" xlink:to="label_eba_c86630" />
    <link:loc xlink:type="locator" xlink:href="d_08.00.b-rend.xml#eba_c86631" xlink:label="loc_eba_c86631" />
    <label:label xlink:type="resource" xlink:label="label_eba_c86631" xml:lang="en" xlink:role="http://www.xbrl.org/2008/role/label">Of which enabling</label:label>
    <gen:arc xlink:type="arc" xlink:arcrole="http://xbrl.org/arcrole/2008/element-label" xlink:from="loc_eba_c86631" xlink:to="label_eba_c86631" />
    <link:loc xlink:type="locator" xlink:href="d_08.00.b-rend.xml#eba_c86632" xlink:label="loc_eba_c86632" />
    <label:label xlink:type="resource" xlink:label="label_eba_c86632" xml:lang="en" xlink:role="http://www.xbrl.org/2008/role/label">Climate Change Adaptation (CCA)</label:label>
    <gen:arc xlink:type="arc" xlink:arcrole="http://xbrl.org/arcrole/2008/element-label" xlink:from="loc_eba_c86632" xlink:to="label_eba_c86632" />
    <link:loc xlink:type="locator" xlink:href="d_08.00.b-rend.xml#eba_c86633" xlink:label="loc_eba_c86633" />
    <label:label xlink:type="resource" xlink:label="label_eba_c86633" xml:lang="en" xlink:role="http://www.xbrl.org/2008/role/label">Proportion of eligible assets funding taxonomy relevant sectors</label:label>
    <gen:arc xlink:type="arc" xlink:arcrole="http://xbrl.org/arcrole/2008/element-label" xlink:from="loc_eba_c86633" xlink:to="label_eba_c86633" />
    <link:loc xlink:type="locator" xlink:href="d_08.00.b-rend.xml#eba_c86634" xlink:label="loc_eba_c86634" />
    <label:label xlink:type="resource" xlink:label="label_eba_c86634" xml:lang="en" xlink:role="http://www.xbrl.org/2008/role/label">Of which environmentally sustainable</label:label>
    <gen:arc xlink:type="arc" xlink:arcrole="http://xbrl.org/arcrole/2008/element-label" xlink:from="loc_eba_c86634" xlink:to="label_eba_c86634" />
    <link:loc xlink:type="locator" xlink:href="d_08.00.b-rend.xml#eba_c86635" xlink:label="loc_eba_c86635" />
    <label:label xlink:type="resource" xlink:label="label_eba_c86635" xml:lang="en" xlink:role="http://www.xbrl.org/2008/role/label">Of which specialised lending</label:label>
    <gen:arc xlink:type="arc" xlink:arcrole="http://xbrl.org/arcrole/2008/element-label" xlink:from="loc_eba_c86635" xlink:to="label_eba_c86635" />
    <link:loc xlink:type="locator" xlink:href="d_08.00.b-rend.xml#eba_c86636" xlink:label="loc_eba_c86636" />
    <label:label xlink:type="resource" xlink:label="label_eba_c86636" xml:lang="en" xlink:role="http://www.xbrl.org/2008/role/label">Of which adaptation</label:label>
    <gen:arc xlink:type="arc" xlink:arcrole="http://xbrl.org/arcrole/2008/element-label" xlink:from="loc_eba_c86636" xlink:to="label_eba_c86636" />
    <link:loc xlink:type="locator" xlink:href="d_08.00.b-rend.xml#eba_c86637" xlink:label="loc_eba_c86637" />
    <label:label xlink:type="resource" xlink:label="label_eba_c86637" xml:lang="en" xlink:role="http://www.xbrl.org/2008/role/label">Of which enabling</label:label>
    <gen:arc xlink:type="arc" xlink:arcrole="http://xbrl.org/arcrole/2008/element-label" xlink:from="loc_eba_c86637" xlink:to="label_eba_c86637" />
    <link:loc xlink:type="locator" xlink:href="d_08.00.b-rend.xml#eba_c86638" xlink:label="loc_eba_c86638" />
    <label:label xlink:type="resource" xlink:label="label_eba_c86638" xml:lang="en" xlink:role="http://www.xbrl.org/2008/role/label">TOTAL (CCM + CCA)</label:label>
    <gen:arc xlink:type="arc" xlink:arcrole="http://xbrl.org/arcrole/2008/element-label" xlink:from="loc_eba_c86638" xlink:to="label_eba_c86638" />
    <link:loc xlink:type="locator" xlink:href="d_08.00.b-rend.xml#eba_c86639" xlink:label="loc_eba_c86639" />
    <label:label xlink:type="resource" xlink:label="label_eba_c86639" xml:lang="en" xlink:role="http://www.xbrl.org/2008/role/label">Proportion of eligible assets funding taxonomy relevant sectors</label:label>
    <gen:arc xlink:type="arc" xlink:arcrole="http://xbrl.org/arcrole/2008/element-label" xlink:from="loc_eba_c86639" xlink:to="label_eba_c86639" />
    <link:loc xlink:type="locator" xlink:href="d_08.00.b-rend.xml#eba_c86640" xlink:label="loc_eba_c86640" />
    <label:label xlink:type="resource" xlink:label="label_eba_c86640" xml:lang="en" xlink:role="http://www.xbrl.org/2008/role/label">Of which environmentally sustainable</label:label>
    <gen:arc xlink:type="arc" xlink:arcrole="http://xbrl.org/arcrole/2008/element-label" xlink:from="loc_eba_c86640" xlink:to="label_eba_c86640" />
    <link:loc xlink:type="locator" xlink:href="d_08.00.b-rend.xml#eba_c86641" xlink:label="loc_eba_c86641" />
    <label:label xlink:type="resource" xlink:label="label_eba_c86641" xml:lang="en" xlink:role="http://www.xbrl.org/2008/role/label">Of which specialised lending</label:label>
    <gen:arc xlink:type="arc" xlink:arcrole="http://xbrl.org/arcrole/2008/element-label" xlink:from="loc_eba_c86641" xlink:to="label_eba_c86641" />
    <link:loc xlink:type="locator" xlink:href="d_08.00.b-rend.xml#eba_c86642" xlink:label="loc_eba_c86642" />
    <label:label xlink:type="resource" xlink:label="label_eba_c86642" xml:lang="en" xlink:role="http://www.xbrl.org/2008/role/label">Of which transitional/adaptation</label:label>
    <gen:arc xlink:type="arc" xlink:arcrole="http://xbrl.org/arcrole/2008/element-label" xlink:from="loc_eba_c86642" xlink:to="label_eba_c86642" />
    <link:loc xlink:type="locator" xlink:href="d_08.00.b-rend.xml#eba_c86643" xlink:label="loc_eba_c86643" />
    <label:label xlink:type="resource" xlink:label="label_eba_c86643" xml:lang="en" xlink:role="http://www.xbrl.org/2008/role/label">Of which enabling</label:label>
    <gen:arc xlink:type="arc" xlink:arcrole="http://xbrl.org/arcrole/2008/element-label" xlink:from="loc_eba_c86643" xlink:to="label_eba_c86643" />
    <link:loc xlink:type="locator" xlink:href="d_08.00.b-rend.xml#eba_a2" xlink:label="loc_eba_a2" />
    <label:label xlink:type="resource" xlink:label="label_eba_a2" xml:lang="en" xlink:role="http://www.xbrl.org/2008/role/label">Rows</label:label>
    <gen:arc xlink:type="arc" xlink:arcrole="http://xbrl.org/arcrole/2008/element-label" xlink:from="loc_eba_a2" xlink:to="label_eba_a2" />
    <link:loc xlink:type="locator" xlink:href="d_08.00.b-rend.xml#eba_c86661" xlink:label="loc_eba_c86661" />
    <label:label xlink:type="resource" xlink:label="label_eba_c86661" xml:lang="en" xlink:role="http://www.xbrl.org/2008/role/label">GAR</label:label>
    <gen:arc xlink:type="arc" xlink:arcrole="http://xbrl.org/arcrole/2008/element-label" xlink:from="loc_eba_c86661" xlink:to="label_eba_c86661" />
    <link:loc xlink:type="locator" xlink:href="d_08.00.b-rend.xml#eba_c86662" xlink:label="loc_eba_c86662" />
    <label:label xlink:type="resource" xlink:label="label_eba_c86662" xml:lang="en" xlink:role="http://www.xbrl.org/2008/role/label">Loans and advances, debt securities and equity instruments not HfT eligible for GAR calculation</label:label>
    <gen:arc xlink:type="arc" xlink:arcrole="http://xbrl.org/arcrole/2008/element-label" xlink:from="loc_eba_c86662" xlink:to="label_eba_c86662" />
    <link:loc xlink:type="locator" xlink:href="d_08.00.b-rend.xml#eba_c86663" xlink:label="loc_eba_c86663" />
    <label:label xlink:type="resource" xlink:label="label_eba_c86663" xml:lang="en" xlink:role="http://www.xbrl.org/2008/role/label">Local government financing</label:label>
    <gen:arc xlink:type="arc" xlink:arcrole="http://xbrl.org/arcrole/2008/element-label" xlink:from="loc_eba_c86663" xlink:to="label_eba_c86663" />
    <link:loc xlink:type="locator" xlink:href="d_08.00.b-rend.xml#eba_c86664" xlink:label="loc_eba_c86664" />
    <label:label xlink:type="resource" xlink:label="label_eba_c86664" xml:lang="en" xlink:role="http://www.xbrl.org/2008/role/label">Other local governments financing</label:label>
    <gen:arc xlink:type="arc" xlink:arcrole="http://xbrl.org/arcrole/2008/element-label" xlink:from="loc_eba_c86664" xlink:to="label_eba_c86664" />
  </gen:link>
</link:linkbase>