{
    "documentInfo": {
        "documentType": "https://xbrl.org/CR/2021-02-03/xbrl-csv",
        "namespaces": {
            "eba": "http://www.eba.europa.eu",
            "eba_AP": "http://www.eba.europa.eu/xbrl/crr/dict/dom/AP",
            "eba_BA": "http://www.eba.europa.eu/xbrl/crr/dict/dom/BA",
            "eba_CT": "http://www.eba.europa.eu/xbrl/crr/dict/dom/CT",
            "eba_EA": "http://www.eba.europa.eu/xbrl/crr/dict/dom/EA",
            "eba_EC": "http://www.eba.europa.eu/xbrl/crr/dict/dom/EC",
            "eba_MC": "http://www.eba.europa.eu/xbrl/crr/dict/dom/MC",
            "eba_PL": "http://www.eba.europa.eu/xbrl/crr/dict/dom/PL",
            "eba_PU": "http://www.eba.europa.eu/xbrl/crr/dict/dom/PU",
            "eba_dim": "http://www.eba.europa.eu/xbrl/crr/dict/dim",
            "eba_met": "http://www.eba.europa.eu/xbrl/crr/dict/met"
        }
    },
    "tableTemplates": {
        "D_08-00-b": {
            "columns": {
                "datapoint": {
                    "propertyGroups": {
                        "dp472636": {
                            "decimals": "$decimalsPercentage",
                            "dimensions": {
                                "concept": "eba_met:pi950",
                                "eba_dim:APL": "eba_PL:x772",
                                "eba_dim:BAS": "eba_BA:x17",
                                "eba_dim:CPS": "eba_CT:x68",
                                "eba_dim:EAQ": "eba_EA:x21",
                                "eba_dim:EAW": "eba_EA:x24",
                                "eba_dim:EPC": "eba_EA:x19",
                                "eba_dim:GBC": "eba_AP:x233",
                                "eba_dim:KUP": "eba_PU:x45",
                                "eba_dim:MCY": "eba_MC:x469",
                                "eba_dim:PUR": "eba_PU:x44"
                            },
                            "eba:documentation": {
                                "CellCode": "{D 08.00.b, r0160, c0050}",
                                "DataPointVersionId": "472636"
                            }
                        },
                        "dp472642": {
                            "decimals": "$decimalsPercentage",
                            "dimensions": {
                                "concept": "eba_met:pi950",
                                "eba_dim:APL": "eba_PL:x772",
                                "eba_dim:BAS": "eba_BA:x17",
                                "eba_dim:CPS": "eba_CT:x68",
                                "eba_dim:EAQ": "eba_EA:x21",
                                "eba_dim:EAW": "eba_EA:x25",
                                "eba_dim:EPC": "eba_EA:x19",
                                "eba_dim:GBC": "eba_AP:x233",
                                "eba_dim:KUP": "eba_PU:x45",
                                "eba_dim:MCY": "eba_MC:x469",
                                "eba_dim:PUR": "eba_PU:x44"
                            },
                            "eba:documentation": {
                                "CellCode": "{D 08.00.b, r0160, c0040}",
                                "DataPointVersionId": "472642"
                            }
                        },
                        "dp472650": {
                            "decimals": "$decimalsPercentage",
                            "dimensions": {
                                "concept": "eba_met:pi950",
                                "eba_dim:APL": "eba_PL:x772",
                                "eba_dim:BAS": "eba_BA:x17",
                                "eba_dim:CPS": "eba_CT:x68",
                                "eba_dim:EAQ": "eba_EA:x21",
                                "eba_dim:EPC": "eba_EA:x19",
                                "eba_dim:EXC": "eba_EC:x3",
                                "eba_dim:GBC": "eba_AP:x233",
                                "eba_dim:KUP": "eba_PU:x45",
                                "eba_dim:MCY": "eba_MC:x469",
                                "eba_dim:PUR": "eba_PU:x44"
                            },
                            "eba:documentation": {
                                "CellCode": "{D 08.00.b, r0160, c0030}",
                                "DataPointVersionId": "472650"
                            }
                        },
                        "dp472654": {
                            "decimals": "$decimalsPercentage",
                            "dimensions": {
                                "concept": "eba_met:pi950",
                                "eba_dim:APL": "eba_PL:x772",
                                "eba_dim:BAS": "eba_BA:x17",
                                "eba_dim:CPS": "eba_CT:x68",
                                "eba_dim:EAQ": "eba_EA:x21",
                                "eba_dim:EPC": "eba_EA:x19",
                                "eba_dim:GBC": "eba_AP:x233",
                                "eba_dim:KUP": "eba_PU:x45",
                                "eba_dim:MCY": "eba_MC:x469",
                                "eba_dim:PUR": "eba_PU:x44"
                            },
                            "eba:documentation": {
                                "CellCode": "{D 08.00.b, r0160, c0020}",
                                "DataPointVersionId": "472654"
                            }
                        },
                        "dp472660": {
                            "decimals": "$decimalsPercentage",
                            "dimensions": {
                                "concept": "eba_met:pi950",
                                "eba_dim:APL": "eba_PL:x772",
                                "eba_dim:BAS": "eba_BA:x17",
                                "eba_dim:CPS": "eba_CT:x68",
                                "eba_dim:EAQ": "eba_EA:x21",
                                "eba_dim:EPC": "eba_EA:x20",
                                "eba_dim:GBC": "eba_AP:x233",
                                "eba_dim:KUP": "eba_PU:x45",
                                "eba_dim:MCY": "eba_MC:x469",
                                "eba_dim:PUR": "eba_PU:x44"
                            },
                            "eba:documentation": {
                                "CellCode": "{D 08.00.b, r0160, c0010}",
                                "DataPointVersionId": "472660"
                            }
                        },
                        "dp472666": {
                            "decimals": "$decimalsPercentage",
                            "dimensions": {
                                "concept": "eba_met:pi950",
                                "eba_dim:APL": "eba_PL:x772",
                                "eba_dim:BAS": "eba_BA:x17",
                                "eba_dim:CPS": "eba_CT:x68",
                                "eba_dim:EAQ": "eba_EA:x22",
                                "eba_dim:EAW": "eba_EA:x24",
                                "eba_dim:EPC": "eba_EA:x19",
                                "eba_dim:GBC": "eba_AP:x233",
                                "eba_dim:KUP": "eba_PU:x45",
                                "eba_dim:MCY": "eba_MC:x469",
                                "eba_dim:PUR": "eba_PU:x44"
                            },
                            "eba:documentation": {
                                "CellCode": "{D 08.00.b, r0160, c0100}",
                                "DataPointVersionId": "472666"
                            }
                        },
                        "dp472670": {
                            "decimals": "$decimalsPercentage",
                            "dimensions": {
                                "concept": "eba_met:pi950",
                                "eba_dim:APL": "eba_PL:x772",
                                "eba_dim:BAS": "eba_BA:x17",
                                "eba_dim:CPS": "eba_CT:x68",
                                "eba_dim:EAQ": "eba_EA:x22",
                                "eba_dim:EAW": "eba_EA:x26",
                                "eba_dim:EPC": "eba_EA:x19",
                                "eba_dim:GBC": "eba_AP:x233",
                                "eba_dim:KUP": "eba_PU:x45",
                                "eba_dim:MCY": "eba_MC:x469",
                                "eba_dim:PUR": "eba_PU:x44"
                            },
                            "eba:documentation": {
                                "CellCode": "{D 08.00.b, r0160, c0090}",
                                "DataPointVersionId": "472670"
                            }
                        },
                        "dp472672": {
                            "decimals": "$decimalsPercentage",
                            "dimensions": {
                                "concept": "eba_met:pi950",
                                "eba_dim:APL": "eba_PL:x772",
                                "eba_dim:BAS": "eba_BA:x17",
                                "eba_dim:CPS": "eba_CT:x68",
                                "eba_dim:EAQ": "eba_EA:x22",
                                "eba_dim:EPC": "eba_EA:x19",
                                "eba_dim:EXC": "eba_EC:x3",
                                "eba_dim:GBC": "eba_AP:x233",
                                "eba_dim:KUP": "eba_PU:x45",
                                "eba_dim:MCY": "eba_MC:x469",
                                "eba_dim:PUR": "eba_PU:x44"
                            },
                            "eba:documentation": {
                                "CellCode": "{D 08.00.b, r0160, c0080}",
                                "DataPointVersionId": "472672"
                            }
                        },
                        "dp472674": {
                            "decimals": "$decimalsPercentage",
                            "dimensions": {
                                "concept": "eba_met:pi950",
                                "eba_dim:APL": "eba_PL:x772",
                                "eba_dim:BAS": "eba_BA:x17",
                                "eba_dim:CPS": "eba_CT:x68",
                                "eba_dim:EAQ": "eba_EA:x22",
                                "eba_dim:EPC": "eba_EA:x19",
                                "eba_dim:GBC": "eba_AP:x233",
                                "eba_dim:KUP": "eba_PU:x45",
                                "eba_dim:MCY": "eba_MC:x469",
                                "eba_dim:PUR": "eba_PU:x44"
                            },
                            "eba:documentation": {
                                "CellCode": "{D 08.00.b, r0160, c0070}",
                                "DataPointVersionId": "472674"
                            }
                        },
                        "dp472676": {
                            "decimals": "$decimalsPercentage",
                            "dimensions": {
                                "concept": "eba_met:pi950",
                                "eba_dim:APL": "eba_PL:x772",
                                "eba_dim:BAS": "eba_BA:x17",
                                "eba_dim:CPS": "eba_CT:x68",
                                "eba_dim:EAQ": "eba_EA:x22",
                                "eba_dim:EPC": "eba_EA:x20",
                                "eba_dim:GBC": "eba_AP:x233",
                                "eba_dim:KUP": "eba_PU:x45",
                                "eba_dim:MCY": "eba_MC:x469",
                                "eba_dim:PUR": "eba_PU:x44"
                            },
                            "eba:documentation": {
                                "CellCode": "{D 08.00.b, r0160, c0060}",
                                "DataPointVersionId": "472676"
                            }
                        },
                        "dp472678": {
                            "decimals": "$decimalsPercentage",
                            "dimensions": {
                                "concept": "eba_met:pi950",
                                "eba_dim:APL": "eba_PL:x772",
                                "eba_dim:BAS": "eba_BA:x17",
                                "eba_dim:CPS": "eba_CT:x68",
                                "eba_dim:EAQ": "eba_EA:x23",
                                "eba_dim:EAW": "eba_EA:x24",
                                "eba_dim:EPC": "eba_EA:x19",
                                "eba_dim:GBC": "eba_AP:x233",
                                "eba_dim:KUP": "eba_PU:x45",
                                "eba_dim:MCY": "eba_MC:x469",
                                "eba_dim:PUR": "eba_PU:x44"
                            },
                            "eba:documentation": {
                                "CellCode": "{D 08.00.b, r0160, c0150}",
                                "DataPointVersionId": "472678"
                            }
                        },
                        "dp472684": {
                            "decimals": "$decimalsPercentage",
                            "dimensions": {
                                "concept": "eba_met:pi950",
                                "eba_dim:APL": "eba_PL:x772",
                                "eba_dim:BAS": "eba_BA:x17",
                                "eba_dim:CPS": "eba_CT:x68",
                                "eba_dim:EAQ": "eba_EA:x23",
                                "eba_dim:EAW": "eba_EA:x32",
                                "eba_dim:EPC": "eba_EA:x19",
                                "eba_dim:GBC": "eba_AP:x233",
                                "eba_dim:KUP": "eba_PU:x45",
                                "eba_dim:MCY": "eba_MC:x469",
                                "eba_dim:PUR": "eba_PU:x44"
                            },
                            "eba:documentation": {
                                "CellCode": "{D 08.00.b, r0160, c0140}",
                                "DataPointVersionId": "472684"
                            }
                        },
                        "dp472692": {
                            "decimals": "$decimalsPercentage",
                            "dimensions": {
                                "concept": "eba_met:pi950",
                                "eba_dim:APL": "eba_PL:x772",
                                "eba_dim:BAS": "eba_BA:x17",
                                "eba_dim:CPS": "eba_CT:x68",
                                "eba_dim:EAQ": "eba_EA:x23",
                                "eba_dim:EPC": "eba_EA:x19",
                                "eba_dim:EXC": "eba_EC:x3",
                                "eba_dim:GBC": "eba_AP:x233",
                                "eba_dim:KUP": "eba_PU:x45",
                                "eba_dim:MCY": "eba_MC:x469",
                                "eba_dim:PUR": "eba_PU:x44"
                            },
                            "eba:documentation": {
                                "CellCode": "{D 08.00.b, r0160, c0130}",
                                "DataPointVersionId": "472692"
                            }
                        },
                        "dp472696": {
                            "decimals": "$decimalsPercentage",
                            "dimensions": {
                                "concept": "eba_met:pi950",
                                "eba_dim:APL": "eba_PL:x772",
                                "eba_dim:BAS": "eba_BA:x17",
                                "eba_dim:CPS": "eba_CT:x68",
                                "eba_dim:EAQ": "eba_EA:x23",
                                "eba_dim:EPC": "eba_EA:x19",
                                "eba_dim:GBC": "eba_AP:x233",
                                "eba_dim:KUP": "eba_PU:x45",
                                "eba_dim:MCY": "eba_MC:x469",
                                "eba_dim:PUR": "eba_PU:x44"
                            },
                            "eba:documentation": {
                                "CellCode": "{D 08.00.b, r0160, c0120}",
                                "DataPointVersionId": "472696"
                            }
                        },
                        "dp472702": {
                            "decimals": "$decimalsPercentage",
                            "dimensions": {
                                "concept": "eba_met:pi950",
                                "eba_dim:APL": "eba_PL:x772",
                                "eba_dim:BAS": "eba_BA:x17",
                                "eba_dim:CPS": "eba_CT:x68",
                                "eba_dim:EAQ": "eba_EA:x23",
                                "eba_dim:EPC": "eba_EA:x20",
                                "eba_dim:GBC": "eba_AP:x233",
                                "eba_dim:KUP": "eba_PU:x45",
                                "eba_dim:MCY": "eba_MC:x469",
                                "eba_dim:PUR": "eba_PU:x44"
                            },
                            "eba:documentation": {
                                "CellCode": "{D 08.00.b, r0160, c0110}",
                                "DataPointVersionId": "472702"
                            }
                        }
                    }
                },
                "factValue": {
                    "dimensions": {},
                    "propertiesFrom": [
                        "datapoint"
                    ]
                }
            }
        }
    }
}