﻿<?xml version="1.0" encoding="utf-8"?>
<?taxonomy-version 1.0.0.0 ?>  <?taxonomy-set-overall-version 3.3.0.0 ?>
<!--(C) EBA-->
<link:linkbase xmlns:xsi="http://www.w3.org/2001/XMLSchema-instance" xmlns:xlink="http://www.w3.org/1999/xlink" xmlns:link="http://www.xbrl.org/2003/linkbase" xmlns:gen="http://xbrl.org/2008/generic" xmlns:label="http://xbrl.org/2008/label" xsi:schemaLocation="http://www.xbrl.org/2003/linkbase http://www.xbrl.org/2003/xbrl-linkbase-2003-12-31.xsd http://xbrl.org/2008/generic http://www.xbrl.org/2008/generic-link.xsd http://xbrl.org/2008/label http://www.xbrl.org/2008/generic-label.xsd">
  <link:arcroleRef arcroleURI="http://xbrl.org/arcrole/2008/element-label" xlink:type="simple" xlink:href="http://www.xbrl.org/2008/generic-label.xsd#element-label" />
  <link:roleRef roleURI="http://www.eba.europa.eu/xbrl/role/dpm-db-id" xlink:type="simple" xlink:href="http://www.eba.europa.eu/eu/fr/xbrl/ext/model.xsd#dpm-db-id" />
  <link:roleRef roleURI="http://www.eurofiling.info/xbrl/role/filing-indicator-code" xlink:type="simple" xlink:href="http://www.eurofiling.info/eu/fr/xbrl/ext/model.xsd#filing-indicator-code" />
  <link:roleRef roleURI="http://www.eurofiling.info/xbrl/role/rc-code" xlink:type="simple" xlink:href="http://www.eurofiling.info/eu/fr/xbrl/ext/model.xsd#rc-code" />
  <gen:link xlink:type="extended" xlink:role="http://www.xbrl.org/2003/role/link">
    <link:loc xlink:type="locator" xlink:href="d_08.00.b-rend.xml#eba_tD_08.00.b" xlink:label="loc_eba_tD_08.00.b" />
    <label:label xlink:type="resource" xlink:label="label_eba_tD_08.00.b" xml:lang="en" xlink:role="http://www.eurofiling.info/xbrl/role/rc-code">D 08.00.b</label:label>
    <gen:arc xlink:type="arc" xlink:arcrole="http://xbrl.org/arcrole/2008/element-label" xlink:from="loc_eba_tD_08.00.b" xlink:to="label_eba_tD_08.00.b" />
    <link:loc xlink:type="locator" xlink:href="d_08.00.b-rend.xml#eba_c86625" xlink:label="loc_eba_c86625" />
    <label:label xlink:type="resource" xlink:label="label_eba_c86625" xml:lang="en" xlink:role="http://www.eurofiling.info/xbrl/role/rc-code">0004</label:label>
    <gen:arc xlink:type="arc" xlink:arcrole="http://xbrl.org/arcrole/2008/element-label" xlink:from="loc_eba_c86625" xlink:to="label_eba_c86625" />
    <link:loc xlink:type="locator" xlink:href="d_08.00.b-rend.xml#eba_c86626" xlink:label="loc_eba_c86626" />
    <label:label xlink:type="resource" xlink:label="label_eba_c86626" xml:lang="en" xlink:role="http://www.eurofiling.info/xbrl/role/rc-code">0005</label:label>
    <gen:arc xlink:type="arc" xlink:arcrole="http://xbrl.org/arcrole/2008/element-label" xlink:from="loc_eba_c86626" xlink:to="label_eba_c86626" />
    <link:loc xlink:type="locator" xlink:href="d_08.00.b-rend.xml#eba_c86627" xlink:label="loc_eba_c86627" />
    <label:label xlink:type="resource" xlink:label="label_eba_c86627" xml:lang="en" xlink:role="http://www.eurofiling.info/xbrl/role/rc-code">0010</label:label>
    <gen:arc xlink:type="arc" xlink:arcrole="http://xbrl.org/arcrole/2008/element-label" xlink:from="loc_eba_c86627" xlink:to="label_eba_c86627" />
    <link:loc xlink:type="locator" xlink:href="d_08.00.b-rend.xml#eba_c86628" xlink:label="loc_eba_c86628" />
    <label:label xlink:type="resource" xlink:label="label_eba_c86628" xml:lang="en" xlink:role="http://www.eurofiling.info/xbrl/role/rc-code">0020</label:label>
    <gen:arc xlink:type="arc" xlink:arcrole="http://xbrl.org/arcrole/2008/element-label" xlink:from="loc_eba_c86628" xlink:to="label_eba_c86628" />
    <link:loc xlink:type="locator" xlink:href="d_08.00.b-rend.xml#eba_c86629" xlink:label="loc_eba_c86629" />
    <label:label xlink:type="resource" xlink:label="label_eba_c86629" xml:lang="en" xlink:role="http://www.eurofiling.info/xbrl/role/rc-code">0030</label:label>
    <gen:arc xlink:type="arc" xlink:arcrole="http://xbrl.org/arcrole/2008/element-label" xlink:from="loc_eba_c86629" xlink:to="label_eba_c86629" />
    <link:loc xlink:type="locator" xlink:href="d_08.00.b-rend.xml#eba_c86630" xlink:label="loc_eba_c86630" />
    <label:label xlink:type="resource" xlink:label="label_eba_c86630" xml:lang="en" xlink:role="http://www.eurofiling.info/xbrl/role/rc-code">0040</label:label>
    <gen:arc xlink:type="arc" xlink:arcrole="http://xbrl.org/arcrole/2008/element-label" xlink:from="loc_eba_c86630" xlink:to="label_eba_c86630" />
    <link:loc xlink:type="locator" xlink:href="d_08.00.b-rend.xml#eba_c86631" xlink:label="loc_eba_c86631" />
    <label:label xlink:type="resource" xlink:label="label_eba_c86631" xml:lang="en" xlink:role="http://www.eurofiling.info/xbrl/role/rc-code">0050</label:label>
    <gen:arc xlink:type="arc" xlink:arcrole="http://xbrl.org/arcrole/2008/element-label" xlink:from="loc_eba_c86631" xlink:to="label_eba_c86631" />
    <link:loc xlink:type="locator" xlink:href="d_08.00.b-rend.xml#eba_c86632" xlink:label="loc_eba_c86632" />
    <label:label xlink:type="resource" xlink:label="label_eba_c86632" xml:lang="en" xlink:role="http://www.eurofiling.info/xbrl/role/rc-code">0055</label:label>
    <gen:arc xlink:type="arc" xlink:arcrole="http://xbrl.org/arcrole/2008/element-label" xlink:from="loc_eba_c86632" xlink:to="label_eba_c86632" />
    <link:loc xlink:type="locator" xlink:href="d_08.00.b-rend.xml#eba_c86633" xlink:label="loc_eba_c86633" />
    <label:label xlink:type="resource" xlink:label="label_eba_c86633" xml:lang="en" xlink:role="http://www.eurofiling.info/xbrl/role/rc-code">0060</label:label>
    <gen:arc xlink:type="arc" xlink:arcrole="http://xbrl.org/arcrole/2008/element-label" xlink:from="loc_eba_c86633" xlink:to="label_eba_c86633" />
    <link:loc xlink:type="locator" xlink:href="d_08.00.b-rend.xml#eba_c86634" xlink:label="loc_eba_c86634" />
    <label:label xlink:type="resource" xlink:label="label_eba_c86634" xml:lang="en" xlink:role="http://www.eurofiling.info/xbrl/role/rc-code">0070</label:label>
    <gen:arc xlink:type="arc" xlink:arcrole="http://xbrl.org/arcrole/2008/element-label" xlink:from="loc_eba_c86634" xlink:to="label_eba_c86634" />
    <link:loc xlink:type="locator" xlink:href="d_08.00.b-rend.xml#eba_c86635" xlink:label="loc_eba_c86635" />
    <label:label xlink:type="resource" xlink:label="label_eba_c86635" xml:lang="en" xlink:role="http://www.eurofiling.info/xbrl/role/rc-code">0080</label:label>
    <gen:arc xlink:type="arc" xlink:arcrole="http://xbrl.org/arcrole/2008/element-label" xlink:from="loc_eba_c86635" xlink:to="label_eba_c86635" />
    <link:loc xlink:type="locator" xlink:href="d_08.00.b-rend.xml#eba_c86636" xlink:label="loc_eba_c86636" />
    <label:label xlink:type="resource" xlink:label="label_eba_c86636" xml:lang="en" xlink:role="http://www.eurofiling.info/xbrl/role/rc-code">0090</label:label>
    <gen:arc xlink:type="arc" xlink:arcrole="http://xbrl.org/arcrole/2008/element-label" xlink:from="loc_eba_c86636" xlink:to="label_eba_c86636" />
    <link:loc xlink:type="locator" xlink:href="d_08.00.b-rend.xml#eba_c86637" xlink:label="loc_eba_c86637" />
    <label:label xlink:type="resource" xlink:label="label_eba_c86637" xml:lang="en" xlink:role="http://www.eurofiling.info/xbrl/role/rc-code">0100</label:label>
    <gen:arc xlink:type="arc" xlink:arcrole="http://xbrl.org/arcrole/2008/element-label" xlink:from="loc_eba_c86637" xlink:to="label_eba_c86637" />
    <link:loc xlink:type="locator" xlink:href="d_08.00.b-rend.xml#eba_c86638" xlink:label="loc_eba_c86638" />
    <label:label xlink:type="resource" xlink:label="label_eba_c86638" xml:lang="en" xlink:role="http://www.eurofiling.info/xbrl/role/rc-code">0105</label:label>
    <gen:arc xlink:type="arc" xlink:arcrole="http://xbrl.org/arcrole/2008/element-label" xlink:from="loc_eba_c86638" xlink:to="label_eba_c86638" />
    <link:loc xlink:type="locator" xlink:href="d_08.00.b-rend.xml#eba_c86639" xlink:label="loc_eba_c86639" />
    <label:label xlink:type="resource" xlink:label="label_eba_c86639" xml:lang="en" xlink:role="http://www.eurofiling.info/xbrl/role/rc-code">0110</label:label>
    <gen:arc xlink:type="arc" xlink:arcrole="http://xbrl.org/arcrole/2008/element-label" xlink:from="loc_eba_c86639" xlink:to="label_eba_c86639" />
    <link:loc xlink:type="locator" xlink:href="d_08.00.b-rend.xml#eba_c86640" xlink:label="loc_eba_c86640" />
    <label:label xlink:type="resource" xlink:label="label_eba_c86640" xml:lang="en" xlink:role="http://www.eurofiling.info/xbrl/role/rc-code">0120</label:label>
    <gen:arc xlink:type="arc" xlink:arcrole="http://xbrl.org/arcrole/2008/element-label" xlink:from="loc_eba_c86640" xlink:to="label_eba_c86640" />
    <link:loc xlink:type="locator" xlink:href="d_08.00.b-rend.xml#eba_c86641" xlink:label="loc_eba_c86641" />
    <label:label xlink:type="resource" xlink:label="label_eba_c86641" xml:lang="en" xlink:role="http://www.eurofiling.info/xbrl/role/rc-code">0130</label:label>
    <gen:arc xlink:type="arc" xlink:arcrole="http://xbrl.org/arcrole/2008/element-label" xlink:from="loc_eba_c86641" xlink:to="label_eba_c86641" />
    <link:loc xlink:type="locator" xlink:href="d_08.00.b-rend.xml#eba_c86642" xlink:label="loc_eba_c86642" />
    <label:label xlink:type="resource" xlink:label="label_eba_c86642" xml:lang="en" xlink:role="http://www.eurofiling.info/xbrl/role/rc-code">0140</label:label>
    <gen:arc xlink:type="arc" xlink:arcrole="http://xbrl.org/arcrole/2008/element-label" xlink:from="loc_eba_c86642" xlink:to="label_eba_c86642" />
    <link:loc xlink:type="locator" xlink:href="d_08.00.b-rend.xml#eba_c86643" xlink:label="loc_eba_c86643" />
    <label:label xlink:type="resource" xlink:label="label_eba_c86643" xml:lang="en" xlink:role="http://www.eurofiling.info/xbrl/role/rc-code">0150</label:label>
    <gen:arc xlink:type="arc" xlink:arcrole="http://xbrl.org/arcrole/2008/element-label" xlink:from="loc_eba_c86643" xlink:to="label_eba_c86643" />
    <link:loc xlink:type="locator" xlink:href="d_08.00.b-rend.xml#eba_c86661" xlink:label="loc_eba_c86661" />
    <label:label xlink:type="resource" xlink:label="label_eba_c86661" xml:lang="en" xlink:role="http://www.eurofiling.info/xbrl/role/rc-code">0010</label:label>
    <gen:arc xlink:type="arc" xlink:arcrole="http://xbrl.org/arcrole/2008/element-label" xlink:from="loc_eba_c86661" xlink:to="label_eba_c86661" />
    <link:loc xlink:type="locator" xlink:href="d_08.00.b-rend.xml#eba_c86662" xlink:label="loc_eba_c86662" />
    <label:label xlink:type="resource" xlink:label="label_eba_c86662" xml:lang="en" xlink:role="http://www.eurofiling.info/xbrl/role/rc-code">0020</label:label>
    <gen:arc xlink:type="arc" xlink:arcrole="http://xbrl.org/arcrole/2008/element-label" xlink:from="loc_eba_c86662" xlink:to="label_eba_c86662" />
    <link:loc xlink:type="locator" xlink:href="d_08.00.b-rend.xml#eba_c86663" xlink:label="loc_eba_c86663" />
    <label:label xlink:type="resource" xlink:label="label_eba_c86663" xml:lang="en" xlink:role="http://www.eurofiling.info/xbrl/role/rc-code">0140</label:label>
    <gen:arc xlink:type="arc" xlink:arcrole="http://xbrl.org/arcrole/2008/element-label" xlink:from="loc_eba_c86663" xlink:to="label_eba_c86663" />
    <link:loc xlink:type="locator" xlink:href="d_08.00.b-rend.xml#eba_c86664" xlink:label="loc_eba_c86664" />
    <label:label xlink:type="resource" xlink:label="label_eba_c86664" xml:lang="en" xlink:role="http://www.eurofiling.info/xbrl/role/rc-code">0160</label:label>
    <gen:arc xlink:type="arc" xlink:arcrole="http://xbrl.org/arcrole/2008/element-label" xlink:from="loc_eba_c86664" xlink:to="label_eba_c86664" />
    <label:label xlink:type="resource" xlink:label="label_eba_tD_08.00.b_1" xml:lang="en" xlink:role="http://www.eurofiling.info/xbrl/role/filing-indicator-code">D_08.00</label:label>
    <gen:arc xlink:type="arc" xlink:arcrole="http://xbrl.org/arcrole/2008/element-label" xlink:from="loc_eba_tD_08.00.b" xlink:to="label_eba_tD_08.00.b_1" />
    <label:label xlink:type="resource" xlink:label="label_eba_tD_08.00.b_2" xml:lang="en" xlink:role="http://www.eba.europa.eu/xbrl/role/dpm-db-id">811.2308</label:label>
    <gen:arc xlink:type="arc" xlink:arcrole="http://xbrl.org/arcrole/2008/element-label" xlink:from="loc_eba_tD_08.00.b" xlink:to="label_eba_tD_08.00.b_2" />
    <label:label xlink:type="resource" xlink:label="label_eba_c86625_1" xml:lang="en" xlink:role="http://www.eba.europa.eu/xbrl/role/dpm-db-id">86625</label:label>
    <gen:arc xlink:type="arc" xlink:arcrole="http://xbrl.org/arcrole/2008/element-label" xlink:from="loc_eba_c86625" xlink:to="label_eba_c86625_1" />
    <label:label xlink:type="resource" xlink:label="label_eba_c86626_1" xml:lang="en" xlink:role="http://www.eba.europa.eu/xbrl/role/dpm-db-id">86626</label:label>
    <gen:arc xlink:type="arc" xlink:arcrole="http://xbrl.org/arcrole/2008/element-label" xlink:from="loc_eba_c86626" xlink:to="label_eba_c86626_1" />
    <label:label xlink:type="resource" xlink:label="label_eba_c86627_1" xml:lang="en" xlink:role="http://www.eba.europa.eu/xbrl/role/dpm-db-id">86627</label:label>
    <gen:arc xlink:type="arc" xlink:arcrole="http://xbrl.org/arcrole/2008/element-label" xlink:from="loc_eba_c86627" xlink:to="label_eba_c86627_1" />
    <label:label xlink:type="resource" xlink:label="label_eba_c86628_1" xml:lang="en" xlink:role="http://www.eba.europa.eu/xbrl/role/dpm-db-id">86628</label:label>
    <gen:arc xlink:type="arc" xlink:arcrole="http://xbrl.org/arcrole/2008/element-label" xlink:from="loc_eba_c86628" xlink:to="label_eba_c86628_1" />
    <label:label xlink:type="resource" xlink:label="label_eba_c86629_1" xml:lang="en" xlink:role="http://www.eba.europa.eu/xbrl/role/dpm-db-id">86629</label:label>
    <gen:arc xlink:type="arc" xlink:arcrole="http://xbrl.org/arcrole/2008/element-label" xlink:from="loc_eba_c86629" xlink:to="label_eba_c86629_1" />
    <label:label xlink:type="resource" xlink:label="label_eba_c86630_1" xml:lang="en" xlink:role="http://www.eba.europa.eu/xbrl/role/dpm-db-id">86630</label:label>
    <gen:arc xlink:type="arc" xlink:arcrole="http://xbrl.org/arcrole/2008/element-label" xlink:from="loc_eba_c86630" xlink:to="label_eba_c86630_1" />
    <label:label xlink:type="resource" xlink:label="label_eba_c86631_1" xml:lang="en" xlink:role="http://www.eba.europa.eu/xbrl/role/dpm-db-id">86631</label:label>
    <gen:arc xlink:type="arc" xlink:arcrole="http://xbrl.org/arcrole/2008/element-label" xlink:from="loc_eba_c86631" xlink:to="label_eba_c86631_1" />
    <label:label xlink:type="resource" xlink:label="label_eba_c86632_1" xml:lang="en" xlink:role="http://www.eba.europa.eu/xbrl/role/dpm-db-id">86632</label:label>
    <gen:arc xlink:type="arc" xlink:arcrole="http://xbrl.org/arcrole/2008/element-label" xlink:from="loc_eba_c86632" xlink:to="label_eba_c86632_1" />
    <label:label xlink:type="resource" xlink:label="label_eba_c86633_1" xml:lang="en" xlink:role="http://www.eba.europa.eu/xbrl/role/dpm-db-id">86633</label:label>
    <gen:arc xlink:type="arc" xlink:arcrole="http://xbrl.org/arcrole/2008/element-label" xlink:from="loc_eba_c86633" xlink:to="label_eba_c86633_1" />
    <label:label xlink:type="resource" xlink:label="label_eba_c86634_1" xml:lang="en" xlink:role="http://www.eba.europa.eu/xbrl/role/dpm-db-id">86634</label:label>
    <gen:arc xlink:type="arc" xlink:arcrole="http://xbrl.org/arcrole/2008/element-label" xlink:from="loc_eba_c86634" xlink:to="label_eba_c86634_1" />
    <label:label xlink:type="resource" xlink:label="label_eba_c86635_1" xml:lang="en" xlink:role="http://www.eba.europa.eu/xbrl/role/dpm-db-id">86635</label:label>
    <gen:arc xlink:type="arc" xlink:arcrole="http://xbrl.org/arcrole/2008/element-label" xlink:from="loc_eba_c86635" xlink:to="label_eba_c86635_1" />
    <label:label xlink:type="resource" xlink:label="label_eba_c86636_1" xml:lang="en" xlink:role="http://www.eba.europa.eu/xbrl/role/dpm-db-id">86636</label:label>
    <gen:arc xlink:type="arc" xlink:arcrole="http://xbrl.org/arcrole/2008/element-label" xlink:from="loc_eba_c86636" xlink:to="label_eba_c86636_1" />
    <label:label xlink:type="resource" xlink:label="label_eba_c86637_1" xml:lang="en" xlink:role="http://www.eba.europa.eu/xbrl/role/dpm-db-id">86637</label:label>
    <gen:arc xlink:type="arc" xlink:arcrole="http://xbrl.org/arcrole/2008/element-label" xlink:from="loc_eba_c86637" xlink:to="label_eba_c86637_1" />
    <label:label xlink:type="resource" xlink:label="label_eba_c86638_1" xml:lang="en" xlink:role="http://www.eba.europa.eu/xbrl/role/dpm-db-id">86638</label:label>
    <gen:arc xlink:type="arc" xlink:arcrole="http://xbrl.org/arcrole/2008/element-label" xlink:from="loc_eba_c86638" xlink:to="label_eba_c86638_1" />
    <label:label xlink:type="resource" xlink:label="label_eba_c86639_1" xml:lang="en" xlink:role="http://www.eba.europa.eu/xbrl/role/dpm-db-id">86639</label:label>
    <gen:arc xlink:type="arc" xlink:arcrole="http://xbrl.org/arcrole/2008/element-label" xlink:from="loc_eba_c86639" xlink:to="label_eba_c86639_1" />
    <label:label xlink:type="resource" xlink:label="label_eba_c86640_1" xml:lang="en" xlink:role="http://www.eba.europa.eu/xbrl/role/dpm-db-id">86640</label:label>
    <gen:arc xlink:type="arc" xlink:arcrole="http://xbrl.org/arcrole/2008/element-label" xlink:from="loc_eba_c86640" xlink:to="label_eba_c86640_1" />
    <label:label xlink:type="resource" xlink:label="label_eba_c86641_1" xml:lang="en" xlink:role="http://www.eba.europa.eu/xbrl/role/dpm-db-id">86641</label:label>
    <gen:arc xlink:type="arc" xlink:arcrole="http://xbrl.org/arcrole/2008/element-label" xlink:from="loc_eba_c86641" xlink:to="label_eba_c86641_1" />
    <label:label xlink:type="resource" xlink:label="label_eba_c86642_1" xml:lang="en" xlink:role="http://www.eba.europa.eu/xbrl/role/dpm-db-id">86642</label:label>
    <gen:arc xlink:type="arc" xlink:arcrole="http://xbrl.org/arcrole/2008/element-label" xlink:from="loc_eba_c86642" xlink:to="label_eba_c86642_1" />
    <label:label xlink:type="resource" xlink:label="label_eba_c86643_1" xml:lang="en" xlink:role="http://www.eba.europa.eu/xbrl/role/dpm-db-id">86643</label:label>
    <gen:arc xlink:type="arc" xlink:arcrole="http://xbrl.org/arcrole/2008/element-label" xlink:from="loc_eba_c86643" xlink:to="label_eba_c86643_1" />
    <label:label xlink:type="resource" xlink:label="label_eba_c86661_1" xml:lang="en" xlink:role="http://www.eba.europa.eu/xbrl/role/dpm-db-id">86661</label:label>
    <gen:arc xlink:type="arc" xlink:arcrole="http://xbrl.org/arcrole/2008/element-label" xlink:from="loc_eba_c86661" xlink:to="label_eba_c86661_1" />
    <label:label xlink:type="resource" xlink:label="label_eba_c86662_1" xml:lang="en" xlink:role="http://www.eba.europa.eu/xbrl/role/dpm-db-id">86662</label:label>
    <gen:arc xlink:type="arc" xlink:arcrole="http://xbrl.org/arcrole/2008/element-label" xlink:from="loc_eba_c86662" xlink:to="label_eba_c86662_1" />
    <label:label xlink:type="resource" xlink:label="label_eba_c86663_1" xml:lang="en" xlink:role="http://www.eba.europa.eu/xbrl/role/dpm-db-id">86663</label:label>
    <gen:arc xlink:type="arc" xlink:arcrole="http://xbrl.org/arcrole/2008/element-label" xlink:from="loc_eba_c86663" xlink:to="label_eba_c86663_1" />
    <label:label xlink:type="resource" xlink:label="label_eba_c86664_1" xml:lang="en" xlink:role="http://www.eba.europa.eu/xbrl/role/dpm-db-id">86664</label:label>
    <gen:arc xlink:type="arc" xlink:arcrole="http://xbrl.org/arcrole/2008/element-label" xlink:from="loc_eba_c86664" xlink:to="label_eba_c86664_1" />
  </gen:link>
</link:linkbase>