﻿<?xml version="1.0" encoding="utf-8"?>
<?taxonomy-version 1.0.0.0 ?>  <?taxonomy-set-overall-version 3.3.0.0 ?>
<!--(C) EBA-->
<link:linkbase xmlns:xsi="http://www.w3.org/2001/XMLSchema-instance" xmlns:xlink="http://www.w3.org/1999/xlink" xmlns:link="http://www.xbrl.org/2003/linkbase" xmlns:gen="http://xbrl.org/2008/generic" xmlns:label="http://xbrl.org/2008/label" xsi:schemaLocation="http://www.xbrl.org/2003/linkbase http://www.xbrl.org/2003/xbrl-linkbase-2003-12-31.xsd http://xbrl.org/2008/generic http://www.xbrl.org/2008/generic-link.xsd http://xbrl.org/2008/label http://www.xbrl.org/2008/generic-label.xsd">
  <link:arcroleRef arcroleURI="http://xbrl.org/arcrole/2008/element-label" xlink:type="simple" xlink:href="http://www.xbrl.org/2008/generic-label.xsd#element-label" />
  <link:roleRef roleURI="http://www.eba.europa.eu/xbrl/role/dpm-db-id" xlink:type="simple" xlink:href="http://www.eba.europa.eu/eu/fr/xbrl/ext/model.xsd#dpm-db-id" />
  <link:roleRef roleURI="http://www.eurofiling.info/xbrl/role/filing-indicator-code" xlink:type="simple" xlink:href="http://www.eurofiling.info/eu/fr/xbrl/ext/model.xsd#filing-indicator-code" />
  <link:roleRef roleURI="http://www.eurofiling.info/xbrl/role/rc-code" xlink:type="simple" xlink:href="http://www.eurofiling.info/eu/fr/xbrl/ext/model.xsd#rc-code" />
  <gen:link xlink:type="extended" xlink:role="http://www.xbrl.org/2003/role/link">
    <link:loc xlink:type="locator" xlink:href="d_09.02.c-rend.xml#eba_tD_09.02.c" xlink:label="loc_eba_tD_09.02.c" />
    <label:label xlink:type="resource" xlink:label="label_eba_tD_09.02.c" xml:lang="en" xlink:role="http://www.eurofiling.info/xbrl/role/rc-code">D 09.02.c</label:label>
    <gen:arc xlink:type="arc" xlink:arcrole="http://xbrl.org/arcrole/2008/element-label" xlink:from="loc_eba_tD_09.02.c" xlink:to="label_eba_tD_09.02.c" />
    <link:loc xlink:type="locator" xlink:href="d_09.02.c-rend.xml#eba_c86763" xlink:label="loc_eba_c86763" />
    <label:label xlink:type="resource" xlink:label="label_eba_c86763" xml:lang="en" xlink:role="http://www.eurofiling.info/xbrl/role/rc-code">0008</label:label>
    <gen:arc xlink:type="arc" xlink:arcrole="http://xbrl.org/arcrole/2008/element-label" xlink:from="loc_eba_c86763" xlink:to="label_eba_c86763" />
    <link:loc xlink:type="locator" xlink:href="d_09.02.c-rend.xml#eba_c86765" xlink:label="loc_eba_c86765" />
    <label:label xlink:type="resource" xlink:label="label_eba_c86765" xml:lang="en" xlink:role="http://www.eurofiling.info/xbrl/role/rc-code">0160</label:label>
    <gen:arc xlink:type="arc" xlink:arcrole="http://xbrl.org/arcrole/2008/element-label" xlink:from="loc_eba_c86765" xlink:to="label_eba_c86765" />
    <link:loc xlink:type="locator" xlink:href="d_09.02.c-rend.xml#eba_c87258" xlink:label="loc_eba_c87258" />
    <label:label xlink:type="resource" xlink:label="label_eba_c87258" xml:lang="en" xlink:role="http://www.eurofiling.info/xbrl/role/rc-code">0166</label:label>
    <gen:arc xlink:type="arc" xlink:arcrole="http://xbrl.org/arcrole/2008/element-label" xlink:from="loc_eba_c87258" xlink:to="label_eba_c87258" />
    <link:loc xlink:type="locator" xlink:href="d_09.02.c-rend.xml#eba_c86766" xlink:label="loc_eba_c86766" />
    <label:label xlink:type="resource" xlink:label="label_eba_c86766" xml:lang="en" xlink:role="http://www.eurofiling.info/xbrl/role/rc-code">0320</label:label>
    <gen:arc xlink:type="arc" xlink:arcrole="http://xbrl.org/arcrole/2008/element-label" xlink:from="loc_eba_c86766" xlink:to="label_eba_c86766" />
    <link:loc xlink:type="locator" xlink:href="d_09.02.c-rend.xml#eba_c87260" xlink:label="loc_eba_c87260" />
    <label:label xlink:type="resource" xlink:label="label_eba_c87260" xml:lang="en" xlink:role="http://www.eurofiling.info/xbrl/role/rc-code">0010</label:label>
    <gen:arc xlink:type="arc" xlink:arcrole="http://xbrl.org/arcrole/2008/element-label" xlink:from="loc_eba_c87260" xlink:to="label_eba_c87260" />
    <link:loc xlink:type="locator" xlink:href="d_09.02.c-rend.xml#eba_c86757" xlink:label="loc_eba_c86757" />
    <label:label xlink:type="resource" xlink:label="label_eba_c86757" xml:lang="en" xlink:role="http://www.eurofiling.info/xbrl/role/rc-code">0030</label:label>
    <gen:arc xlink:type="arc" xlink:arcrole="http://xbrl.org/arcrole/2008/element-label" xlink:from="loc_eba_c86757" xlink:to="label_eba_c86757" />
    <link:loc xlink:type="locator" xlink:href="d_09.02.c-rend.xml#eba_c86758" xlink:label="loc_eba_c86758" />
    <label:label xlink:type="resource" xlink:label="label_eba_c86758" xml:lang="en" xlink:role="http://www.eurofiling.info/xbrl/role/rc-code">0040</label:label>
    <gen:arc xlink:type="arc" xlink:arcrole="http://xbrl.org/arcrole/2008/element-label" xlink:from="loc_eba_c86758" xlink:to="label_eba_c86758" />
    <link:loc xlink:type="locator" xlink:href="d_09.02.c-rend.xml#eba_c86759" xlink:label="loc_eba_c86759" />
    <label:label xlink:type="resource" xlink:label="label_eba_c86759" xml:lang="en" xlink:role="http://www.eurofiling.info/xbrl/role/rc-code">0050</label:label>
    <gen:arc xlink:type="arc" xlink:arcrole="http://xbrl.org/arcrole/2008/element-label" xlink:from="loc_eba_c86759" xlink:to="label_eba_c86759" />
    <link:loc xlink:type="locator" xlink:href="d_09.02.c-rend.xml#eba_c86760" xlink:label="loc_eba_c86760" />
    <label:label xlink:type="resource" xlink:label="label_eba_c86760" xml:lang="en" xlink:role="http://www.eurofiling.info/xbrl/role/rc-code">0060</label:label>
    <gen:arc xlink:type="arc" xlink:arcrole="http://xbrl.org/arcrole/2008/element-label" xlink:from="loc_eba_c86760" xlink:to="label_eba_c86760" />
    <label:label xlink:type="resource" xlink:label="label_eba_tD_09.02.c_1" xml:lang="en" xlink:role="http://www.eurofiling.info/xbrl/role/filing-indicator-code">D_09.02</label:label>
    <gen:arc xlink:type="arc" xlink:arcrole="http://xbrl.org/arcrole/2008/element-label" xlink:from="loc_eba_tD_09.02.c" xlink:to="label_eba_tD_09.02.c_1" />
    <label:label xlink:type="resource" xlink:label="label_eba_tD_09.02.c_2" xml:lang="en" xlink:role="http://www.eba.europa.eu/xbrl/role/dpm-db-id">818.2315</label:label>
    <gen:arc xlink:type="arc" xlink:arcrole="http://xbrl.org/arcrole/2008/element-label" xlink:from="loc_eba_tD_09.02.c" xlink:to="label_eba_tD_09.02.c_2" />
    <label:label xlink:type="resource" xlink:label="label_eba_c86763_1" xml:lang="en" xlink:role="http://www.eba.europa.eu/xbrl/role/dpm-db-id">86763</label:label>
    <gen:arc xlink:type="arc" xlink:arcrole="http://xbrl.org/arcrole/2008/element-label" xlink:from="loc_eba_c86763" xlink:to="label_eba_c86763_1" />
    <label:label xlink:type="resource" xlink:label="label_eba_c86765_1" xml:lang="en" xlink:role="http://www.eba.europa.eu/xbrl/role/dpm-db-id">86765</label:label>
    <gen:arc xlink:type="arc" xlink:arcrole="http://xbrl.org/arcrole/2008/element-label" xlink:from="loc_eba_c86765" xlink:to="label_eba_c86765_1" />
    <label:label xlink:type="resource" xlink:label="label_eba_c87258_1" xml:lang="en" xlink:role="http://www.eba.europa.eu/xbrl/role/dpm-db-id">87258</label:label>
    <gen:arc xlink:type="arc" xlink:arcrole="http://xbrl.org/arcrole/2008/element-label" xlink:from="loc_eba_c87258" xlink:to="label_eba_c87258_1" />
    <label:label xlink:type="resource" xlink:label="label_eba_c86766_1" xml:lang="en" xlink:role="http://www.eba.europa.eu/xbrl/role/dpm-db-id">86766</label:label>
    <gen:arc xlink:type="arc" xlink:arcrole="http://xbrl.org/arcrole/2008/element-label" xlink:from="loc_eba_c86766" xlink:to="label_eba_c86766_1" />
    <label:label xlink:type="resource" xlink:label="label_eba_c87260_1" xml:lang="en" xlink:role="http://www.eba.europa.eu/xbrl/role/dpm-db-id">87260</label:label>
    <gen:arc xlink:type="arc" xlink:arcrole="http://xbrl.org/arcrole/2008/element-label" xlink:from="loc_eba_c87260" xlink:to="label_eba_c87260_1" />
    <label:label xlink:type="resource" xlink:label="label_eba_c86757_1" xml:lang="en" xlink:role="http://www.eba.europa.eu/xbrl/role/dpm-db-id">86757</label:label>
    <gen:arc xlink:type="arc" xlink:arcrole="http://xbrl.org/arcrole/2008/element-label" xlink:from="loc_eba_c86757" xlink:to="label_eba_c86757_1" />
    <label:label xlink:type="resource" xlink:label="label_eba_c86758_1" xml:lang="en" xlink:role="http://www.eba.europa.eu/xbrl/role/dpm-db-id">86758</label:label>
    <gen:arc xlink:type="arc" xlink:arcrole="http://xbrl.org/arcrole/2008/element-label" xlink:from="loc_eba_c86758" xlink:to="label_eba_c86758_1" />
    <label:label xlink:type="resource" xlink:label="label_eba_c86759_1" xml:lang="en" xlink:role="http://www.eba.europa.eu/xbrl/role/dpm-db-id">86759</label:label>
    <gen:arc xlink:type="arc" xlink:arcrole="http://xbrl.org/arcrole/2008/element-label" xlink:from="loc_eba_c86759" xlink:to="label_eba_c86759_1" />
    <label:label xlink:type="resource" xlink:label="label_eba_c86760_1" xml:lang="en" xlink:role="http://www.eba.europa.eu/xbrl/role/dpm-db-id">86760</label:label>
    <gen:arc xlink:type="arc" xlink:arcrole="http://xbrl.org/arcrole/2008/element-label" xlink:from="loc_eba_c86760" xlink:to="label_eba_c86760_1" />
  </gen:link>
</link:linkbase>