﻿<?xml version="1.0" encoding="utf-8"?>
<?taxonomy-version 1.0.0.0 ?>  <?taxonomy-set-overall-version 3.3.0.0 ?>
<!--(C) EBA-->
<link:linkbase xmlns:xsi="http://www.w3.org/2001/XMLSchema-instance" xmlns:xlink="http://www.w3.org/1999/xlink" xmlns:link="http://www.xbrl.org/2003/linkbase" xmlns:gen="http://xbrl.org/2008/generic" xmlns:label="http://xbrl.org/2008/label" xsi:schemaLocation="http://www.xbrl.org/2003/linkbase http://www.xbrl.org/2003/xbrl-linkbase-2003-12-31.xsd http://xbrl.org/2008/generic http://www.xbrl.org/2008/generic-link.xsd http://xbrl.org/2008/label http://www.xbrl.org/2008/generic-label.xsd">
  <link:arcroleRef arcroleURI="http://xbrl.org/arcrole/2008/element-label" xlink:type="simple" xlink:href="http://www.xbrl.org/2008/generic-label.xsd#element-label" />
  <link:roleRef roleURI="http://www.xbrl.org/2008/role/label" xlink:type="simple" xlink:href="http://www.xbrl.org/2008/generic-label.xsd#standard-label" />
  <link:roleRef roleURI="http://www.xbrl.org/2008/role/verboseLabel" xlink:type="simple" xlink:href="http://www.xbrl.org/2008/generic-label.xsd#verbose-label" />
  <gen:link xlink:type="extended" xlink:role="http://www.xbrl.org/2003/role/link">
    <link:loc xlink:type="locator" xlink:href="d_09.02.c-rend.xml#eba_tD_09.02.c" xlink:label="loc_eba_tD_09.02.c" />
    <label:label xlink:type="resource" xlink:label="label_eba_tD_09.02.c" xml:lang="en" xlink:role="http://www.xbrl.org/2008/role/label">D 09.02.c</label:label>
    <gen:arc xlink:type="arc" xlink:arcrole="http://xbrl.org/arcrole/2008/element-label" xlink:from="loc_eba_tD_09.02.c" xlink:to="label_eba_tD_09.02.c" />
    <label:label xlink:type="resource" xlink:label="label_eba_tD_09.02.c_1" xml:lang="en" xlink:role="http://www.xbrl.org/2008/role/verboseLabel">D 09.02.c BTAR % (cov-btar) (III)</label:label>
    <gen:arc xlink:type="arc" xlink:arcrole="http://xbrl.org/arcrole/2008/element-label" xlink:from="loc_eba_tD_09.02.c" xlink:to="label_eba_tD_09.02.c_1" />
    <link:loc xlink:type="locator" xlink:href="d_09.02.c-rend.xml#eba_a1" xlink:label="loc_eba_a1" />
    <label:label xlink:type="resource" xlink:label="label_eba_a1" xml:lang="en" xlink:role="http://www.xbrl.org/2008/role/label">Columns</label:label>
    <gen:arc xlink:type="arc" xlink:arcrole="http://xbrl.org/arcrole/2008/element-label" xlink:from="loc_eba_a1" xlink:to="label_eba_a1" />
    <link:loc xlink:type="locator" xlink:href="d_09.02.c-rend.xml#eba_c86763" xlink:label="loc_eba_c86763" />
    <label:label xlink:type="resource" xlink:label="label_eba_c86763" xml:lang="en" xlink:role="http://www.xbrl.org/2008/role/label">Disclosure reference date T: KPIs on stock</label:label>
    <gen:arc xlink:type="arc" xlink:arcrole="http://xbrl.org/arcrole/2008/element-label" xlink:from="loc_eba_c86763" xlink:to="label_eba_c86763" />
    <link:loc xlink:type="locator" xlink:href="d_09.02.c-rend.xml#eba_c86765" xlink:label="loc_eba_c86765" />
    <label:label xlink:type="resource" xlink:label="label_eba_c86765" xml:lang="en" xlink:role="http://www.xbrl.org/2008/role/label">Proportion of total assets covered</label:label>
    <gen:arc xlink:type="arc" xlink:arcrole="http://xbrl.org/arcrole/2008/element-label" xlink:from="loc_eba_c86765" xlink:to="label_eba_c86765" />
    <link:loc xlink:type="locator" xlink:href="d_09.02.c-rend.xml#eba_c87258" xlink:label="loc_eba_c87258" />
    <label:label xlink:type="resource" xlink:label="label_eba_c87258" xml:lang="en" xlink:role="http://www.xbrl.org/2008/role/label">Disclosure reference date T: KPIs on flows</label:label>
    <gen:arc xlink:type="arc" xlink:arcrole="http://xbrl.org/arcrole/2008/element-label" xlink:from="loc_eba_c87258" xlink:to="label_eba_c87258" />
    <link:loc xlink:type="locator" xlink:href="d_09.02.c-rend.xml#eba_c86766" xlink:label="loc_eba_c86766" />
    <label:label xlink:type="resource" xlink:label="label_eba_c86766" xml:lang="en" xlink:role="http://www.xbrl.org/2008/role/label">Proportion of total new assets covered</label:label>
    <gen:arc xlink:type="arc" xlink:arcrole="http://xbrl.org/arcrole/2008/element-label" xlink:from="loc_eba_c86766" xlink:to="label_eba_c86766" />
    <link:loc xlink:type="locator" xlink:href="d_09.02.c-rend.xml#eba_a2" xlink:label="loc_eba_a2" />
    <label:label xlink:type="resource" xlink:label="label_eba_a2" xml:lang="en" xlink:role="http://www.xbrl.org/2008/role/label">Rows</label:label>
    <gen:arc xlink:type="arc" xlink:arcrole="http://xbrl.org/arcrole/2008/element-label" xlink:from="loc_eba_a2" xlink:to="label_eba_a2" />
    <link:loc xlink:type="locator" xlink:href="d_09.02.c-rend.xml#eba_c87260" xlink:label="loc_eba_c87260" />
    <label:label xlink:type="resource" xlink:label="label_eba_c87260" xml:lang="en" xlink:role="http://www.xbrl.org/2008/role/label">BTAR</label:label>
    <gen:arc xlink:type="arc" xlink:arcrole="http://xbrl.org/arcrole/2008/element-label" xlink:from="loc_eba_c87260" xlink:to="label_eba_c87260" />
    <link:loc xlink:type="locator" xlink:href="d_09.02.c-rend.xml#eba_c86757" xlink:label="loc_eba_c86757" />
    <label:label xlink:type="resource" xlink:label="label_eba_c86757" xml:lang="en" xlink:role="http://www.xbrl.org/2008/role/label">EU Non-financial corporations not subject to NFRD disclosure obligations</label:label>
    <gen:arc xlink:type="arc" xlink:arcrole="http://xbrl.org/arcrole/2008/element-label" xlink:from="loc_eba_c86757" xlink:to="label_eba_c86757" />
    <link:loc xlink:type="locator" xlink:href="d_09.02.c-rend.xml#eba_c86758" xlink:label="loc_eba_c86758" />
    <label:label xlink:type="resource" xlink:label="label_eba_c86758" xml:lang="en" xlink:role="http://www.xbrl.org/2008/role/label">of which loans collateralised by commercial immovable property</label:label>
    <gen:arc xlink:type="arc" xlink:arcrole="http://xbrl.org/arcrole/2008/element-label" xlink:from="loc_eba_c86758" xlink:to="label_eba_c86758" />
    <link:loc xlink:type="locator" xlink:href="d_09.02.c-rend.xml#eba_c86759" xlink:label="loc_eba_c86759" />
    <label:label xlink:type="resource" xlink:label="label_eba_c86759" xml:lang="en" xlink:role="http://www.xbrl.org/2008/role/label">of which building renovation loans</label:label>
    <gen:arc xlink:type="arc" xlink:arcrole="http://xbrl.org/arcrole/2008/element-label" xlink:from="loc_eba_c86759" xlink:to="label_eba_c86759" />
    <link:loc xlink:type="locator" xlink:href="d_09.02.c-rend.xml#eba_c86760" xlink:label="loc_eba_c86760" />
    <label:label xlink:type="resource" xlink:label="label_eba_c86760" xml:lang="en" xlink:role="http://www.xbrl.org/2008/role/label">Non-EU country counterparties not subject to NFRD disclosure obligations</label:label>
    <gen:arc xlink:type="arc" xlink:arcrole="http://xbrl.org/arcrole/2008/element-label" xlink:from="loc_eba_c86760" xlink:to="label_eba_c86760" />
  </gen:link>
</link:linkbase>