﻿<?xml version="1.0" encoding="utf-8"?>
<?taxonomy-version 1.0.0.0 ?>  <?taxonomy-set-overall-version 3.3.0.0 ?>
<!--(C) EBA-->
<link:linkbase xmlns:xsi="http://www.w3.org/2001/XMLSchema-instance" xmlns:xlink="http://www.w3.org/1999/xlink" xmlns:link="http://www.xbrl.org/2003/linkbase" xmlns:gen="http://xbrl.org/2008/generic" xmlns:label="http://xbrl.org/2008/label" xsi:schemaLocation="http://www.xbrl.org/2003/linkbase http://www.xbrl.org/2003/xbrl-linkbase-2003-12-31.xsd http://xbrl.org/2008/generic http://www.xbrl.org/2008/generic-link.xsd http://xbrl.org/2008/label http://www.xbrl.org/2008/generic-label.xsd">
  <link:arcroleRef arcroleURI="http://xbrl.org/arcrole/2008/element-label" xlink:type="simple" xlink:href="http://www.xbrl.org/2008/generic-label.xsd#element-label" />
  <link:roleRef roleURI="http://www.eba.europa.eu/xbrl/role/dpm-db-id" xlink:type="simple" xlink:href="http://www.eba.europa.eu/eu/fr/xbrl/ext/model.xsd#dpm-db-id" />
  <link:roleRef roleURI="http://www.eurofiling.info/xbrl/role/filing-indicator-code" xlink:type="simple" xlink:href="http://www.eurofiling.info/eu/fr/xbrl/ext/model.xsd#filing-indicator-code" />
  <link:roleRef roleURI="http://www.eurofiling.info/xbrl/role/rc-code" xlink:type="simple" xlink:href="http://www.eurofiling.info/eu/fr/xbrl/ext/model.xsd#rc-code" />
  <gen:link xlink:type="extended" xlink:role="http://www.xbrl.org/2003/role/link">
    <link:loc xlink:type="locator" xlink:href="d_05.00.a-rend.xml#eba_tD_05.00.a" xlink:label="loc_eba_tD_05.00.a" />
    <label:label xlink:type="resource" xlink:label="label_eba_tD_05.00.a" xml:lang="en" xlink:role="http://www.eurofiling.info/xbrl/role/rc-code">D 05.00.a</label:label>
    <gen:arc xlink:type="arc" xlink:arcrole="http://xbrl.org/arcrole/2008/element-label" xlink:from="loc_eba_tD_05.00.a" xlink:to="label_eba_tD_05.00.a" />
    <link:loc xlink:type="locator" xlink:href="d_05.00.a-rend.xml#eba_c86464" xlink:label="loc_eba_c86464" />
    <label:label xlink:type="resource" xlink:label="label_eba_c86464" xml:lang="en" xlink:role="http://www.eurofiling.info/xbrl/role/rc-code">0010</label:label>
    <gen:arc xlink:type="arc" xlink:arcrole="http://xbrl.org/arcrole/2008/element-label" xlink:from="loc_eba_c86464" xlink:to="label_eba_c86464" />
    <link:loc xlink:type="locator" xlink:href="d_05.00.a-rend.xml#eba_c86465" xlink:label="loc_eba_c86465" />
    <label:label xlink:type="resource" xlink:label="label_eba_c86465" xml:lang="en" xlink:role="http://www.eurofiling.info/xbrl/role/rc-code">0018</label:label>
    <gen:arc xlink:type="arc" xlink:arcrole="http://xbrl.org/arcrole/2008/element-label" xlink:from="loc_eba_c86465" xlink:to="label_eba_c86465" />
    <link:loc xlink:type="locator" xlink:href="d_05.00.a-rend.xml#eba_c86466" xlink:label="loc_eba_c86466" />
    <label:label xlink:type="resource" xlink:label="label_eba_c86466" xml:lang="en" xlink:role="http://www.eurofiling.info/xbrl/role/rc-code">0019</label:label>
    <gen:arc xlink:type="arc" xlink:arcrole="http://xbrl.org/arcrole/2008/element-label" xlink:from="loc_eba_c86466" xlink:to="label_eba_c86466" />
    <link:loc xlink:type="locator" xlink:href="d_05.00.a-rend.xml#eba_c86467" xlink:label="loc_eba_c86467" />
    <label:label xlink:type="resource" xlink:label="label_eba_c86467" xml:lang="en" xlink:role="http://www.eurofiling.info/xbrl/role/rc-code">0020</label:label>
    <gen:arc xlink:type="arc" xlink:arcrole="http://xbrl.org/arcrole/2008/element-label" xlink:from="loc_eba_c86467" xlink:to="label_eba_c86467" />
    <link:loc xlink:type="locator" xlink:href="d_05.00.a-rend.xml#eba_c86468" xlink:label="loc_eba_c86468" />
    <label:label xlink:type="resource" xlink:label="label_eba_c86468" xml:lang="en" xlink:role="http://www.eurofiling.info/xbrl/role/rc-code">0030</label:label>
    <gen:arc xlink:type="arc" xlink:arcrole="http://xbrl.org/arcrole/2008/element-label" xlink:from="loc_eba_c86468" xlink:to="label_eba_c86468" />
    <link:loc xlink:type="locator" xlink:href="d_05.00.a-rend.xml#eba_c86469" xlink:label="loc_eba_c86469" />
    <label:label xlink:type="resource" xlink:label="label_eba_c86469" xml:lang="en" xlink:role="http://www.eurofiling.info/xbrl/role/rc-code">0040</label:label>
    <gen:arc xlink:type="arc" xlink:arcrole="http://xbrl.org/arcrole/2008/element-label" xlink:from="loc_eba_c86469" xlink:to="label_eba_c86469" />
    <link:loc xlink:type="locator" xlink:href="d_05.00.a-rend.xml#eba_c86470" xlink:label="loc_eba_c86470" />
    <label:label xlink:type="resource" xlink:label="label_eba_c86470" xml:lang="en" xlink:role="http://www.eurofiling.info/xbrl/role/rc-code">0050</label:label>
    <gen:arc xlink:type="arc" xlink:arcrole="http://xbrl.org/arcrole/2008/element-label" xlink:from="loc_eba_c86470" xlink:to="label_eba_c86470" />
    <link:loc xlink:type="locator" xlink:href="d_05.00.a-rend.xml#eba_c86471" xlink:label="loc_eba_c86471" />
    <label:label xlink:type="resource" xlink:label="label_eba_c86471" xml:lang="en" xlink:role="http://www.eurofiling.info/xbrl/role/rc-code">0060</label:label>
    <gen:arc xlink:type="arc" xlink:arcrole="http://xbrl.org/arcrole/2008/element-label" xlink:from="loc_eba_c86471" xlink:to="label_eba_c86471" />
    <link:loc xlink:type="locator" xlink:href="d_05.00.a-rend.xml#eba_c86472" xlink:label="loc_eba_c86472" />
    <label:label xlink:type="resource" xlink:label="label_eba_c86472" xml:lang="en" xlink:role="http://www.eurofiling.info/xbrl/role/rc-code">0070</label:label>
    <gen:arc xlink:type="arc" xlink:arcrole="http://xbrl.org/arcrole/2008/element-label" xlink:from="loc_eba_c86472" xlink:to="label_eba_c86472" />
    <link:loc xlink:type="locator" xlink:href="d_05.00.a-rend.xml#eba_c86473" xlink:label="loc_eba_c86473" />
    <label:label xlink:type="resource" xlink:label="label_eba_c86473" xml:lang="en" xlink:role="http://www.eurofiling.info/xbrl/role/rc-code">0080</label:label>
    <gen:arc xlink:type="arc" xlink:arcrole="http://xbrl.org/arcrole/2008/element-label" xlink:from="loc_eba_c86473" xlink:to="label_eba_c86473" />
    <link:loc xlink:type="locator" xlink:href="d_05.00.a-rend.xml#eba_c86474" xlink:label="loc_eba_c86474" />
    <label:label xlink:type="resource" xlink:label="label_eba_c86474" xml:lang="en" xlink:role="http://www.eurofiling.info/xbrl/role/rc-code">0090</label:label>
    <gen:arc xlink:type="arc" xlink:arcrole="http://xbrl.org/arcrole/2008/element-label" xlink:from="loc_eba_c86474" xlink:to="label_eba_c86474" />
    <link:loc xlink:type="locator" xlink:href="d_05.00.a-rend.xml#eba_c86475" xlink:label="loc_eba_c86475" />
    <label:label xlink:type="resource" xlink:label="label_eba_c86475" xml:lang="en" xlink:role="http://www.eurofiling.info/xbrl/role/rc-code">0100</label:label>
    <gen:arc xlink:type="arc" xlink:arcrole="http://xbrl.org/arcrole/2008/element-label" xlink:from="loc_eba_c86475" xlink:to="label_eba_c86475" />
    <link:loc xlink:type="locator" xlink:href="d_05.00.a-rend.xml#eba_c86476" xlink:label="loc_eba_c86476" />
    <label:label xlink:type="resource" xlink:label="label_eba_c86476" xml:lang="en" xlink:role="http://www.eurofiling.info/xbrl/role/rc-code">0110</label:label>
    <gen:arc xlink:type="arc" xlink:arcrole="http://xbrl.org/arcrole/2008/element-label" xlink:from="loc_eba_c86476" xlink:to="label_eba_c86476" />
    <link:loc xlink:type="locator" xlink:href="d_05.00.a-rend.xml#eba_c86477" xlink:label="loc_eba_c86477" />
    <label:label xlink:type="resource" xlink:label="label_eba_c86477" xml:lang="en" xlink:role="http://www.eurofiling.info/xbrl/role/rc-code">0120</label:label>
    <gen:arc xlink:type="arc" xlink:arcrole="http://xbrl.org/arcrole/2008/element-label" xlink:from="loc_eba_c86477" xlink:to="label_eba_c86477" />
    <link:loc xlink:type="locator" xlink:href="d_05.00.a-rend.xml#eba_c86478" xlink:label="loc_eba_c86478" />
    <label:label xlink:type="resource" xlink:label="label_eba_c86478" xml:lang="en" xlink:role="http://www.eurofiling.info/xbrl/role/rc-code">0130</label:label>
    <gen:arc xlink:type="arc" xlink:arcrole="http://xbrl.org/arcrole/2008/element-label" xlink:from="loc_eba_c86478" xlink:to="label_eba_c86478" />
    <link:loc xlink:type="locator" xlink:href="d_05.00.a-rend.xml#eba_c86479" xlink:label="loc_eba_c86479" />
    <label:label xlink:type="resource" xlink:label="label_eba_c86479" xml:lang="en" xlink:role="http://www.eurofiling.info/xbrl/role/rc-code">0140</label:label>
    <gen:arc xlink:type="arc" xlink:arcrole="http://xbrl.org/arcrole/2008/element-label" xlink:from="loc_eba_c86479" xlink:to="label_eba_c86479" />
    <link:loc xlink:type="locator" xlink:href="d_05.00.a-rend.xml#eba_c86828" xlink:label="loc_eba_c86828" />
    <label:label xlink:type="resource" xlink:label="label_eba_c86828" xml:lang="en" xlink:role="http://www.eurofiling.info/xbrl/role/rc-code">0010</label:label>
    <gen:arc xlink:type="arc" xlink:arcrole="http://xbrl.org/arcrole/2008/element-label" xlink:from="loc_eba_c86828" xlink:to="label_eba_c86828" />
    <link:loc xlink:type="locator" xlink:href="d_05.00.a-rend.xml#eba_c86829" xlink:label="loc_eba_c86829" />
    <label:label xlink:type="resource" xlink:label="label_eba_c86829" xml:lang="en" xlink:role="http://www.eurofiling.info/xbrl/role/rc-code">0020</label:label>
    <gen:arc xlink:type="arc" xlink:arcrole="http://xbrl.org/arcrole/2008/element-label" xlink:from="loc_eba_c86829" xlink:to="label_eba_c86829" />
    <link:loc xlink:type="locator" xlink:href="d_05.00.a-rend.xml#eba_c86830" xlink:label="loc_eba_c86830" />
    <label:label xlink:type="resource" xlink:label="label_eba_c86830" xml:lang="en" xlink:role="http://www.eurofiling.info/xbrl/role/rc-code">0030</label:label>
    <gen:arc xlink:type="arc" xlink:arcrole="http://xbrl.org/arcrole/2008/element-label" xlink:from="loc_eba_c86830" xlink:to="label_eba_c86830" />
    <link:loc xlink:type="locator" xlink:href="d_05.00.a-rend.xml#eba_c86831" xlink:label="loc_eba_c86831" />
    <label:label xlink:type="resource" xlink:label="label_eba_c86831" xml:lang="en" xlink:role="http://www.eurofiling.info/xbrl/role/rc-code">0040</label:label>
    <gen:arc xlink:type="arc" xlink:arcrole="http://xbrl.org/arcrole/2008/element-label" xlink:from="loc_eba_c86831" xlink:to="label_eba_c86831" />
    <link:loc xlink:type="locator" xlink:href="d_05.00.a-rend.xml#eba_c86832" xlink:label="loc_eba_c86832" />
    <label:label xlink:type="resource" xlink:label="label_eba_c86832" xml:lang="en" xlink:role="http://www.eurofiling.info/xbrl/role/rc-code">0050</label:label>
    <gen:arc xlink:type="arc" xlink:arcrole="http://xbrl.org/arcrole/2008/element-label" xlink:from="loc_eba_c86832" xlink:to="label_eba_c86832" />
    <link:loc xlink:type="locator" xlink:href="d_05.00.a-rend.xml#eba_c86833" xlink:label="loc_eba_c86833" />
    <label:label xlink:type="resource" xlink:label="label_eba_c86833" xml:lang="en" xlink:role="http://www.eurofiling.info/xbrl/role/rc-code">0060</label:label>
    <gen:arc xlink:type="arc" xlink:arcrole="http://xbrl.org/arcrole/2008/element-label" xlink:from="loc_eba_c86833" xlink:to="label_eba_c86833" />
    <link:loc xlink:type="locator" xlink:href="d_05.00.a-rend.xml#eba_c86834" xlink:label="loc_eba_c86834" />
    <label:label xlink:type="resource" xlink:label="label_eba_c86834" xml:lang="en" xlink:role="http://www.eurofiling.info/xbrl/role/rc-code">0070</label:label>
    <gen:arc xlink:type="arc" xlink:arcrole="http://xbrl.org/arcrole/2008/element-label" xlink:from="loc_eba_c86834" xlink:to="label_eba_c86834" />
    <link:loc xlink:type="locator" xlink:href="d_05.00.a-rend.xml#eba_c86835" xlink:label="loc_eba_c86835" />
    <label:label xlink:type="resource" xlink:label="label_eba_c86835" xml:lang="en" xlink:role="http://www.eurofiling.info/xbrl/role/rc-code">0080</label:label>
    <gen:arc xlink:type="arc" xlink:arcrole="http://xbrl.org/arcrole/2008/element-label" xlink:from="loc_eba_c86835" xlink:to="label_eba_c86835" />
    <link:loc xlink:type="locator" xlink:href="d_05.00.a-rend.xml#eba_c86836" xlink:label="loc_eba_c86836" />
    <label:label xlink:type="resource" xlink:label="label_eba_c86836" xml:lang="en" xlink:role="http://www.eurofiling.info/xbrl/role/rc-code">0090</label:label>
    <gen:arc xlink:type="arc" xlink:arcrole="http://xbrl.org/arcrole/2008/element-label" xlink:from="loc_eba_c86836" xlink:to="label_eba_c86836" />
    <link:loc xlink:type="locator" xlink:href="d_05.00.a-rend.xml#eba_c86837" xlink:label="loc_eba_c86837" />
    <label:label xlink:type="resource" xlink:label="label_eba_c86837" xml:lang="en" xlink:role="http://www.eurofiling.info/xbrl/role/rc-code">0100</label:label>
    <gen:arc xlink:type="arc" xlink:arcrole="http://xbrl.org/arcrole/2008/element-label" xlink:from="loc_eba_c86837" xlink:to="label_eba_c86837" />
    <link:loc xlink:type="locator" xlink:href="d_05.00.a-rend.xml#eba_c86838" xlink:label="loc_eba_c86838" />
    <label:label xlink:type="resource" xlink:label="label_eba_c86838" xml:lang="en" xlink:role="http://www.eurofiling.info/xbrl/role/rc-code">0110</label:label>
    <gen:arc xlink:type="arc" xlink:arcrole="http://xbrl.org/arcrole/2008/element-label" xlink:from="loc_eba_c86838" xlink:to="label_eba_c86838" />
    <link:loc xlink:type="locator" xlink:href="d_05.00.a-rend.xml#eba_c86839" xlink:label="loc_eba_c86839" />
    <label:label xlink:type="resource" xlink:label="label_eba_c86839" xml:lang="en" xlink:role="http://www.eurofiling.info/xbrl/role/rc-code">0120</label:label>
    <gen:arc xlink:type="arc" xlink:arcrole="http://xbrl.org/arcrole/2008/element-label" xlink:from="loc_eba_c86839" xlink:to="label_eba_c86839" />
    <label:label xlink:type="resource" xlink:label="label_eba_tD_05.00.a_1" xml:lang="en" xlink:role="http://www.eurofiling.info/xbrl/role/filing-indicator-code">D_05.00</label:label>
    <gen:arc xlink:type="arc" xlink:arcrole="http://xbrl.org/arcrole/2008/element-label" xlink:from="loc_eba_tD_05.00.a" xlink:to="label_eba_tD_05.00.a_1" />
    <label:label xlink:type="resource" xlink:label="label_eba_tD_05.00.a_2" xml:lang="en" xlink:role="http://www.eba.europa.eu/xbrl/role/dpm-db-id">804.2301</label:label>
    <gen:arc xlink:type="arc" xlink:arcrole="http://xbrl.org/arcrole/2008/element-label" xlink:from="loc_eba_tD_05.00.a" xlink:to="label_eba_tD_05.00.a_2" />
    <label:label xlink:type="resource" xlink:label="label_eba_c86464_1" xml:lang="en" xlink:role="http://www.eba.europa.eu/xbrl/role/dpm-db-id">86464</label:label>
    <gen:arc xlink:type="arc" xlink:arcrole="http://xbrl.org/arcrole/2008/element-label" xlink:from="loc_eba_c86464" xlink:to="label_eba_c86464_1" />
    <label:label xlink:type="resource" xlink:label="label_eba_c86465_1" xml:lang="en" xlink:role="http://www.eba.europa.eu/xbrl/role/dpm-db-id">86465</label:label>
    <gen:arc xlink:type="arc" xlink:arcrole="http://xbrl.org/arcrole/2008/element-label" xlink:from="loc_eba_c86465" xlink:to="label_eba_c86465_1" />
    <label:label xlink:type="resource" xlink:label="label_eba_c86466_1" xml:lang="en" xlink:role="http://www.eba.europa.eu/xbrl/role/dpm-db-id">86466</label:label>
    <gen:arc xlink:type="arc" xlink:arcrole="http://xbrl.org/arcrole/2008/element-label" xlink:from="loc_eba_c86466" xlink:to="label_eba_c86466_1" />
    <label:label xlink:type="resource" xlink:label="label_eba_c86467_1" xml:lang="en" xlink:role="http://www.eba.europa.eu/xbrl/role/dpm-db-id">86467</label:label>
    <gen:arc xlink:type="arc" xlink:arcrole="http://xbrl.org/arcrole/2008/element-label" xlink:from="loc_eba_c86467" xlink:to="label_eba_c86467_1" />
    <label:label xlink:type="resource" xlink:label="label_eba_c86468_1" xml:lang="en" xlink:role="http://www.eba.europa.eu/xbrl/role/dpm-db-id">86468</label:label>
    <gen:arc xlink:type="arc" xlink:arcrole="http://xbrl.org/arcrole/2008/element-label" xlink:from="loc_eba_c86468" xlink:to="label_eba_c86468_1" />
    <label:label xlink:type="resource" xlink:label="label_eba_c86469_1" xml:lang="en" xlink:role="http://www.eba.europa.eu/xbrl/role/dpm-db-id">86469</label:label>
    <gen:arc xlink:type="arc" xlink:arcrole="http://xbrl.org/arcrole/2008/element-label" xlink:from="loc_eba_c86469" xlink:to="label_eba_c86469_1" />
    <label:label xlink:type="resource" xlink:label="label_eba_c86470_1" xml:lang="en" xlink:role="http://www.eba.europa.eu/xbrl/role/dpm-db-id">86470</label:label>
    <gen:arc xlink:type="arc" xlink:arcrole="http://xbrl.org/arcrole/2008/element-label" xlink:from="loc_eba_c86470" xlink:to="label_eba_c86470_1" />
    <label:label xlink:type="resource" xlink:label="label_eba_c86471_1" xml:lang="en" xlink:role="http://www.eba.europa.eu/xbrl/role/dpm-db-id">86471</label:label>
    <gen:arc xlink:type="arc" xlink:arcrole="http://xbrl.org/arcrole/2008/element-label" xlink:from="loc_eba_c86471" xlink:to="label_eba_c86471_1" />
    <label:label xlink:type="resource" xlink:label="label_eba_c86472_1" xml:lang="en" xlink:role="http://www.eba.europa.eu/xbrl/role/dpm-db-id">86472</label:label>
    <gen:arc xlink:type="arc" xlink:arcrole="http://xbrl.org/arcrole/2008/element-label" xlink:from="loc_eba_c86472" xlink:to="label_eba_c86472_1" />
    <label:label xlink:type="resource" xlink:label="label_eba_c86473_1" xml:lang="en" xlink:role="http://www.eba.europa.eu/xbrl/role/dpm-db-id">86473</label:label>
    <gen:arc xlink:type="arc" xlink:arcrole="http://xbrl.org/arcrole/2008/element-label" xlink:from="loc_eba_c86473" xlink:to="label_eba_c86473_1" />
    <label:label xlink:type="resource" xlink:label="label_eba_c86474_1" xml:lang="en" xlink:role="http://www.eba.europa.eu/xbrl/role/dpm-db-id">86474</label:label>
    <gen:arc xlink:type="arc" xlink:arcrole="http://xbrl.org/arcrole/2008/element-label" xlink:from="loc_eba_c86474" xlink:to="label_eba_c86474_1" />
    <label:label xlink:type="resource" xlink:label="label_eba_c86475_1" xml:lang="en" xlink:role="http://www.eba.europa.eu/xbrl/role/dpm-db-id">86475</label:label>
    <gen:arc xlink:type="arc" xlink:arcrole="http://xbrl.org/arcrole/2008/element-label" xlink:from="loc_eba_c86475" xlink:to="label_eba_c86475_1" />
    <label:label xlink:type="resource" xlink:label="label_eba_c86476_1" xml:lang="en" xlink:role="http://www.eba.europa.eu/xbrl/role/dpm-db-id">86476</label:label>
    <gen:arc xlink:type="arc" xlink:arcrole="http://xbrl.org/arcrole/2008/element-label" xlink:from="loc_eba_c86476" xlink:to="label_eba_c86476_1" />
    <label:label xlink:type="resource" xlink:label="label_eba_c86477_1" xml:lang="en" xlink:role="http://www.eba.europa.eu/xbrl/role/dpm-db-id">86477</label:label>
    <gen:arc xlink:type="arc" xlink:arcrole="http://xbrl.org/arcrole/2008/element-label" xlink:from="loc_eba_c86477" xlink:to="label_eba_c86477_1" />
    <label:label xlink:type="resource" xlink:label="label_eba_c86478_1" xml:lang="en" xlink:role="http://www.eba.europa.eu/xbrl/role/dpm-db-id">86478</label:label>
    <gen:arc xlink:type="arc" xlink:arcrole="http://xbrl.org/arcrole/2008/element-label" xlink:from="loc_eba_c86478" xlink:to="label_eba_c86478_1" />
    <label:label xlink:type="resource" xlink:label="label_eba_c86479_1" xml:lang="en" xlink:role="http://www.eba.europa.eu/xbrl/role/dpm-db-id">86479</label:label>
    <gen:arc xlink:type="arc" xlink:arcrole="http://xbrl.org/arcrole/2008/element-label" xlink:from="loc_eba_c86479" xlink:to="label_eba_c86479_1" />
    <label:label xlink:type="resource" xlink:label="label_eba_c86828_1" xml:lang="en" xlink:role="http://www.eba.europa.eu/xbrl/role/dpm-db-id">86828</label:label>
    <gen:arc xlink:type="arc" xlink:arcrole="http://xbrl.org/arcrole/2008/element-label" xlink:from="loc_eba_c86828" xlink:to="label_eba_c86828_1" />
    <label:label xlink:type="resource" xlink:label="label_eba_c86829_1" xml:lang="en" xlink:role="http://www.eba.europa.eu/xbrl/role/dpm-db-id">86829</label:label>
    <gen:arc xlink:type="arc" xlink:arcrole="http://xbrl.org/arcrole/2008/element-label" xlink:from="loc_eba_c86829" xlink:to="label_eba_c86829_1" />
    <label:label xlink:type="resource" xlink:label="label_eba_c86830_1" xml:lang="en" xlink:role="http://www.eba.europa.eu/xbrl/role/dpm-db-id">86830</label:label>
    <gen:arc xlink:type="arc" xlink:arcrole="http://xbrl.org/arcrole/2008/element-label" xlink:from="loc_eba_c86830" xlink:to="label_eba_c86830_1" />
    <label:label xlink:type="resource" xlink:label="label_eba_c86831_1" xml:lang="en" xlink:role="http://www.eba.europa.eu/xbrl/role/dpm-db-id">86831</label:label>
    <gen:arc xlink:type="arc" xlink:arcrole="http://xbrl.org/arcrole/2008/element-label" xlink:from="loc_eba_c86831" xlink:to="label_eba_c86831_1" />
    <label:label xlink:type="resource" xlink:label="label_eba_c86832_1" xml:lang="en" xlink:role="http://www.eba.europa.eu/xbrl/role/dpm-db-id">86832</label:label>
    <gen:arc xlink:type="arc" xlink:arcrole="http://xbrl.org/arcrole/2008/element-label" xlink:from="loc_eba_c86832" xlink:to="label_eba_c86832_1" />
    <label:label xlink:type="resource" xlink:label="label_eba_c86833_1" xml:lang="en" xlink:role="http://www.eba.europa.eu/xbrl/role/dpm-db-id">86833</label:label>
    <gen:arc xlink:type="arc" xlink:arcrole="http://xbrl.org/arcrole/2008/element-label" xlink:from="loc_eba_c86833" xlink:to="label_eba_c86833_1" />
    <label:label xlink:type="resource" xlink:label="label_eba_c86834_1" xml:lang="en" xlink:role="http://www.eba.europa.eu/xbrl/role/dpm-db-id">86834</label:label>
    <gen:arc xlink:type="arc" xlink:arcrole="http://xbrl.org/arcrole/2008/element-label" xlink:from="loc_eba_c86834" xlink:to="label_eba_c86834_1" />
    <label:label xlink:type="resource" xlink:label="label_eba_c86835_1" xml:lang="en" xlink:role="http://www.eba.europa.eu/xbrl/role/dpm-db-id">86835</label:label>
    <gen:arc xlink:type="arc" xlink:arcrole="http://xbrl.org/arcrole/2008/element-label" xlink:from="loc_eba_c86835" xlink:to="label_eba_c86835_1" />
    <label:label xlink:type="resource" xlink:label="label_eba_c86836_1" xml:lang="en" xlink:role="http://www.eba.europa.eu/xbrl/role/dpm-db-id">86836</label:label>
    <gen:arc xlink:type="arc" xlink:arcrole="http://xbrl.org/arcrole/2008/element-label" xlink:from="loc_eba_c86836" xlink:to="label_eba_c86836_1" />
    <label:label xlink:type="resource" xlink:label="label_eba_c86837_1" xml:lang="en" xlink:role="http://www.eba.europa.eu/xbrl/role/dpm-db-id">86837</label:label>
    <gen:arc xlink:type="arc" xlink:arcrole="http://xbrl.org/arcrole/2008/element-label" xlink:from="loc_eba_c86837" xlink:to="label_eba_c86837_1" />
    <label:label xlink:type="resource" xlink:label="label_eba_c86838_1" xml:lang="en" xlink:role="http://www.eba.europa.eu/xbrl/role/dpm-db-id">86838</label:label>
    <gen:arc xlink:type="arc" xlink:arcrole="http://xbrl.org/arcrole/2008/element-label" xlink:from="loc_eba_c86838" xlink:to="label_eba_c86838_1" />
    <label:label xlink:type="resource" xlink:label="label_eba_c86839_1" xml:lang="en" xlink:role="http://www.eba.europa.eu/xbrl/role/dpm-db-id">86839</label:label>
    <gen:arc xlink:type="arc" xlink:arcrole="http://xbrl.org/arcrole/2008/element-label" xlink:from="loc_eba_c86839" xlink:to="label_eba_c86839_1" />
  </gen:link>
</link:linkbase>