﻿<?xml version="1.0" encoding="utf-8"?>
<?taxonomy-version 1.0.0.0 ?>  <?taxonomy-set-overall-version 3.3.0.0 ?>
<!--(C) EBA-->
<link:linkbase xmlns:xsi="http://www.w3.org/2001/XMLSchema-instance" xmlns:xlink="http://www.w3.org/1999/xlink" xmlns:link="http://www.xbrl.org/2003/linkbase" xmlns:gen="http://xbrl.org/2008/generic" xmlns:label="http://xbrl.org/2008/label" xsi:schemaLocation="http://www.xbrl.org/2003/linkbase http://www.xbrl.org/2003/xbrl-linkbase-2003-12-31.xsd http://xbrl.org/2008/generic http://www.xbrl.org/2008/generic-link.xsd http://xbrl.org/2008/label http://www.xbrl.org/2008/generic-label.xsd">
  <link:arcroleRef arcroleURI="http://xbrl.org/arcrole/2008/element-label" xlink:type="simple" xlink:href="http://www.xbrl.org/2008/generic-label.xsd#element-label" />
  <link:roleRef roleURI="http://www.xbrl.org/2008/role/label" xlink:type="simple" xlink:href="http://www.xbrl.org/2008/generic-label.xsd#standard-label" />
  <link:roleRef roleURI="http://www.xbrl.org/2008/role/verboseLabel" xlink:type="simple" xlink:href="http://www.xbrl.org/2008/generic-label.xsd#verbose-label" />
  <gen:link xlink:type="extended" xlink:role="http://www.xbrl.org/2003/role/link">
    <link:loc xlink:type="locator" xlink:href="d_05.00.a-rend.xml#eba_tD_05.00.a" xlink:label="loc_eba_tD_05.00.a" />
    <label:label xlink:type="resource" xlink:label="label_eba_tD_05.00.a" xml:lang="en" xlink:role="http://www.xbrl.org/2008/role/label">D 05.00.a</label:label>
    <gen:arc xlink:type="arc" xlink:arcrole="http://xbrl.org/arcrole/2008/element-label" xlink:from="loc_eba_tD_05.00.a" xlink:to="label_eba_tD_05.00.a" />
    <label:label xlink:type="resource" xlink:label="label_eba_tD_05.00.a_1" xml:lang="en" xlink:role="http://www.xbrl.org/2008/role/verboseLabel">D 05.00.a Banking book - Indicators of potential climate change physical risk: Exposures subject to physical risk (I)</label:label>
    <gen:arc xlink:type="arc" xlink:arcrole="http://xbrl.org/arcrole/2008/element-label" xlink:from="loc_eba_tD_05.00.a" xlink:to="label_eba_tD_05.00.a_1" />
    <link:loc xlink:type="locator" xlink:href="d_05.00.a-rend.xml#eba_a1" xlink:label="loc_eba_a1" />
    <label:label xlink:type="resource" xlink:label="label_eba_a1" xml:lang="en" xlink:role="http://www.xbrl.org/2008/role/label">Columns</label:label>
    <gen:arc xlink:type="arc" xlink:arcrole="http://xbrl.org/arcrole/2008/element-label" xlink:from="loc_eba_a1" xlink:to="label_eba_a1" />
    <link:loc xlink:type="locator" xlink:href="d_05.00.a-rend.xml#eba_c86464" xlink:label="loc_eba_c86464" />
    <label:label xlink:type="resource" xlink:label="label_eba_c86464" xml:lang="en" xlink:role="http://www.xbrl.org/2008/role/label">Gross carrying amount (Mln EUR)</label:label>
    <gen:arc xlink:type="arc" xlink:arcrole="http://xbrl.org/arcrole/2008/element-label" xlink:from="loc_eba_c86464" xlink:to="label_eba_c86464" />
    <link:loc xlink:type="locator" xlink:href="d_05.00.a-rend.xml#eba_c86465" xlink:label="loc_eba_c86465" />
    <label:label xlink:type="resource" xlink:label="label_eba_c86465" xml:lang="en" xlink:role="http://www.xbrl.org/2008/role/label">Of which exposures sensitive to impact from climate change physical events</label:label>
    <gen:arc xlink:type="arc" xlink:arcrole="http://xbrl.org/arcrole/2008/element-label" xlink:from="loc_eba_c86465" xlink:to="label_eba_c86465" />
    <link:loc xlink:type="locator" xlink:href="d_05.00.a-rend.xml#eba_c86466" xlink:label="loc_eba_c86466" />
    <label:label xlink:type="resource" xlink:label="label_eba_c86466" xml:lang="en" xlink:role="http://www.xbrl.org/2008/role/label">Breakdown by maturity bucket</label:label>
    <gen:arc xlink:type="arc" xlink:arcrole="http://xbrl.org/arcrole/2008/element-label" xlink:from="loc_eba_c86466" xlink:to="label_eba_c86466" />
    <link:loc xlink:type="locator" xlink:href="d_05.00.a-rend.xml#eba_c86467" xlink:label="loc_eba_c86467" />
    <label:label xlink:type="resource" xlink:label="label_eba_c86467" xml:lang="en" xlink:role="http://www.xbrl.org/2008/role/label">&lt;= 5 years</label:label>
    <gen:arc xlink:type="arc" xlink:arcrole="http://xbrl.org/arcrole/2008/element-label" xlink:from="loc_eba_c86467" xlink:to="label_eba_c86467" />
    <link:loc xlink:type="locator" xlink:href="d_05.00.a-rend.xml#eba_c86468" xlink:label="loc_eba_c86468" />
    <label:label xlink:type="resource" xlink:label="label_eba_c86468" xml:lang="en" xlink:role="http://www.xbrl.org/2008/role/label">&gt; 5 year &lt;= 10 years</label:label>
    <gen:arc xlink:type="arc" xlink:arcrole="http://xbrl.org/arcrole/2008/element-label" xlink:from="loc_eba_c86468" xlink:to="label_eba_c86468" />
    <link:loc xlink:type="locator" xlink:href="d_05.00.a-rend.xml#eba_c86469" xlink:label="loc_eba_c86469" />
    <label:label xlink:type="resource" xlink:label="label_eba_c86469" xml:lang="en" xlink:role="http://www.xbrl.org/2008/role/label">&gt; 10 year &lt;= 20 years</label:label>
    <gen:arc xlink:type="arc" xlink:arcrole="http://xbrl.org/arcrole/2008/element-label" xlink:from="loc_eba_c86469" xlink:to="label_eba_c86469" />
    <link:loc xlink:type="locator" xlink:href="d_05.00.a-rend.xml#eba_c86470" xlink:label="loc_eba_c86470" />
    <label:label xlink:type="resource" xlink:label="label_eba_c86470" xml:lang="en" xlink:role="http://www.xbrl.org/2008/role/label">&gt; 20 years</label:label>
    <gen:arc xlink:type="arc" xlink:arcrole="http://xbrl.org/arcrole/2008/element-label" xlink:from="loc_eba_c86470" xlink:to="label_eba_c86470" />
    <link:loc xlink:type="locator" xlink:href="d_05.00.a-rend.xml#eba_c86471" xlink:label="loc_eba_c86471" />
    <label:label xlink:type="resource" xlink:label="label_eba_c86471" xml:lang="en" xlink:role="http://www.xbrl.org/2008/role/label">Average weighted maturity</label:label>
    <gen:arc xlink:type="arc" xlink:arcrole="http://xbrl.org/arcrole/2008/element-label" xlink:from="loc_eba_c86471" xlink:to="label_eba_c86471" />
    <link:loc xlink:type="locator" xlink:href="d_05.00.a-rend.xml#eba_c86472" xlink:label="loc_eba_c86472" />
    <label:label xlink:type="resource" xlink:label="label_eba_c86472" xml:lang="en" xlink:role="http://www.xbrl.org/2008/role/label">Of which exposures sensitive to impact from chronic climate change events</label:label>
    <gen:arc xlink:type="arc" xlink:arcrole="http://xbrl.org/arcrole/2008/element-label" xlink:from="loc_eba_c86472" xlink:to="label_eba_c86472" />
    <link:loc xlink:type="locator" xlink:href="d_05.00.a-rend.xml#eba_c86473" xlink:label="loc_eba_c86473" />
    <label:label xlink:type="resource" xlink:label="label_eba_c86473" xml:lang="en" xlink:role="http://www.xbrl.org/2008/role/label">Of which exposures sensitive to impact from acute climate change events</label:label>
    <gen:arc xlink:type="arc" xlink:arcrole="http://xbrl.org/arcrole/2008/element-label" xlink:from="loc_eba_c86473" xlink:to="label_eba_c86473" />
    <link:loc xlink:type="locator" xlink:href="d_05.00.a-rend.xml#eba_c86474" xlink:label="loc_eba_c86474" />
    <label:label xlink:type="resource" xlink:label="label_eba_c86474" xml:lang="en" xlink:role="http://www.xbrl.org/2008/role/label">Of which exposures sensitive to impact both from chronic and acute climate change events</label:label>
    <gen:arc xlink:type="arc" xlink:arcrole="http://xbrl.org/arcrole/2008/element-label" xlink:from="loc_eba_c86474" xlink:to="label_eba_c86474" />
    <link:loc xlink:type="locator" xlink:href="d_05.00.a-rend.xml#eba_c86475" xlink:label="loc_eba_c86475" />
    <label:label xlink:type="resource" xlink:label="label_eba_c86475" xml:lang="en" xlink:role="http://www.xbrl.org/2008/role/label">Of which Stage 2 exposures</label:label>
    <gen:arc xlink:type="arc" xlink:arcrole="http://xbrl.org/arcrole/2008/element-label" xlink:from="loc_eba_c86475" xlink:to="label_eba_c86475" />
    <link:loc xlink:type="locator" xlink:href="d_05.00.a-rend.xml#eba_c86476" xlink:label="loc_eba_c86476" />
    <label:label xlink:type="resource" xlink:label="label_eba_c86476" xml:lang="en" xlink:role="http://www.xbrl.org/2008/role/label">Of which non-performing exposures</label:label>
    <gen:arc xlink:type="arc" xlink:arcrole="http://xbrl.org/arcrole/2008/element-label" xlink:from="loc_eba_c86476" xlink:to="label_eba_c86476" />
    <link:loc xlink:type="locator" xlink:href="d_05.00.a-rend.xml#eba_c86477" xlink:label="loc_eba_c86477" />
    <label:label xlink:type="resource" xlink:label="label_eba_c86477" xml:lang="en" xlink:role="http://www.xbrl.org/2008/role/label">Accumulated impairment, accumulated negative changes in fair value due to credit risk and provisions</label:label>
    <gen:arc xlink:type="arc" xlink:arcrole="http://xbrl.org/arcrole/2008/element-label" xlink:from="loc_eba_c86477" xlink:to="label_eba_c86477" />
    <link:loc xlink:type="locator" xlink:href="d_05.00.a-rend.xml#eba_c86478" xlink:label="loc_eba_c86478" />
    <label:label xlink:type="resource" xlink:label="label_eba_c86478" xml:lang="en" xlink:role="http://www.xbrl.org/2008/role/label">Of which Stage 2 exposures</label:label>
    <gen:arc xlink:type="arc" xlink:arcrole="http://xbrl.org/arcrole/2008/element-label" xlink:from="loc_eba_c86478" xlink:to="label_eba_c86478" />
    <link:loc xlink:type="locator" xlink:href="d_05.00.a-rend.xml#eba_c86479" xlink:label="loc_eba_c86479" />
    <label:label xlink:type="resource" xlink:label="label_eba_c86479" xml:lang="en" xlink:role="http://www.xbrl.org/2008/role/label">Of which non-performing exposures</label:label>
    <gen:arc xlink:type="arc" xlink:arcrole="http://xbrl.org/arcrole/2008/element-label" xlink:from="loc_eba_c86479" xlink:to="label_eba_c86479" />
    <link:loc xlink:type="locator" xlink:href="d_05.00.a-rend.xml#eba_a2" xlink:label="loc_eba_a2" />
    <label:label xlink:type="resource" xlink:label="label_eba_a2" xml:lang="en" xlink:role="http://www.xbrl.org/2008/role/label">Rows</label:label>
    <gen:arc xlink:type="arc" xlink:arcrole="http://xbrl.org/arcrole/2008/element-label" xlink:from="loc_eba_a2" xlink:to="label_eba_a2" />
    <link:loc xlink:type="locator" xlink:href="d_05.00.a-rend.xml#eba_c86828" xlink:label="loc_eba_c86828" />
    <label:label xlink:type="resource" xlink:label="label_eba_c86828" xml:lang="en" xlink:role="http://www.xbrl.org/2008/role/label">A - Agriculture, forestry and fishing</label:label>
    <gen:arc xlink:type="arc" xlink:arcrole="http://xbrl.org/arcrole/2008/element-label" xlink:from="loc_eba_c86828" xlink:to="label_eba_c86828" />
    <link:loc xlink:type="locator" xlink:href="d_05.00.a-rend.xml#eba_c86829" xlink:label="loc_eba_c86829" />
    <label:label xlink:type="resource" xlink:label="label_eba_c86829" xml:lang="en" xlink:role="http://www.xbrl.org/2008/role/label">B - Mining and quarrying</label:label>
    <gen:arc xlink:type="arc" xlink:arcrole="http://xbrl.org/arcrole/2008/element-label" xlink:from="loc_eba_c86829" xlink:to="label_eba_c86829" />
    <link:loc xlink:type="locator" xlink:href="d_05.00.a-rend.xml#eba_c86830" xlink:label="loc_eba_c86830" />
    <label:label xlink:type="resource" xlink:label="label_eba_c86830" xml:lang="en" xlink:role="http://www.xbrl.org/2008/role/label">C - Manufacturing</label:label>
    <gen:arc xlink:type="arc" xlink:arcrole="http://xbrl.org/arcrole/2008/element-label" xlink:from="loc_eba_c86830" xlink:to="label_eba_c86830" />
    <link:loc xlink:type="locator" xlink:href="d_05.00.a-rend.xml#eba_c86831" xlink:label="loc_eba_c86831" />
    <label:label xlink:type="resource" xlink:label="label_eba_c86831" xml:lang="en" xlink:role="http://www.xbrl.org/2008/role/label">D - Electricity, gas, steam and air conditioning supply</label:label>
    <gen:arc xlink:type="arc" xlink:arcrole="http://xbrl.org/arcrole/2008/element-label" xlink:from="loc_eba_c86831" xlink:to="label_eba_c86831" />
    <link:loc xlink:type="locator" xlink:href="d_05.00.a-rend.xml#eba_c86832" xlink:label="loc_eba_c86832" />
    <label:label xlink:type="resource" xlink:label="label_eba_c86832" xml:lang="en" xlink:role="http://www.xbrl.org/2008/role/label">E - Water supply; sewerage, waste management and remediation activities</label:label>
    <gen:arc xlink:type="arc" xlink:arcrole="http://xbrl.org/arcrole/2008/element-label" xlink:from="loc_eba_c86832" xlink:to="label_eba_c86832" />
    <link:loc xlink:type="locator" xlink:href="d_05.00.a-rend.xml#eba_c86833" xlink:label="loc_eba_c86833" />
    <label:label xlink:type="resource" xlink:label="label_eba_c86833" xml:lang="en" xlink:role="http://www.xbrl.org/2008/role/label">F - Construction</label:label>
    <gen:arc xlink:type="arc" xlink:arcrole="http://xbrl.org/arcrole/2008/element-label" xlink:from="loc_eba_c86833" xlink:to="label_eba_c86833" />
    <link:loc xlink:type="locator" xlink:href="d_05.00.a-rend.xml#eba_c86834" xlink:label="loc_eba_c86834" />
    <label:label xlink:type="resource" xlink:label="label_eba_c86834" xml:lang="en" xlink:role="http://www.xbrl.org/2008/role/label">G - Wholesale and retail trade; repair of motor vehicles and motorcycles</label:label>
    <gen:arc xlink:type="arc" xlink:arcrole="http://xbrl.org/arcrole/2008/element-label" xlink:from="loc_eba_c86834" xlink:to="label_eba_c86834" />
    <link:loc xlink:type="locator" xlink:href="d_05.00.a-rend.xml#eba_c86835" xlink:label="loc_eba_c86835" />
    <label:label xlink:type="resource" xlink:label="label_eba_c86835" xml:lang="en" xlink:role="http://www.xbrl.org/2008/role/label">H - Transportation and storage</label:label>
    <gen:arc xlink:type="arc" xlink:arcrole="http://xbrl.org/arcrole/2008/element-label" xlink:from="loc_eba_c86835" xlink:to="label_eba_c86835" />
    <link:loc xlink:type="locator" xlink:href="d_05.00.a-rend.xml#eba_c86836" xlink:label="loc_eba_c86836" />
    <label:label xlink:type="resource" xlink:label="label_eba_c86836" xml:lang="en" xlink:role="http://www.xbrl.org/2008/role/label">L - Real estate activities</label:label>
    <gen:arc xlink:type="arc" xlink:arcrole="http://xbrl.org/arcrole/2008/element-label" xlink:from="loc_eba_c86836" xlink:to="label_eba_c86836" />
    <link:loc xlink:type="locator" xlink:href="d_05.00.a-rend.xml#eba_c86837" xlink:label="loc_eba_c86837" />
    <label:label xlink:type="resource" xlink:label="label_eba_c86837" xml:lang="en" xlink:role="http://www.xbrl.org/2008/role/label">Loans collateralised by residential immovable property</label:label>
    <gen:arc xlink:type="arc" xlink:arcrole="http://xbrl.org/arcrole/2008/element-label" xlink:from="loc_eba_c86837" xlink:to="label_eba_c86837" />
    <link:loc xlink:type="locator" xlink:href="d_05.00.a-rend.xml#eba_c86838" xlink:label="loc_eba_c86838" />
    <label:label xlink:type="resource" xlink:label="label_eba_c86838" xml:lang="en" xlink:role="http://www.xbrl.org/2008/role/label">Loans collateralised by commercial immovable property</label:label>
    <gen:arc xlink:type="arc" xlink:arcrole="http://xbrl.org/arcrole/2008/element-label" xlink:from="loc_eba_c86838" xlink:to="label_eba_c86838" />
    <link:loc xlink:type="locator" xlink:href="d_05.00.a-rend.xml#eba_c86839" xlink:label="loc_eba_c86839" />
    <label:label xlink:type="resource" xlink:label="label_eba_c86839" xml:lang="en" xlink:role="http://www.xbrl.org/2008/role/label">Repossessed collaterals</label:label>
    <gen:arc xlink:type="arc" xlink:arcrole="http://xbrl.org/arcrole/2008/element-label" xlink:from="loc_eba_c86839" xlink:to="label_eba_c86839" />
    <link:loc xlink:type="locator" xlink:href="d_05.00.a-rend.xml#eba_a3" xlink:label="loc_eba_a3" />
    <label:label xlink:type="resource" xlink:label="label_eba_a3" xml:lang="en" xlink:role="http://www.xbrl.org/2008/role/label">Geographical area subject to climate change physical risk - acute and chronic events</label:label>
    <gen:arc xlink:type="arc" xlink:arcrole="http://xbrl.org/arcrole/2008/element-label" xlink:from="loc_eba_a3" xlink:to="label_eba_a3" />
  </gen:link>
</link:linkbase>