<?xml version="1.0" encoding="UTF-8"?>
<!--
*******************************************************************************************
Copyright © 2022 Comisión para el Mercado Financiero de Chile (CMF) 
This material is copyright of the CMF Chile and all rights are reserved. 
No part of this material may be translated, reprinted, reproduced or utilised in 
any form or manner that is not expressly permitted by the CMF Chile 
IP Policy see: http://www.cmfchile.cl/sitio/pop/politica.html
*******************************************************************************************
-->
<!-- Generated with Reporting Standard S.L. XBRL Taxonomy builder version 3.7.1.1364 - http://www.reportingstandard.com -->
<link:linkbase xmlns:link="http://www.xbrl.org/2003/linkbase"
               xmlns:xs="http://www.w3.org/2001/XMLSchema"
               xmlns:xbrli="http://www.xbrl.org/2003/instance"
               xmlns:xfi="http://www.xbrl.org/2008/function/instance"
               xmlns:gen="http://xbrl.org/2008/generic"
               xmlns:xlink="http://www.w3.org/1999/xlink"
               xmlns:xsi="http://www.w3.org/2001/XMLSchema-instance"
               xmlns:va="http://xbrl.org/2008/assertion/value"
               xmlns:variable="http://xbrl.org/2008/variable"
               xmlns:cf="http://xbrl.org/2008/filter/concept"
               xmlns:ifrs-full="http://xbrl.ifrs.org/taxonomy/2021-03-24/ifrs-full"
               xmlns:pf="http://xbrl.org/2008/filter/period"
               xmlns:label="http://xbrl.org/2008/label"
               xmlns:msg="http://xbrl.org/2010/message"
               xmlns:df="http://xbrl.org/2008/filter/dimension"
               xsi:schemaLocation="http://xbrl.org/2008/assertion/value http://www.xbrl.org/2008/value-assertion.xsd http://xbrl.org/2008/variable http://www.xbrl.org/2008/variable.xsd http://xbrl.org/2008/filter/concept http://www.xbrl.org/2008/concept-filter.xsd http://xbrl.org/2008/filter/period http://www.xbrl.org/2008/period-filter.xsd http://xbrl.org/2008/label http://www.xbrl.org/2008/generic-label.xsd http://xbrl.org/2010/message http://www.xbrl.org/2010/generic-message.xsd http://xbrl.org/2008/filter/dimension http://www.xbrl.org/2008/dimension-filter.xsd http://xbrl.org/2008/generic http://www.xbrl.org/2008/generic-link.xsd http://xbrl.ifrs.org/taxonomy/2021-03-24/ifrs-full http://xbrl.ifrs.org/taxonomy/2021-03-24/full_ifrs/full_ifrs-cor_2021-03-24.xsd">
  <link:roleRef xlink:type="simple" roleURI="http://www.cmfchile.cl/cl/fr/ci/role/ias-37_2021-03-24_role-827570" xlink:href="../cl-ci_ias-37_2021-03-24_role-827570.xsd#ias-37_2021-03-24_role-827570"/>
  <link:roleRef xlink:type="simple" roleURI="http://www.xbrl.org/2010/role/message" xlink:href="http://www.xbrl.org/2010/generic-message.xsd#standard-message"/>
  <link:arcroleRef xlink:type="simple" arcroleURI="http://xbrl.org/arcrole/2008/variable-set" xlink:href="http://www.xbrl.org/2008/variable.xsd#variable-set"/>
  <link:arcroleRef xlink:type="simple" arcroleURI="http://xbrl.org/arcrole/2008/variable-filter" xlink:href="http://www.xbrl.org/2008/variable.xsd#variable-filter"/>
  <link:arcroleRef xlink:type="simple" arcroleURI="http://xbrl.org/arcrole/2008/element-label" xlink:href="http://www.xbrl.org/2008/generic-label.xsd#element-label"/>
  <link:arcroleRef xlink:type="simple" arcroleURI="http://xbrl.org/arcrole/2010/assertion-satisfied-message" xlink:href="http://www.xbrl.org/2010/validation-message.xsd#assertion-satisfied-message"/>
  <link:arcroleRef xlink:type="simple" arcroleURI="http://xbrl.org/arcrole/2010/assertion-unsatisfied-message" xlink:href="http://www.xbrl.org/2010/validation-message.xsd#assertion-unsatisfied-message"/>
  <gen:link xlink:type="extended" xlink:role="http://www.cmfchile.cl/cl/fr/ci/role/ias-37_2021-03-24_role-827570">
    <va:valueAssertion xlink:type="resource" id="regla827571" aspectModel="dimensional" implicitFiltering="true" test="$ifrs-full:OtherProvisions eq $ifrs-full:OtherProvisions2  + $ifrs-full:ChangesInOtherProvisions" xlink:label="lbl29345"/>
    <variable:factVariable xlink:type="resource" bindAsSequence="false" fallbackValue="0" xlink:label="lbl29346" id="id15100"/>
    <variable:variableArc xlink:type="arc" xlink:arcrole="http://xbrl.org/arcrole/2008/variable-set" name="ifrs-full:OtherProvisions" xlink:from="lbl29345" xlink:to="lbl29346"/>
    <variable:factVariable xlink:type="resource" bindAsSequence="false" fallbackValue="0" xlink:label="lbl29349" id="id15101"/>
    <variable:variableArc xlink:type="arc" xlink:arcrole="http://xbrl.org/arcrole/2008/variable-set" name="ifrs-full:OtherProvisions2" xlink:from="lbl29345" xlink:to="lbl29349"/>
    <variable:factVariable xlink:type="resource" bindAsSequence="false" xlink:label="lbl29351" id="id15102"/>
    <variable:variableArc xlink:type="arc" xlink:arcrole="http://xbrl.org/arcrole/2008/variable-set" name="ifrs-full:ChangesInOtherProvisions" xlink:from="lbl29345" xlink:to="lbl29351"/>
    <va:valueAssertion xlink:type="resource" id="regla827572" aspectModel="dimensional" implicitFiltering="true" test="$ifrs-full:OtherProvisions = sum($ifrs-full:OtherProvisions2)" xlink:label="lbl29356"/>
    <variable:factVariable xlink:type="resource" bindAsSequence="true" xlink:label="lbl29357" id="id15103"/>
    <variable:variableArc xlink:type="arc" xlink:arcrole="http://xbrl.org/arcrole/2008/variable-set" name="ifrs-full:OtherProvisions" xlink:from="lbl29356" xlink:to="lbl29357"/>
    <variable:factVariable xlink:type="resource" bindAsSequence="true" xlink:label="lbl29359" id="id15104"/>
    <variable:variableArc xlink:type="arc" xlink:arcrole="http://xbrl.org/arcrole/2008/variable-set" name="ifrs-full:OtherProvisions2" xlink:from="lbl29356" xlink:to="lbl29359"/>
    <va:valueAssertion xlink:type="resource" id="regla827573" aspectModel="dimensional" implicitFiltering="true" test="$ifrs-full:AdditionalProvisionsOtherProvisions = sum($ifrs-full:AdditionalProvisionsOtherProvisions2)" xlink:label="lbl29364"/>
    <variable:factVariable xlink:type="resource" bindAsSequence="true" xlink:label="lbl29365" id="id15105"/>
    <variable:variableArc xlink:type="arc" xlink:arcrole="http://xbrl.org/arcrole/2008/variable-set" name="ifrs-full:AdditionalProvisionsOtherProvisions" xlink:from="lbl29364" xlink:to="lbl29365"/>
    <variable:factVariable xlink:type="resource" bindAsSequence="true" xlink:label="lbl29367" id="id15106"/>
    <variable:variableArc xlink:type="arc" xlink:arcrole="http://xbrl.org/arcrole/2008/variable-set" name="ifrs-full:AdditionalProvisionsOtherProvisions2" xlink:from="lbl29364" xlink:to="lbl29367"/>
    <va:valueAssertion xlink:type="resource" id="regla827574" aspectModel="dimensional" implicitFiltering="true" test="$ifrs-full:DecreaseThroughTransferToLiabilitiesIncludedInDisposalGroupsClassifiedAsHeldForSaleOtherProvisions = sum($ifrs-full:DecreaseThroughTransferToLiabilitiesIncludedInDisposalGroupsClassifiedAsHeldForSaleOtherProvisions2)" xlink:label="lbl29371"/>
    <variable:factVariable xlink:type="resource" bindAsSequence="true" xlink:label="lbl29372" id="id15107"/>
    <variable:variableArc xlink:type="arc" xlink:arcrole="http://xbrl.org/arcrole/2008/variable-set" name="ifrs-full:DecreaseThroughTransferToLiabilitiesIncludedInDisposalGroupsClassifiedAsHeldForSaleOtherProvisions" xlink:from="lbl29371" xlink:to="lbl29372"/>
    <variable:factVariable xlink:type="resource" bindAsSequence="true" xlink:label="lbl29374" id="id15108"/>
    <variable:variableArc xlink:type="arc" xlink:arcrole="http://xbrl.org/arcrole/2008/variable-set" name="ifrs-full:DecreaseThroughTransferToLiabilitiesIncludedInDisposalGroupsClassifiedAsHeldForSaleOtherProvisions2" xlink:from="lbl29371" xlink:to="lbl29374"/>
    <va:valueAssertion xlink:type="resource" id="regla827575" aspectModel="dimensional" implicitFiltering="true" test="$ifrs-full:ChangesInOtherProvisions = sum($ifrs-full:ChangesInOtherProvisions2)" xlink:label="lbl29378"/>
    <variable:factVariable xlink:type="resource" bindAsSequence="true" xlink:label="lbl29379" id="id15109"/>
    <variable:variableArc xlink:type="arc" xlink:arcrole="http://xbrl.org/arcrole/2008/variable-set" name="ifrs-full:ChangesInOtherProvisions" xlink:from="lbl29378" xlink:to="lbl29379"/>
    <variable:factVariable xlink:type="resource" bindAsSequence="true" xlink:label="lbl29380" id="id15110"/>
    <variable:variableArc xlink:type="arc" xlink:arcrole="http://xbrl.org/arcrole/2008/variable-set" name="ifrs-full:ChangesInOtherProvisions2" xlink:from="lbl29378" xlink:to="lbl29380"/>
    <va:valueAssertion xlink:type="resource" id="regla827576" aspectModel="dimensional" implicitFiltering="true" test="$ifrs-full:EstimatedFinancialEffectOfContingentLiabilities = sum($ifrs-full:EstimatedFinancialEffectOfContingentLiabilities2)" xlink:label="lbl29384"/>
    <variable:factVariable xlink:type="resource" bindAsSequence="true" xlink:label="lbl29385" id="id15111"/>
    <variable:variableArc xlink:type="arc" xlink:arcrole="http://xbrl.org/arcrole/2008/variable-set" name="ifrs-full:EstimatedFinancialEffectOfContingentLiabilities" xlink:from="lbl29384" xlink:to="lbl29385"/>
    <variable:factVariable xlink:type="resource" bindAsSequence="true" xlink:label="lbl29388" id="id15112"/>
    <variable:variableArc xlink:type="arc" xlink:arcrole="http://xbrl.org/arcrole/2008/variable-set" name="ifrs-full:EstimatedFinancialEffectOfContingentLiabilities2" xlink:from="lbl29384" xlink:to="lbl29388"/>
    <cf:conceptName xlink:type="resource" xlink:label="lbl29347" id="id15113">
      <cf:concept>
        <cf:qname>ifrs-full:OtherProvisions</cf:qname>
      </cf:concept>
    </cf:conceptName>
    <variable:variableFilterArc xlink:type="arc" xlink:arcrole="http://xbrl.org/arcrole/2008/variable-filter" complement="false" cover="true" xlink:from="lbl29346" xlink:to="lbl29347"/>
    <pf:instantDuration xlink:type="resource" boundary="end" variable="ifrs-full:ChangesInOtherProvisions" xlink:label="lbl29348" id="id15114"/>
    <variable:variableFilterArc xlink:type="arc" xlink:arcrole="http://xbrl.org/arcrole/2008/variable-filter" complement="false" cover="true" xlink:from="lbl29346" xlink:to="lbl29348"/>
    <variable:variableFilterArc xlink:type="arc" xlink:arcrole="http://xbrl.org/arcrole/2008/variable-filter" complement="false" cover="true" xlink:from="lbl29349" xlink:to="lbl29347"/>
    <pf:instantDuration xlink:type="resource" boundary="start" variable="ifrs-full:ChangesInOtherProvisions" xlink:label="lbl29350" id="id15115"/>
    <variable:variableFilterArc xlink:type="arc" xlink:arcrole="http://xbrl.org/arcrole/2008/variable-filter" complement="false" cover="true" xlink:from="lbl29349" xlink:to="lbl29350"/>
    <cf:conceptName xlink:type="resource" xlink:label="lbl29352" id="id15116">
      <cf:concept>
        <cf:qname>ifrs-full:ChangesInOtherProvisions</cf:qname>
      </cf:concept>
    </cf:conceptName>
    <variable:variableFilterArc xlink:type="arc" xlink:arcrole="http://xbrl.org/arcrole/2008/variable-filter" complement="false" cover="true" xlink:from="lbl29351" xlink:to="lbl29352"/>
    <variable:variableFilterArc xlink:type="arc" xlink:arcrole="http://xbrl.org/arcrole/2008/variable-filter" complement="false" cover="true" xlink:from="lbl29357" xlink:to="lbl29347"/>
    <df:explicitDimension xlink:type="resource" xlink:label="lbl29358" id="id15117">
      <df:dimension>
        <df:qname>ifrs-full:ClassesOfProvisionsAxis</df:qname>
      </df:dimension>
      <df:member>
        <df:qname>ifrs-full:OtherProvisionsMember</df:qname>
      </df:member>
    </df:explicitDimension>
    <variable:variableFilterArc xlink:type="arc" xlink:arcrole="http://xbrl.org/arcrole/2008/variable-filter" complement="false" cover="true" xlink:from="lbl29357" xlink:to="lbl29358"/>
    <variable:variableFilterArc xlink:type="arc" xlink:arcrole="http://xbrl.org/arcrole/2008/variable-filter" complement="false" cover="true" xlink:from="lbl29359" xlink:to="lbl29347"/>
    <df:explicitDimension xlink:type="resource" xlink:label="lbl29360" id="id15118">
      <df:dimension>
        <df:qname>ifrs-full:ClassesOfProvisionsAxis</df:qname>
      </df:dimension>
      <df:member>
        <df:qname>ifrs-full:OtherProvisionsMember</df:qname>
        <df:linkrole>http://xbrl.ifrs.org/role/ifrs/ias_37_2021-03-24_role-827570a</df:linkrole>
        <df:arcrole>http://xbrl.org/int/dim/arcrole/domain-member</df:arcrole>
        <df:axis>child</df:axis>
      </df:member>
    </df:explicitDimension>
    <variable:variableFilterArc xlink:type="arc" xlink:arcrole="http://xbrl.org/arcrole/2008/variable-filter" complement="false" cover="true" xlink:from="lbl29359" xlink:to="lbl29360"/>
    <cf:conceptName xlink:type="resource" xlink:label="lbl29366" id="id15119">
      <cf:concept>
        <cf:qname>ifrs-full:AdditionalProvisionsOtherProvisions</cf:qname>
      </cf:concept>
    </cf:conceptName>
    <variable:variableFilterArc xlink:type="arc" xlink:arcrole="http://xbrl.org/arcrole/2008/variable-filter" complement="false" cover="true" xlink:from="lbl29365" xlink:to="lbl29366"/>
    <variable:variableFilterArc xlink:type="arc" xlink:arcrole="http://xbrl.org/arcrole/2008/variable-filter" complement="false" cover="true" xlink:from="lbl29365" xlink:to="lbl29358"/>
    <variable:variableFilterArc xlink:type="arc" xlink:arcrole="http://xbrl.org/arcrole/2008/variable-filter" complement="false" cover="true" xlink:from="lbl29367" xlink:to="lbl29366"/>
    <variable:variableFilterArc xlink:type="arc" xlink:arcrole="http://xbrl.org/arcrole/2008/variable-filter" complement="false" cover="true" xlink:from="lbl29367" xlink:to="lbl29360"/>
    <cf:conceptName xlink:type="resource" xlink:label="lbl29373" id="id15120">
      <cf:concept>
        <cf:qname>ifrs-full:DecreaseThroughTransferToLiabilitiesIncludedInDisposalGroupsClassifiedAsHeldForSaleOtherProvisions</cf:qname>
      </cf:concept>
    </cf:conceptName>
    <variable:variableFilterArc xlink:type="arc" xlink:arcrole="http://xbrl.org/arcrole/2008/variable-filter" complement="false" cover="true" xlink:from="lbl29372" xlink:to="lbl29373"/>
    <variable:variableFilterArc xlink:type="arc" xlink:arcrole="http://xbrl.org/arcrole/2008/variable-filter" complement="false" cover="true" xlink:from="lbl29372" xlink:to="lbl29358"/>
    <variable:variableFilterArc xlink:type="arc" xlink:arcrole="http://xbrl.org/arcrole/2008/variable-filter" complement="false" cover="true" xlink:from="lbl29374" xlink:to="lbl29373"/>
    <variable:variableFilterArc xlink:type="arc" xlink:arcrole="http://xbrl.org/arcrole/2008/variable-filter" complement="false" cover="true" xlink:from="lbl29374" xlink:to="lbl29360"/>
    <variable:variableFilterArc xlink:type="arc" xlink:arcrole="http://xbrl.org/arcrole/2008/variable-filter" complement="false" cover="true" xlink:from="lbl29379" xlink:to="lbl29352"/>
    <variable:variableFilterArc xlink:type="arc" xlink:arcrole="http://xbrl.org/arcrole/2008/variable-filter" complement="false" cover="true" xlink:from="lbl29379" xlink:to="lbl29358"/>
    <variable:variableFilterArc xlink:type="arc" xlink:arcrole="http://xbrl.org/arcrole/2008/variable-filter" complement="false" cover="true" xlink:from="lbl29380" xlink:to="lbl29352"/>
    <variable:variableFilterArc xlink:type="arc" xlink:arcrole="http://xbrl.org/arcrole/2008/variable-filter" complement="false" cover="true" xlink:from="lbl29380" xlink:to="lbl29360"/>
    <cf:conceptName xlink:type="resource" xlink:label="lbl29386" id="id15121">
      <cf:concept>
        <cf:qname>ifrs-full:EstimatedFinancialEffectOfContingentLiabilities</cf:qname>
      </cf:concept>
    </cf:conceptName>
    <variable:variableFilterArc xlink:type="arc" xlink:arcrole="http://xbrl.org/arcrole/2008/variable-filter" complement="false" cover="true" xlink:from="lbl29385" xlink:to="lbl29386"/>
    <df:explicitDimension xlink:type="resource" xlink:label="lbl29387" id="id15122">
      <df:dimension>
        <df:qname>ifrs-full:ClassesOfContingentLiabilitiesAxis</df:qname>
      </df:dimension>
      <df:member>
        <df:qname>ifrs-full:ContingentLiabilitiesMember</df:qname>
      </df:member>
    </df:explicitDimension>
    <variable:variableFilterArc xlink:type="arc" xlink:arcrole="http://xbrl.org/arcrole/2008/variable-filter" complement="false" cover="true" xlink:from="lbl29385" xlink:to="lbl29387"/>
    <variable:variableFilterArc xlink:type="arc" xlink:arcrole="http://xbrl.org/arcrole/2008/variable-filter" complement="false" cover="true" xlink:from="lbl29388" xlink:to="lbl29386"/>
    <df:explicitDimension xlink:type="resource" xlink:label="lbl29389" id="id15123">
      <df:dimension>
        <df:qname>ifrs-full:ClassesOfContingentLiabilitiesAxis</df:qname>
      </df:dimension>
      <df:member>
        <df:qname>ifrs-full:ContingentLiabilitiesMember</df:qname>
        <df:linkrole>http://xbrl.ifrs.org/role/ifrs/ias_37_2021-03-24_role-827570b</df:linkrole>
        <df:arcrole>http://xbrl.org/int/dim/arcrole/domain-member</df:arcrole>
        <df:axis>child</df:axis>
      </df:member>
    </df:explicitDimension>
    <variable:variableFilterArc xlink:type="arc" xlink:arcrole="http://xbrl.org/arcrole/2008/variable-filter" complement="false" cover="true" xlink:from="lbl29388" xlink:to="lbl29389"/>
    <label:label xlink:type="resource" xml:lang="es" id="id15082" xlink:label="lbl29353">827571</label:label>
    <gen:arc xlink:type="arc" xlink:arcrole="http://xbrl.org/arcrole/2008/element-label" xlink:from="lbl29345" xlink:to="lbl29353"/>
    <label:label xlink:type="resource" xml:lang="es" id="id15085" xlink:label="lbl29361">827572</label:label>
    <gen:arc xlink:type="arc" xlink:arcrole="http://xbrl.org/arcrole/2008/element-label" xlink:from="lbl29356" xlink:to="lbl29361"/>
    <label:label xlink:type="resource" xml:lang="es" id="id15088" xlink:label="lbl29368">827573</label:label>
    <gen:arc xlink:type="arc" xlink:arcrole="http://xbrl.org/arcrole/2008/element-label" xlink:from="lbl29364" xlink:to="lbl29368"/>
    <label:label xlink:type="resource" xml:lang="es" id="id15091" xlink:label="lbl29375">827574</label:label>
    <gen:arc xlink:type="arc" xlink:arcrole="http://xbrl.org/arcrole/2008/element-label" xlink:from="lbl29371" xlink:to="lbl29375"/>
    <label:label xlink:type="resource" xml:lang="es" id="id15094" xlink:label="lbl29381">827575</label:label>
    <gen:arc xlink:type="arc" xlink:arcrole="http://xbrl.org/arcrole/2008/element-label" xlink:from="lbl29378" xlink:to="lbl29381"/>
    <label:label xlink:type="resource" xml:lang="es" id="id15097" xlink:label="lbl29390">827576</label:label>
    <gen:arc xlink:type="arc" xlink:arcrole="http://xbrl.org/arcrole/2008/element-label" xlink:from="lbl29384" xlink:to="lbl29390"/>
    <msg:message xlink:type="resource" id="id15083" xml:lang="es" xlink:role="http://www.xbrl.org/2010/role/message" xlink:label="lbl29354">Rol[827570a] Regla827571: Informa Otras provisiones al final del periodo OK; contexto  {$ifrs-full:ChangesInOtherProvisions/@contextRef}</msg:message>
    <gen:arc xlink:type="arc" xlink:arcrole="http://xbrl.org/arcrole/2010/assertion-satisfied-message" xlink:from="lbl29345" xlink:to="lbl29354"/>
    <msg:message xlink:type="resource" id="id15086" xml:lang="es" xlink:role="http://www.xbrl.org/2010/role/message" xlink:label="lbl29362">Rol[827570a] Regla827572: Suma dimensiones Otras provisiones OK; contexto  {$ifrs-full:OtherProvisions/@contextRef}</msg:message>
    <gen:arc xlink:type="arc" xlink:arcrole="http://xbrl.org/arcrole/2010/assertion-satisfied-message" xlink:from="lbl29356" xlink:to="lbl29362"/>
    <msg:message xlink:type="resource" id="id15089" xml:lang="es" xlink:role="http://www.xbrl.org/2010/role/message" xlink:label="lbl29369">Rol[827570a] Regla827573: Suma dimensiones Total provisiones adicionales, otras provisiones OK; contexto  {$ifrs-full:AdditionalProvisionsOtherProvisions/@contextRef}</msg:message>
    <gen:arc xlink:type="arc" xlink:arcrole="http://xbrl.org/arcrole/2010/assertion-satisfied-message" xlink:from="lbl29364" xlink:to="lbl29369"/>
    <msg:message xlink:type="resource" id="id15092" xml:lang="es" xlink:role="http://www.xbrl.org/2010/role/message" xlink:label="lbl29376">Rol[827570a] Regla827574: Suma dimensiones Disminución por transferencias a pasivos incluidos en grupos de activos para su disposición clasificados como mantenidos para la venta, otras provisiones OK; contexto  {$ifrs-full:DecreaseThroughTransferToLiabilitiesIncludedInDisposalGroupsClassifiedAsHeldForSaleOtherProvisions/@contextRef}</msg:message>
    <gen:arc xlink:type="arc" xlink:arcrole="http://xbrl.org/arcrole/2010/assertion-satisfied-message" xlink:from="lbl29371" xlink:to="lbl29376"/>
    <msg:message xlink:type="resource" id="id15095" xml:lang="es" xlink:role="http://www.xbrl.org/2010/role/message" xlink:label="lbl29382">Rol[827570a] Regla827575: Suma dimensiones Total incremento (disminución) en otras provisiones OK; contexto  {$ifrs-full:ChangesInOtherProvisions/@contextRef}</msg:message>
    <gen:arc xlink:type="arc" xlink:arcrole="http://xbrl.org/arcrole/2010/assertion-satisfied-message" xlink:from="lbl29378" xlink:to="lbl29382"/>
    <msg:message xlink:type="resource" id="id15098" xml:lang="es" xlink:role="http://www.xbrl.org/2010/role/message" xlink:label="lbl29391">Rol[827570b] Regla827576: Suma dimensiones Efecto financiero esperado de pasivos contingentes OK; contexto  {$ifrs-full:EstimatedFinancialEffectOfContingentLiabilities/@contextRef}</msg:message>
    <gen:arc xlink:type="arc" xlink:arcrole="http://xbrl.org/arcrole/2010/assertion-satisfied-message" xlink:from="lbl29384" xlink:to="lbl29391"/>
    <msg:message xlink:type="resource" id="id15084" xml:lang="es" xlink:role="http://www.xbrl.org/2010/role/message" xlink:label="lbl29355">Rol[827570a] Regla827571: Error Otras provisiones al final del periodo; contexto  {$ifrs-full:ChangesInOtherProvisions/@contextRef}</msg:message>
    <gen:arc xlink:type="arc" xlink:arcrole="http://xbrl.org/arcrole/2010/assertion-unsatisfied-message" xlink:from="lbl29345" xlink:to="lbl29355"/>
    <msg:message xlink:type="resource" id="id15087" xml:lang="es" xlink:role="http://www.xbrl.org/2010/role/message" xlink:label="lbl29363">Rol[827570a] Regla827572: Error en suma dimensiones Otras provisiones; contexto  {$ifrs-full:OtherProvisions/@contextRef}</msg:message>
    <gen:arc xlink:type="arc" xlink:arcrole="http://xbrl.org/arcrole/2010/assertion-unsatisfied-message" xlink:from="lbl29356" xlink:to="lbl29363"/>
    <msg:message xlink:type="resource" id="id15090" xml:lang="es" xlink:role="http://www.xbrl.org/2010/role/message" xlink:label="lbl29370">Rol[827570a] Regla827573: Error en suma dimensiones Total provisiones adicionales, otras provisiones; contexto  {$ifrs-full:AdditionalProvisionsOtherProvisions/@contextRef}</msg:message>
    <gen:arc xlink:type="arc" xlink:arcrole="http://xbrl.org/arcrole/2010/assertion-unsatisfied-message" xlink:from="lbl29364" xlink:to="lbl29370"/>
    <msg:message xlink:type="resource" id="id15093" xml:lang="es" xlink:role="http://www.xbrl.org/2010/role/message" xlink:label="lbl29377">Rol[827570a] Regla827574: Error en suma dimensiones Disminución por transferencias a pasivos incluidos en grupos de activos para su disposición clasificados como mantenidos para la venta, otras provisiones; contexto  {$ifrs-full:DecreaseThroughTransferToLiabilitiesIncludedInDisposalGroupsClassifiedAsHeldForSaleOtherProvisions/@contextRef}</msg:message>
    <gen:arc xlink:type="arc" xlink:arcrole="http://xbrl.org/arcrole/2010/assertion-unsatisfied-message" xlink:from="lbl29371" xlink:to="lbl29377"/>
    <msg:message xlink:type="resource" id="id15096" xml:lang="es" xlink:role="http://www.xbrl.org/2010/role/message" xlink:label="lbl29383">Rol[827570a] Regla827575: Error en suma dimensiones Total incremento (disminución) en otras provisiones; contexto  {$ifrs-full:ChangesInOtherProvisions/@contextRef}</msg:message>
    <gen:arc xlink:type="arc" xlink:arcrole="http://xbrl.org/arcrole/2010/assertion-unsatisfied-message" xlink:from="lbl29378" xlink:to="lbl29383"/>
    <msg:message xlink:type="resource" id="id15099" xml:lang="es" xlink:role="http://www.xbrl.org/2010/role/message" xlink:label="lbl29392">Rol[827570b] Regla827576: Error en suma dimensiones Efecto financiero esperado de pasivos contingentes; contexto  {$ifrs-full:EstimatedFinancialEffectOfContingentLiabilities/@contextRef}</msg:message>
    <gen:arc xlink:type="arc" xlink:arcrole="http://xbrl.org/arcrole/2010/assertion-unsatisfied-message" xlink:from="lbl29384" xlink:to="lbl29392"/>
  </gen:link>
</link:linkbase>