<?xml version="1.0" encoding="UTF-8"?>
<!--
*******************************************************************************************
Copyright © 2022 Comisión para el Mercado Financiero de Chile (CMF) 
This material is copyright of the CMF Chile and all rights are reserved. 
No part of this material may be translated, reprinted, reproduced or utilised in 
any form or manner that is not expressly permitted by the CMF Chile 
IP Policy see: http://www.cmfchile.cl/sitio/pop/politica.html
*******************************************************************************************
-->
<!-- Generated with Reporting Standard S.L. XBRL Taxonomy builder version 3.7.1.1364 - http://www.reportingstandard.com -->
<link:linkbase xmlns:link="http://www.xbrl.org/2003/linkbase" xmlns:xlink="http://www.w3.org/1999/xlink">
  <link:roleRef xlink:type="simple" roleURI="http://www.cmfchile.cl/cl/fr/ci/role/ias-7_2021-03-24_role-510000" xlink:href="../cl-ci_ias-7_2021-03-24_role-510000.xsd#ias-7_2021-03-24_role-510000"/>
  <link:calculationLink xlink:type="extended" xlink:role="http://www.cmfchile.cl/cl/fr/ci/role/ias-7_2021-03-24_role-510000">
    <link:loc xlink:type="locator" xlink:href="http://xbrl.ifrs.org/taxonomy/2021-03-24/full_ifrs/full_ifrs-cor_2021-03-24.xsd#ifrs-full_CashFlowsFromUsedInOperations" xlink:label="lbl13947"/>
    <link:loc xlink:type="locator" xlink:href="http://xbrl.ifrs.org/taxonomy/2021-03-24/full_ifrs/full_ifrs-cor_2021-03-24.xsd#ifrs-full_ReceiptsFromSalesOfGoodsAndRenderingOfServices" xlink:label="lbl13948"/>
    <link:calculationArc xlink:type="arc" xlink:arcrole="http://www.xbrl.org/2003/arcrole/summation-item" weight="+1" order="40.0" xlink:from="lbl13947" xlink:to="lbl13948"/>
    <link:loc xlink:type="locator" xlink:href="http://xbrl.ifrs.org/taxonomy/2021-03-24/full_ifrs/full_ifrs-cor_2021-03-24.xsd#ifrs-full_ReceiptsFromRoyaltiesFeesCommissionsAndOtherRevenue" xlink:label="lbl13949"/>
    <link:calculationArc xlink:type="arc" xlink:arcrole="http://www.xbrl.org/2003/arcrole/summation-item" weight="+1" order="50.0" xlink:to="lbl13949" xlink:from="lbl13947"/>
    <link:loc xlink:type="locator" xlink:href="http://xbrl.ifrs.org/taxonomy/2021-03-24/full_ifrs/full_ifrs-cor_2021-03-24.xsd#ifrs-full_ReceiptsFromContractsHeldForDealingOrTradingPurpose" xlink:label="lbl13950"/>
    <link:calculationArc xlink:type="arc" xlink:arcrole="http://www.xbrl.org/2003/arcrole/summation-item" weight="+1" order="60.0" xlink:to="lbl13950" xlink:from="lbl13947"/>
    <link:loc xlink:type="locator" xlink:href="http://xbrl.ifrs.org/taxonomy/2021-03-24/full_ifrs/full_ifrs-cor_2021-03-24.xsd#ifrs-full_ReceiptsFromPremiumsAndClaimsAnnuitiesAndOtherPolicyBenefits" xlink:label="lbl13951"/>
    <link:calculationArc xlink:type="arc" xlink:arcrole="http://www.xbrl.org/2003/arcrole/summation-item" weight="+1" order="70.0" xlink:to="lbl13951" xlink:from="lbl13947"/>
    <link:loc xlink:type="locator" xlink:href="http://xbrl.ifrs.org/taxonomy/2021-03-24/full_ifrs/full_ifrs-cor_2021-03-24.xsd#ifrs-full_ReceiptsFromRentsAndSubsequentSalesOfSuchAssets" xlink:label="lbl13952"/>
    <link:calculationArc xlink:type="arc" xlink:arcrole="http://www.xbrl.org/2003/arcrole/summation-item" weight="+1" order="75.0" xlink:to="lbl13952" xlink:from="lbl13947"/>
    <link:loc xlink:type="locator" xlink:href="http://xbrl.ifrs.org/taxonomy/2021-03-24/full_ifrs/full_ifrs-cor_2021-03-24.xsd#ifrs-full_OtherCashReceiptsFromOperatingActivities" xlink:label="lbl13953"/>
    <link:calculationArc xlink:type="arc" xlink:arcrole="http://www.xbrl.org/2003/arcrole/summation-item" weight="+1" order="80.0" xlink:to="lbl13953" xlink:from="lbl13947"/>
    <link:loc xlink:type="locator" xlink:href="http://xbrl.ifrs.org/taxonomy/2021-03-24/full_ifrs/full_ifrs-cor_2021-03-24.xsd#ifrs-full_PaymentsToSuppliersForGoodsAndServices" xlink:label="lbl13954"/>
    <link:calculationArc xlink:type="arc" xlink:arcrole="http://www.xbrl.org/2003/arcrole/summation-item" weight="-1" order="100.0" xlink:to="lbl13954" xlink:from="lbl13947"/>
    <link:loc xlink:type="locator" xlink:href="http://xbrl.ifrs.org/taxonomy/2021-03-24/full_ifrs/full_ifrs-cor_2021-03-24.xsd#ifrs-full_PaymentsFromContractsHeldForDealingOrTradingPurpose" xlink:label="lbl13955"/>
    <link:calculationArc xlink:type="arc" xlink:arcrole="http://www.xbrl.org/2003/arcrole/summation-item" weight="-1" order="110.0" xlink:to="lbl13955" xlink:from="lbl13947"/>
    <link:loc xlink:type="locator" xlink:href="http://xbrl.ifrs.org/taxonomy/2021-03-24/full_ifrs/full_ifrs-cor_2021-03-24.xsd#ifrs-full_PaymentsToAndOnBehalfOfEmployees" xlink:label="lbl13956"/>
    <link:calculationArc xlink:type="arc" xlink:arcrole="http://www.xbrl.org/2003/arcrole/summation-item" weight="-1" order="120.0" xlink:to="lbl13956" xlink:from="lbl13947"/>
    <link:loc xlink:type="locator" xlink:href="http://xbrl.ifrs.org/taxonomy/2021-03-24/full_ifrs/full_ifrs-cor_2021-03-24.xsd#ifrs-full_PaymentsForPremiumsAndClaimsAnnuitiesAndOtherPolicyBenefits" xlink:label="lbl13957"/>
    <link:calculationArc xlink:type="arc" xlink:arcrole="http://www.xbrl.org/2003/arcrole/summation-item" weight="-1" order="130.0" xlink:to="lbl13957" xlink:from="lbl13947"/>
    <link:loc xlink:type="locator" xlink:href="http://xbrl.ifrs.org/taxonomy/2021-03-24/full_ifrs/full_ifrs-cor_2021-03-24.xsd#ifrs-full_PaymentsToManufactureOrAcquireAssetsHeldForRentalToOthersAndSubsequentlyHeldForSale" xlink:label="lbl13958"/>
    <link:calculationArc xlink:type="arc" xlink:arcrole="http://www.xbrl.org/2003/arcrole/summation-item" weight="-1" order="135.0" xlink:to="lbl13958" xlink:from="lbl13947"/>
    <link:loc xlink:type="locator" xlink:href="http://xbrl.ifrs.org/taxonomy/2021-03-24/full_ifrs/full_ifrs-cor_2021-03-24.xsd#ifrs-full_OtherCashPaymentsFromOperatingActivities" xlink:label="lbl13959"/>
    <link:calculationArc xlink:type="arc" xlink:arcrole="http://www.xbrl.org/2003/arcrole/summation-item" weight="-1" order="140.0" xlink:to="lbl13959" xlink:from="lbl13947"/>
    <link:loc xlink:type="locator" xlink:href="http://xbrl.ifrs.org/taxonomy/2021-03-24/full_ifrs/full_ifrs-cor_2021-03-24.xsd#ifrs-full_CashFlowsFromUsedInOperatingActivities" xlink:label="lbl13960"/>
    <link:calculationArc xlink:type="arc" xlink:arcrole="http://www.xbrl.org/2003/arcrole/summation-item" weight="+1" order="145.0" xlink:from="lbl13960" xlink:to="lbl13947"/>
    <link:loc xlink:type="locator" xlink:href="http://xbrl.ifrs.org/taxonomy/2021-03-24/full_ifrs/full_ifrs-cor_2021-03-24.xsd#ifrs-full_DividendsPaidClassifiedAsOperatingActivities" xlink:label="lbl13961"/>
    <link:calculationArc xlink:type="arc" xlink:arcrole="http://www.xbrl.org/2003/arcrole/summation-item" weight="-1" order="150.0" xlink:to="lbl13961" xlink:from="lbl13960"/>
    <link:loc xlink:type="locator" xlink:href="http://xbrl.ifrs.org/taxonomy/2021-03-24/full_ifrs/full_ifrs-cor_2021-03-24.xsd#ifrs-full_DividendsReceivedClassifiedAsOperatingActivities" xlink:label="lbl13962"/>
    <link:calculationArc xlink:type="arc" xlink:arcrole="http://www.xbrl.org/2003/arcrole/summation-item" weight="+1" order="160.0" xlink:to="lbl13962" xlink:from="lbl13960"/>
    <link:loc xlink:type="locator" xlink:href="http://xbrl.ifrs.org/taxonomy/2021-03-24/full_ifrs/full_ifrs-cor_2021-03-24.xsd#ifrs-full_InterestPaidClassifiedAsOperatingActivities" xlink:label="lbl13963"/>
    <link:calculationArc xlink:type="arc" xlink:arcrole="http://www.xbrl.org/2003/arcrole/summation-item" weight="-1" order="170.0" xlink:to="lbl13963" xlink:from="lbl13960"/>
    <link:loc xlink:type="locator" xlink:href="http://xbrl.ifrs.org/taxonomy/2021-03-24/full_ifrs/full_ifrs-cor_2021-03-24.xsd#ifrs-full_InterestReceivedClassifiedAsOperatingActivities" xlink:label="lbl13964"/>
    <link:calculationArc xlink:type="arc" xlink:arcrole="http://www.xbrl.org/2003/arcrole/summation-item" weight="+1" order="180.0" xlink:to="lbl13964" xlink:from="lbl13960"/>
    <link:loc xlink:type="locator" xlink:href="http://xbrl.ifrs.org/taxonomy/2021-03-24/full_ifrs/full_ifrs-cor_2021-03-24.xsd#ifrs-full_IncomeTaxesPaidRefundClassifiedAsOperatingActivities" xlink:label="lbl13965"/>
    <link:calculationArc xlink:type="arc" xlink:arcrole="http://www.xbrl.org/2003/arcrole/summation-item" weight="-1" order="190.0" xlink:to="lbl13965" xlink:from="lbl13960"/>
    <link:loc xlink:type="locator" xlink:href="http://xbrl.ifrs.org/taxonomy/2021-03-24/full_ifrs/full_ifrs-cor_2021-03-24.xsd#ifrs-full_OtherInflowsOutflowsOfCashClassifiedAsOperatingActivities" xlink:label="lbl13966"/>
    <link:calculationArc xlink:type="arc" xlink:arcrole="http://www.xbrl.org/2003/arcrole/summation-item" weight="+1" order="200.0" xlink:to="lbl13966" xlink:from="lbl13960"/>
    <link:loc xlink:type="locator" xlink:href="http://xbrl.ifrs.org/taxonomy/2021-03-24/full_ifrs/full_ifrs-cor_2021-03-24.xsd#ifrs-full_CashFlowsFromUsedInInvestingActivities" xlink:label="lbl13967"/>
    <link:loc xlink:type="locator" xlink:href="http://xbrl.ifrs.org/taxonomy/2021-03-24/full_ifrs/full_ifrs-cor_2021-03-24.xsd#ifrs-full_CashFlowsFromLosingControlOfSubsidiariesOrOtherBusinessesClassifiedAsInvestingActivities" xlink:label="lbl13968"/>
    <link:calculationArc xlink:type="arc" xlink:arcrole="http://www.xbrl.org/2003/arcrole/summation-item" weight="+1" order="230.0" xlink:from="lbl13967" xlink:to="lbl13968"/>
    <link:loc xlink:type="locator" xlink:href="http://xbrl.ifrs.org/taxonomy/2021-03-24/full_ifrs/full_ifrs-cor_2021-03-24.xsd#ifrs-full_CashFlowsUsedInObtainingControlOfSubsidiariesOrOtherBusinessesClassifiedAsInvestingActivities" xlink:label="lbl13969"/>
    <link:calculationArc xlink:type="arc" xlink:arcrole="http://www.xbrl.org/2003/arcrole/summation-item" weight="-1" order="240.0" xlink:to="lbl13969" xlink:from="lbl13967"/>
    <link:loc xlink:type="locator" xlink:href="../../cl-ci_cor_2022-01-03.xsd#cl-ci_FlujosEfectivoUtilizadosCompraParticipacionesNoControladorasActividadesInversion" xlink:label="lbl13970"/>
    <link:calculationArc xlink:type="arc" xlink:arcrole="http://www.xbrl.org/2003/arcrole/summation-item" weight="-1" order="250.0" xlink:to="lbl13970" xlink:from="lbl13967"/>
    <link:loc xlink:type="locator" xlink:href="http://xbrl.ifrs.org/taxonomy/2021-03-24/full_ifrs/full_ifrs-cor_2021-03-24.xsd#ifrs-full_OtherCashReceiptsFromSalesOfEquityOrDebtInstrumentsOfOtherEntitiesClassifiedAsInvestingActivities" xlink:label="lbl13971"/>
    <link:calculationArc xlink:type="arc" xlink:arcrole="http://www.xbrl.org/2003/arcrole/summation-item" weight="+1" order="260.0" xlink:to="lbl13971" xlink:from="lbl13967"/>
    <link:loc xlink:type="locator" xlink:href="http://xbrl.ifrs.org/taxonomy/2021-03-24/full_ifrs/full_ifrs-cor_2021-03-24.xsd#ifrs-full_OtherCashPaymentsToAcquireEquityOrDebtInstrumentsOfOtherEntitiesClassifiedAsInvestingActivities" xlink:label="lbl13972"/>
    <link:calculationArc xlink:type="arc" xlink:arcrole="http://www.xbrl.org/2003/arcrole/summation-item" weight="-1" order="270.0" xlink:to="lbl13972" xlink:from="lbl13967"/>
    <link:loc xlink:type="locator" xlink:href="http://xbrl.ifrs.org/taxonomy/2021-03-24/full_ifrs/full_ifrs-cor_2021-03-24.xsd#ifrs-full_OtherCashReceiptsFromSalesOfInterestsInJointVenturesClassifiedAsInvestingActivities" xlink:label="lbl13973"/>
    <link:calculationArc xlink:type="arc" xlink:arcrole="http://www.xbrl.org/2003/arcrole/summation-item" weight="+1" order="280.0" xlink:to="lbl13973" xlink:from="lbl13967"/>
    <link:loc xlink:type="locator" xlink:href="http://xbrl.ifrs.org/taxonomy/2021-03-24/full_ifrs/full_ifrs-cor_2021-03-24.xsd#ifrs-full_OtherCashPaymentsToAcquireInterestsInJointVenturesClassifiedAsInvestingActivities" xlink:label="lbl13974"/>
    <link:calculationArc xlink:type="arc" xlink:arcrole="http://www.xbrl.org/2003/arcrole/summation-item" weight="-1" order="290.0" xlink:to="lbl13974" xlink:from="lbl13967"/>
    <link:loc xlink:type="locator" xlink:href="../../cl-ci_cor_2022-01-03.xsd#cl-ci_PrestamosEntidadesRelacionadasActividadesInversion" xlink:label="lbl13975"/>
    <link:calculationArc xlink:type="arc" xlink:arcrole="http://www.xbrl.org/2003/arcrole/summation-item" weight="-1" order="300.0" xlink:to="lbl13975" xlink:from="lbl13967"/>
    <link:loc xlink:type="locator" xlink:href="http://xbrl.ifrs.org/taxonomy/2021-03-24/full_ifrs/full_ifrs-cor_2021-03-24.xsd#ifrs-full_ProceedsFromSalesOfPropertyPlantAndEquipmentClassifiedAsInvestingActivities" xlink:label="lbl13976"/>
    <link:calculationArc xlink:type="arc" xlink:arcrole="http://www.xbrl.org/2003/arcrole/summation-item" weight="+1" order="310.0" xlink:to="lbl13976" xlink:from="lbl13967"/>
    <link:loc xlink:type="locator" xlink:href="http://xbrl.ifrs.org/taxonomy/2021-03-24/full_ifrs/full_ifrs-cor_2021-03-24.xsd#ifrs-full_PurchaseOfPropertyPlantAndEquipmentClassifiedAsInvestingActivities" xlink:label="lbl13977"/>
    <link:calculationArc xlink:type="arc" xlink:arcrole="http://www.xbrl.org/2003/arcrole/summation-item" weight="-1" order="320.0" xlink:to="lbl13977" xlink:from="lbl13967"/>
    <link:loc xlink:type="locator" xlink:href="http://xbrl.ifrs.org/taxonomy/2021-03-24/full_ifrs/full_ifrs-cor_2021-03-24.xsd#ifrs-full_ProceedsFromSalesOfIntangibleAssetsClassifiedAsInvestingActivities" xlink:label="lbl13978"/>
    <link:calculationArc xlink:type="arc" xlink:arcrole="http://www.xbrl.org/2003/arcrole/summation-item" weight="+1" order="330.0" xlink:to="lbl13978" xlink:from="lbl13967"/>
    <link:loc xlink:type="locator" xlink:href="http://xbrl.ifrs.org/taxonomy/2021-03-24/full_ifrs/full_ifrs-cor_2021-03-24.xsd#ifrs-full_PurchaseOfIntangibleAssetsClassifiedAsInvestingActivities" xlink:label="lbl13979"/>
    <link:calculationArc xlink:type="arc" xlink:arcrole="http://www.xbrl.org/2003/arcrole/summation-item" weight="-1" order="340.0" xlink:to="lbl13979" xlink:from="lbl13967"/>
    <link:loc xlink:type="locator" xlink:href="http://xbrl.ifrs.org/taxonomy/2021-03-24/full_ifrs/full_ifrs-cor_2021-03-24.xsd#ifrs-full_ProceedsFromOtherLongtermAssetsClassifiedAsInvestingActivities" xlink:label="lbl13980"/>
    <link:calculationArc xlink:type="arc" xlink:arcrole="http://www.xbrl.org/2003/arcrole/summation-item" weight="+1" order="350.0" xlink:to="lbl13980" xlink:from="lbl13967"/>
    <link:loc xlink:type="locator" xlink:href="http://xbrl.ifrs.org/taxonomy/2021-03-24/full_ifrs/full_ifrs-cor_2021-03-24.xsd#ifrs-full_PurchaseOfOtherLongtermAssetsClassifiedAsInvestingActivities" xlink:label="lbl13981"/>
    <link:calculationArc xlink:type="arc" xlink:arcrole="http://www.xbrl.org/2003/arcrole/summation-item" weight="-1" order="360.0" xlink:to="lbl13981" xlink:from="lbl13967"/>
    <link:loc xlink:type="locator" xlink:href="http://xbrl.ifrs.org/taxonomy/2021-03-24/full_ifrs/full_ifrs-cor_2021-03-24.xsd#ifrs-full_ProceedsFromGovernmentGrantsClassifiedAsInvestingActivities" xlink:label="lbl13982"/>
    <link:calculationArc xlink:type="arc" xlink:arcrole="http://www.xbrl.org/2003/arcrole/summation-item" weight="+1" order="370.0" xlink:to="lbl13982" xlink:from="lbl13967"/>
    <link:loc xlink:type="locator" xlink:href="http://xbrl.ifrs.org/taxonomy/2021-03-24/full_ifrs/full_ifrs-cor_2021-03-24.xsd#ifrs-full_CashAdvancesAndLoansMadeToOtherPartiesClassifiedAsInvestingActivities" xlink:label="lbl13983"/>
    <link:calculationArc xlink:type="arc" xlink:arcrole="http://www.xbrl.org/2003/arcrole/summation-item" weight="-1" order="380.0" xlink:to="lbl13983" xlink:from="lbl13967"/>
    <link:loc xlink:type="locator" xlink:href="http://xbrl.ifrs.org/taxonomy/2021-03-24/full_ifrs/full_ifrs-cor_2021-03-24.xsd#ifrs-full_CashReceiptsFromRepaymentOfAdvancesAndLoansMadeToOtherPartiesClassifiedAsInvestingActivities" xlink:label="lbl13984"/>
    <link:calculationArc xlink:type="arc" xlink:arcrole="http://www.xbrl.org/2003/arcrole/summation-item" weight="+1" order="390.0" xlink:to="lbl13984" xlink:from="lbl13967"/>
    <link:loc xlink:type="locator" xlink:href="http://xbrl.ifrs.org/taxonomy/2021-03-24/full_ifrs/full_ifrs-cor_2021-03-24.xsd#ifrs-full_CashPaymentsForFutureContractsForwardContractsOptionContractsAndSwapContractsClassifiedAsInvestingActivities" xlink:label="lbl13985"/>
    <link:calculationArc xlink:type="arc" xlink:arcrole="http://www.xbrl.org/2003/arcrole/summation-item" weight="-1" order="400.0" xlink:to="lbl13985" xlink:from="lbl13967"/>
    <link:loc xlink:type="locator" xlink:href="http://xbrl.ifrs.org/taxonomy/2021-03-24/full_ifrs/full_ifrs-cor_2021-03-24.xsd#ifrs-full_CashReceiptsFromFutureContractsForwardContractsOptionContractsAndSwapContractsClassifiedAsInvestingActivities" xlink:label="lbl13986"/>
    <link:calculationArc xlink:type="arc" xlink:arcrole="http://www.xbrl.org/2003/arcrole/summation-item" weight="+1" order="410.0" xlink:to="lbl13986" xlink:from="lbl13967"/>
    <link:loc xlink:type="locator" xlink:href="../../cl-ci_cor_2022-01-03.xsd#cl-ci_CobrosEntidadesRelacionadasActividadesInversion" xlink:label="lbl13987"/>
    <link:calculationArc xlink:type="arc" xlink:arcrole="http://www.xbrl.org/2003/arcrole/summation-item" weight="+1" order="420.0" xlink:to="lbl13987" xlink:from="lbl13967"/>
    <link:loc xlink:type="locator" xlink:href="http://xbrl.ifrs.org/taxonomy/2021-03-24/full_ifrs/full_ifrs-cor_2021-03-24.xsd#ifrs-full_DividendsReceivedClassifiedAsInvestingActivities" xlink:label="lbl13988"/>
    <link:calculationArc xlink:type="arc" xlink:arcrole="http://www.xbrl.org/2003/arcrole/summation-item" weight="+1" order="430.0" xlink:to="lbl13988" xlink:from="lbl13967"/>
    <link:loc xlink:type="locator" xlink:href="http://xbrl.ifrs.org/taxonomy/2021-03-24/full_ifrs/full_ifrs-cor_2021-03-24.xsd#ifrs-full_InterestPaidClassifiedAsInvestingActivities" xlink:label="lbl13989"/>
    <link:calculationArc xlink:type="arc" xlink:arcrole="http://www.xbrl.org/2003/arcrole/summation-item" weight="-1" order="435.0" xlink:to="lbl13989" xlink:from="lbl13967"/>
    <link:loc xlink:type="locator" xlink:href="http://xbrl.ifrs.org/taxonomy/2021-03-24/full_ifrs/full_ifrs-cor_2021-03-24.xsd#ifrs-full_InterestReceivedClassifiedAsInvestingActivities" xlink:label="lbl13990"/>
    <link:calculationArc xlink:type="arc" xlink:arcrole="http://www.xbrl.org/2003/arcrole/summation-item" weight="+1" order="440.0" xlink:to="lbl13990" xlink:from="lbl13967"/>
    <link:loc xlink:type="locator" xlink:href="http://xbrl.ifrs.org/taxonomy/2021-03-24/full_ifrs/full_ifrs-cor_2021-03-24.xsd#ifrs-full_IncomeTaxesPaidRefundClassifiedAsInvestingActivities" xlink:label="lbl13991"/>
    <link:calculationArc xlink:type="arc" xlink:arcrole="http://www.xbrl.org/2003/arcrole/summation-item" weight="-1" order="450.0" xlink:to="lbl13991" xlink:from="lbl13967"/>
    <link:loc xlink:type="locator" xlink:href="../../cl-ci_cor_2022-01-03.xsd#cl-ci_FlujosEfectivoProcedentesVentaParticipacionesNoControladorasActividadesInversion" xlink:label="lbl13992"/>
    <link:calculationArc xlink:type="arc" xlink:arcrole="http://www.xbrl.org/2003/arcrole/summation-item" weight="+1" order="460.0" xlink:to="lbl13992" xlink:from="lbl13967"/>
    <link:loc xlink:type="locator" xlink:href="http://xbrl.ifrs.org/taxonomy/2021-03-24/full_ifrs/full_ifrs-cor_2021-03-24.xsd#ifrs-full_OtherInflowsOutflowsOfCashClassifiedAsInvestingActivities" xlink:label="lbl13993"/>
    <link:calculationArc xlink:type="arc" xlink:arcrole="http://www.xbrl.org/2003/arcrole/summation-item" weight="+1" order="470.0" xlink:to="lbl13993" xlink:from="lbl13967"/>
    <link:loc xlink:type="locator" xlink:href="http://xbrl.ifrs.org/taxonomy/2021-03-24/full_ifrs/full_ifrs-cor_2021-03-24.xsd#ifrs-full_ProceedsFromBorrowingsClassifiedAsFinancingActivities" xlink:label="lbl13994"/>
    <link:loc xlink:type="locator" xlink:href="../../cl-ci_cor_2022-01-03.xsd#cl-ci_ImportesPrestamosLargoPlazoActividadesFinanciacion" xlink:label="lbl13995"/>
    <link:calculationArc xlink:type="arc" xlink:arcrole="http://www.xbrl.org/2003/arcrole/summation-item" weight="+1" order="570.0" xlink:from="lbl13994" xlink:to="lbl13995"/>
    <link:loc xlink:type="locator" xlink:href="../../cl-ci_cor_2022-01-03.xsd#cl-ci_ImportesPrestamosCortoPlazoActividadesFinanciacion" xlink:label="lbl13996"/>
    <link:calculationArc xlink:type="arc" xlink:arcrole="http://www.xbrl.org/2003/arcrole/summation-item" weight="+1" order="580.0" xlink:to="lbl13996" xlink:from="lbl13994"/>
    <link:loc xlink:type="locator" xlink:href="http://xbrl.ifrs.org/taxonomy/2021-03-24/full_ifrs/full_ifrs-cor_2021-03-24.xsd#ifrs-full_CashFlowsFromUsedInFinancingActivities" xlink:label="lbl13997"/>
    <link:loc xlink:type="locator" xlink:href="http://xbrl.ifrs.org/taxonomy/2021-03-24/full_ifrs/full_ifrs-cor_2021-03-24.xsd#ifrs-full_ProceedsFromChangesInOwnershipInterestsInSubsidiaries" xlink:label="lbl13998"/>
    <link:calculationArc xlink:type="arc" xlink:arcrole="http://www.xbrl.org/2003/arcrole/summation-item" weight="+1" order="500.0" xlink:from="lbl13997" xlink:to="lbl13998"/>
    <link:loc xlink:type="locator" xlink:href="http://xbrl.ifrs.org/taxonomy/2021-03-24/full_ifrs/full_ifrs-cor_2021-03-24.xsd#ifrs-full_PaymentsFromChangesInOwnershipInterestsInSubsidiaries" xlink:label="lbl13999"/>
    <link:calculationArc xlink:type="arc" xlink:arcrole="http://www.xbrl.org/2003/arcrole/summation-item" weight="-1" order="510.0" xlink:to="lbl13999" xlink:from="lbl13997"/>
    <link:loc xlink:type="locator" xlink:href="http://xbrl.ifrs.org/taxonomy/2021-03-24/full_ifrs/full_ifrs-cor_2021-03-24.xsd#ifrs-full_ProceedsFromIssuingShares" xlink:label="lbl14000"/>
    <link:calculationArc xlink:type="arc" xlink:arcrole="http://www.xbrl.org/2003/arcrole/summation-item" weight="+1" order="520.0" xlink:to="lbl14000" xlink:from="lbl13997"/>
    <link:loc xlink:type="locator" xlink:href="http://xbrl.ifrs.org/taxonomy/2021-03-24/full_ifrs/full_ifrs-cor_2021-03-24.xsd#ifrs-full_ProceedsFromIssuingOtherEquityInstruments" xlink:label="lbl14001"/>
    <link:calculationArc xlink:type="arc" xlink:arcrole="http://www.xbrl.org/2003/arcrole/summation-item" weight="+1" order="530.0" xlink:to="lbl14001" xlink:from="lbl13997"/>
    <link:loc xlink:type="locator" xlink:href="http://xbrl.ifrs.org/taxonomy/2021-03-24/full_ifrs/full_ifrs-cor_2021-03-24.xsd#ifrs-full_PaymentsToAcquireOrRedeemEntitysShares" xlink:label="lbl14002"/>
    <link:calculationArc xlink:type="arc" xlink:arcrole="http://www.xbrl.org/2003/arcrole/summation-item" weight="-1" order="540.0" xlink:to="lbl14002" xlink:from="lbl13997"/>
    <link:loc xlink:type="locator" xlink:href="http://xbrl.ifrs.org/taxonomy/2021-03-24/full_ifrs/full_ifrs-cor_2021-03-24.xsd#ifrs-full_PaymentsOfOtherEquityInstruments" xlink:label="lbl14003"/>
    <link:calculationArc xlink:type="arc" xlink:arcrole="http://www.xbrl.org/2003/arcrole/summation-item" weight="-1" order="550.0" xlink:to="lbl14003" xlink:from="lbl13997"/>
    <link:calculationArc xlink:type="arc" xlink:arcrole="http://www.xbrl.org/2003/arcrole/summation-item" weight="+1" order="560.0" xlink:from="lbl13997" xlink:to="lbl13994"/>
    <link:loc xlink:type="locator" xlink:href="../../cl-ci_cor_2022-01-03.xsd#cl-ci_PrestamosEntidadesRelacionadasActividadesFinanciacion" xlink:label="lbl14004"/>
    <link:calculationArc xlink:type="arc" xlink:arcrole="http://www.xbrl.org/2003/arcrole/summation-item" weight="+1" order="590.0" xlink:to="lbl14004" xlink:from="lbl13997"/>
    <link:loc xlink:type="locator" xlink:href="http://xbrl.ifrs.org/taxonomy/2021-03-24/full_ifrs/full_ifrs-cor_2021-03-24.xsd#ifrs-full_RepaymentsOfBorrowingsClassifiedAsFinancingActivities" xlink:label="lbl14005"/>
    <link:calculationArc xlink:type="arc" xlink:arcrole="http://www.xbrl.org/2003/arcrole/summation-item" weight="-1" order="600.0" xlink:to="lbl14005" xlink:from="lbl13997"/>
    <link:loc xlink:type="locator" xlink:href="http://xbrl.ifrs.org/taxonomy/2021-03-24/full_ifrs/full_ifrs-cor_2021-03-24.xsd#ifrs-full_PaymentsOfLeaseLiabilitiesClassifiedAsFinancingActivities" xlink:label="lbl14006"/>
    <link:calculationArc xlink:type="arc" xlink:arcrole="http://www.xbrl.org/2003/arcrole/summation-item" weight="-1" order="615.0" xlink:to="lbl14006" xlink:from="lbl13997"/>
    <link:loc xlink:type="locator" xlink:href="../../cl-ci_cor_2022-01-03.xsd#cl-ci_PagosPrestamosEntidadesRelacionadasActividadesFinanciacion" xlink:label="lbl14007"/>
    <link:calculationArc xlink:type="arc" xlink:arcrole="http://www.xbrl.org/2003/arcrole/summation-item" weight="-1" order="620.0" xlink:to="lbl14007" xlink:from="lbl13997"/>
    <link:loc xlink:type="locator" xlink:href="http://xbrl.ifrs.org/taxonomy/2021-03-24/full_ifrs/full_ifrs-cor_2021-03-24.xsd#ifrs-full_ProceedsFromGovernmentGrantsClassifiedAsFinancingActivities" xlink:label="lbl14008"/>
    <link:calculationArc xlink:type="arc" xlink:arcrole="http://www.xbrl.org/2003/arcrole/summation-item" weight="+1" order="630.0" xlink:to="lbl14008" xlink:from="lbl13997"/>
    <link:loc xlink:type="locator" xlink:href="http://xbrl.ifrs.org/taxonomy/2021-03-24/full_ifrs/full_ifrs-cor_2021-03-24.xsd#ifrs-full_DividendsPaidClassifiedAsFinancingActivities" xlink:label="lbl14009"/>
    <link:calculationArc xlink:type="arc" xlink:arcrole="http://www.xbrl.org/2003/arcrole/summation-item" weight="-1" order="640.0" xlink:to="lbl14009" xlink:from="lbl13997"/>
    <link:loc xlink:type="locator" xlink:href="http://xbrl.ifrs.org/taxonomy/2021-03-24/full_ifrs/full_ifrs-cor_2021-03-24.xsd#ifrs-full_InterestPaidClassifiedAsFinancingActivities" xlink:label="lbl14010"/>
    <link:calculationArc xlink:type="arc" xlink:arcrole="http://www.xbrl.org/2003/arcrole/summation-item" weight="-1" order="660.0" xlink:to="lbl14010" xlink:from="lbl13997"/>
    <link:loc xlink:type="locator" xlink:href="http://xbrl.ifrs.org/taxonomy/2021-03-24/full_ifrs/full_ifrs-cor_2021-03-24.xsd#ifrs-full_IncomeTaxesPaidRefundClassifiedAsFinancingActivities" xlink:label="lbl14011"/>
    <link:calculationArc xlink:type="arc" xlink:arcrole="http://www.xbrl.org/2003/arcrole/summation-item" weight="-1" order="680.0" xlink:to="lbl14011" xlink:from="lbl13997"/>
    <link:loc xlink:type="locator" xlink:href="http://xbrl.ifrs.org/taxonomy/2021-03-24/full_ifrs/full_ifrs-cor_2021-03-24.xsd#ifrs-full_OtherInflowsOutflowsOfCashClassifiedAsFinancingActivities" xlink:label="lbl14012"/>
    <link:calculationArc xlink:type="arc" xlink:arcrole="http://www.xbrl.org/2003/arcrole/summation-item" weight="+1" order="690.0" xlink:to="lbl14012" xlink:from="lbl13997"/>
    <link:loc xlink:type="locator" xlink:href="http://xbrl.ifrs.org/taxonomy/2021-03-24/full_ifrs/full_ifrs-cor_2021-03-24.xsd#ifrs-full_IncreaseDecreaseInCashAndCashEquivalentsBeforeEffectOfExchangeRateChanges" xlink:label="lbl14013"/>
    <link:calculationArc xlink:type="arc" xlink:arcrole="http://www.xbrl.org/2003/arcrole/summation-item" weight="+1" order="210.0" xlink:from="lbl14013" xlink:to="lbl13960"/>
    <link:calculationArc xlink:type="arc" xlink:arcrole="http://www.xbrl.org/2003/arcrole/summation-item" weight="+1" order="480.0" xlink:from="lbl14013" xlink:to="lbl13967"/>
    <link:calculationArc xlink:type="arc" xlink:arcrole="http://www.xbrl.org/2003/arcrole/summation-item" weight="+1" order="700.0" xlink:from="lbl14013" xlink:to="lbl13997"/>
    <link:loc xlink:type="locator" xlink:href="http://xbrl.ifrs.org/taxonomy/2021-03-24/full_ifrs/full_ifrs-cor_2021-03-24.xsd#ifrs-full_IncreaseDecreaseInCashAndCashEquivalents" xlink:label="lbl14014"/>
    <link:calculationArc xlink:type="arc" xlink:arcrole="http://www.xbrl.org/2003/arcrole/summation-item" weight="+1" order="710.0" xlink:from="lbl14014" xlink:to="lbl14013"/>
    <link:loc xlink:type="locator" xlink:href="http://xbrl.ifrs.org/taxonomy/2021-03-24/full_ifrs/full_ifrs-cor_2021-03-24.xsd#ifrs-full_EffectOfExchangeRateChangesOnCashAndCashEquivalents" xlink:label="lbl14015"/>
    <link:calculationArc xlink:type="arc" xlink:arcrole="http://www.xbrl.org/2003/arcrole/summation-item" weight="+1" order="730.0" xlink:to="lbl14015" xlink:from="lbl14014"/>
  </link:calculationLink>
</link:linkbase>