<?xml version="1.0" encoding="UTF-8"?>
<!--
*******************************************************************************************
Copyright © 2022 Comisión para el Mercado Financiero de Chile (CMF) 
This material is copyright of the CMF Chile and all rights are reserved. 
No part of this material may be translated, reprinted, reproduced or utilised in 
any form or manner that is not expressly permitted by the CMF Chile 
IP Policy see: http://www.cmfchile.cl/sitio/pop/politica.html
*******************************************************************************************
-->
<!-- Generated with Reporting Standard S.L. XBRL Taxonomy builder version 3.7.1.1364 - http://www.reportingstandard.com -->
<link:linkbase xmlns:link="http://www.xbrl.org/2003/linkbase" xmlns:xlink="http://www.w3.org/1999/xlink">
  <link:roleRef xlink:type="simple" roleURI="http://www.cmfchile.cl/cl/fr/ci/role/ias-7_2021-03-24_role-520000" xlink:href="../cl-ci_ias-7_2021-03-24_role-520000.xsd#ias-7_2021-03-24_role-520000"/>
  <link:calculationLink xlink:type="extended" xlink:role="http://www.cmfchile.cl/cl/fr/ci/role/ias-7_2021-03-24_role-520000">
    <link:loc xlink:type="locator" xlink:href="http://xbrl.ifrs.org/taxonomy/2021-03-24/full_ifrs/full_ifrs-cor_2021-03-24.xsd#ifrs-full_AdjustmentsForReconcileProfitLoss" xlink:label="lbl14118"/>
    <link:loc xlink:type="locator" xlink:href="http://xbrl.ifrs.org/taxonomy/2021-03-24/full_ifrs/full_ifrs-cor_2021-03-24.xsd#ifrs-full_AdjustmentsForIncomeTaxExpense" xlink:label="lbl14119"/>
    <link:calculationArc xlink:type="arc" xlink:arcrole="http://www.xbrl.org/2003/arcrole/summation-item" weight="+1" order="50.0" xlink:from="lbl14118" xlink:to="lbl14119"/>
    <link:loc xlink:type="locator" xlink:href="http://xbrl.ifrs.org/taxonomy/2021-03-24/full_ifrs/full_ifrs-cor_2021-03-24.xsd#ifrs-full_AdjustmentsForFinanceCosts" xlink:label="lbl14120"/>
    <link:calculationArc xlink:type="arc" xlink:arcrole="http://www.xbrl.org/2003/arcrole/summation-item" weight="+1" order="55.0" xlink:to="lbl14120" xlink:from="lbl14118"/>
    <link:loc xlink:type="locator" xlink:href="http://xbrl.ifrs.org/taxonomy/2021-03-24/full_ifrs/full_ifrs-cor_2021-03-24.xsd#ifrs-full_AdjustmentsForDecreaseIncreaseInInventories" xlink:label="lbl14121"/>
    <link:calculationArc xlink:type="arc" xlink:arcrole="http://www.xbrl.org/2003/arcrole/summation-item" weight="+1" order="60.0" xlink:to="lbl14121" xlink:from="lbl14118"/>
    <link:loc xlink:type="locator" xlink:href="http://xbrl.ifrs.org/taxonomy/2021-03-24/full_ifrs/full_ifrs-cor_2021-03-24.xsd#ifrs-full_AdjustmentsForDecreaseIncreaseInTradeAccountReceivable" xlink:label="lbl14122"/>
    <link:calculationArc xlink:type="arc" xlink:arcrole="http://www.xbrl.org/2003/arcrole/summation-item" weight="+1" order="70.0" xlink:to="lbl14122" xlink:from="lbl14118"/>
    <link:loc xlink:type="locator" xlink:href="http://xbrl.ifrs.org/taxonomy/2021-03-24/full_ifrs/full_ifrs-cor_2021-03-24.xsd#ifrs-full_AdjustmentsForDecreaseIncreaseInOtherOperatingReceivables" xlink:label="lbl14123"/>
    <link:calculationArc xlink:type="arc" xlink:arcrole="http://www.xbrl.org/2003/arcrole/summation-item" weight="+1" order="80.0" xlink:to="lbl14123" xlink:from="lbl14118"/>
    <link:loc xlink:type="locator" xlink:href="http://xbrl.ifrs.org/taxonomy/2021-03-24/full_ifrs/full_ifrs-cor_2021-03-24.xsd#ifrs-full_AdjustmentsForIncreaseDecreaseInTradeAccountPayable" xlink:label="lbl14124"/>
    <link:calculationArc xlink:type="arc" xlink:arcrole="http://www.xbrl.org/2003/arcrole/summation-item" weight="+1" order="90.0" xlink:to="lbl14124" xlink:from="lbl14118"/>
    <link:loc xlink:type="locator" xlink:href="http://xbrl.ifrs.org/taxonomy/2021-03-24/full_ifrs/full_ifrs-cor_2021-03-24.xsd#ifrs-full_AdjustmentsForIncreaseDecreaseInOtherOperatingPayables" xlink:label="lbl14125"/>
    <link:calculationArc xlink:type="arc" xlink:arcrole="http://www.xbrl.org/2003/arcrole/summation-item" weight="+1" order="100.0" xlink:to="lbl14125" xlink:from="lbl14118"/>
    <link:loc xlink:type="locator" xlink:href="http://xbrl.ifrs.org/taxonomy/2021-03-24/full_ifrs/full_ifrs-cor_2021-03-24.xsd#ifrs-full_AdjustmentsForDepreciationAndAmortisationExpense" xlink:label="lbl14126"/>
    <link:calculationArc xlink:type="arc" xlink:arcrole="http://www.xbrl.org/2003/arcrole/summation-item" weight="+1" order="110.0" xlink:to="lbl14126" xlink:from="lbl14118"/>
    <link:loc xlink:type="locator" xlink:href="http://xbrl.ifrs.org/taxonomy/2021-03-24/full_ifrs/full_ifrs-cor_2021-03-24.xsd#ifrs-full_AdjustmentsForImpairmentLossReversalOfImpairmentLossRecognisedInProfitOrLoss" xlink:label="lbl14127"/>
    <link:calculationArc xlink:type="arc" xlink:arcrole="http://www.xbrl.org/2003/arcrole/summation-item" weight="+1" order="120.0" xlink:to="lbl14127" xlink:from="lbl14118"/>
    <link:loc xlink:type="locator" xlink:href="http://xbrl.ifrs.org/taxonomy/2021-03-24/full_ifrs/full_ifrs-cor_2021-03-24.xsd#ifrs-full_AdjustmentsForProvisions" xlink:label="lbl14128"/>
    <link:calculationArc xlink:type="arc" xlink:arcrole="http://www.xbrl.org/2003/arcrole/summation-item" weight="+1" order="130.0" xlink:to="lbl14128" xlink:from="lbl14118"/>
    <link:loc xlink:type="locator" xlink:href="http://xbrl.ifrs.org/taxonomy/2021-03-24/full_ifrs/full_ifrs-cor_2021-03-24.xsd#ifrs-full_AdjustmentsForUnrealisedForeignExchangeLossesGains" xlink:label="lbl14129"/>
    <link:calculationArc xlink:type="arc" xlink:arcrole="http://www.xbrl.org/2003/arcrole/summation-item" weight="+1" order="140.0" xlink:to="lbl14129" xlink:from="lbl14118"/>
    <link:loc xlink:type="locator" xlink:href="../../cl-ci_cor_2022-01-03.xsd#cl-ci_AjustesParticipacionesNoControladoras" xlink:label="lbl14130"/>
    <link:calculationArc xlink:type="arc" xlink:arcrole="http://www.xbrl.org/2003/arcrole/summation-item" weight="+1" order="150.0" xlink:to="lbl14130" xlink:from="lbl14118"/>
    <link:loc xlink:type="locator" xlink:href="http://xbrl.ifrs.org/taxonomy/2021-03-24/full_ifrs/full_ifrs-cor_2021-03-24.xsd#ifrs-full_AdjustmentsForSharebasedPayments" xlink:label="lbl14131"/>
    <link:calculationArc xlink:type="arc" xlink:arcrole="http://www.xbrl.org/2003/arcrole/summation-item" weight="+1" order="160.0" xlink:to="lbl14131" xlink:from="lbl14118"/>
    <link:loc xlink:type="locator" xlink:href="http://xbrl.ifrs.org/taxonomy/2021-03-24/full_ifrs/full_ifrs-cor_2021-03-24.xsd#ifrs-full_AdjustmentsForFairValueGainsLosses" xlink:label="lbl14132"/>
    <link:calculationArc xlink:type="arc" xlink:arcrole="http://www.xbrl.org/2003/arcrole/summation-item" weight="+1" order="170.0" xlink:to="lbl14132" xlink:from="lbl14118"/>
    <link:loc xlink:type="locator" xlink:href="http://xbrl.ifrs.org/taxonomy/2021-03-24/full_ifrs/full_ifrs-cor_2021-03-24.xsd#ifrs-full_AdjustmentsForUndistributedProfitsOfAssociates" xlink:label="lbl14133"/>
    <link:calculationArc xlink:type="arc" xlink:arcrole="http://www.xbrl.org/2003/arcrole/summation-item" weight="-1" order="180.0" xlink:to="lbl14133" xlink:from="lbl14118"/>
    <link:loc xlink:type="locator" xlink:href="http://xbrl.ifrs.org/taxonomy/2021-03-24/full_ifrs/full_ifrs-cor_2021-03-24.xsd#ifrs-full_OtherAdjustmentsForNoncashItems" xlink:label="lbl14134"/>
    <link:calculationArc xlink:type="arc" xlink:arcrole="http://www.xbrl.org/2003/arcrole/summation-item" weight="+1" order="190.0" xlink:to="lbl14134" xlink:from="lbl14118"/>
    <link:loc xlink:type="locator" xlink:href="http://xbrl.ifrs.org/taxonomy/2021-03-24/full_ifrs/full_ifrs-cor_2021-03-24.xsd#ifrs-full_AdjustmentsForLossesGainsOnDisposalOfNoncurrentAssets" xlink:label="lbl14135"/>
    <link:calculationArc xlink:type="arc" xlink:arcrole="http://www.xbrl.org/2003/arcrole/summation-item" weight="+1" order="200.0" xlink:to="lbl14135" xlink:from="lbl14118"/>
    <link:loc xlink:type="locator" xlink:href="http://xbrl.ifrs.org/taxonomy/2021-03-24/full_ifrs/full_ifrs-cor_2021-03-24.xsd#ifrs-full_OtherAdjustmentsForWhichCashEffectsAreInvestingOrFinancingCashFlow" xlink:label="lbl14136"/>
    <link:calculationArc xlink:type="arc" xlink:arcrole="http://www.xbrl.org/2003/arcrole/summation-item" weight="+1" order="210.0" xlink:to="lbl14136" xlink:from="lbl14118"/>
    <link:loc xlink:type="locator" xlink:href="http://xbrl.ifrs.org/taxonomy/2021-03-24/full_ifrs/full_ifrs-cor_2021-03-24.xsd#ifrs-full_OtherAdjustmentsToReconcileProfitLoss" xlink:label="lbl14137"/>
    <link:calculationArc xlink:type="arc" xlink:arcrole="http://www.xbrl.org/2003/arcrole/summation-item" weight="+1" order="215.0" xlink:to="lbl14137" xlink:from="lbl14118"/>
    <link:loc xlink:type="locator" xlink:href="http://xbrl.ifrs.org/taxonomy/2021-03-24/full_ifrs/full_ifrs-cor_2021-03-24.xsd#ifrs-full_CashFlowsFromUsedInOperations" xlink:label="lbl14138"/>
    <link:loc xlink:type="locator" xlink:href="http://xbrl.ifrs.org/taxonomy/2021-03-24/full_ifrs/full_ifrs-cor_2021-03-24.xsd#ifrs-full_ProfitLoss" xlink:label="lbl14139"/>
    <link:calculationArc xlink:type="arc" xlink:arcrole="http://www.xbrl.org/2003/arcrole/summation-item" weight="+1" order="30.0" xlink:from="lbl14138" xlink:to="lbl14139"/>
    <link:calculationArc xlink:type="arc" xlink:arcrole="http://www.xbrl.org/2003/arcrole/summation-item" weight="+1" order="220.0" xlink:from="lbl14138" xlink:to="lbl14118"/>
    <link:loc xlink:type="locator" xlink:href="http://xbrl.ifrs.org/taxonomy/2021-03-24/full_ifrs/full_ifrs-cor_2021-03-24.xsd#ifrs-full_CashFlowsFromUsedInOperatingActivities" xlink:label="lbl14140"/>
    <link:calculationArc xlink:type="arc" xlink:arcrole="http://www.xbrl.org/2003/arcrole/summation-item" weight="+1" order="225.0" xlink:from="lbl14140" xlink:to="lbl14138"/>
    <link:loc xlink:type="locator" xlink:href="http://xbrl.ifrs.org/taxonomy/2021-03-24/full_ifrs/full_ifrs-cor_2021-03-24.xsd#ifrs-full_DividendsPaidClassifiedAsOperatingActivities" xlink:label="lbl14141"/>
    <link:calculationArc xlink:type="arc" xlink:arcrole="http://www.xbrl.org/2003/arcrole/summation-item" weight="-1" order="230.0" xlink:to="lbl14141" xlink:from="lbl14140"/>
    <link:loc xlink:type="locator" xlink:href="http://xbrl.ifrs.org/taxonomy/2021-03-24/full_ifrs/full_ifrs-cor_2021-03-24.xsd#ifrs-full_DividendsReceivedClassifiedAsOperatingActivities" xlink:label="lbl14142"/>
    <link:calculationArc xlink:type="arc" xlink:arcrole="http://www.xbrl.org/2003/arcrole/summation-item" weight="+1" order="240.0" xlink:to="lbl14142" xlink:from="lbl14140"/>
    <link:loc xlink:type="locator" xlink:href="http://xbrl.ifrs.org/taxonomy/2021-03-24/full_ifrs/full_ifrs-cor_2021-03-24.xsd#ifrs-full_InterestPaidClassifiedAsOperatingActivities" xlink:label="lbl14143"/>
    <link:calculationArc xlink:type="arc" xlink:arcrole="http://www.xbrl.org/2003/arcrole/summation-item" weight="-1" order="250.0" xlink:to="lbl14143" xlink:from="lbl14140"/>
    <link:loc xlink:type="locator" xlink:href="http://xbrl.ifrs.org/taxonomy/2021-03-24/full_ifrs/full_ifrs-cor_2021-03-24.xsd#ifrs-full_InterestReceivedClassifiedAsOperatingActivities" xlink:label="lbl14144"/>
    <link:calculationArc xlink:type="arc" xlink:arcrole="http://www.xbrl.org/2003/arcrole/summation-item" weight="+1" order="260.0" xlink:to="lbl14144" xlink:from="lbl14140"/>
    <link:loc xlink:type="locator" xlink:href="http://xbrl.ifrs.org/taxonomy/2021-03-24/full_ifrs/full_ifrs-cor_2021-03-24.xsd#ifrs-full_IncomeTaxesPaidRefundClassifiedAsOperatingActivities" xlink:label="lbl14145"/>
    <link:calculationArc xlink:type="arc" xlink:arcrole="http://www.xbrl.org/2003/arcrole/summation-item" weight="-1" order="270.0" xlink:to="lbl14145" xlink:from="lbl14140"/>
    <link:loc xlink:type="locator" xlink:href="http://xbrl.ifrs.org/taxonomy/2021-03-24/full_ifrs/full_ifrs-cor_2021-03-24.xsd#ifrs-full_OtherInflowsOutflowsOfCashClassifiedAsOperatingActivities" xlink:label="lbl14146"/>
    <link:calculationArc xlink:type="arc" xlink:arcrole="http://www.xbrl.org/2003/arcrole/summation-item" weight="+1" order="280.0" xlink:to="lbl14146" xlink:from="lbl14140"/>
    <link:loc xlink:type="locator" xlink:href="http://xbrl.ifrs.org/taxonomy/2021-03-24/full_ifrs/full_ifrs-cor_2021-03-24.xsd#ifrs-full_CashFlowsFromUsedInInvestingActivities" xlink:label="lbl14147"/>
    <link:loc xlink:type="locator" xlink:href="http://xbrl.ifrs.org/taxonomy/2021-03-24/full_ifrs/full_ifrs-cor_2021-03-24.xsd#ifrs-full_CashFlowsFromLosingControlOfSubsidiariesOrOtherBusinessesClassifiedAsInvestingActivities" xlink:label="lbl14148"/>
    <link:calculationArc xlink:type="arc" xlink:arcrole="http://www.xbrl.org/2003/arcrole/summation-item" weight="+1" order="310.0" xlink:from="lbl14147" xlink:to="lbl14148"/>
    <link:loc xlink:type="locator" xlink:href="http://xbrl.ifrs.org/taxonomy/2021-03-24/full_ifrs/full_ifrs-cor_2021-03-24.xsd#ifrs-full_CashFlowsUsedInObtainingControlOfSubsidiariesOrOtherBusinessesClassifiedAsInvestingActivities" xlink:label="lbl14149"/>
    <link:calculationArc xlink:type="arc" xlink:arcrole="http://www.xbrl.org/2003/arcrole/summation-item" weight="-1" order="320.0" xlink:to="lbl14149" xlink:from="lbl14147"/>
    <link:loc xlink:type="locator" xlink:href="../../cl-ci_cor_2022-01-03.xsd#cl-ci_FlujosEfectivoUtilizadosCompraParticipacionesNoControladorasActividadesInversion" xlink:label="lbl14150"/>
    <link:calculationArc xlink:type="arc" xlink:arcrole="http://www.xbrl.org/2003/arcrole/summation-item" weight="-1" order="330.0" xlink:to="lbl14150" xlink:from="lbl14147"/>
    <link:loc xlink:type="locator" xlink:href="http://xbrl.ifrs.org/taxonomy/2021-03-24/full_ifrs/full_ifrs-cor_2021-03-24.xsd#ifrs-full_OtherCashReceiptsFromSalesOfEquityOrDebtInstrumentsOfOtherEntitiesClassifiedAsInvestingActivities" xlink:label="lbl14151"/>
    <link:calculationArc xlink:type="arc" xlink:arcrole="http://www.xbrl.org/2003/arcrole/summation-item" weight="+1" order="340.0" xlink:to="lbl14151" xlink:from="lbl14147"/>
    <link:loc xlink:type="locator" xlink:href="http://xbrl.ifrs.org/taxonomy/2021-03-24/full_ifrs/full_ifrs-cor_2021-03-24.xsd#ifrs-full_OtherCashPaymentsToAcquireEquityOrDebtInstrumentsOfOtherEntitiesClassifiedAsInvestingActivities" xlink:label="lbl14152"/>
    <link:calculationArc xlink:type="arc" xlink:arcrole="http://www.xbrl.org/2003/arcrole/summation-item" weight="-1" order="350.0" xlink:to="lbl14152" xlink:from="lbl14147"/>
    <link:loc xlink:type="locator" xlink:href="http://xbrl.ifrs.org/taxonomy/2021-03-24/full_ifrs/full_ifrs-cor_2021-03-24.xsd#ifrs-full_OtherCashReceiptsFromSalesOfInterestsInJointVenturesClassifiedAsInvestingActivities" xlink:label="lbl14153"/>
    <link:calculationArc xlink:type="arc" xlink:arcrole="http://www.xbrl.org/2003/arcrole/summation-item" weight="+1" order="360.0" xlink:to="lbl14153" xlink:from="lbl14147"/>
    <link:loc xlink:type="locator" xlink:href="http://xbrl.ifrs.org/taxonomy/2021-03-24/full_ifrs/full_ifrs-cor_2021-03-24.xsd#ifrs-full_OtherCashPaymentsToAcquireInterestsInJointVenturesClassifiedAsInvestingActivities" xlink:label="lbl14154"/>
    <link:calculationArc xlink:type="arc" xlink:arcrole="http://www.xbrl.org/2003/arcrole/summation-item" weight="-1" order="370.0" xlink:to="lbl14154" xlink:from="lbl14147"/>
    <link:loc xlink:type="locator" xlink:href="../../cl-ci_cor_2022-01-03.xsd#cl-ci_PrestamosEntidadesRelacionadasActividadesInversion" xlink:label="lbl14155"/>
    <link:calculationArc xlink:type="arc" xlink:arcrole="http://www.xbrl.org/2003/arcrole/summation-item" weight="-1" order="380.0" xlink:to="lbl14155" xlink:from="lbl14147"/>
    <link:loc xlink:type="locator" xlink:href="http://xbrl.ifrs.org/taxonomy/2021-03-24/full_ifrs/full_ifrs-cor_2021-03-24.xsd#ifrs-full_ProceedsFromSalesOfPropertyPlantAndEquipmentClassifiedAsInvestingActivities" xlink:label="lbl14156"/>
    <link:calculationArc xlink:type="arc" xlink:arcrole="http://www.xbrl.org/2003/arcrole/summation-item" weight="+1" order="390.0" xlink:to="lbl14156" xlink:from="lbl14147"/>
    <link:loc xlink:type="locator" xlink:href="http://xbrl.ifrs.org/taxonomy/2021-03-24/full_ifrs/full_ifrs-cor_2021-03-24.xsd#ifrs-full_PurchaseOfPropertyPlantAndEquipmentClassifiedAsInvestingActivities" xlink:label="lbl14157"/>
    <link:calculationArc xlink:type="arc" xlink:arcrole="http://www.xbrl.org/2003/arcrole/summation-item" weight="-1" order="400.0" xlink:to="lbl14157" xlink:from="lbl14147"/>
    <link:loc xlink:type="locator" xlink:href="http://xbrl.ifrs.org/taxonomy/2021-03-24/full_ifrs/full_ifrs-cor_2021-03-24.xsd#ifrs-full_ProceedsFromSalesOfIntangibleAssetsClassifiedAsInvestingActivities" xlink:label="lbl14158"/>
    <link:calculationArc xlink:type="arc" xlink:arcrole="http://www.xbrl.org/2003/arcrole/summation-item" weight="+1" order="410.0" xlink:to="lbl14158" xlink:from="lbl14147"/>
    <link:loc xlink:type="locator" xlink:href="http://xbrl.ifrs.org/taxonomy/2021-03-24/full_ifrs/full_ifrs-cor_2021-03-24.xsd#ifrs-full_PurchaseOfIntangibleAssetsClassifiedAsInvestingActivities" xlink:label="lbl14159"/>
    <link:calculationArc xlink:type="arc" xlink:arcrole="http://www.xbrl.org/2003/arcrole/summation-item" weight="-1" order="420.0" xlink:to="lbl14159" xlink:from="lbl14147"/>
    <link:loc xlink:type="locator" xlink:href="http://xbrl.ifrs.org/taxonomy/2021-03-24/full_ifrs/full_ifrs-cor_2021-03-24.xsd#ifrs-full_ProceedsFromOtherLongtermAssetsClassifiedAsInvestingActivities" xlink:label="lbl14160"/>
    <link:calculationArc xlink:type="arc" xlink:arcrole="http://www.xbrl.org/2003/arcrole/summation-item" weight="+1" order="430.0" xlink:to="lbl14160" xlink:from="lbl14147"/>
    <link:loc xlink:type="locator" xlink:href="http://xbrl.ifrs.org/taxonomy/2021-03-24/full_ifrs/full_ifrs-cor_2021-03-24.xsd#ifrs-full_PurchaseOfOtherLongtermAssetsClassifiedAsInvestingActivities" xlink:label="lbl14161"/>
    <link:calculationArc xlink:type="arc" xlink:arcrole="http://www.xbrl.org/2003/arcrole/summation-item" weight="-1" order="440.0" xlink:to="lbl14161" xlink:from="lbl14147"/>
    <link:loc xlink:type="locator" xlink:href="http://xbrl.ifrs.org/taxonomy/2021-03-24/full_ifrs/full_ifrs-cor_2021-03-24.xsd#ifrs-full_ProceedsFromGovernmentGrantsClassifiedAsInvestingActivities" xlink:label="lbl14162"/>
    <link:calculationArc xlink:type="arc" xlink:arcrole="http://www.xbrl.org/2003/arcrole/summation-item" weight="+1" order="450.0" xlink:to="lbl14162" xlink:from="lbl14147"/>
    <link:loc xlink:type="locator" xlink:href="http://xbrl.ifrs.org/taxonomy/2021-03-24/full_ifrs/full_ifrs-cor_2021-03-24.xsd#ifrs-full_CashAdvancesAndLoansMadeToOtherPartiesClassifiedAsInvestingActivities" xlink:label="lbl14163"/>
    <link:calculationArc xlink:type="arc" xlink:arcrole="http://www.xbrl.org/2003/arcrole/summation-item" weight="-1" order="460.0" xlink:to="lbl14163" xlink:from="lbl14147"/>
    <link:loc xlink:type="locator" xlink:href="http://xbrl.ifrs.org/taxonomy/2021-03-24/full_ifrs/full_ifrs-cor_2021-03-24.xsd#ifrs-full_CashReceiptsFromRepaymentOfAdvancesAndLoansMadeToOtherPartiesClassifiedAsInvestingActivities" xlink:label="lbl14164"/>
    <link:calculationArc xlink:type="arc" xlink:arcrole="http://www.xbrl.org/2003/arcrole/summation-item" weight="+1" order="470.0" xlink:to="lbl14164" xlink:from="lbl14147"/>
    <link:loc xlink:type="locator" xlink:href="http://xbrl.ifrs.org/taxonomy/2021-03-24/full_ifrs/full_ifrs-cor_2021-03-24.xsd#ifrs-full_CashPaymentsForFutureContractsForwardContractsOptionContractsAndSwapContractsClassifiedAsInvestingActivities" xlink:label="lbl14165"/>
    <link:calculationArc xlink:type="arc" xlink:arcrole="http://www.xbrl.org/2003/arcrole/summation-item" weight="-1" order="480.0" xlink:to="lbl14165" xlink:from="lbl14147"/>
    <link:loc xlink:type="locator" xlink:href="http://xbrl.ifrs.org/taxonomy/2021-03-24/full_ifrs/full_ifrs-cor_2021-03-24.xsd#ifrs-full_CashReceiptsFromFutureContractsForwardContractsOptionContractsAndSwapContractsClassifiedAsInvestingActivities" xlink:label="lbl14166"/>
    <link:calculationArc xlink:type="arc" xlink:arcrole="http://www.xbrl.org/2003/arcrole/summation-item" weight="+1" order="490.0" xlink:to="lbl14166" xlink:from="lbl14147"/>
    <link:loc xlink:type="locator" xlink:href="../../cl-ci_cor_2022-01-03.xsd#cl-ci_CobrosEntidadesRelacionadasActividadesInversion" xlink:label="lbl14167"/>
    <link:calculationArc xlink:type="arc" xlink:arcrole="http://www.xbrl.org/2003/arcrole/summation-item" weight="+1" order="500.0" xlink:to="lbl14167" xlink:from="lbl14147"/>
    <link:loc xlink:type="locator" xlink:href="http://xbrl.ifrs.org/taxonomy/2021-03-24/full_ifrs/full_ifrs-cor_2021-03-24.xsd#ifrs-full_DividendsReceivedClassifiedAsInvestingActivities" xlink:label="lbl14168"/>
    <link:calculationArc xlink:type="arc" xlink:arcrole="http://www.xbrl.org/2003/arcrole/summation-item" weight="+1" order="510.0" xlink:to="lbl14168" xlink:from="lbl14147"/>
    <link:loc xlink:type="locator" xlink:href="http://xbrl.ifrs.org/taxonomy/2021-03-24/full_ifrs/full_ifrs-cor_2021-03-24.xsd#ifrs-full_InterestPaidClassifiedAsInvestingActivities" xlink:label="lbl14169"/>
    <link:calculationArc xlink:type="arc" xlink:arcrole="http://www.xbrl.org/2003/arcrole/summation-item" weight="-1" order="515.0" xlink:to="lbl14169" xlink:from="lbl14147"/>
    <link:loc xlink:type="locator" xlink:href="http://xbrl.ifrs.org/taxonomy/2021-03-24/full_ifrs/full_ifrs-cor_2021-03-24.xsd#ifrs-full_InterestReceivedClassifiedAsInvestingActivities" xlink:label="lbl14170"/>
    <link:calculationArc xlink:type="arc" xlink:arcrole="http://www.xbrl.org/2003/arcrole/summation-item" weight="+1" order="520.0" xlink:to="lbl14170" xlink:from="lbl14147"/>
    <link:loc xlink:type="locator" xlink:href="http://xbrl.ifrs.org/taxonomy/2021-03-24/full_ifrs/full_ifrs-cor_2021-03-24.xsd#ifrs-full_IncomeTaxesPaidRefundClassifiedAsInvestingActivities" xlink:label="lbl14171"/>
    <link:calculationArc xlink:type="arc" xlink:arcrole="http://www.xbrl.org/2003/arcrole/summation-item" weight="-1" order="530.0" xlink:to="lbl14171" xlink:from="lbl14147"/>
    <link:loc xlink:type="locator" xlink:href="../../cl-ci_cor_2022-01-03.xsd#cl-ci_FlujosEfectivoProcedentesVentaParticipacionesNoControladorasActividadesInversion" xlink:label="lbl14172"/>
    <link:calculationArc xlink:type="arc" xlink:arcrole="http://www.xbrl.org/2003/arcrole/summation-item" weight="+1" order="535.0" xlink:to="lbl14172" xlink:from="lbl14147"/>
    <link:loc xlink:type="locator" xlink:href="http://xbrl.ifrs.org/taxonomy/2021-03-24/full_ifrs/full_ifrs-cor_2021-03-24.xsd#ifrs-full_OtherInflowsOutflowsOfCashClassifiedAsInvestingActivities" xlink:label="lbl14173"/>
    <link:calculationArc xlink:type="arc" xlink:arcrole="http://www.xbrl.org/2003/arcrole/summation-item" weight="+1" order="540.0" xlink:to="lbl14173" xlink:from="lbl14147"/>
    <link:loc xlink:type="locator" xlink:href="http://xbrl.ifrs.org/taxonomy/2021-03-24/full_ifrs/full_ifrs-cor_2021-03-24.xsd#ifrs-full_ProceedsFromBorrowingsClassifiedAsFinancingActivities" xlink:label="lbl14174"/>
    <link:loc xlink:type="locator" xlink:href="../../cl-ci_cor_2022-01-03.xsd#cl-ci_ImportesPrestamosLargoPlazoActividadesFinanciacion" xlink:label="lbl14175"/>
    <link:calculationArc xlink:type="arc" xlink:arcrole="http://www.xbrl.org/2003/arcrole/summation-item" weight="+1" order="610.0" xlink:from="lbl14174" xlink:to="lbl14175"/>
    <link:loc xlink:type="locator" xlink:href="../../cl-ci_cor_2022-01-03.xsd#cl-ci_ImportesPrestamosCortoPlazoActividadesFinanciacion" xlink:label="lbl14176"/>
    <link:calculationArc xlink:type="arc" xlink:arcrole="http://www.xbrl.org/2003/arcrole/summation-item" weight="+1" order="620.0" xlink:to="lbl14176" xlink:from="lbl14174"/>
    <link:loc xlink:type="locator" xlink:href="http://xbrl.ifrs.org/taxonomy/2021-03-24/full_ifrs/full_ifrs-cor_2021-03-24.xsd#ifrs-full_CashFlowsFromUsedInFinancingActivities" xlink:label="lbl14177"/>
    <link:loc xlink:type="locator" xlink:href="http://xbrl.ifrs.org/taxonomy/2021-03-24/full_ifrs/full_ifrs-cor_2021-03-24.xsd#ifrs-full_ProceedsFromChangesInOwnershipInterestsInSubsidiaries" xlink:label="lbl14178"/>
    <link:calculationArc xlink:type="arc" xlink:arcrole="http://www.xbrl.org/2003/arcrole/summation-item" weight="+1" order="563.0" xlink:from="lbl14177" xlink:to="lbl14178"/>
    <link:loc xlink:type="locator" xlink:href="http://xbrl.ifrs.org/taxonomy/2021-03-24/full_ifrs/full_ifrs-cor_2021-03-24.xsd#ifrs-full_PaymentsFromChangesInOwnershipInterestsInSubsidiaries" xlink:label="lbl14179"/>
    <link:calculationArc xlink:type="arc" xlink:arcrole="http://www.xbrl.org/2003/arcrole/summation-item" weight="-1" order="566.0" xlink:to="lbl14179" xlink:from="lbl14177"/>
    <link:loc xlink:type="locator" xlink:href="http://xbrl.ifrs.org/taxonomy/2021-03-24/full_ifrs/full_ifrs-cor_2021-03-24.xsd#ifrs-full_ProceedsFromIssuingShares" xlink:label="lbl14180"/>
    <link:calculationArc xlink:type="arc" xlink:arcrole="http://www.xbrl.org/2003/arcrole/summation-item" weight="+1" order="570.0" xlink:to="lbl14180" xlink:from="lbl14177"/>
    <link:loc xlink:type="locator" xlink:href="http://xbrl.ifrs.org/taxonomy/2021-03-24/full_ifrs/full_ifrs-cor_2021-03-24.xsd#ifrs-full_ProceedsFromIssuingOtherEquityInstruments" xlink:label="lbl14181"/>
    <link:calculationArc xlink:type="arc" xlink:arcrole="http://www.xbrl.org/2003/arcrole/summation-item" weight="+1" order="580.0" xlink:to="lbl14181" xlink:from="lbl14177"/>
    <link:loc xlink:type="locator" xlink:href="http://xbrl.ifrs.org/taxonomy/2021-03-24/full_ifrs/full_ifrs-cor_2021-03-24.xsd#ifrs-full_PaymentsToAcquireOrRedeemEntitysShares" xlink:label="lbl14182"/>
    <link:calculationArc xlink:type="arc" xlink:arcrole="http://www.xbrl.org/2003/arcrole/summation-item" weight="-1" order="590.0" xlink:to="lbl14182" xlink:from="lbl14177"/>
    <link:loc xlink:type="locator" xlink:href="http://xbrl.ifrs.org/taxonomy/2021-03-24/full_ifrs/full_ifrs-cor_2021-03-24.xsd#ifrs-full_PaymentsOfOtherEquityInstruments" xlink:label="lbl14183"/>
    <link:calculationArc xlink:type="arc" xlink:arcrole="http://www.xbrl.org/2003/arcrole/summation-item" weight="-1" order="600.0" xlink:to="lbl14183" xlink:from="lbl14177"/>
    <link:calculationArc xlink:type="arc" xlink:arcrole="http://www.xbrl.org/2003/arcrole/summation-item" weight="+1" order="630.0" xlink:from="lbl14177" xlink:to="lbl14174"/>
    <link:loc xlink:type="locator" xlink:href="../../cl-ci_cor_2022-01-03.xsd#cl-ci_PrestamosEntidadesRelacionadasActividadesFinanciacion" xlink:label="lbl14184"/>
    <link:calculationArc xlink:type="arc" xlink:arcrole="http://www.xbrl.org/2003/arcrole/summation-item" weight="+1" order="640.0" xlink:to="lbl14184" xlink:from="lbl14177"/>
    <link:loc xlink:type="locator" xlink:href="http://xbrl.ifrs.org/taxonomy/2021-03-24/full_ifrs/full_ifrs-cor_2021-03-24.xsd#ifrs-full_RepaymentsOfBorrowingsClassifiedAsFinancingActivities" xlink:label="lbl14185"/>
    <link:calculationArc xlink:type="arc" xlink:arcrole="http://www.xbrl.org/2003/arcrole/summation-item" weight="-1" order="650.0" xlink:to="lbl14185" xlink:from="lbl14177"/>
    <link:loc xlink:type="locator" xlink:href="http://xbrl.ifrs.org/taxonomy/2021-03-24/full_ifrs/full_ifrs-cor_2021-03-24.xsd#ifrs-full_PaymentsOfLeaseLiabilitiesClassifiedAsFinancingActivities" xlink:label="lbl14186"/>
    <link:calculationArc xlink:type="arc" xlink:arcrole="http://www.xbrl.org/2003/arcrole/summation-item" weight="-1" order="665.0" xlink:to="lbl14186" xlink:from="lbl14177"/>
    <link:loc xlink:type="locator" xlink:href="../../cl-ci_cor_2022-01-03.xsd#cl-ci_PagosPrestamosEntidadesRelacionadasActividadesFinanciacion" xlink:label="lbl14187"/>
    <link:calculationArc xlink:type="arc" xlink:arcrole="http://www.xbrl.org/2003/arcrole/summation-item" weight="-1" order="670.0" xlink:to="lbl14187" xlink:from="lbl14177"/>
    <link:loc xlink:type="locator" xlink:href="http://xbrl.ifrs.org/taxonomy/2021-03-24/full_ifrs/full_ifrs-cor_2021-03-24.xsd#ifrs-full_ProceedsFromGovernmentGrantsClassifiedAsFinancingActivities" xlink:label="lbl14188"/>
    <link:calculationArc xlink:type="arc" xlink:arcrole="http://www.xbrl.org/2003/arcrole/summation-item" weight="+1" order="680.0" xlink:to="lbl14188" xlink:from="lbl14177"/>
    <link:loc xlink:type="locator" xlink:href="http://xbrl.ifrs.org/taxonomy/2021-03-24/full_ifrs/full_ifrs-cor_2021-03-24.xsd#ifrs-full_DividendsPaidClassifiedAsFinancingActivities" xlink:label="lbl14189"/>
    <link:calculationArc xlink:type="arc" xlink:arcrole="http://www.xbrl.org/2003/arcrole/summation-item" weight="-1" order="690.0" xlink:to="lbl14189" xlink:from="lbl14177"/>
    <link:loc xlink:type="locator" xlink:href="http://xbrl.ifrs.org/taxonomy/2021-03-24/full_ifrs/full_ifrs-cor_2021-03-24.xsd#ifrs-full_InterestPaidClassifiedAsFinancingActivities" xlink:label="lbl14190"/>
    <link:calculationArc xlink:type="arc" xlink:arcrole="http://www.xbrl.org/2003/arcrole/summation-item" weight="-1" order="700.0" xlink:to="lbl14190" xlink:from="lbl14177"/>
    <link:loc xlink:type="locator" xlink:href="http://xbrl.ifrs.org/taxonomy/2021-03-24/full_ifrs/full_ifrs-cor_2021-03-24.xsd#ifrs-full_IncomeTaxesPaidRefundClassifiedAsFinancingActivities" xlink:label="lbl14191"/>
    <link:calculationArc xlink:type="arc" xlink:arcrole="http://www.xbrl.org/2003/arcrole/summation-item" weight="-1" order="710.0" xlink:to="lbl14191" xlink:from="lbl14177"/>
    <link:loc xlink:type="locator" xlink:href="http://xbrl.ifrs.org/taxonomy/2021-03-24/full_ifrs/full_ifrs-cor_2021-03-24.xsd#ifrs-full_OtherInflowsOutflowsOfCashClassifiedAsFinancingActivities" xlink:label="lbl14192"/>
    <link:calculationArc xlink:type="arc" xlink:arcrole="http://www.xbrl.org/2003/arcrole/summation-item" weight="+1" order="720.0" xlink:to="lbl14192" xlink:from="lbl14177"/>
    <link:loc xlink:type="locator" xlink:href="http://xbrl.ifrs.org/taxonomy/2021-03-24/full_ifrs/full_ifrs-cor_2021-03-24.xsd#ifrs-full_IncreaseDecreaseInCashAndCashEquivalentsBeforeEffectOfExchangeRateChanges" xlink:label="lbl14193"/>
    <link:calculationArc xlink:type="arc" xlink:arcrole="http://www.xbrl.org/2003/arcrole/summation-item" weight="+1" order="290.0" xlink:from="lbl14193" xlink:to="lbl14140"/>
    <link:calculationArc xlink:type="arc" xlink:arcrole="http://www.xbrl.org/2003/arcrole/summation-item" weight="+1" order="550.0" xlink:from="lbl14193" xlink:to="lbl14147"/>
    <link:calculationArc xlink:type="arc" xlink:arcrole="http://www.xbrl.org/2003/arcrole/summation-item" weight="+1" order="730.0" xlink:from="lbl14193" xlink:to="lbl14177"/>
    <link:loc xlink:type="locator" xlink:href="http://xbrl.ifrs.org/taxonomy/2021-03-24/full_ifrs/full_ifrs-cor_2021-03-24.xsd#ifrs-full_IncreaseDecreaseInCashAndCashEquivalents" xlink:label="lbl14194"/>
    <link:calculationArc xlink:type="arc" xlink:arcrole="http://www.xbrl.org/2003/arcrole/summation-item" weight="+1" order="740.0" xlink:from="lbl14194" xlink:to="lbl14193"/>
    <link:loc xlink:type="locator" xlink:href="http://xbrl.ifrs.org/taxonomy/2021-03-24/full_ifrs/full_ifrs-cor_2021-03-24.xsd#ifrs-full_EffectOfExchangeRateChangesOnCashAndCashEquivalents" xlink:label="lbl14195"/>
    <link:calculationArc xlink:type="arc" xlink:arcrole="http://www.xbrl.org/2003/arcrole/summation-item" weight="+1" order="760.0" xlink:to="lbl14195" xlink:from="lbl14194"/>
  </link:calculationLink>
</link:linkbase>