<?xml version="1.0" encoding="UTF-8"?>
<!--
*******************************************************************************************
Copyright © 2022 Comisión para el Mercado Financiero de Chile (CMF) 
This material is copyright of the CMF Chile and all rights are reserved. 
No part of this material may be translated, reprinted, reproduced or utilised in 
any form or manner that is not expressly permitted by the CMF Chile 
IP Policy see: http://www.cmfchile.cl/sitio/pop/politica.html
*******************************************************************************************
-->
<!-- Generated with Reporting Standard S.L. XBRL Taxonomy builder version 3.7.1.1364 - http://www.reportingstandard.com -->
<link:linkbase xmlns:link="http://www.xbrl.org/2003/linkbase"
               xmlns:xs="http://www.w3.org/2001/XMLSchema"
               xmlns:xbrli="http://www.xbrl.org/2003/instance"
               xmlns:xfi="http://www.xbrl.org/2008/function/instance"
               xmlns:gen="http://xbrl.org/2008/generic"
               xmlns:xlink="http://www.w3.org/1999/xlink"
               xmlns:xsi="http://www.w3.org/2001/XMLSchema-instance"
               xmlns:ea="http://xbrl.org/2008/assertion/existence"
               xmlns:variable="http://xbrl.org/2008/variable"
               xmlns:cf="http://xbrl.org/2008/filter/concept"
               xmlns:ifrs-full="http://xbrl.ifrs.org/taxonomy/2021-03-24/ifrs-full"
               xmlns:label="http://xbrl.org/2008/label"
               xmlns:msg="http://xbrl.org/2010/message"
               xmlns:va="http://xbrl.org/2008/assertion/value"
               xmlns:pf="http://xbrl.org/2008/filter/period"
               xsi:schemaLocation="http://xbrl.org/2008/assertion/existence http://www.xbrl.org/2008/existence-assertion.xsd http://xbrl.org/2008/variable http://www.xbrl.org/2008/variable.xsd http://xbrl.org/2008/filter/concept http://www.xbrl.org/2008/concept-filter.xsd http://xbrl.org/2008/label http://www.xbrl.org/2008/generic-label.xsd http://xbrl.org/2010/message http://www.xbrl.org/2010/generic-message.xsd http://xbrl.org/2008/assertion/value http://www.xbrl.org/2008/value-assertion.xsd http://xbrl.org/2008/filter/period http://www.xbrl.org/2008/period-filter.xsd http://xbrl.org/2008/generic http://www.xbrl.org/2008/generic-link.xsd http://xbrl.ifrs.org/taxonomy/2021-03-24/ifrs-full http://xbrl.ifrs.org/taxonomy/2021-03-24/full_ifrs/full_ifrs-cor_2021-03-24.xsd">
  <link:roleRef xlink:type="simple" roleURI="http://www.cmfchile.cl/cl/fr/ci/role/ias-7_2021-03-24_role-520000" xlink:href="../cl-ci_ias-7_2021-03-24_role-520000.xsd#ias-7_2021-03-24_role-520000"/>
  <link:roleRef xlink:type="simple" roleURI="http://www.xbrl.org/2010/role/message" xlink:href="http://www.xbrl.org/2010/generic-message.xsd#standard-message"/>
  <link:arcroleRef xlink:type="simple" arcroleURI="http://xbrl.org/arcrole/2008/variable-set" xlink:href="http://www.xbrl.org/2008/variable.xsd#variable-set"/>
  <link:arcroleRef xlink:type="simple" arcroleURI="http://xbrl.org/arcrole/2008/variable-filter" xlink:href="http://www.xbrl.org/2008/variable.xsd#variable-filter"/>
  <link:arcroleRef xlink:type="simple" arcroleURI="http://xbrl.org/arcrole/2008/element-label" xlink:href="http://www.xbrl.org/2008/generic-label.xsd#element-label"/>
  <link:arcroleRef xlink:type="simple" arcroleURI="http://xbrl.org/arcrole/2010/assertion-satisfied-message" xlink:href="http://www.xbrl.org/2010/validation-message.xsd#assertion-satisfied-message"/>
  <link:arcroleRef xlink:type="simple" arcroleURI="http://xbrl.org/arcrole/2010/assertion-unsatisfied-message" xlink:href="http://www.xbrl.org/2010/validation-message.xsd#assertion-unsatisfied-message"/>
  <gen:link xlink:type="extended" xlink:role="http://www.cmfchile.cl/cl/fr/ci/role/ias-7_2021-03-24_role-520000">
    <ea:existenceAssertion xlink:type="resource" id="regla520001" aspectModel="dimensional" implicitFiltering="true" test=". ge 2" xlink:label="lbl14196"/>
    <variable:factVariable xlink:type="resource" bindAsSequence="false" xlink:label="lbl14197" id="id7277"/>
    <variable:variableArc xlink:type="arc" xlink:arcrole="http://xbrl.org/arcrole/2008/variable-set" name="acum_regla520001" xlink:from="lbl14196" xlink:to="lbl14197"/>
    <va:valueAssertion xlink:type="resource" id="regla520002" aspectModel="dimensional" implicitFiltering="true" test="$ifrs-full:CashAndCashEquivalentsIfDifferentFromStatementOfFinancialPosition eq $ifrs-full:CashAndCashEquivalentsIfDifferentFromStatementOfFinancialPosition2  + $ifrs-full:IncreaseDecreaseInCashAndCashEquivalents" xlink:label="lbl14202"/>
    <variable:factVariable xlink:type="resource" bindAsSequence="false" fallbackValue="0" xlink:label="lbl14203" id="id7278"/>
    <variable:variableArc xlink:type="arc" xlink:arcrole="http://xbrl.org/arcrole/2008/variable-set" name="ifrs-full:CashAndCashEquivalentsIfDifferentFromStatementOfFinancialPosition" xlink:from="lbl14202" xlink:to="lbl14203"/>
    <variable:factVariable xlink:type="resource" bindAsSequence="false" fallbackValue="0" xlink:label="lbl14206" id="id7279"/>
    <variable:variableArc xlink:type="arc" xlink:arcrole="http://xbrl.org/arcrole/2008/variable-set" name="ifrs-full:CashAndCashEquivalentsIfDifferentFromStatementOfFinancialPosition2" xlink:from="lbl14202" xlink:to="lbl14206"/>
    <variable:factVariable xlink:type="resource" bindAsSequence="false" xlink:label="lbl14208" id="id7280"/>
    <variable:variableArc xlink:type="arc" xlink:arcrole="http://xbrl.org/arcrole/2008/variable-set" name="ifrs-full:IncreaseDecreaseInCashAndCashEquivalents" xlink:from="lbl14202" xlink:to="lbl14208"/>
    <cf:conceptName xlink:type="resource" xlink:label="lbl14198" id="id7281">
      <cf:concept>
        <cf:qname>ifrs-full:IncreaseDecreaseInCashAndCashEquivalents</cf:qname>
      </cf:concept>
    </cf:conceptName>
    <variable:variableFilterArc xlink:type="arc" xlink:arcrole="http://xbrl.org/arcrole/2008/variable-filter" complement="false" cover="true" xlink:from="lbl14197" xlink:to="lbl14198"/>
    <cf:conceptName xlink:type="resource" xlink:label="lbl14204" id="id7282">
      <cf:concept>
        <cf:qname>ifrs-full:CashAndCashEquivalentsIfDifferentFromStatementOfFinancialPosition</cf:qname>
      </cf:concept>
    </cf:conceptName>
    <variable:variableFilterArc xlink:type="arc" xlink:arcrole="http://xbrl.org/arcrole/2008/variable-filter" complement="false" cover="true" xlink:from="lbl14203" xlink:to="lbl14204"/>
    <pf:instantDuration xlink:type="resource" boundary="end" variable="ifrs-full:IncreaseDecreaseInCashAndCashEquivalents" xlink:label="lbl14205" id="id7283"/>
    <variable:variableFilterArc xlink:type="arc" xlink:arcrole="http://xbrl.org/arcrole/2008/variable-filter" complement="false" cover="true" xlink:from="lbl14203" xlink:to="lbl14205"/>
    <variable:variableFilterArc xlink:type="arc" xlink:arcrole="http://xbrl.org/arcrole/2008/variable-filter" complement="false" cover="true" xlink:from="lbl14206" xlink:to="lbl14204"/>
    <pf:instantDuration xlink:type="resource" boundary="start" variable="ifrs-full:IncreaseDecreaseInCashAndCashEquivalents" xlink:label="lbl14207" id="id7284"/>
    <variable:variableFilterArc xlink:type="arc" xlink:arcrole="http://xbrl.org/arcrole/2008/variable-filter" complement="false" cover="true" xlink:from="lbl14206" xlink:to="lbl14207"/>
    <variable:variableFilterArc xlink:type="arc" xlink:arcrole="http://xbrl.org/arcrole/2008/variable-filter" complement="false" cover="true" xlink:from="lbl14208" xlink:to="lbl14198"/>
    <label:label xlink:type="resource" xml:lang="es" id="id7271" xlink:label="lbl14199">520001</label:label>
    <gen:arc xlink:type="arc" xlink:arcrole="http://xbrl.org/arcrole/2008/element-label" xlink:from="lbl14196" xlink:to="lbl14199"/>
    <label:label xlink:type="resource" xml:lang="es" id="id7274" xlink:label="lbl14209">520002</label:label>
    <gen:arc xlink:type="arc" xlink:arcrole="http://xbrl.org/arcrole/2008/element-label" xlink:from="lbl14202" xlink:to="lbl14209"/>
    <msg:message xlink:type="resource" id="id7272" xml:lang="es" xlink:role="http://www.xbrl.org/2010/role/message" xlink:label="lbl14200">Rol[520000] Regla520001:  Incremento (disminución) neto de efectivo y equivalentes al efectivo, está informado</msg:message>
    <gen:arc xlink:type="arc" xlink:arcrole="http://xbrl.org/arcrole/2010/assertion-satisfied-message" xlink:from="lbl14196" xlink:to="lbl14200"/>
    <msg:message xlink:type="resource" id="id7275" xml:lang="es" xlink:role="http://www.xbrl.org/2010/role/message" xlink:label="lbl14210">Rol[520000] Regla520002: Informa Efectivo y equivalentes al efectivo al final del periodo OK; contexto  {$ifrs-full:IncreaseDecreaseInCashAndCashEquivalents/@contextRef}</msg:message>
    <gen:arc xlink:type="arc" xlink:arcrole="http://xbrl.org/arcrole/2010/assertion-satisfied-message" xlink:from="lbl14202" xlink:to="lbl14210"/>
    <msg:message xlink:type="resource" id="id7273" xml:lang="es" xlink:role="http://www.xbrl.org/2010/role/message" xlink:label="lbl14201">Rol[520000] Regla520001: Error Incremento (disminución) neto de efectivo y equivalentes al efectivo, no está informado</msg:message>
    <gen:arc xlink:type="arc" xlink:arcrole="http://xbrl.org/arcrole/2010/assertion-unsatisfied-message" xlink:from="lbl14196" xlink:to="lbl14201"/>
    <msg:message xlink:type="resource" id="id7276" xml:lang="es" xlink:role="http://www.xbrl.org/2010/role/message" xlink:label="lbl14211">Rol[520000] Regla520002: Error Efectivo y equivalentes al efectivo al final del periodo; contexto  {$ifrs-full:IncreaseDecreaseInCashAndCashEquivalents/@contextRef}</msg:message>
    <gen:arc xlink:type="arc" xlink:arcrole="http://xbrl.org/arcrole/2010/assertion-unsatisfied-message" xlink:from="lbl14202" xlink:to="lbl14211"/>
  </gen:link>
</link:linkbase>