<?xml version="1.0" encoding="UTF-8"?>
<!--
*******************************************************************************************
Copyright © 2022 Comisión para el Mercado Financiero de Chile (CMF) 
This material is copyright of the CMF Chile and all rights are reserved. 
No part of this material may be translated, reprinted, reproduced or utilised in 
any form or manner that is not expressly permitted by the CMF Chile 
IP Policy see: http://www.cmfchile.cl/sitio/pop/politica.html
*******************************************************************************************
-->
<!-- Generated with Reporting Standard S.L. XBRL Taxonomy builder version 3.7.1.1364 - http://www.reportingstandard.com -->
<link:linkbase xmlns:link="http://www.xbrl.org/2003/linkbase"
               xmlns:xs="http://www.w3.org/2001/XMLSchema"
               xmlns:xbrli="http://www.xbrl.org/2003/instance"
               xmlns:xfi="http://www.xbrl.org/2008/function/instance"
               xmlns:gen="http://xbrl.org/2008/generic"
               xmlns:xlink="http://www.w3.org/1999/xlink"
               xmlns:xsi="http://www.w3.org/2001/XMLSchema-instance"
               xmlns:va="http://xbrl.org/2008/assertion/value"
               xmlns:variable="http://xbrl.org/2008/variable"
               xmlns:cf="http://xbrl.org/2008/filter/concept"
               xmlns:ifrs-full="http://xbrl.ifrs.org/taxonomy/2021-03-24/ifrs-full"
               xmlns:pf="http://xbrl.org/2008/filter/period"
               xmlns:label="http://xbrl.org/2008/label"
               xmlns:msg="http://xbrl.org/2010/message"
               xmlns:df="http://xbrl.org/2008/filter/dimension"
               xsi:schemaLocation="http://xbrl.org/2008/assertion/value http://www.xbrl.org/2008/value-assertion.xsd http://xbrl.org/2008/variable http://www.xbrl.org/2008/variable.xsd http://xbrl.org/2008/filter/concept http://www.xbrl.org/2008/concept-filter.xsd http://xbrl.org/2008/filter/period http://www.xbrl.org/2008/period-filter.xsd http://xbrl.org/2008/label http://www.xbrl.org/2008/generic-label.xsd http://xbrl.org/2010/message http://www.xbrl.org/2010/generic-message.xsd http://xbrl.org/2008/filter/dimension http://www.xbrl.org/2008/dimension-filter.xsd http://xbrl.org/2008/generic http://www.xbrl.org/2008/generic-link.xsd http://xbrl.ifrs.org/taxonomy/2021-03-24/ifrs-full http://xbrl.ifrs.org/taxonomy/2021-03-24/full_ifrs/full_ifrs-cor_2021-03-24.xsd">
  <link:roleRef xlink:type="simple" roleURI="http://www.cmfchile.cl/cl/fr/ci/role/ias-7_2021-03-24_role-851100" xlink:href="../cl-ci_ias-7_2021-03-24_role-851100.xsd#ias-7_2021-03-24_role-851100"/>
  <link:roleRef xlink:type="simple" roleURI="http://www.xbrl.org/2010/role/message" xlink:href="http://www.xbrl.org/2010/generic-message.xsd#standard-message"/>
  <link:arcroleRef xlink:type="simple" arcroleURI="http://xbrl.org/arcrole/2008/variable-set" xlink:href="http://www.xbrl.org/2008/variable.xsd#variable-set"/>
  <link:arcroleRef xlink:type="simple" arcroleURI="http://xbrl.org/arcrole/2008/variable-filter" xlink:href="http://www.xbrl.org/2008/variable.xsd#variable-filter"/>
  <link:arcroleRef xlink:type="simple" arcroleURI="http://xbrl.org/arcrole/2008/element-label" xlink:href="http://www.xbrl.org/2008/generic-label.xsd#element-label"/>
  <link:arcroleRef xlink:type="simple" arcroleURI="http://xbrl.org/arcrole/2010/assertion-satisfied-message" xlink:href="http://www.xbrl.org/2010/validation-message.xsd#assertion-satisfied-message"/>
  <link:arcroleRef xlink:type="simple" arcroleURI="http://xbrl.org/arcrole/2010/assertion-unsatisfied-message" xlink:href="http://www.xbrl.org/2010/validation-message.xsd#assertion-unsatisfied-message"/>
  <gen:link xlink:type="extended" xlink:role="http://www.cmfchile.cl/cl/fr/ci/role/ias-7_2021-03-24_role-851100">
    <va:valueAssertion xlink:type="resource" id="regla851100" aspectModel="dimensional" implicitFiltering="true" test="$ifrs-full:LiabilitiesArisingFromFinancingActivities eq $ifrs-full:LiabilitiesArisingFromFinancingActivities2  + $ifrs-full:IncreaseDecreaseInLiabilitiesArisingFromFinancingActivities" xlink:label="lbl26499"/>
    <variable:factVariable xlink:type="resource" bindAsSequence="false" fallbackValue="0" xlink:label="lbl26500" id="id13104"/>
    <variable:variableArc xlink:type="arc" xlink:arcrole="http://xbrl.org/arcrole/2008/variable-set" name="ifrs-full:LiabilitiesArisingFromFinancingActivities" xlink:from="lbl26499" xlink:to="lbl26500"/>
    <variable:factVariable xlink:type="resource" bindAsSequence="false" fallbackValue="0" xlink:label="lbl26503" id="id13105"/>
    <variable:variableArc xlink:type="arc" xlink:arcrole="http://xbrl.org/arcrole/2008/variable-set" name="ifrs-full:LiabilitiesArisingFromFinancingActivities2" xlink:from="lbl26499" xlink:to="lbl26503"/>
    <variable:factVariable xlink:type="resource" bindAsSequence="false" xlink:label="lbl26505" id="id13106"/>
    <variable:variableArc xlink:type="arc" xlink:arcrole="http://xbrl.org/arcrole/2008/variable-set" name="ifrs-full:IncreaseDecreaseInLiabilitiesArisingFromFinancingActivities" xlink:from="lbl26499" xlink:to="lbl26505"/>
    <va:valueAssertion xlink:type="resource" id="regla851101" aspectModel="dimensional" implicitFiltering="true" test="$ifrs-full:LiabilitiesArisingFromFinancingActivities = sum($ifrs-full:LiabilitiesArisingFromFinancingActivities2)" xlink:label="lbl26510"/>
    <variable:factVariable xlink:type="resource" bindAsSequence="true" fallbackValue="0" xlink:label="lbl26511" id="id13107"/>
    <variable:variableArc xlink:type="arc" xlink:arcrole="http://xbrl.org/arcrole/2008/variable-set" name="ifrs-full:LiabilitiesArisingFromFinancingActivities" xlink:from="lbl26510" xlink:to="lbl26511"/>
    <variable:factVariable xlink:type="resource" bindAsSequence="true" fallbackValue="0" xlink:label="lbl26513" id="id13108"/>
    <variable:variableArc xlink:type="arc" xlink:arcrole="http://xbrl.org/arcrole/2008/variable-set" name="ifrs-full:LiabilitiesArisingFromFinancingActivities2" xlink:from="lbl26510" xlink:to="lbl26513"/>
    <va:valueAssertion xlink:type="resource" id="regla851102" aspectModel="dimensional" implicitFiltering="true" test="$ifrs-full:IncreaseDecreaseInLiabilitiesArisingFromFinancingActivities = sum($ifrs-full:IncreaseDecreaseInLiabilitiesArisingFromFinancingActivities2)" xlink:label="lbl26518"/>
    <variable:factVariable xlink:type="resource" bindAsSequence="true" fallbackValue="0" xlink:label="lbl26519" id="id13109"/>
    <variable:variableArc xlink:type="arc" xlink:arcrole="http://xbrl.org/arcrole/2008/variable-set" name="ifrs-full:IncreaseDecreaseInLiabilitiesArisingFromFinancingActivities" xlink:from="lbl26518" xlink:to="lbl26519"/>
    <variable:factVariable xlink:type="resource" bindAsSequence="true" fallbackValue="0" xlink:label="lbl26520" id="id13110"/>
    <variable:variableArc xlink:type="arc" xlink:arcrole="http://xbrl.org/arcrole/2008/variable-set" name="ifrs-full:IncreaseDecreaseInLiabilitiesArisingFromFinancingActivities2" xlink:from="lbl26518" xlink:to="lbl26520"/>
    <cf:conceptName xlink:type="resource" xlink:label="lbl26501" id="id13111">
      <cf:concept>
        <cf:qname>ifrs-full:LiabilitiesArisingFromFinancingActivities</cf:qname>
      </cf:concept>
    </cf:conceptName>
    <variable:variableFilterArc xlink:type="arc" xlink:arcrole="http://xbrl.org/arcrole/2008/variable-filter" complement="false" cover="true" xlink:from="lbl26500" xlink:to="lbl26501"/>
    <pf:instantDuration xlink:type="resource" boundary="end" variable="ifrs-full:IncreaseDecreaseInLiabilitiesArisingFromFinancingActivities" xlink:label="lbl26502" id="id13112"/>
    <variable:variableFilterArc xlink:type="arc" xlink:arcrole="http://xbrl.org/arcrole/2008/variable-filter" complement="false" cover="true" xlink:from="lbl26500" xlink:to="lbl26502"/>
    <variable:variableFilterArc xlink:type="arc" xlink:arcrole="http://xbrl.org/arcrole/2008/variable-filter" complement="false" cover="true" xlink:from="lbl26503" xlink:to="lbl26501"/>
    <pf:instantDuration xlink:type="resource" boundary="start" variable="ifrs-full:IncreaseDecreaseInLiabilitiesArisingFromFinancingActivities" xlink:label="lbl26504" id="id13113"/>
    <variable:variableFilterArc xlink:type="arc" xlink:arcrole="http://xbrl.org/arcrole/2008/variable-filter" complement="false" cover="true" xlink:from="lbl26503" xlink:to="lbl26504"/>
    <cf:conceptName xlink:type="resource" xlink:label="lbl26506" id="id13114">
      <cf:concept>
        <cf:qname>ifrs-full:IncreaseDecreaseInLiabilitiesArisingFromFinancingActivities</cf:qname>
      </cf:concept>
    </cf:conceptName>
    <variable:variableFilterArc xlink:type="arc" xlink:arcrole="http://xbrl.org/arcrole/2008/variable-filter" complement="false" cover="true" xlink:from="lbl26505" xlink:to="lbl26506"/>
    <variable:variableFilterArc xlink:type="arc" xlink:arcrole="http://xbrl.org/arcrole/2008/variable-filter" complement="false" cover="true" xlink:from="lbl26511" xlink:to="lbl26501"/>
    <df:explicitDimension xlink:type="resource" xlink:label="lbl26512" id="id13115">
      <df:dimension>
        <df:qname>ifrs-full:LiabilitiesArisingFromFinancingActivitiesAxis</df:qname>
      </df:dimension>
      <df:member>
        <df:qname>ifrs-full:LiabilitiesArisingFromFinancingActivitiesMember</df:qname>
      </df:member>
    </df:explicitDimension>
    <variable:variableFilterArc xlink:type="arc" xlink:arcrole="http://xbrl.org/arcrole/2008/variable-filter" complement="false" cover="true" xlink:from="lbl26511" xlink:to="lbl26512"/>
    <variable:variableFilterArc xlink:type="arc" xlink:arcrole="http://xbrl.org/arcrole/2008/variable-filter" complement="false" cover="true" xlink:from="lbl26513" xlink:to="lbl26501"/>
    <df:explicitDimension xlink:type="resource" xlink:label="lbl26514" id="id13116">
      <df:dimension>
        <df:qname>ifrs-full:LiabilitiesArisingFromFinancingActivitiesAxis</df:qname>
      </df:dimension>
      <df:member>
        <df:qname>ifrs-full:LiabilitiesArisingFromFinancingActivitiesMember</df:qname>
        <df:linkrole>http://www.cmfchile.cl/cl/fr/ci/role/ias-7_2021-03-24_role-851100b</df:linkrole>
        <df:arcrole>http://xbrl.org/int/dim/arcrole/domain-member</df:arcrole>
        <df:axis>child</df:axis>
      </df:member>
    </df:explicitDimension>
    <variable:variableFilterArc xlink:type="arc" xlink:arcrole="http://xbrl.org/arcrole/2008/variable-filter" complement="false" cover="true" xlink:from="lbl26513" xlink:to="lbl26514"/>
    <variable:variableFilterArc xlink:type="arc" xlink:arcrole="http://xbrl.org/arcrole/2008/variable-filter" complement="false" cover="true" xlink:from="lbl26519" xlink:to="lbl26506"/>
    <variable:variableFilterArc xlink:type="arc" xlink:arcrole="http://xbrl.org/arcrole/2008/variable-filter" complement="false" cover="true" xlink:from="lbl26519" xlink:to="lbl26512"/>
    <variable:variableFilterArc xlink:type="arc" xlink:arcrole="http://xbrl.org/arcrole/2008/variable-filter" complement="false" cover="true" xlink:from="lbl26520" xlink:to="lbl26506"/>
    <variable:variableFilterArc xlink:type="arc" xlink:arcrole="http://xbrl.org/arcrole/2008/variable-filter" complement="false" cover="true" xlink:from="lbl26520" xlink:to="lbl26514"/>
    <label:label xlink:type="resource" xml:lang="es" id="id13095" xlink:label="lbl26507">851100</label:label>
    <gen:arc xlink:type="arc" xlink:arcrole="http://xbrl.org/arcrole/2008/element-label" xlink:from="lbl26499" xlink:to="lbl26507"/>
    <label:label xlink:type="resource" xml:lang="es" id="id13098" xlink:label="lbl26515">851101</label:label>
    <gen:arc xlink:type="arc" xlink:arcrole="http://xbrl.org/arcrole/2008/element-label" xlink:from="lbl26510" xlink:to="lbl26515"/>
    <label:label xlink:type="resource" xml:lang="es" id="id13101" xlink:label="lbl26521">851102</label:label>
    <gen:arc xlink:type="arc" xlink:arcrole="http://xbrl.org/arcrole/2008/element-label" xlink:from="lbl26518" xlink:to="lbl26521"/>
    <msg:message xlink:type="resource" id="id13096" xml:lang="es" xlink:role="http://www.xbrl.org/2010/role/message" xlink:label="lbl26508">Rol[851100b] Regla851100: Informa Pasivos que surgen de las actividades de financiación al final del periodo OK; contexto  {$ifrs-full:IncreaseDecreaseInLiabilitiesArisingFromFinancingActivities/@contextRef}</msg:message>
    <gen:arc xlink:type="arc" xlink:arcrole="http://xbrl.org/arcrole/2010/assertion-satisfied-message" xlink:from="lbl26499" xlink:to="lbl26508"/>
    <msg:message xlink:type="resource" id="id13099" xml:lang="es" xlink:role="http://www.xbrl.org/2010/role/message" xlink:label="lbl26516">Rol[851100b] Regla851101: Suma dimensiones Pasivos que surgen de las actividades de financiación OK; contexto  {$ifrs-full:LiabilitiesArisingFromFinancingActivities/@contextRef}</msg:message>
    <gen:arc xlink:type="arc" xlink:arcrole="http://xbrl.org/arcrole/2010/assertion-satisfied-message" xlink:from="lbl26510" xlink:to="lbl26516"/>
    <msg:message xlink:type="resource" id="id13102" xml:lang="es" xlink:role="http://www.xbrl.org/2010/role/message" xlink:label="lbl26522">Rol[851100b] Regla851102: Suma dimensiones Incremento (disminución) total en pasivos que surgen de actividades de financiación OK; contexto  {$ifrs-full:IncreaseDecreaseInLiabilitiesArisingFromFinancingActivities/@contextRef}</msg:message>
    <gen:arc xlink:type="arc" xlink:arcrole="http://xbrl.org/arcrole/2010/assertion-satisfied-message" xlink:from="lbl26518" xlink:to="lbl26522"/>
    <msg:message xlink:type="resource" id="id13097" xml:lang="es" xlink:role="http://www.xbrl.org/2010/role/message" xlink:label="lbl26509">Rol[851100b] Regla851100: Error Pasivos que surgen de las actividades de financiación al final del periodo; contexto  {$ifrs-full:IncreaseDecreaseInLiabilitiesArisingFromFinancingActivities/@contextRef}</msg:message>
    <gen:arc xlink:type="arc" xlink:arcrole="http://xbrl.org/arcrole/2010/assertion-unsatisfied-message" xlink:from="lbl26499" xlink:to="lbl26509"/>
    <msg:message xlink:type="resource" id="id13100" xml:lang="es" xlink:role="http://www.xbrl.org/2010/role/message" xlink:label="lbl26517">Rol[851100b] Regla851101: Error en suma dimensiones Pasivos que surgen de las actividades de financiación; contexto  {$ifrs-full:LiabilitiesArisingFromFinancingActivities/@contextRef}</msg:message>
    <gen:arc xlink:type="arc" xlink:arcrole="http://xbrl.org/arcrole/2010/assertion-unsatisfied-message" xlink:from="lbl26510" xlink:to="lbl26517"/>
    <msg:message xlink:type="resource" id="id13103" xml:lang="es" xlink:role="http://www.xbrl.org/2010/role/message" xlink:label="lbl26523">Rol[851100b] Regla851102: Error en suma dimensiones Incremento (disminución) total en pasivos que surgen de actividades de financiación; contexto  {$ifrs-full:IncreaseDecreaseInLiabilitiesArisingFromFinancingActivities/@contextRef}</msg:message>
    <gen:arc xlink:type="arc" xlink:arcrole="http://xbrl.org/arcrole/2010/assertion-unsatisfied-message" xlink:from="lbl26518" xlink:to="lbl26523"/>
  </gen:link>
</link:linkbase>