﻿<?xml version="1.0" encoding="utf-8"?>
<?taxonomy-version 1.0.0.0 ?>  <?taxonomy-set-overall-version 3.3.0.0 ?>
<!--(C) EBA-->
<link:linkbase xmlns:xsi="http://www.w3.org/2001/XMLSchema-instance" xmlns:xlink="http://www.w3.org/1999/xlink" xmlns:link="http://www.xbrl.org/2003/linkbase" xmlns:gen="http://xbrl.org/2008/generic" xmlns:label="http://xbrl.org/2008/label" xsi:schemaLocation="http://www.xbrl.org/2003/linkbase http://www.xbrl.org/2003/xbrl-linkbase-2003-12-31.xsd http://xbrl.org/2008/generic http://www.xbrl.org/2008/generic-link.xsd http://xbrl.org/2008/label http://www.xbrl.org/2008/generic-label.xsd">
  <link:arcroleRef arcroleURI="http://xbrl.org/arcrole/2008/element-label" xlink:type="simple" xlink:href="http://www.xbrl.org/2008/generic-label.xsd#element-label" />
  <link:roleRef roleURI="http://www.xbrl.org/2008/role/label" xlink:type="simple" xlink:href="http://www.xbrl.org/2008/generic-label.xsd#standard-label" />
  <link:roleRef roleURI="http://www.xbrl.org/2008/role/verboseLabel" xlink:type="simple" xlink:href="http://www.xbrl.org/2008/generic-label.xsd#verbose-label" />
  <gen:link xlink:type="extended" xlink:role="http://www.xbrl.org/2003/role/link">
    <link:loc xlink:type="locator" xlink:href="u_02.00-rend.xml#eba_tU_02.00" xlink:label="loc_eba_tU_02.00" />
    <label:label xlink:type="resource" xlink:label="label_eba_tU_02.00" xml:lang="en" xlink:role="http://www.xbrl.org/2008/role/label">U 02.00</label:label>
    <gen:arc xlink:type="arc" xlink:arcrole="http://xbrl.org/arcrole/2008/element-label" xlink:from="loc_eba_tU_02.00" xlink:to="label_eba_tU_02.00" />
    <label:label xlink:type="resource" xlink:label="label_eba_tU_02.00_1" xml:lang="en" xlink:role="http://www.xbrl.org/2008/role/verboseLabel">U 02.00 Intermediate Parent Undertaking (Annex III)</label:label>
    <gen:arc xlink:type="arc" xlink:arcrole="http://xbrl.org/arcrole/2008/element-label" xlink:from="loc_eba_tU_02.00" xlink:to="label_eba_tU_02.00_1" />
    <link:loc xlink:type="locator" xlink:href="u_02.00-rend.xml#eba_a1" xlink:label="loc_eba_a1" />
    <label:label xlink:type="resource" xlink:label="label_eba_a1" xml:lang="en" xlink:role="http://www.xbrl.org/2008/role/label">Columns</label:label>
    <gen:arc xlink:type="arc" xlink:arcrole="http://xbrl.org/arcrole/2008/element-label" xlink:from="loc_eba_a1" xlink:to="label_eba_a1" />
    <link:loc xlink:type="locator" xlink:href="u_02.00-rend.xml#eba_c86807" xlink:label="loc_eba_c86807" />
    <label:label xlink:type="resource" xlink:label="label_eba_c86807" xml:lang="en" xlink:role="http://www.xbrl.org/2008/role/label">Third-country group owning the EU entity (ultimate parent undertaking) as per Art 3(64) CRD</label:label>
    <gen:arc xlink:type="arc" xlink:arcrole="http://xbrl.org/arcrole/2008/element-label" xlink:from="loc_eba_c86807" xlink:to="label_eba_c86807" />
    <link:loc xlink:type="locator" xlink:href="u_02.00-rend.xml#eba_c86808" xlink:label="loc_eba_c86808" />
    <label:label xlink:type="resource" xlink:label="label_eba_c86808" xml:lang="en" xlink:role="http://www.xbrl.org/2008/role/label">Name</label:label>
    <gen:arc xlink:type="arc" xlink:arcrole="http://xbrl.org/arcrole/2008/element-label" xlink:from="loc_eba_c86808" xlink:to="label_eba_c86808" />
    <link:loc xlink:type="locator" xlink:href="u_02.00-rend.xml#eba_c86809" xlink:label="loc_eba_c86809" />
    <label:label xlink:type="resource" xlink:label="label_eba_c86809" xml:lang="en" xlink:role="http://www.xbrl.org/2008/role/label">Country</label:label>
    <gen:arc xlink:type="arc" xlink:arcrole="http://xbrl.org/arcrole/2008/element-label" xlink:from="loc_eba_c86809" xlink:to="label_eba_c86809" />
    <link:loc xlink:type="locator" xlink:href="u_02.00-rend.xml#eba_c86810" xlink:label="loc_eba_c86810" />
    <label:label xlink:type="resource" xlink:label="label_eba_c86810" xml:lang="en" xlink:role="http://www.xbrl.org/2008/role/label">LEI</label:label>
    <gen:arc xlink:type="arc" xlink:arcrole="http://xbrl.org/arcrole/2008/element-label" xlink:from="loc_eba_c86810" xlink:to="label_eba_c86810" />
    <link:loc xlink:type="locator" xlink:href="u_02.00-rend.xml#eba_c86811" xlink:label="loc_eba_c86811" />
    <label:label xlink:type="resource" xlink:label="label_eba_c86811" xml:lang="en" xlink:role="http://www.xbrl.org/2008/role/label">IPU requirement timeline</label:label>
    <gen:arc xlink:type="arc" xlink:arcrole="http://xbrl.org/arcrole/2008/element-label" xlink:from="loc_eba_c86811" xlink:to="label_eba_c86811" />
    <link:loc xlink:type="locator" xlink:href="u_02.00-rend.xml#eba_c86812" xlink:label="loc_eba_c86812" />
    <label:label xlink:type="resource" xlink:label="label_eba_c86812" xml:lang="en" xlink:role="http://www.xbrl.org/2008/role/label">If a request for 2 IPUs has been filed, indicate under which article (21b(2)(a) or (b) CRD)</label:label>
    <gen:arc xlink:type="arc" xlink:arcrole="http://xbrl.org/arcrole/2008/element-label" xlink:from="loc_eba_c86812" xlink:to="label_eba_c86812" />
    <link:loc xlink:type="locator" xlink:href="u_02.00-rend.xml#eba_c86813" xlink:label="loc_eba_c86813" />
    <label:label xlink:type="resource" xlink:label="label_eba_c86813" xml:lang="en" xlink:role="http://www.xbrl.org/2008/role/label">Supervised entity</label:label>
    <gen:arc xlink:type="arc" xlink:arcrole="http://xbrl.org/arcrole/2008/element-label" xlink:from="loc_eba_c86813" xlink:to="label_eba_c86813" />
    <link:loc xlink:type="locator" xlink:href="u_02.00-rend.xml#eba_c86814" xlink:label="loc_eba_c86814" />
    <label:label xlink:type="resource" xlink:label="label_eba_c86814" xml:lang="en" xlink:role="http://www.xbrl.org/2008/role/label">Name</label:label>
    <gen:arc xlink:type="arc" xlink:arcrole="http://xbrl.org/arcrole/2008/element-label" xlink:from="loc_eba_c86814" xlink:to="label_eba_c86814" />
    <link:loc xlink:type="locator" xlink:href="u_02.00-rend.xml#eba_c86817" xlink:label="loc_eba_c86817" />
    <label:label xlink:type="resource" xlink:label="label_eba_c86817" xml:lang="en" xlink:role="http://www.xbrl.org/2008/role/label">National code</label:label>
    <gen:arc xlink:type="arc" xlink:arcrole="http://xbrl.org/arcrole/2008/element-label" xlink:from="loc_eba_c86817" xlink:to="label_eba_c86817" />
    <link:loc xlink:type="locator" xlink:href="u_02.00-rend.xml#eba_c86818" xlink:label="loc_eba_c86818" />
    <label:label xlink:type="resource" xlink:label="label_eba_c86818" xml:lang="en" xlink:role="http://www.xbrl.org/2008/role/label">Type of entity</label:label>
    <gen:arc xlink:type="arc" xlink:arcrole="http://xbrl.org/arcrole/2008/element-label" xlink:from="loc_eba_c86818" xlink:to="label_eba_c86818" />
    <link:loc xlink:type="locator" xlink:href="u_02.00-rend.xml#eba_c86819" xlink:label="loc_eba_c86819" />
    <label:label xlink:type="resource" xlink:label="label_eba_c86819" xml:lang="en" xlink:role="http://www.xbrl.org/2008/role/label">Member State of establishment</label:label>
    <gen:arc xlink:type="arc" xlink:arcrole="http://xbrl.org/arcrole/2008/element-label" xlink:from="loc_eba_c86819" xlink:to="label_eba_c86819" />
    <link:loc xlink:type="locator" xlink:href="u_02.00-rend.xml#eba_c86820" xlink:label="loc_eba_c86820" />
    <label:label xlink:type="resource" xlink:label="label_eba_c86820" xml:lang="en" xlink:role="http://www.xbrl.org/2008/role/label">Competent authority</label:label>
    <gen:arc xlink:type="arc" xlink:arcrole="http://xbrl.org/arcrole/2008/element-label" xlink:from="loc_eba_c86820" xlink:to="label_eba_c86820" />
    <link:loc xlink:type="locator" xlink:href="u_02.00-rend.xml#eba_c86821" xlink:label="loc_eba_c86821" />
    <label:label xlink:type="resource" xlink:label="label_eba_c86821" xml:lang="en" xlink:role="http://www.xbrl.org/2008/role/label">Is the supervised entity an EU parent institution? (Y/N)</label:label>
    <gen:arc xlink:type="arc" xlink:arcrole="http://xbrl.org/arcrole/2008/element-label" xlink:from="loc_eba_c86821" xlink:to="label_eba_c86821" />
    <link:loc xlink:type="locator" xlink:href="u_02.00-rend.xml#eba_c86822" xlink:label="loc_eba_c86822" />
    <label:label xlink:type="resource" xlink:label="label_eba_c86822" xml:lang="en" xlink:role="http://www.xbrl.org/2008/role/label">Total value of assets</label:label>
    <gen:arc xlink:type="arc" xlink:arcrole="http://xbrl.org/arcrole/2008/element-label" xlink:from="loc_eba_c86822" xlink:to="label_eba_c86822" />
    <link:loc xlink:type="locator" xlink:href="u_02.00-rend.xml#eba_c86823" xlink:label="loc_eba_c86823" />
    <label:label xlink:type="resource" xlink:label="label_eba_c86823" xml:lang="en" xlink:role="http://www.xbrl.org/2008/role/label">If entity is a branch of a credit institution (field 0110='TCBCI'): 
Total value of liabilities</label:label>
    <gen:arc xlink:type="arc" xlink:arcrole="http://xbrl.org/arcrole/2008/element-label" xlink:from="loc_eba_c86823" xlink:to="label_eba_c86823" />
    <link:loc xlink:type="locator" xlink:href="u_02.00-rend.xml#eba_c86824" xlink:label="loc_eba_c86824" />
    <label:label xlink:type="resource" xlink:label="label_eba_c86824" xml:lang="en" xlink:role="http://www.xbrl.org/2008/role/label">If entity is an institution, case (a, b, c, d)</label:label>
    <gen:arc xlink:type="arc" xlink:arcrole="http://xbrl.org/arcrole/2008/element-label" xlink:from="loc_eba_c86824" xlink:to="label_eba_c86824" />
    <link:loc xlink:type="locator" xlink:href="u_02.00-rend.xml#eba_c86825" xlink:label="loc_eba_c86825" />
    <label:label xlink:type="resource" xlink:label="label_eba_c86825" xml:lang="en" xlink:role="http://www.xbrl.org/2008/role/label">If entity is a TCB: 
Types of activities that the branch is authorised to carry out under CRD</label:label>
    <gen:arc xlink:type="arc" xlink:arcrole="http://xbrl.org/arcrole/2008/element-label" xlink:from="loc_eba_c86825" xlink:to="label_eba_c86825" />
    <link:loc xlink:type="locator" xlink:href="u_02.00-rend.xml#eba_c86826" xlink:label="loc_eba_c86826" />
    <label:label xlink:type="resource" xlink:label="label_eba_c86826" xml:lang="en" xlink:role="http://www.xbrl.org/2008/role/label">If entity is a TCB: 
Types of services and activities that the branch is authorised to carry out under MiFID</label:label>
    <gen:arc xlink:type="arc" xlink:arcrole="http://xbrl.org/arcrole/2008/element-label" xlink:from="loc_eba_c86826" xlink:to="label_eba_c86826" />
    <link:loc xlink:type="locator" xlink:href="u_02.00-rend.xml#eba_a2" xlink:label="loc_eba_a2" />
    <label:label xlink:type="resource" xlink:label="label_eba_a2" xml:lang="en" xlink:role="http://www.xbrl.org/2008/role/label">Supervised entity: Type of code</label:label>
    <gen:arc xlink:type="arc" xlink:arcrole="http://xbrl.org/arcrole/2008/element-label" xlink:from="loc_eba_a2" xlink:to="label_eba_a2" />
    <link:loc xlink:type="locator" xlink:href="u_02.00-rend.xml#eba_a3" xlink:label="loc_eba_a3" />
    <label:label xlink:type="resource" xlink:label="label_eba_a3" xml:lang="en" xlink:role="http://www.xbrl.org/2008/role/label">Supervised entity: Code</label:label>
    <gen:arc xlink:type="arc" xlink:arcrole="http://xbrl.org/arcrole/2008/element-label" xlink:from="loc_eba_a3" xlink:to="label_eba_a3" />
  </gen:link>
</link:linkbase>