﻿<?xml version="1.0" encoding="utf-8"?>
<?taxonomy-version 1.0.0.0 ?>  <?taxonomy-set-overall-version 3.3.0.0 ?>
<!--(C) EBA-->
<link:linkbase xmlns:xsi="http://www.w3.org/2001/XMLSchema-instance" xmlns:xlink="http://www.w3.org/1999/xlink" xmlns:link="http://www.xbrl.org/2003/linkbase" xmlns:gen="http://xbrl.org/2008/generic" xmlns:label="http://xbrl.org/2008/label" xsi:schemaLocation="http://www.xbrl.org/2003/linkbase http://www.xbrl.org/2003/xbrl-linkbase-2003-12-31.xsd http://xbrl.org/2008/generic http://www.xbrl.org/2008/generic-link.xsd http://xbrl.org/2008/label http://www.xbrl.org/2008/generic-label.xsd">
  <link:arcroleRef arcroleURI="http://xbrl.org/arcrole/2008/element-label" xlink:type="simple" xlink:href="http://www.xbrl.org/2008/generic-label.xsd#element-label" />
  <link:roleRef roleURI="http://www.xbrl.org/2008/role/label" xlink:type="simple" xlink:href="http://www.xbrl.org/2008/generic-label.xsd#standard-label" />
  <link:roleRef roleURI="http://www.xbrl.org/2008/role/verboseLabel" xlink:type="simple" xlink:href="http://www.xbrl.org/2008/generic-label.xsd#verbose-label" />
  <gen:link xlink:type="extended" xlink:role="http://www.xbrl.org/2003/role/link">
    <link:loc xlink:type="locator" xlink:href="d_02.00.a-rend.xml#eba_tD_02.00.a" xlink:label="loc_eba_tD_02.00.a" />
    <label:label xlink:type="resource" xlink:label="label_eba_tD_02.00.a" xml:lang="en" xlink:role="http://www.xbrl.org/2008/role/label">D 02.00.a</label:label>
    <gen:arc xlink:type="arc" xlink:arcrole="http://xbrl.org/arcrole/2008/element-label" xlink:from="loc_eba_tD_02.00.a" xlink:to="label_eba_tD_02.00.a" />
    <label:label xlink:type="resource" xlink:label="label_eba_tD_02.00.a_1" xml:lang="en" xlink:role="http://www.xbrl.org/2008/role/verboseLabel">D 02.00.a Banking book - Indicators of potential climate change transition risk: Loans collateralised by immovable property - Energy efficiency of the collateral (I)</label:label>
    <gen:arc xlink:type="arc" xlink:arcrole="http://xbrl.org/arcrole/2008/element-label" xlink:from="loc_eba_tD_02.00.a" xlink:to="label_eba_tD_02.00.a_1" />
    <link:loc xlink:type="locator" xlink:href="d_02.00.a-rend.xml#eba_a1" xlink:label="loc_eba_a1" />
    <label:label xlink:type="resource" xlink:label="label_eba_a1" xml:lang="en" xlink:role="http://www.xbrl.org/2008/role/label">Columns</label:label>
    <gen:arc xlink:type="arc" xlink:arcrole="http://xbrl.org/arcrole/2008/element-label" xlink:from="loc_eba_a1" xlink:to="label_eba_a1" />
    <link:loc xlink:type="locator" xlink:href="d_02.00.a-rend.xml#eba_c86414" xlink:label="loc_eba_c86414" />
    <label:label xlink:type="resource" xlink:label="label_eba_c86414" xml:lang="en" xlink:role="http://www.xbrl.org/2008/role/label">Total gross carrying amount (in M EUR)</label:label>
    <gen:arc xlink:type="arc" xlink:arcrole="http://xbrl.org/arcrole/2008/element-label" xlink:from="loc_eba_c86414" xlink:to="label_eba_c86414" />
    <link:loc xlink:type="locator" xlink:href="d_02.00.a-rend.xml#eba_c86415" xlink:label="loc_eba_c86415" />
    <label:label xlink:type="resource" xlink:label="label_eba_c86415" xml:lang="en" xlink:role="http://www.xbrl.org/2008/role/label">Level of energy efficiency (EP score in kWh/m² of collateral)</label:label>
    <gen:arc xlink:type="arc" xlink:arcrole="http://xbrl.org/arcrole/2008/element-label" xlink:from="loc_eba_c86415" xlink:to="label_eba_c86415" />
    <link:loc xlink:type="locator" xlink:href="d_02.00.a-rend.xml#eba_c86416" xlink:label="loc_eba_c86416" />
    <label:label xlink:type="resource" xlink:label="label_eba_c86416" xml:lang="en" xlink:role="http://www.xbrl.org/2008/role/label">0; &lt;= 100</label:label>
    <gen:arc xlink:type="arc" xlink:arcrole="http://xbrl.org/arcrole/2008/element-label" xlink:from="loc_eba_c86416" xlink:to="label_eba_c86416" />
    <link:loc xlink:type="locator" xlink:href="d_02.00.a-rend.xml#eba_c86417" xlink:label="loc_eba_c86417" />
    <label:label xlink:type="resource" xlink:label="label_eba_c86417" xml:lang="en" xlink:role="http://www.xbrl.org/2008/role/label">&gt; 100; &lt;= 200</label:label>
    <gen:arc xlink:type="arc" xlink:arcrole="http://xbrl.org/arcrole/2008/element-label" xlink:from="loc_eba_c86417" xlink:to="label_eba_c86417" />
    <link:loc xlink:type="locator" xlink:href="d_02.00.a-rend.xml#eba_c86418" xlink:label="loc_eba_c86418" />
    <label:label xlink:type="resource" xlink:label="label_eba_c86418" xml:lang="en" xlink:role="http://www.xbrl.org/2008/role/label">&gt; 200; &lt;= 300</label:label>
    <gen:arc xlink:type="arc" xlink:arcrole="http://xbrl.org/arcrole/2008/element-label" xlink:from="loc_eba_c86418" xlink:to="label_eba_c86418" />
    <link:loc xlink:type="locator" xlink:href="d_02.00.a-rend.xml#eba_c86419" xlink:label="loc_eba_c86419" />
    <label:label xlink:type="resource" xlink:label="label_eba_c86419" xml:lang="en" xlink:role="http://www.xbrl.org/2008/role/label">&gt; 300; &lt;= 400</label:label>
    <gen:arc xlink:type="arc" xlink:arcrole="http://xbrl.org/arcrole/2008/element-label" xlink:from="loc_eba_c86419" xlink:to="label_eba_c86419" />
    <link:loc xlink:type="locator" xlink:href="d_02.00.a-rend.xml#eba_c86420" xlink:label="loc_eba_c86420" />
    <label:label xlink:type="resource" xlink:label="label_eba_c86420" xml:lang="en" xlink:role="http://www.xbrl.org/2008/role/label">&gt; 400; &lt;= 500</label:label>
    <gen:arc xlink:type="arc" xlink:arcrole="http://xbrl.org/arcrole/2008/element-label" xlink:from="loc_eba_c86420" xlink:to="label_eba_c86420" />
    <link:loc xlink:type="locator" xlink:href="d_02.00.a-rend.xml#eba_c86421" xlink:label="loc_eba_c86421" />
    <label:label xlink:type="resource" xlink:label="label_eba_c86421" xml:lang="en" xlink:role="http://www.xbrl.org/2008/role/label">&gt; 500</label:label>
    <gen:arc xlink:type="arc" xlink:arcrole="http://xbrl.org/arcrole/2008/element-label" xlink:from="loc_eba_c86421" xlink:to="label_eba_c86421" />
    <link:loc xlink:type="locator" xlink:href="d_02.00.a-rend.xml#eba_c86422" xlink:label="loc_eba_c86422" />
    <label:label xlink:type="resource" xlink:label="label_eba_c86422" xml:lang="en" xlink:role="http://www.xbrl.org/2008/role/label">Level of energy efficiency (EPC label of collateral)</label:label>
    <gen:arc xlink:type="arc" xlink:arcrole="http://xbrl.org/arcrole/2008/element-label" xlink:from="loc_eba_c86422" xlink:to="label_eba_c86422" />
    <link:loc xlink:type="locator" xlink:href="d_02.00.a-rend.xml#eba_c86423" xlink:label="loc_eba_c86423" />
    <label:label xlink:type="resource" xlink:label="label_eba_c86423" xml:lang="en" xlink:role="http://www.xbrl.org/2008/role/label">A</label:label>
    <gen:arc xlink:type="arc" xlink:arcrole="http://xbrl.org/arcrole/2008/element-label" xlink:from="loc_eba_c86423" xlink:to="label_eba_c86423" />
    <link:loc xlink:type="locator" xlink:href="d_02.00.a-rend.xml#eba_c86424" xlink:label="loc_eba_c86424" />
    <label:label xlink:type="resource" xlink:label="label_eba_c86424" xml:lang="en" xlink:role="http://www.xbrl.org/2008/role/label">B</label:label>
    <gen:arc xlink:type="arc" xlink:arcrole="http://xbrl.org/arcrole/2008/element-label" xlink:from="loc_eba_c86424" xlink:to="label_eba_c86424" />
    <link:loc xlink:type="locator" xlink:href="d_02.00.a-rend.xml#eba_c86425" xlink:label="loc_eba_c86425" />
    <label:label xlink:type="resource" xlink:label="label_eba_c86425" xml:lang="en" xlink:role="http://www.xbrl.org/2008/role/label">C</label:label>
    <gen:arc xlink:type="arc" xlink:arcrole="http://xbrl.org/arcrole/2008/element-label" xlink:from="loc_eba_c86425" xlink:to="label_eba_c86425" />
    <link:loc xlink:type="locator" xlink:href="d_02.00.a-rend.xml#eba_c86426" xlink:label="loc_eba_c86426" />
    <label:label xlink:type="resource" xlink:label="label_eba_c86426" xml:lang="en" xlink:role="http://www.xbrl.org/2008/role/label">D</label:label>
    <gen:arc xlink:type="arc" xlink:arcrole="http://xbrl.org/arcrole/2008/element-label" xlink:from="loc_eba_c86426" xlink:to="label_eba_c86426" />
    <link:loc xlink:type="locator" xlink:href="d_02.00.a-rend.xml#eba_c86427" xlink:label="loc_eba_c86427" />
    <label:label xlink:type="resource" xlink:label="label_eba_c86427" xml:lang="en" xlink:role="http://www.xbrl.org/2008/role/label">E</label:label>
    <gen:arc xlink:type="arc" xlink:arcrole="http://xbrl.org/arcrole/2008/element-label" xlink:from="loc_eba_c86427" xlink:to="label_eba_c86427" />
    <link:loc xlink:type="locator" xlink:href="d_02.00.a-rend.xml#eba_c86428" xlink:label="loc_eba_c86428" />
    <label:label xlink:type="resource" xlink:label="label_eba_c86428" xml:lang="en" xlink:role="http://www.xbrl.org/2008/role/label">F</label:label>
    <gen:arc xlink:type="arc" xlink:arcrole="http://xbrl.org/arcrole/2008/element-label" xlink:from="loc_eba_c86428" xlink:to="label_eba_c86428" />
    <link:loc xlink:type="locator" xlink:href="d_02.00.a-rend.xml#eba_c86429" xlink:label="loc_eba_c86429" />
    <label:label xlink:type="resource" xlink:label="label_eba_c86429" xml:lang="en" xlink:role="http://www.xbrl.org/2008/role/label">G</label:label>
    <gen:arc xlink:type="arc" xlink:arcrole="http://xbrl.org/arcrole/2008/element-label" xlink:from="loc_eba_c86429" xlink:to="label_eba_c86429" />
    <link:loc xlink:type="locator" xlink:href="d_02.00.a-rend.xml#eba_c86430" xlink:label="loc_eba_c86430" />
    <label:label xlink:type="resource" xlink:label="label_eba_c86430" xml:lang="en" xlink:role="http://www.xbrl.org/2008/role/label">Without EPC label of collateral</label:label>
    <gen:arc xlink:type="arc" xlink:arcrole="http://xbrl.org/arcrole/2008/element-label" xlink:from="loc_eba_c86430" xlink:to="label_eba_c86430" />
    <link:loc xlink:type="locator" xlink:href="d_02.00.a-rend.xml#eba_a2" xlink:label="loc_eba_a2" />
    <label:label xlink:type="resource" xlink:label="label_eba_a2" xml:lang="en" xlink:role="http://www.xbrl.org/2008/role/label">Rows</label:label>
    <gen:arc xlink:type="arc" xlink:arcrole="http://xbrl.org/arcrole/2008/element-label" xlink:from="loc_eba_a2" xlink:to="label_eba_a2" />
    <link:loc xlink:type="locator" xlink:href="d_02.00.a-rend.xml#eba_c86432" xlink:label="loc_eba_c86432" />
    <label:label xlink:type="resource" xlink:label="label_eba_c86432" xml:lang="en" xlink:role="http://www.xbrl.org/2008/role/label">Total EU area</label:label>
    <gen:arc xlink:type="arc" xlink:arcrole="http://xbrl.org/arcrole/2008/element-label" xlink:from="loc_eba_c86432" xlink:to="label_eba_c86432" />
    <link:loc xlink:type="locator" xlink:href="d_02.00.a-rend.xml#eba_c86433" xlink:label="loc_eba_c86433" />
    <label:label xlink:type="resource" xlink:label="label_eba_c86433" xml:lang="en" xlink:role="http://www.xbrl.org/2008/role/label">Of which Loans collateralised by commercial immovable property</label:label>
    <gen:arc xlink:type="arc" xlink:arcrole="http://xbrl.org/arcrole/2008/element-label" xlink:from="loc_eba_c86433" xlink:to="label_eba_c86433" />
    <link:loc xlink:type="locator" xlink:href="d_02.00.a-rend.xml#eba_c86434" xlink:label="loc_eba_c86434" />
    <label:label xlink:type="resource" xlink:label="label_eba_c86434" xml:lang="en" xlink:role="http://www.xbrl.org/2008/role/label">Of which Loans collateralised by residential immovable property</label:label>
    <gen:arc xlink:type="arc" xlink:arcrole="http://xbrl.org/arcrole/2008/element-label" xlink:from="loc_eba_c86434" xlink:to="label_eba_c86434" />
    <link:loc xlink:type="locator" xlink:href="d_02.00.a-rend.xml#eba_c86435" xlink:label="loc_eba_c86435" />
    <label:label xlink:type="resource" xlink:label="label_eba_c86435" xml:lang="en" xlink:role="http://www.xbrl.org/2008/role/label">Of which Collateral obtained by taking possession: residential and commercial immovable properties</label:label>
    <gen:arc xlink:type="arc" xlink:arcrole="http://xbrl.org/arcrole/2008/element-label" xlink:from="loc_eba_c86435" xlink:to="label_eba_c86435" />
    <link:loc xlink:type="locator" xlink:href="d_02.00.a-rend.xml#eba_c86436" xlink:label="loc_eba_c86436" />
    <label:label xlink:type="resource" xlink:label="label_eba_c86436" xml:lang="en" xlink:role="http://www.xbrl.org/2008/role/label">Of which Level of energy efficiency (EP score in kWh/m² of collateral) estimated</label:label>
    <gen:arc xlink:type="arc" xlink:arcrole="http://xbrl.org/arcrole/2008/element-label" xlink:from="loc_eba_c86436" xlink:to="label_eba_c86436" />
    <link:loc xlink:type="locator" xlink:href="d_02.00.a-rend.xml#eba_c86437" xlink:label="loc_eba_c86437" />
    <label:label xlink:type="resource" xlink:label="label_eba_c86437" xml:lang="en" xlink:role="http://www.xbrl.org/2008/role/label">Total non-EU area</label:label>
    <gen:arc xlink:type="arc" xlink:arcrole="http://xbrl.org/arcrole/2008/element-label" xlink:from="loc_eba_c86437" xlink:to="label_eba_c86437" />
    <link:loc xlink:type="locator" xlink:href="d_02.00.a-rend.xml#eba_c86438" xlink:label="loc_eba_c86438" />
    <label:label xlink:type="resource" xlink:label="label_eba_c86438" xml:lang="en" xlink:role="http://www.xbrl.org/2008/role/label">Of which Loans collateralised by commercial immovable property</label:label>
    <gen:arc xlink:type="arc" xlink:arcrole="http://xbrl.org/arcrole/2008/element-label" xlink:from="loc_eba_c86438" xlink:to="label_eba_c86438" />
    <link:loc xlink:type="locator" xlink:href="d_02.00.a-rend.xml#eba_c86439" xlink:label="loc_eba_c86439" />
    <label:label xlink:type="resource" xlink:label="label_eba_c86439" xml:lang="en" xlink:role="http://www.xbrl.org/2008/role/label">Of which Loans collateralised by residential immovable property</label:label>
    <gen:arc xlink:type="arc" xlink:arcrole="http://xbrl.org/arcrole/2008/element-label" xlink:from="loc_eba_c86439" xlink:to="label_eba_c86439" />
    <link:loc xlink:type="locator" xlink:href="d_02.00.a-rend.xml#eba_c86440" xlink:label="loc_eba_c86440" />
    <label:label xlink:type="resource" xlink:label="label_eba_c86440" xml:lang="en" xlink:role="http://www.xbrl.org/2008/role/label">Of which Collateral obtained by taking possession: residential and commercial immovable properties</label:label>
    <gen:arc xlink:type="arc" xlink:arcrole="http://xbrl.org/arcrole/2008/element-label" xlink:from="loc_eba_c86440" xlink:to="label_eba_c86440" />
    <link:loc xlink:type="locator" xlink:href="d_02.00.a-rend.xml#eba_c86441" xlink:label="loc_eba_c86441" />
    <label:label xlink:type="resource" xlink:label="label_eba_c86441" xml:lang="en" xlink:role="http://www.xbrl.org/2008/role/label">Of which Level of energy efficiency (EP score in kWh/m² of collateral) estimated</label:label>
    <gen:arc xlink:type="arc" xlink:arcrole="http://xbrl.org/arcrole/2008/element-label" xlink:from="loc_eba_c86441" xlink:to="label_eba_c86441" />
  </gen:link>
</link:linkbase>