﻿<?xml version="1.0" encoding="utf-8"?>
<?taxonomy-version 1.0.0.0 ?>  <?taxonomy-set-overall-version 3.3.0.0 ?>
<!--(C) EBA-->
<link:linkbase xmlns:xsi="http://www.w3.org/2001/XMLSchema-instance" xmlns:xlink="http://www.w3.org/1999/xlink" xmlns:link="http://www.xbrl.org/2003/linkbase" xmlns:gen="http://xbrl.org/2008/generic" xmlns:label="http://xbrl.org/2008/label" xmlns:formula="http://xbrl.org/2008/formula" xmlns:df="http://xbrl.org/2008/filter/dimension" xmlns:table="http://xbrl.org/2014/table" xmlns:model="http://www.eurofiling.info/xbrl/ext/model" xmlns:eba_dim="http://www.eba.europa.eu/xbrl/crr/dict/dim" xmlns:eba_MC="http://www.eba.europa.eu/xbrl/crr/dict/dom/MC" xmlns:eba_IA="http://www.eba.europa.eu/xbrl/crr/dict/dom/IA" xmlns:eba_BA="http://www.eba.europa.eu/xbrl/crr/dict/dom/BA" xmlns:eba_CT="http://www.eba.europa.eu/xbrl/crr/dict/dom/CT" xmlns:eba_met="http://www.eba.europa.eu/xbrl/crr/dict/met" xmlns:eba_GA="http://www.eba.europa.eu/xbrl/crr/dict/dom/GA" xsi:schemaLocation="http://www.xbrl.org/2003/linkbase http://www.xbrl.org/2003/xbrl-linkbase-2003-12-31.xsd http://xbrl.org/2008/generic http://www.xbrl.org/2008/generic-link.xsd http://xbrl.org/2008/label http://www.xbrl.org/2008/generic-label.xsd http://xbrl.org/2008/formula http://www.xbrl.org/2008/formula.xsd http://xbrl.org/2008/filter/dimension http://www.xbrl.org/2008/dimension-filter.xsd http://xbrl.org/2014/table http://www.xbrl.org/2014/table.xsd http://www.eurofiling.info/xbrl/ext/model http://www.eurofiling.info/eu/fr/xbrl/ext/model.xsd">
  <link:arcroleRef arcroleURI="http://xbrl.org/arcrole/2014/breakdown-tree" xlink:type="simple" xlink:href="http://www.xbrl.org/2014/table.xsd#breakdown-tree" />
  <link:arcroleRef arcroleURI="http://xbrl.org/arcrole/2014/definition-node-subtree" xlink:type="simple" xlink:href="http://www.xbrl.org/2014/table.xsd#definition-node-subtree" />
  <link:arcroleRef arcroleURI="http://xbrl.org/arcrole/2014/table-breakdown" xlink:type="simple" xlink:href="http://www.xbrl.org/2014/table.xsd#table-breakdown" />
  <link:roleRef roleURI="http://www.eba.europa.eu/xbrl/crr/role/fws/ESG/its-2021-637/2023-05-30/tab/D_02.00.a" xlink:type="simple" xlink:href="d_02.00.a.xsd#role" />
  <gen:link xlink:type="extended" xlink:role="http://www.eba.europa.eu/xbrl/crr/role/fws/ESG/its-2021-637/2023-05-30/tab/D_02.00.a">
    <table:table xlink:type="resource" xlink:label="eba_tD_02.00.a" id="eba_tD_02.00.a" />
    <table:breakdown xlink:type="resource" xlink:label="eba_a1" parentChildOrder="parent-first" id="eba_a1" />
    <table:ruleNode xlink:type="resource" xlink:label="eba_a1.root" abstract="true" merge="true" id="eba_a1.root" />
    <table:breakdownTreeArc xlink:type="arc" xlink:arcrole="http://xbrl.org/arcrole/2014/breakdown-tree" xlink:from="eba_a1" xlink:to="eba_a1.root" order="0" />
    <table:ruleNode xlink:type="resource" xlink:label="eba_c86414" id="eba_c86414" />
    <table:definitionNodeSubtreeArc xlink:type="arc" xlink:arcrole="http://xbrl.org/arcrole/2014/definition-node-subtree" xlink:from="eba_a1.root" xlink:to="eba_c86414" order="1" />
    <table:ruleNode xlink:type="resource" xlink:label="eba_c86415" abstract="true" id="eba_c86415">
      <formula:explicitDimension dimension="eba_dim:LEE">
        <formula:member>
          <formula:qname>eba_MC:x1265</formula:qname>
        </formula:member>
      </formula:explicitDimension>
    </table:ruleNode>
    <table:ruleNode xlink:type="resource" xlink:label="eba_c86416" id="eba_c86416">
      <formula:explicitDimension dimension="eba_dim:BUK">
        <formula:member>
          <formula:qname>eba_IA:x112</formula:qname>
        </formula:member>
      </formula:explicitDimension>
    </table:ruleNode>
    <table:definitionNodeSubtreeArc xlink:type="arc" xlink:arcrole="http://xbrl.org/arcrole/2014/definition-node-subtree" xlink:from="eba_c86415" xlink:to="eba_c86416" order="1" />
    <table:ruleNode xlink:type="resource" xlink:label="eba_c86417" id="eba_c86417">
      <formula:explicitDimension dimension="eba_dim:BUK">
        <formula:member>
          <formula:qname>eba_IA:x113</formula:qname>
        </formula:member>
      </formula:explicitDimension>
    </table:ruleNode>
    <table:definitionNodeSubtreeArc xlink:type="arc" xlink:arcrole="http://xbrl.org/arcrole/2014/definition-node-subtree" xlink:from="eba_c86415" xlink:to="eba_c86417" order="2" />
    <table:ruleNode xlink:type="resource" xlink:label="eba_c86418" id="eba_c86418">
      <formula:explicitDimension dimension="eba_dim:BUK">
        <formula:member>
          <formula:qname>eba_IA:x114</formula:qname>
        </formula:member>
      </formula:explicitDimension>
    </table:ruleNode>
    <table:definitionNodeSubtreeArc xlink:type="arc" xlink:arcrole="http://xbrl.org/arcrole/2014/definition-node-subtree" xlink:from="eba_c86415" xlink:to="eba_c86418" order="3" />
    <table:ruleNode xlink:type="resource" xlink:label="eba_c86419" id="eba_c86419">
      <formula:explicitDimension dimension="eba_dim:BUK">
        <formula:member>
          <formula:qname>eba_IA:x115</formula:qname>
        </formula:member>
      </formula:explicitDimension>
    </table:ruleNode>
    <table:definitionNodeSubtreeArc xlink:type="arc" xlink:arcrole="http://xbrl.org/arcrole/2014/definition-node-subtree" xlink:from="eba_c86415" xlink:to="eba_c86419" order="4" />
    <table:ruleNode xlink:type="resource" xlink:label="eba_c86420" id="eba_c86420">
      <formula:explicitDimension dimension="eba_dim:BUK">
        <formula:member>
          <formula:qname>eba_IA:x116</formula:qname>
        </formula:member>
      </formula:explicitDimension>
    </table:ruleNode>
    <table:definitionNodeSubtreeArc xlink:type="arc" xlink:arcrole="http://xbrl.org/arcrole/2014/definition-node-subtree" xlink:from="eba_c86415" xlink:to="eba_c86420" order="5" />
    <table:ruleNode xlink:type="resource" xlink:label="eba_c86421" id="eba_c86421">
      <formula:explicitDimension dimension="eba_dim:BUK">
        <formula:member>
          <formula:qname>eba_IA:x117</formula:qname>
        </formula:member>
      </formula:explicitDimension>
    </table:ruleNode>
    <table:definitionNodeSubtreeArc xlink:type="arc" xlink:arcrole="http://xbrl.org/arcrole/2014/definition-node-subtree" xlink:from="eba_c86415" xlink:to="eba_c86421" order="6" />
    <table:definitionNodeSubtreeArc xlink:type="arc" xlink:arcrole="http://xbrl.org/arcrole/2014/definition-node-subtree" xlink:from="eba_a1.root" xlink:to="eba_c86415" order="2" />
    <table:ruleNode xlink:type="resource" xlink:label="eba_c86422" abstract="true" id="eba_c86422" />
    <table:ruleNode xlink:type="resource" xlink:label="eba_c86423" id="eba_c86423">
      <formula:explicitDimension dimension="eba_dim:LEE">
        <formula:member>
          <formula:qname>eba_MC:x1266</formula:qname>
        </formula:member>
      </formula:explicitDimension>
    </table:ruleNode>
    <table:definitionNodeSubtreeArc xlink:type="arc" xlink:arcrole="http://xbrl.org/arcrole/2014/definition-node-subtree" xlink:from="eba_c86422" xlink:to="eba_c86423" order="1" />
    <table:ruleNode xlink:type="resource" xlink:label="eba_c86424" id="eba_c86424">
      <formula:explicitDimension dimension="eba_dim:LEE">
        <formula:member>
          <formula:qname>eba_MC:x1267</formula:qname>
        </formula:member>
      </formula:explicitDimension>
    </table:ruleNode>
    <table:definitionNodeSubtreeArc xlink:type="arc" xlink:arcrole="http://xbrl.org/arcrole/2014/definition-node-subtree" xlink:from="eba_c86422" xlink:to="eba_c86424" order="2" />
    <table:ruleNode xlink:type="resource" xlink:label="eba_c86425" id="eba_c86425">
      <formula:explicitDimension dimension="eba_dim:LEE">
        <formula:member>
          <formula:qname>eba_MC:x1268</formula:qname>
        </formula:member>
      </formula:explicitDimension>
    </table:ruleNode>
    <table:definitionNodeSubtreeArc xlink:type="arc" xlink:arcrole="http://xbrl.org/arcrole/2014/definition-node-subtree" xlink:from="eba_c86422" xlink:to="eba_c86425" order="3" />
    <table:ruleNode xlink:type="resource" xlink:label="eba_c86426" id="eba_c86426">
      <formula:explicitDimension dimension="eba_dim:LEE">
        <formula:member>
          <formula:qname>eba_MC:x1269</formula:qname>
        </formula:member>
      </formula:explicitDimension>
    </table:ruleNode>
    <table:definitionNodeSubtreeArc xlink:type="arc" xlink:arcrole="http://xbrl.org/arcrole/2014/definition-node-subtree" xlink:from="eba_c86422" xlink:to="eba_c86426" order="4" />
    <table:ruleNode xlink:type="resource" xlink:label="eba_c86427" id="eba_c86427">
      <formula:explicitDimension dimension="eba_dim:LEE">
        <formula:member>
          <formula:qname>eba_MC:x1270</formula:qname>
        </formula:member>
      </formula:explicitDimension>
    </table:ruleNode>
    <table:definitionNodeSubtreeArc xlink:type="arc" xlink:arcrole="http://xbrl.org/arcrole/2014/definition-node-subtree" xlink:from="eba_c86422" xlink:to="eba_c86427" order="5" />
    <table:ruleNode xlink:type="resource" xlink:label="eba_c86428" id="eba_c86428">
      <formula:explicitDimension dimension="eba_dim:LEE">
        <formula:member>
          <formula:qname>eba_MC:x1271</formula:qname>
        </formula:member>
      </formula:explicitDimension>
    </table:ruleNode>
    <table:definitionNodeSubtreeArc xlink:type="arc" xlink:arcrole="http://xbrl.org/arcrole/2014/definition-node-subtree" xlink:from="eba_c86422" xlink:to="eba_c86428" order="6" />
    <table:ruleNode xlink:type="resource" xlink:label="eba_c86429" id="eba_c86429">
      <formula:explicitDimension dimension="eba_dim:LEE">
        <formula:member>
          <formula:qname>eba_MC:x1272</formula:qname>
        </formula:member>
      </formula:explicitDimension>
    </table:ruleNode>
    <table:definitionNodeSubtreeArc xlink:type="arc" xlink:arcrole="http://xbrl.org/arcrole/2014/definition-node-subtree" xlink:from="eba_c86422" xlink:to="eba_c86429" order="7" />
    <table:definitionNodeSubtreeArc xlink:type="arc" xlink:arcrole="http://xbrl.org/arcrole/2014/definition-node-subtree" xlink:from="eba_a1.root" xlink:to="eba_c86422" order="3" />
    <table:ruleNode xlink:type="resource" xlink:label="eba_c86430" id="eba_c86430">
      <formula:explicitDimension dimension="eba_dim:LEE">
        <formula:member>
          <formula:qname>eba_MC:x1273</formula:qname>
        </formula:member>
      </formula:explicitDimension>
    </table:ruleNode>
    <table:definitionNodeSubtreeArc xlink:type="arc" xlink:arcrole="http://xbrl.org/arcrole/2014/definition-node-subtree" xlink:from="eba_a1.root" xlink:to="eba_c86430" order="4" />
    <table:tableBreakdownArc xlink:type="arc" xlink:arcrole="http://xbrl.org/arcrole/2014/table-breakdown" xlink:from="eba_tD_02.00.a" xlink:to="eba_a1" axis="x" order="1" />
    <table:breakdown xlink:type="resource" xlink:label="eba_a2" parentChildOrder="parent-first" id="eba_a2" />
    <table:ruleNode xlink:type="resource" xlink:label="eba_a2.root" abstract="true" merge="true" id="eba_a2.root">
      <formula:explicitDimension dimension="eba_dim:BAS">
        <formula:member>
          <formula:qname>eba_BA:x6</formula:qname>
        </formula:member>
      </formula:explicitDimension>
      <formula:explicitDimension dimension="eba_dim:MCY">
        <formula:member>
          <formula:qname>eba_MC:x1274</formula:qname>
        </formula:member>
      </formula:explicitDimension>
      <formula:explicitDimension dimension="eba_dim:CPS">
        <formula:member>
          <formula:qname>eba_CT:x20</formula:qname>
        </formula:member>
      </formula:explicitDimension>
      <formula:explicitDimension dimension="eba_dim:MCG">
        <formula:member>
          <formula:qname>eba_MC:x292</formula:qname>
        </formula:member>
      </formula:explicitDimension>
    </table:ruleNode>
    <table:breakdownTreeArc xlink:type="arc" xlink:arcrole="http://xbrl.org/arcrole/2014/breakdown-tree" xlink:from="eba_a2" xlink:to="eba_a2.root" order="0" />
    <table:ruleNode xlink:type="resource" xlink:label="eba_c86432" id="eba_c86432">
      <formula:concept>
        <formula:qname>eba_met:mi949</formula:qname>
      </formula:concept>
      <formula:explicitDimension dimension="eba_dim:RCP">
        <formula:member>
          <formula:qname>eba_GA:x33</formula:qname>
        </formula:member>
      </formula:explicitDimension>
    </table:ruleNode>
    <table:ruleNode xlink:type="resource" xlink:label="eba_c86433" id="eba_c86433">
      <formula:concept>
        <formula:qname>eba_met:mi136</formula:qname>
      </formula:concept>
      <formula:explicitDimension dimension="eba_dim:MCY">
        <formula:member>
          <formula:qname>eba_MC:x469</formula:qname>
        </formula:member>
      </formula:explicitDimension>
      <formula:explicitDimension dimension="eba_dim:MCG">
        <formula:member>
          <formula:qname>eba_MC:x293</formula:qname>
        </formula:member>
      </formula:explicitDimension>
    </table:ruleNode>
    <table:definitionNodeSubtreeArc xlink:type="arc" xlink:arcrole="http://xbrl.org/arcrole/2014/definition-node-subtree" xlink:from="eba_c86432" xlink:to="eba_c86433" order="1" />
    <table:ruleNode xlink:type="resource" xlink:label="eba_c86434" id="eba_c86434">
      <formula:concept>
        <formula:qname>eba_met:mi136</formula:qname>
      </formula:concept>
      <formula:explicitDimension dimension="eba_dim:MCY">
        <formula:member>
          <formula:qname>eba_MC:x469</formula:qname>
        </formula:member>
      </formula:explicitDimension>
      <formula:explicitDimension dimension="eba_dim:MCG">
        <formula:member>
          <formula:qname>eba_MC:x294</formula:qname>
        </formula:member>
      </formula:explicitDimension>
    </table:ruleNode>
    <table:definitionNodeSubtreeArc xlink:type="arc" xlink:arcrole="http://xbrl.org/arcrole/2014/definition-node-subtree" xlink:from="eba_c86432" xlink:to="eba_c86434" order="2" />
    <table:ruleNode xlink:type="resource" xlink:label="eba_c86435" id="eba_c86435">
      <formula:concept>
        <formula:qname>eba_met:mi679</formula:qname>
      </formula:concept>
      <formula:explicitDimension dimension="eba_dim:MCY">
        <formula:member>
          <formula:qname>eba_MC:x329</formula:qname>
        </formula:member>
      </formula:explicitDimension>
      <formula:explicitDimension dimension="eba_dim:MCB">
        <formula:member>
          <formula:qname>eba_MC:x292</formula:qname>
        </formula:member>
      </formula:explicitDimension>
      <formula:explicitDimension dimension="eba_dim:MCG">
        <formula:member>
          <formula:qname>eba_MC:x0</formula:qname>
        </formula:member>
      </formula:explicitDimension>
    </table:ruleNode>
    <table:definitionNodeSubtreeArc xlink:type="arc" xlink:arcrole="http://xbrl.org/arcrole/2014/definition-node-subtree" xlink:from="eba_c86432" xlink:to="eba_c86435" order="3" />
    <table:ruleNode xlink:type="resource" xlink:label="eba_c86436" id="eba_c86436">
      <formula:concept>
        <formula:qname>eba_met:mi136</formula:qname>
      </formula:concept>
      <formula:explicitDimension dimension="eba_dim:MCY">
        <formula:member>
          <formula:qname>eba_MC:x469</formula:qname>
        </formula:member>
      </formula:explicitDimension>
      <formula:explicitDimension dimension="eba_dim:MCG">
        <formula:member>
          <formula:qname>eba_MC:x0</formula:qname>
        </formula:member>
      </formula:explicitDimension>
    </table:ruleNode>
    <table:definitionNodeSubtreeArc xlink:type="arc" xlink:arcrole="http://xbrl.org/arcrole/2014/definition-node-subtree" xlink:from="eba_c86432" xlink:to="eba_c86436" order="4" />
    <table:definitionNodeSubtreeArc xlink:type="arc" xlink:arcrole="http://xbrl.org/arcrole/2014/definition-node-subtree" xlink:from="eba_a2.root" xlink:to="eba_c86432" order="1" />
    <table:ruleNode xlink:type="resource" xlink:label="eba_c86437" id="eba_c86437">
      <formula:concept>
        <formula:qname>eba_met:mi949</formula:qname>
      </formula:concept>
      <formula:explicitDimension dimension="eba_dim:RCP">
        <formula:member>
          <formula:qname>eba_GA:x41</formula:qname>
        </formula:member>
      </formula:explicitDimension>
    </table:ruleNode>
    <table:ruleNode xlink:type="resource" xlink:label="eba_c86438" id="eba_c86438">
      <formula:concept>
        <formula:qname>eba_met:mi136</formula:qname>
      </formula:concept>
      <formula:explicitDimension dimension="eba_dim:MCY">
        <formula:member>
          <formula:qname>eba_MC:x469</formula:qname>
        </formula:member>
      </formula:explicitDimension>
      <formula:explicitDimension dimension="eba_dim:MCG">
        <formula:member>
          <formula:qname>eba_MC:x293</formula:qname>
        </formula:member>
      </formula:explicitDimension>
    </table:ruleNode>
    <table:definitionNodeSubtreeArc xlink:type="arc" xlink:arcrole="http://xbrl.org/arcrole/2014/definition-node-subtree" xlink:from="eba_c86437" xlink:to="eba_c86438" order="1" />
    <table:ruleNode xlink:type="resource" xlink:label="eba_c86439" id="eba_c86439">
      <formula:concept>
        <formula:qname>eba_met:mi136</formula:qname>
      </formula:concept>
      <formula:explicitDimension dimension="eba_dim:MCY">
        <formula:member>
          <formula:qname>eba_MC:x469</formula:qname>
        </formula:member>
      </formula:explicitDimension>
      <formula:explicitDimension dimension="eba_dim:MCG">
        <formula:member>
          <formula:qname>eba_MC:x294</formula:qname>
        </formula:member>
      </formula:explicitDimension>
    </table:ruleNode>
    <table:definitionNodeSubtreeArc xlink:type="arc" xlink:arcrole="http://xbrl.org/arcrole/2014/definition-node-subtree" xlink:from="eba_c86437" xlink:to="eba_c86439" order="2" />
    <table:ruleNode xlink:type="resource" xlink:label="eba_c86440" id="eba_c86440">
      <formula:concept>
        <formula:qname>eba_met:mi679</formula:qname>
      </formula:concept>
      <formula:explicitDimension dimension="eba_dim:MCY">
        <formula:member>
          <formula:qname>eba_MC:x329</formula:qname>
        </formula:member>
      </formula:explicitDimension>
      <formula:explicitDimension dimension="eba_dim:MCB">
        <formula:member>
          <formula:qname>eba_MC:x292</formula:qname>
        </formula:member>
      </formula:explicitDimension>
      <formula:explicitDimension dimension="eba_dim:MCG">
        <formula:member>
          <formula:qname>eba_MC:x0</formula:qname>
        </formula:member>
      </formula:explicitDimension>
    </table:ruleNode>
    <table:definitionNodeSubtreeArc xlink:type="arc" xlink:arcrole="http://xbrl.org/arcrole/2014/definition-node-subtree" xlink:from="eba_c86437" xlink:to="eba_c86440" order="3" />
    <table:ruleNode xlink:type="resource" xlink:label="eba_c86441" id="eba_c86441">
      <formula:concept>
        <formula:qname>eba_met:mi136</formula:qname>
      </formula:concept>
      <formula:explicitDimension dimension="eba_dim:MCY">
        <formula:member>
          <formula:qname>eba_MC:x469</formula:qname>
        </formula:member>
      </formula:explicitDimension>
      <formula:explicitDimension dimension="eba_dim:MCG">
        <formula:member>
          <formula:qname>eba_MC:x0</formula:qname>
        </formula:member>
      </formula:explicitDimension>
    </table:ruleNode>
    <table:definitionNodeSubtreeArc xlink:type="arc" xlink:arcrole="http://xbrl.org/arcrole/2014/definition-node-subtree" xlink:from="eba_c86437" xlink:to="eba_c86441" order="4" />
    <table:definitionNodeSubtreeArc xlink:type="arc" xlink:arcrole="http://xbrl.org/arcrole/2014/definition-node-subtree" xlink:from="eba_a2.root" xlink:to="eba_c86437" order="2" />
    <table:tableBreakdownArc xlink:type="arc" xlink:arcrole="http://xbrl.org/arcrole/2014/table-breakdown" xlink:from="eba_tD_02.00.a" xlink:to="eba_a2" axis="y" order="2" />
  </gen:link>
</link:linkbase>