﻿<?xml version="1.0" encoding="utf-8"?>
<?taxonomy-version 1.0.0.0 ?>  <?taxonomy-set-overall-version 3.3.0.0 ?>
<!--(C) EBA-->
<link:linkbase xmlns:xsi="http://www.w3.org/2001/XMLSchema-instance" xmlns:xlink="http://www.w3.org/1999/xlink" xmlns:link="http://www.xbrl.org/2003/linkbase" xmlns:gen="http://xbrl.org/2008/generic" xmlns:label="http://xbrl.org/2008/label" xsi:schemaLocation="http://www.xbrl.org/2003/linkbase http://www.xbrl.org/2003/xbrl-linkbase-2003-12-31.xsd http://xbrl.org/2008/generic http://www.xbrl.org/2008/generic-link.xsd http://xbrl.org/2008/label http://www.xbrl.org/2008/generic-label.xsd">
  <link:arcroleRef arcroleURI="http://xbrl.org/arcrole/2008/element-label" xlink:type="simple" xlink:href="http://www.xbrl.org/2008/generic-label.xsd#element-label" />
  <link:roleRef roleURI="http://www.eba.europa.eu/xbrl/role/dpm-db-id" xlink:type="simple" xlink:href="http://www.eba.europa.eu/eu/fr/xbrl/ext/model.xsd#dpm-db-id" />
  <link:roleRef roleURI="http://www.eurofiling.info/xbrl/role/filing-indicator-code" xlink:type="simple" xlink:href="http://www.eurofiling.info/eu/fr/xbrl/ext/model.xsd#filing-indicator-code" />
  <link:roleRef roleURI="http://www.eurofiling.info/xbrl/role/rc-code" xlink:type="simple" xlink:href="http://www.eurofiling.info/eu/fr/xbrl/ext/model.xsd#rc-code" />
  <gen:link xlink:type="extended" xlink:role="http://www.xbrl.org/2003/role/link">
    <link:loc xlink:type="locator" xlink:href="d_02.00.a-rend.xml#eba_tD_02.00.a" xlink:label="loc_eba_tD_02.00.a" />
    <label:label xlink:type="resource" xlink:label="label_eba_tD_02.00.a" xml:lang="en" xlink:role="http://www.eurofiling.info/xbrl/role/rc-code">D 02.00.a</label:label>
    <gen:arc xlink:type="arc" xlink:arcrole="http://xbrl.org/arcrole/2008/element-label" xlink:from="loc_eba_tD_02.00.a" xlink:to="label_eba_tD_02.00.a" />
    <link:loc xlink:type="locator" xlink:href="d_02.00.a-rend.xml#eba_c86414" xlink:label="loc_eba_c86414" />
    <label:label xlink:type="resource" xlink:label="label_eba_c86414" xml:lang="en" xlink:role="http://www.eurofiling.info/xbrl/role/rc-code">0010</label:label>
    <gen:arc xlink:type="arc" xlink:arcrole="http://xbrl.org/arcrole/2008/element-label" xlink:from="loc_eba_c86414" xlink:to="label_eba_c86414" />
    <link:loc xlink:type="locator" xlink:href="d_02.00.a-rend.xml#eba_c86415" xlink:label="loc_eba_c86415" />
    <label:label xlink:type="resource" xlink:label="label_eba_c86415" xml:lang="en" xlink:role="http://www.eurofiling.info/xbrl/role/rc-code">0015</label:label>
    <gen:arc xlink:type="arc" xlink:arcrole="http://xbrl.org/arcrole/2008/element-label" xlink:from="loc_eba_c86415" xlink:to="label_eba_c86415" />
    <link:loc xlink:type="locator" xlink:href="d_02.00.a-rend.xml#eba_c86416" xlink:label="loc_eba_c86416" />
    <label:label xlink:type="resource" xlink:label="label_eba_c86416" xml:lang="en" xlink:role="http://www.eurofiling.info/xbrl/role/rc-code">0020</label:label>
    <gen:arc xlink:type="arc" xlink:arcrole="http://xbrl.org/arcrole/2008/element-label" xlink:from="loc_eba_c86416" xlink:to="label_eba_c86416" />
    <link:loc xlink:type="locator" xlink:href="d_02.00.a-rend.xml#eba_c86417" xlink:label="loc_eba_c86417" />
    <label:label xlink:type="resource" xlink:label="label_eba_c86417" xml:lang="en" xlink:role="http://www.eurofiling.info/xbrl/role/rc-code">0030</label:label>
    <gen:arc xlink:type="arc" xlink:arcrole="http://xbrl.org/arcrole/2008/element-label" xlink:from="loc_eba_c86417" xlink:to="label_eba_c86417" />
    <link:loc xlink:type="locator" xlink:href="d_02.00.a-rend.xml#eba_c86418" xlink:label="loc_eba_c86418" />
    <label:label xlink:type="resource" xlink:label="label_eba_c86418" xml:lang="en" xlink:role="http://www.eurofiling.info/xbrl/role/rc-code">0040</label:label>
    <gen:arc xlink:type="arc" xlink:arcrole="http://xbrl.org/arcrole/2008/element-label" xlink:from="loc_eba_c86418" xlink:to="label_eba_c86418" />
    <link:loc xlink:type="locator" xlink:href="d_02.00.a-rend.xml#eba_c86419" xlink:label="loc_eba_c86419" />
    <label:label xlink:type="resource" xlink:label="label_eba_c86419" xml:lang="en" xlink:role="http://www.eurofiling.info/xbrl/role/rc-code">0050</label:label>
    <gen:arc xlink:type="arc" xlink:arcrole="http://xbrl.org/arcrole/2008/element-label" xlink:from="loc_eba_c86419" xlink:to="label_eba_c86419" />
    <link:loc xlink:type="locator" xlink:href="d_02.00.a-rend.xml#eba_c86420" xlink:label="loc_eba_c86420" />
    <label:label xlink:type="resource" xlink:label="label_eba_c86420" xml:lang="en" xlink:role="http://www.eurofiling.info/xbrl/role/rc-code">0060</label:label>
    <gen:arc xlink:type="arc" xlink:arcrole="http://xbrl.org/arcrole/2008/element-label" xlink:from="loc_eba_c86420" xlink:to="label_eba_c86420" />
    <link:loc xlink:type="locator" xlink:href="d_02.00.a-rend.xml#eba_c86421" xlink:label="loc_eba_c86421" />
    <label:label xlink:type="resource" xlink:label="label_eba_c86421" xml:lang="en" xlink:role="http://www.eurofiling.info/xbrl/role/rc-code">0070</label:label>
    <gen:arc xlink:type="arc" xlink:arcrole="http://xbrl.org/arcrole/2008/element-label" xlink:from="loc_eba_c86421" xlink:to="label_eba_c86421" />
    <link:loc xlink:type="locator" xlink:href="d_02.00.a-rend.xml#eba_c86422" xlink:label="loc_eba_c86422" />
    <label:label xlink:type="resource" xlink:label="label_eba_c86422" xml:lang="en" xlink:role="http://www.eurofiling.info/xbrl/role/rc-code">0075</label:label>
    <gen:arc xlink:type="arc" xlink:arcrole="http://xbrl.org/arcrole/2008/element-label" xlink:from="loc_eba_c86422" xlink:to="label_eba_c86422" />
    <link:loc xlink:type="locator" xlink:href="d_02.00.a-rend.xml#eba_c86423" xlink:label="loc_eba_c86423" />
    <label:label xlink:type="resource" xlink:label="label_eba_c86423" xml:lang="en" xlink:role="http://www.eurofiling.info/xbrl/role/rc-code">0080</label:label>
    <gen:arc xlink:type="arc" xlink:arcrole="http://xbrl.org/arcrole/2008/element-label" xlink:from="loc_eba_c86423" xlink:to="label_eba_c86423" />
    <link:loc xlink:type="locator" xlink:href="d_02.00.a-rend.xml#eba_c86424" xlink:label="loc_eba_c86424" />
    <label:label xlink:type="resource" xlink:label="label_eba_c86424" xml:lang="en" xlink:role="http://www.eurofiling.info/xbrl/role/rc-code">0090</label:label>
    <gen:arc xlink:type="arc" xlink:arcrole="http://xbrl.org/arcrole/2008/element-label" xlink:from="loc_eba_c86424" xlink:to="label_eba_c86424" />
    <link:loc xlink:type="locator" xlink:href="d_02.00.a-rend.xml#eba_c86425" xlink:label="loc_eba_c86425" />
    <label:label xlink:type="resource" xlink:label="label_eba_c86425" xml:lang="en" xlink:role="http://www.eurofiling.info/xbrl/role/rc-code">0100</label:label>
    <gen:arc xlink:type="arc" xlink:arcrole="http://xbrl.org/arcrole/2008/element-label" xlink:from="loc_eba_c86425" xlink:to="label_eba_c86425" />
    <link:loc xlink:type="locator" xlink:href="d_02.00.a-rend.xml#eba_c86426" xlink:label="loc_eba_c86426" />
    <label:label xlink:type="resource" xlink:label="label_eba_c86426" xml:lang="en" xlink:role="http://www.eurofiling.info/xbrl/role/rc-code">0110</label:label>
    <gen:arc xlink:type="arc" xlink:arcrole="http://xbrl.org/arcrole/2008/element-label" xlink:from="loc_eba_c86426" xlink:to="label_eba_c86426" />
    <link:loc xlink:type="locator" xlink:href="d_02.00.a-rend.xml#eba_c86427" xlink:label="loc_eba_c86427" />
    <label:label xlink:type="resource" xlink:label="label_eba_c86427" xml:lang="en" xlink:role="http://www.eurofiling.info/xbrl/role/rc-code">0120</label:label>
    <gen:arc xlink:type="arc" xlink:arcrole="http://xbrl.org/arcrole/2008/element-label" xlink:from="loc_eba_c86427" xlink:to="label_eba_c86427" />
    <link:loc xlink:type="locator" xlink:href="d_02.00.a-rend.xml#eba_c86428" xlink:label="loc_eba_c86428" />
    <label:label xlink:type="resource" xlink:label="label_eba_c86428" xml:lang="en" xlink:role="http://www.eurofiling.info/xbrl/role/rc-code">0130</label:label>
    <gen:arc xlink:type="arc" xlink:arcrole="http://xbrl.org/arcrole/2008/element-label" xlink:from="loc_eba_c86428" xlink:to="label_eba_c86428" />
    <link:loc xlink:type="locator" xlink:href="d_02.00.a-rend.xml#eba_c86429" xlink:label="loc_eba_c86429" />
    <label:label xlink:type="resource" xlink:label="label_eba_c86429" xml:lang="en" xlink:role="http://www.eurofiling.info/xbrl/role/rc-code">0140</label:label>
    <gen:arc xlink:type="arc" xlink:arcrole="http://xbrl.org/arcrole/2008/element-label" xlink:from="loc_eba_c86429" xlink:to="label_eba_c86429" />
    <link:loc xlink:type="locator" xlink:href="d_02.00.a-rend.xml#eba_c86430" xlink:label="loc_eba_c86430" />
    <label:label xlink:type="resource" xlink:label="label_eba_c86430" xml:lang="en" xlink:role="http://www.eurofiling.info/xbrl/role/rc-code">0150</label:label>
    <gen:arc xlink:type="arc" xlink:arcrole="http://xbrl.org/arcrole/2008/element-label" xlink:from="loc_eba_c86430" xlink:to="label_eba_c86430" />
    <link:loc xlink:type="locator" xlink:href="d_02.00.a-rend.xml#eba_c86432" xlink:label="loc_eba_c86432" />
    <label:label xlink:type="resource" xlink:label="label_eba_c86432" xml:lang="en" xlink:role="http://www.eurofiling.info/xbrl/role/rc-code">0010</label:label>
    <gen:arc xlink:type="arc" xlink:arcrole="http://xbrl.org/arcrole/2008/element-label" xlink:from="loc_eba_c86432" xlink:to="label_eba_c86432" />
    <link:loc xlink:type="locator" xlink:href="d_02.00.a-rend.xml#eba_c86433" xlink:label="loc_eba_c86433" />
    <label:label xlink:type="resource" xlink:label="label_eba_c86433" xml:lang="en" xlink:role="http://www.eurofiling.info/xbrl/role/rc-code">0020</label:label>
    <gen:arc xlink:type="arc" xlink:arcrole="http://xbrl.org/arcrole/2008/element-label" xlink:from="loc_eba_c86433" xlink:to="label_eba_c86433" />
    <link:loc xlink:type="locator" xlink:href="d_02.00.a-rend.xml#eba_c86434" xlink:label="loc_eba_c86434" />
    <label:label xlink:type="resource" xlink:label="label_eba_c86434" xml:lang="en" xlink:role="http://www.eurofiling.info/xbrl/role/rc-code">0030</label:label>
    <gen:arc xlink:type="arc" xlink:arcrole="http://xbrl.org/arcrole/2008/element-label" xlink:from="loc_eba_c86434" xlink:to="label_eba_c86434" />
    <link:loc xlink:type="locator" xlink:href="d_02.00.a-rend.xml#eba_c86435" xlink:label="loc_eba_c86435" />
    <label:label xlink:type="resource" xlink:label="label_eba_c86435" xml:lang="en" xlink:role="http://www.eurofiling.info/xbrl/role/rc-code">0040</label:label>
    <gen:arc xlink:type="arc" xlink:arcrole="http://xbrl.org/arcrole/2008/element-label" xlink:from="loc_eba_c86435" xlink:to="label_eba_c86435" />
    <link:loc xlink:type="locator" xlink:href="d_02.00.a-rend.xml#eba_c86436" xlink:label="loc_eba_c86436" />
    <label:label xlink:type="resource" xlink:label="label_eba_c86436" xml:lang="en" xlink:role="http://www.eurofiling.info/xbrl/role/rc-code">0050</label:label>
    <gen:arc xlink:type="arc" xlink:arcrole="http://xbrl.org/arcrole/2008/element-label" xlink:from="loc_eba_c86436" xlink:to="label_eba_c86436" />
    <link:loc xlink:type="locator" xlink:href="d_02.00.a-rend.xml#eba_c86437" xlink:label="loc_eba_c86437" />
    <label:label xlink:type="resource" xlink:label="label_eba_c86437" xml:lang="en" xlink:role="http://www.eurofiling.info/xbrl/role/rc-code">0060</label:label>
    <gen:arc xlink:type="arc" xlink:arcrole="http://xbrl.org/arcrole/2008/element-label" xlink:from="loc_eba_c86437" xlink:to="label_eba_c86437" />
    <link:loc xlink:type="locator" xlink:href="d_02.00.a-rend.xml#eba_c86438" xlink:label="loc_eba_c86438" />
    <label:label xlink:type="resource" xlink:label="label_eba_c86438" xml:lang="en" xlink:role="http://www.eurofiling.info/xbrl/role/rc-code">0070</label:label>
    <gen:arc xlink:type="arc" xlink:arcrole="http://xbrl.org/arcrole/2008/element-label" xlink:from="loc_eba_c86438" xlink:to="label_eba_c86438" />
    <link:loc xlink:type="locator" xlink:href="d_02.00.a-rend.xml#eba_c86439" xlink:label="loc_eba_c86439" />
    <label:label xlink:type="resource" xlink:label="label_eba_c86439" xml:lang="en" xlink:role="http://www.eurofiling.info/xbrl/role/rc-code">0080</label:label>
    <gen:arc xlink:type="arc" xlink:arcrole="http://xbrl.org/arcrole/2008/element-label" xlink:from="loc_eba_c86439" xlink:to="label_eba_c86439" />
    <link:loc xlink:type="locator" xlink:href="d_02.00.a-rend.xml#eba_c86440" xlink:label="loc_eba_c86440" />
    <label:label xlink:type="resource" xlink:label="label_eba_c86440" xml:lang="en" xlink:role="http://www.eurofiling.info/xbrl/role/rc-code">0090</label:label>
    <gen:arc xlink:type="arc" xlink:arcrole="http://xbrl.org/arcrole/2008/element-label" xlink:from="loc_eba_c86440" xlink:to="label_eba_c86440" />
    <link:loc xlink:type="locator" xlink:href="d_02.00.a-rend.xml#eba_c86441" xlink:label="loc_eba_c86441" />
    <label:label xlink:type="resource" xlink:label="label_eba_c86441" xml:lang="en" xlink:role="http://www.eurofiling.info/xbrl/role/rc-code">0100</label:label>
    <gen:arc xlink:type="arc" xlink:arcrole="http://xbrl.org/arcrole/2008/element-label" xlink:from="loc_eba_c86441" xlink:to="label_eba_c86441" />
    <label:label xlink:type="resource" xlink:label="label_eba_tD_02.00.a_1" xml:lang="en" xlink:role="http://www.eurofiling.info/xbrl/role/filing-indicator-code">D_02.00</label:label>
    <gen:arc xlink:type="arc" xlink:arcrole="http://xbrl.org/arcrole/2008/element-label" xlink:from="loc_eba_tD_02.00.a" xlink:to="label_eba_tD_02.00.a_1" />
    <label:label xlink:type="resource" xlink:label="label_eba_tD_02.00.a_2" xml:lang="en" xlink:role="http://www.eba.europa.eu/xbrl/role/dpm-db-id">801.2298</label:label>
    <gen:arc xlink:type="arc" xlink:arcrole="http://xbrl.org/arcrole/2008/element-label" xlink:from="loc_eba_tD_02.00.a" xlink:to="label_eba_tD_02.00.a_2" />
    <label:label xlink:type="resource" xlink:label="label_eba_c86414_1" xml:lang="en" xlink:role="http://www.eba.europa.eu/xbrl/role/dpm-db-id">86414</label:label>
    <gen:arc xlink:type="arc" xlink:arcrole="http://xbrl.org/arcrole/2008/element-label" xlink:from="loc_eba_c86414" xlink:to="label_eba_c86414_1" />
    <label:label xlink:type="resource" xlink:label="label_eba_c86415_1" xml:lang="en" xlink:role="http://www.eba.europa.eu/xbrl/role/dpm-db-id">86415</label:label>
    <gen:arc xlink:type="arc" xlink:arcrole="http://xbrl.org/arcrole/2008/element-label" xlink:from="loc_eba_c86415" xlink:to="label_eba_c86415_1" />
    <label:label xlink:type="resource" xlink:label="label_eba_c86416_1" xml:lang="en" xlink:role="http://www.eba.europa.eu/xbrl/role/dpm-db-id">86416</label:label>
    <gen:arc xlink:type="arc" xlink:arcrole="http://xbrl.org/arcrole/2008/element-label" xlink:from="loc_eba_c86416" xlink:to="label_eba_c86416_1" />
    <label:label xlink:type="resource" xlink:label="label_eba_c86417_1" xml:lang="en" xlink:role="http://www.eba.europa.eu/xbrl/role/dpm-db-id">86417</label:label>
    <gen:arc xlink:type="arc" xlink:arcrole="http://xbrl.org/arcrole/2008/element-label" xlink:from="loc_eba_c86417" xlink:to="label_eba_c86417_1" />
    <label:label xlink:type="resource" xlink:label="label_eba_c86418_1" xml:lang="en" xlink:role="http://www.eba.europa.eu/xbrl/role/dpm-db-id">86418</label:label>
    <gen:arc xlink:type="arc" xlink:arcrole="http://xbrl.org/arcrole/2008/element-label" xlink:from="loc_eba_c86418" xlink:to="label_eba_c86418_1" />
    <label:label xlink:type="resource" xlink:label="label_eba_c86419_1" xml:lang="en" xlink:role="http://www.eba.europa.eu/xbrl/role/dpm-db-id">86419</label:label>
    <gen:arc xlink:type="arc" xlink:arcrole="http://xbrl.org/arcrole/2008/element-label" xlink:from="loc_eba_c86419" xlink:to="label_eba_c86419_1" />
    <label:label xlink:type="resource" xlink:label="label_eba_c86420_1" xml:lang="en" xlink:role="http://www.eba.europa.eu/xbrl/role/dpm-db-id">86420</label:label>
    <gen:arc xlink:type="arc" xlink:arcrole="http://xbrl.org/arcrole/2008/element-label" xlink:from="loc_eba_c86420" xlink:to="label_eba_c86420_1" />
    <label:label xlink:type="resource" xlink:label="label_eba_c86421_1" xml:lang="en" xlink:role="http://www.eba.europa.eu/xbrl/role/dpm-db-id">86421</label:label>
    <gen:arc xlink:type="arc" xlink:arcrole="http://xbrl.org/arcrole/2008/element-label" xlink:from="loc_eba_c86421" xlink:to="label_eba_c86421_1" />
    <label:label xlink:type="resource" xlink:label="label_eba_c86422_1" xml:lang="en" xlink:role="http://www.eba.europa.eu/xbrl/role/dpm-db-id">86422</label:label>
    <gen:arc xlink:type="arc" xlink:arcrole="http://xbrl.org/arcrole/2008/element-label" xlink:from="loc_eba_c86422" xlink:to="label_eba_c86422_1" />
    <label:label xlink:type="resource" xlink:label="label_eba_c86423_1" xml:lang="en" xlink:role="http://www.eba.europa.eu/xbrl/role/dpm-db-id">86423</label:label>
    <gen:arc xlink:type="arc" xlink:arcrole="http://xbrl.org/arcrole/2008/element-label" xlink:from="loc_eba_c86423" xlink:to="label_eba_c86423_1" />
    <label:label xlink:type="resource" xlink:label="label_eba_c86424_1" xml:lang="en" xlink:role="http://www.eba.europa.eu/xbrl/role/dpm-db-id">86424</label:label>
    <gen:arc xlink:type="arc" xlink:arcrole="http://xbrl.org/arcrole/2008/element-label" xlink:from="loc_eba_c86424" xlink:to="label_eba_c86424_1" />
    <label:label xlink:type="resource" xlink:label="label_eba_c86425_1" xml:lang="en" xlink:role="http://www.eba.europa.eu/xbrl/role/dpm-db-id">86425</label:label>
    <gen:arc xlink:type="arc" xlink:arcrole="http://xbrl.org/arcrole/2008/element-label" xlink:from="loc_eba_c86425" xlink:to="label_eba_c86425_1" />
    <label:label xlink:type="resource" xlink:label="label_eba_c86426_1" xml:lang="en" xlink:role="http://www.eba.europa.eu/xbrl/role/dpm-db-id">86426</label:label>
    <gen:arc xlink:type="arc" xlink:arcrole="http://xbrl.org/arcrole/2008/element-label" xlink:from="loc_eba_c86426" xlink:to="label_eba_c86426_1" />
    <label:label xlink:type="resource" xlink:label="label_eba_c86427_1" xml:lang="en" xlink:role="http://www.eba.europa.eu/xbrl/role/dpm-db-id">86427</label:label>
    <gen:arc xlink:type="arc" xlink:arcrole="http://xbrl.org/arcrole/2008/element-label" xlink:from="loc_eba_c86427" xlink:to="label_eba_c86427_1" />
    <label:label xlink:type="resource" xlink:label="label_eba_c86428_1" xml:lang="en" xlink:role="http://www.eba.europa.eu/xbrl/role/dpm-db-id">86428</label:label>
    <gen:arc xlink:type="arc" xlink:arcrole="http://xbrl.org/arcrole/2008/element-label" xlink:from="loc_eba_c86428" xlink:to="label_eba_c86428_1" />
    <label:label xlink:type="resource" xlink:label="label_eba_c86429_1" xml:lang="en" xlink:role="http://www.eba.europa.eu/xbrl/role/dpm-db-id">86429</label:label>
    <gen:arc xlink:type="arc" xlink:arcrole="http://xbrl.org/arcrole/2008/element-label" xlink:from="loc_eba_c86429" xlink:to="label_eba_c86429_1" />
    <label:label xlink:type="resource" xlink:label="label_eba_c86430_1" xml:lang="en" xlink:role="http://www.eba.europa.eu/xbrl/role/dpm-db-id">86430</label:label>
    <gen:arc xlink:type="arc" xlink:arcrole="http://xbrl.org/arcrole/2008/element-label" xlink:from="loc_eba_c86430" xlink:to="label_eba_c86430_1" />
    <label:label xlink:type="resource" xlink:label="label_eba_c86432_1" xml:lang="en" xlink:role="http://www.eba.europa.eu/xbrl/role/dpm-db-id">86432</label:label>
    <gen:arc xlink:type="arc" xlink:arcrole="http://xbrl.org/arcrole/2008/element-label" xlink:from="loc_eba_c86432" xlink:to="label_eba_c86432_1" />
    <label:label xlink:type="resource" xlink:label="label_eba_c86433_1" xml:lang="en" xlink:role="http://www.eba.europa.eu/xbrl/role/dpm-db-id">86433</label:label>
    <gen:arc xlink:type="arc" xlink:arcrole="http://xbrl.org/arcrole/2008/element-label" xlink:from="loc_eba_c86433" xlink:to="label_eba_c86433_1" />
    <label:label xlink:type="resource" xlink:label="label_eba_c86434_1" xml:lang="en" xlink:role="http://www.eba.europa.eu/xbrl/role/dpm-db-id">86434</label:label>
    <gen:arc xlink:type="arc" xlink:arcrole="http://xbrl.org/arcrole/2008/element-label" xlink:from="loc_eba_c86434" xlink:to="label_eba_c86434_1" />
    <label:label xlink:type="resource" xlink:label="label_eba_c86435_1" xml:lang="en" xlink:role="http://www.eba.europa.eu/xbrl/role/dpm-db-id">86435</label:label>
    <gen:arc xlink:type="arc" xlink:arcrole="http://xbrl.org/arcrole/2008/element-label" xlink:from="loc_eba_c86435" xlink:to="label_eba_c86435_1" />
    <label:label xlink:type="resource" xlink:label="label_eba_c86436_1" xml:lang="en" xlink:role="http://www.eba.europa.eu/xbrl/role/dpm-db-id">86436</label:label>
    <gen:arc xlink:type="arc" xlink:arcrole="http://xbrl.org/arcrole/2008/element-label" xlink:from="loc_eba_c86436" xlink:to="label_eba_c86436_1" />
    <label:label xlink:type="resource" xlink:label="label_eba_c86437_1" xml:lang="en" xlink:role="http://www.eba.europa.eu/xbrl/role/dpm-db-id">86437</label:label>
    <gen:arc xlink:type="arc" xlink:arcrole="http://xbrl.org/arcrole/2008/element-label" xlink:from="loc_eba_c86437" xlink:to="label_eba_c86437_1" />
    <label:label xlink:type="resource" xlink:label="label_eba_c86438_1" xml:lang="en" xlink:role="http://www.eba.europa.eu/xbrl/role/dpm-db-id">86438</label:label>
    <gen:arc xlink:type="arc" xlink:arcrole="http://xbrl.org/arcrole/2008/element-label" xlink:from="loc_eba_c86438" xlink:to="label_eba_c86438_1" />
    <label:label xlink:type="resource" xlink:label="label_eba_c86439_1" xml:lang="en" xlink:role="http://www.eba.europa.eu/xbrl/role/dpm-db-id">86439</label:label>
    <gen:arc xlink:type="arc" xlink:arcrole="http://xbrl.org/arcrole/2008/element-label" xlink:from="loc_eba_c86439" xlink:to="label_eba_c86439_1" />
    <label:label xlink:type="resource" xlink:label="label_eba_c86440_1" xml:lang="en" xlink:role="http://www.eba.europa.eu/xbrl/role/dpm-db-id">86440</label:label>
    <gen:arc xlink:type="arc" xlink:arcrole="http://xbrl.org/arcrole/2008/element-label" xlink:from="loc_eba_c86440" xlink:to="label_eba_c86440_1" />
    <label:label xlink:type="resource" xlink:label="label_eba_c86441_1" xml:lang="en" xlink:role="http://www.eba.europa.eu/xbrl/role/dpm-db-id">86441</label:label>
    <gen:arc xlink:type="arc" xlink:arcrole="http://xbrl.org/arcrole/2008/element-label" xlink:from="loc_eba_c86441" xlink:to="label_eba_c86441_1" />
  </gen:link>
</link:linkbase>