{
    "documentInfo": {
        "documentType": "https://xbrl.org/CR/2021-02-03/xbrl-csv",
        "namespaces": {
            "eba": "http://www.eba.europa.eu",
            "eba_BA": "http://www.eba.europa.eu/xbrl/crr/dict/dom/BA",
            "eba_BT": "http://www.eba.europa.eu/xbrl/crr/dict/dom/BT",
            "eba_CA": "http://www.eba.europa.eu/xbrl/crr/dict/dom/CA",
            "eba_CC": "http://www.eba.europa.eu/xbrl/crr/dict/dom/CC",
            "eba_GA": "http://www.eba.europa.eu/xbrl/crr/dict/dom/GA",
            "eba_MC": "http://www.eba.europa.eu/xbrl/crr/dict/dom/MC",
            "eba_RF": "http://www.eba.europa.eu/xbrl/crr/dict/dom/RF",
            "eba_RP": "http://www.eba.europa.eu/xbrl/crr/dict/dom/RP",
            "eba_SC": "http://www.eba.europa.eu/xbrl/crr/dict/dom/SC",
            "eba_ZZ": "http://www.eba.europa.eu/xbrl/crr/dict/dom/ZZ",
            "eba_dim": "http://www.eba.europa.eu/xbrl/crr/dict/dim",
            "eba_met": "http://www.eba.europa.eu/xbrl/crr/dict/met"
        }
    },
    "tableTemplates": {
        "U_01-00": {
            "columns": {
                "CLE": {},
                "TCG": {},
                "datapoint": {
                    "propertyGroups": {
                        "dp475419": {
                            "dimensions": {
                                "concept": "eba_met:ei152",
                                "eba_dim:BAS": "eba_BA:x17",
                                "eba_dim:GAT": "eba_GA:x42",
                                "eba_dim:RPR": "eba_RP:x103"
                            },
                            "eba:documentation": {
                                "CellCode": "{U 01.00, r999, c0020}",
                                "DataPointVersionId": "475419"
                            }
                        },
                        "dp475420": {
                            "dimensions": {
                                "concept": "eba_met:ei152",
                                "eba_dim:BAS": "eba_BA:x17",
                                "eba_dim:SCO": "eba_SC:x11"
                            },
                            "eba:documentation": {
                                "CellCode": "{U 01.00, r999, c0120}",
                                "DataPointVersionId": "475420"
                            }
                        },
                        "dp475421": {
                            "dimensions": {
                                "concept": "eba_met:si168",
                                "eba_dim:BAS": "eba_BA:x17",
                                "eba_dim:RPR": "eba_RP:x103"
                            },
                            "eba:documentation": {
                                "CellCode": "{U 01.00, r999, c0010}",
                                "DataPointVersionId": "475421"
                            }
                        },
                        "dp475422": {
                            "dimensions": {
                                "concept": "eba_met:si168",
                                "eba_dim:BAS": "eba_BA:x17"
                            },
                            "eba:documentation": {
                                "CellCode": "{U 01.00, r999, c0090}",
                                "DataPointVersionId": "475422"
                            }
                        },
                        "dp475457": {
                            "dimensions": {
                                "concept": "eba_met:si288",
                                "eba_dim:BAS": "eba_BA:x17",
                                "eba_dim:RPR": "eba_RP:x103"
                            },
                            "eba:documentation": {
                                "CellCode": "{U 01.00, r999, c0030}",
                                "DataPointVersionId": "475457"
                            }
                        },
                        "dp475568": {
                            "dimensions": {
                                "concept": "eba_met:si809",
                                "eba_dim:BAS": "eba_BA:x17"
                            },
                            "eba:documentation": {
                                "CellCode": "{U 01.00, r999, c0107}",
                                "DataPointVersionId": "475568"
                            }
                        },
                        "dp475732": {
                            "dimensions": {
                                "concept": "eba_met:di964",
                                "eba_dim:BAS": "eba_BA:x17",
                                "eba_dim:RPR": "eba_RP:x103"
                            },
                            "eba:documentation": {
                                "CellCode": "{U 01.00, r999, c0040}",
                                "DataPointVersionId": "475732"
                            }
                        },
                        "dp475733": {
                            "dimensions": {
                                "concept": "eba_met:ei965",
                                "eba_dim:BAS": "eba_BA:x17",
                                "eba_dim:RPR": "eba_RP:x103"
                            },
                            "eba:documentation": {
                                "CellCode": "{U 01.00, r999, c0050}",
                                "DataPointVersionId": "475733"
                            }
                        },
                        "dp475734": {
                            "dimensions": {
                                "concept": "eba_met:ei966",
                                "eba_dim:BAS": "eba_BA:x17"
                            },
                            "eba:documentation": {
                                "CellCode": "{U 01.00, r999, c0130}",
                                "DataPointVersionId": "475734"
                            }
                        },
                        "dp475735": {
                            "dimensions": {
                                "concept": "eba_met:bi967",
                                "eba_dim:BAS": "eba_BA:x17"
                            },
                            "eba:documentation": {
                                "CellCode": "{U 01.00, r999, c0140}",
                                "DataPointVersionId": "475735"
                            }
                        },
                        "dp475736": {
                            "decimals": "$decimalsMonetary",
                            "dimensions": {
                                "concept": "eba_met:mi968",
                                "eba_dim:BAS": "eba_BA:x6",
                                "eba_dim:CCA": "eba_CA:x2",
                                "eba_dim:MCY": "eba_MC:x25",
                                "eba_dim:REF": "eba_RF:x91",
                                "unit": "$baseCurrency"
                            },
                            "eba:documentation": {
                                "CellCode": "{U 01.00, r999, c0150}",
                                "DataPointVersionId": "475736"
                            }
                        },
                        "dp475737": {
                            "decimals": "$decimalsMonetary",
                            "dimensions": {
                                "concept": "eba_met:mi968",
                                "eba_dim:BAS": "eba_BA:x7",
                                "eba_dim:CCA": "eba_CA:x2",
                                "eba_dim:MCY": "eba_MC:x31",
                                "eba_dim:REF": "eba_RF:x91",
                                "unit": "$baseCurrency"
                            },
                            "eba:documentation": {
                                "CellCode": "{U 01.00, r999, c0160}",
                                "DataPointVersionId": "475737"
                            }
                        },
                        "dp475738": {
                            "dimensions": {
                                "concept": "eba_met:si969",
                                "eba_dim:BAS": "eba_BA:x17"
                            },
                            "eba:documentation": {
                                "CellCode": "{U 01.00, r999, c0180}",
                                "DataPointVersionId": "475738"
                            }
                        },
                        "dp475739": {
                            "dimensions": {
                                "concept": "eba_met:si970",
                                "eba_dim:BAS": "eba_BA:x17"
                            },
                            "eba:documentation": {
                                "CellCode": "{U 01.00, r999, c0190}",
                                "DataPointVersionId": "475739"
                            }
                        },
                        "dp475741": {
                            "dimensions": {
                                "concept": "eba_met:bi974",
                                "eba_dim:BAS": "eba_BA:x17"
                            },
                            "eba:documentation": {
                                "CellCode": "{U 01.00, r999, c0170}",
                                "DataPointVersionId": "475741"
                            }
                        },
                        "dp475743": {
                            "dimensions": {
                                "concept": "eba_met:ei976",
                                "eba_dim:BAS": "eba_BA:x17"
                            },
                            "eba:documentation": {
                                "CellCode": "{U 01.00, r999, c0110}",
                                "DataPointVersionId": "475743"
                            }
                        }
                    }
                },
                "factValue": {
                    "dimensions": {
                        "eba_dim:CLE": "$CLE",
                        "eba_dim:TCG": "$TCG"
                    },
                    "propertiesFrom": [
                        "datapoint"
                    ]
                }
            }
        }
    }
}