﻿<?xml version="1.0" encoding="utf-8"?>
<?taxonomy-version 1.0.0.0 ?>  <?taxonomy-set-overall-version 3.3.0.0 ?>
<!--(C) EBA-->
<link:linkbase xmlns:xsi="http://www.w3.org/2001/XMLSchema-instance" xmlns:xlink="http://www.w3.org/1999/xlink" xmlns:link="http://www.xbrl.org/2003/linkbase" xmlns:gen="http://xbrl.org/2008/generic" xmlns:label="http://xbrl.org/2008/label" xmlns:formula="http://xbrl.org/2008/formula" xmlns:df="http://xbrl.org/2008/filter/dimension" xmlns:table="http://xbrl.org/2014/table" xmlns:model="http://www.eurofiling.info/xbrl/ext/model" xmlns:eba_dim="http://www.eba.europa.eu/xbrl/crr/dict/dim" xmlns:eba_BA="http://www.eba.europa.eu/xbrl/crr/dict/dom/BA" xmlns:eba_RP="http://www.eba.europa.eu/xbrl/crr/dict/dom/RP" xmlns:eba_met="http://www.eba.europa.eu/xbrl/crr/dict/met" xmlns:eba_GA="http://www.eba.europa.eu/xbrl/crr/dict/dom/GA" xmlns:eba_SC="http://www.eba.europa.eu/xbrl/crr/dict/dom/SC" xmlns:eba_MC="http://www.eba.europa.eu/xbrl/crr/dict/dom/MC" xmlns:eba_RF="http://www.eba.europa.eu/xbrl/crr/dict/dom/RF" xmlns:eba_CA="http://www.eba.europa.eu/xbrl/crr/dict/dom/CA" xmlns:eba_exp="http://www.eba.europa.eu/xbrl/crr/dict/exp" xsi:schemaLocation="http://www.xbrl.org/2003/linkbase http://www.xbrl.org/2003/xbrl-linkbase-2003-12-31.xsd http://xbrl.org/2008/generic http://www.xbrl.org/2008/generic-link.xsd http://xbrl.org/2008/label http://www.xbrl.org/2008/generic-label.xsd http://xbrl.org/2008/formula http://www.xbrl.org/2008/formula.xsd http://xbrl.org/2008/filter/dimension http://www.xbrl.org/2008/dimension-filter.xsd http://xbrl.org/2014/table http://www.xbrl.org/2014/table.xsd http://www.eurofiling.info/xbrl/ext/model http://www.eurofiling.info/eu/fr/xbrl/ext/model.xsd">
  <link:arcroleRef arcroleURI="http://xbrl.org/arcrole/2014/aspect-node-filter" xlink:type="simple" xlink:href="http://www.xbrl.org/2014/table.xsd#aspect-node-filter" />
  <link:arcroleRef arcroleURI="http://xbrl.org/arcrole/2014/breakdown-tree" xlink:type="simple" xlink:href="http://www.xbrl.org/2014/table.xsd#breakdown-tree" />
  <link:arcroleRef arcroleURI="http://xbrl.org/arcrole/2014/definition-node-subtree" xlink:type="simple" xlink:href="http://www.xbrl.org/2014/table.xsd#definition-node-subtree" />
  <link:arcroleRef arcroleURI="http://xbrl.org/arcrole/2014/table-breakdown" xlink:type="simple" xlink:href="http://www.xbrl.org/2014/table.xsd#table-breakdown" />
  <link:roleRef roleURI="http://www.eba.europa.eu/xbrl/crr/role/dict/dom/BT/BT3" xlink:type="simple" xlink:href="../../../../../../dict/dom/bt/hier.xsd#eba_BT3" />
  <link:roleRef roleURI="http://www.eba.europa.eu/xbrl/crr/role/fws/IPU/dc-2022-441/2023-05-30/tab/U_01.00" xlink:type="simple" xlink:href="u_01.00.xsd#role" />
  <gen:link xlink:type="extended" xlink:role="http://www.eba.europa.eu/xbrl/crr/role/fws/IPU/dc-2022-441/2023-05-30/tab/U_01.00">
    <table:table xlink:type="resource" xlink:label="eba_tU_01.00" id="eba_tU_01.00" />
    <table:breakdown xlink:type="resource" xlink:label="eba_a1" parentChildOrder="parent-first" id="eba_a1" />
    <table:ruleNode xlink:type="resource" xlink:label="eba_a1.root" abstract="true" merge="true" id="eba_a1.root" />
    <table:breakdownTreeArc xlink:type="arc" xlink:arcrole="http://xbrl.org/arcrole/2014/breakdown-tree" xlink:from="eba_a1" xlink:to="eba_a1.root" order="0" />
    <table:ruleNode xlink:type="resource" xlink:label="eba_c86786" abstract="true" id="eba_c86786">
      <formula:explicitDimension dimension="eba_dim:BAS">
        <formula:member>
          <formula:qname>eba_BA:x17</formula:qname>
        </formula:member>
      </formula:explicitDimension>
      <formula:explicitDimension dimension="eba_dim:RPR">
        <formula:member>
          <formula:qname>eba_RP:x103</formula:qname>
        </formula:member>
      </formula:explicitDimension>
    </table:ruleNode>
    <table:ruleNode xlink:type="resource" xlink:label="eba_c86787" id="eba_c86787">
      <formula:concept>
        <formula:qname>eba_met:si168</formula:qname>
      </formula:concept>
    </table:ruleNode>
    <table:definitionNodeSubtreeArc xlink:type="arc" xlink:arcrole="http://xbrl.org/arcrole/2014/definition-node-subtree" xlink:from="eba_c86786" xlink:to="eba_c86787" order="1" />
    <table:ruleNode xlink:type="resource" xlink:label="eba_c86788" id="eba_c86788">
      <formula:concept>
        <formula:qname>eba_met:ei152</formula:qname>
      </formula:concept>
      <formula:explicitDimension dimension="eba_dim:GAT">
        <formula:member>
          <formula:qname>eba_GA:x42</formula:qname>
        </formula:member>
      </formula:explicitDimension>
    </table:ruleNode>
    <table:definitionNodeSubtreeArc xlink:type="arc" xlink:arcrole="http://xbrl.org/arcrole/2014/definition-node-subtree" xlink:from="eba_c86786" xlink:to="eba_c86788" order="2" />
    <table:ruleNode xlink:type="resource" xlink:label="eba_c86789" id="eba_c86789">
      <formula:concept>
        <formula:qname>eba_met:si288</formula:qname>
      </formula:concept>
    </table:ruleNode>
    <table:definitionNodeSubtreeArc xlink:type="arc" xlink:arcrole="http://xbrl.org/arcrole/2014/definition-node-subtree" xlink:from="eba_c86786" xlink:to="eba_c86789" order="3" />
    <table:ruleNode xlink:type="resource" xlink:label="eba_c86790" id="eba_c86790">
      <formula:concept>
        <formula:qname>eba_met:di964</formula:qname>
      </formula:concept>
    </table:ruleNode>
    <table:definitionNodeSubtreeArc xlink:type="arc" xlink:arcrole="http://xbrl.org/arcrole/2014/definition-node-subtree" xlink:from="eba_c86786" xlink:to="eba_c86790" order="4" />
    <table:ruleNode xlink:type="resource" xlink:label="eba_c86791" id="eba_c86791">
      <formula:concept>
        <formula:qname>eba_met:ei965</formula:qname>
      </formula:concept>
    </table:ruleNode>
    <table:definitionNodeSubtreeArc xlink:type="arc" xlink:arcrole="http://xbrl.org/arcrole/2014/definition-node-subtree" xlink:from="eba_c86786" xlink:to="eba_c86791" order="5" />
    <table:definitionNodeSubtreeArc xlink:type="arc" xlink:arcrole="http://xbrl.org/arcrole/2014/definition-node-subtree" xlink:from="eba_a1.root" xlink:to="eba_c86786" order="1" />
    <table:ruleNode xlink:type="resource" xlink:label="eba_c86792" abstract="true" id="eba_c86792" />
    <table:ruleNode xlink:type="resource" xlink:label="eba_c86793" id="eba_c86793">
      <formula:concept>
        <formula:qname>eba_met:si168</formula:qname>
      </formula:concept>
      <formula:explicitDimension dimension="eba_dim:BAS">
        <formula:member>
          <formula:qname>eba_BA:x17</formula:qname>
        </formula:member>
      </formula:explicitDimension>
    </table:ruleNode>
    <table:definitionNodeSubtreeArc xlink:type="arc" xlink:arcrole="http://xbrl.org/arcrole/2014/definition-node-subtree" xlink:from="eba_c86792" xlink:to="eba_c86793" order="1" />
    <table:ruleNode xlink:type="resource" xlink:label="eba_c86796" id="eba_c86796">
      <formula:concept>
        <formula:qname>eba_met:si809</formula:qname>
      </formula:concept>
      <formula:explicitDimension dimension="eba_dim:BAS">
        <formula:member>
          <formula:qname>eba_BA:x17</formula:qname>
        </formula:member>
      </formula:explicitDimension>
    </table:ruleNode>
    <table:definitionNodeSubtreeArc xlink:type="arc" xlink:arcrole="http://xbrl.org/arcrole/2014/definition-node-subtree" xlink:from="eba_c86792" xlink:to="eba_c86796" order="2" />
    <table:ruleNode xlink:type="resource" xlink:label="eba_c86797" id="eba_c86797">
      <formula:concept>
        <formula:qname>eba_met:ei976</formula:qname>
      </formula:concept>
      <formula:explicitDimension dimension="eba_dim:BAS">
        <formula:member>
          <formula:qname>eba_BA:x17</formula:qname>
        </formula:member>
      </formula:explicitDimension>
    </table:ruleNode>
    <table:definitionNodeSubtreeArc xlink:type="arc" xlink:arcrole="http://xbrl.org/arcrole/2014/definition-node-subtree" xlink:from="eba_c86792" xlink:to="eba_c86797" order="3" />
    <table:ruleNode xlink:type="resource" xlink:label="eba_c86798" id="eba_c86798">
      <formula:concept>
        <formula:qname>eba_met:ei152</formula:qname>
      </formula:concept>
      <formula:explicitDimension dimension="eba_dim:BAS">
        <formula:member>
          <formula:qname>eba_BA:x17</formula:qname>
        </formula:member>
      </formula:explicitDimension>
      <formula:explicitDimension dimension="eba_dim:SCO">
        <formula:member>
          <formula:qname>eba_SC:x11</formula:qname>
        </formula:member>
      </formula:explicitDimension>
    </table:ruleNode>
    <table:definitionNodeSubtreeArc xlink:type="arc" xlink:arcrole="http://xbrl.org/arcrole/2014/definition-node-subtree" xlink:from="eba_c86792" xlink:to="eba_c86798" order="4" />
    <table:ruleNode xlink:type="resource" xlink:label="eba_c86799" id="eba_c86799">
      <formula:concept>
        <formula:qname>eba_met:ei966</formula:qname>
      </formula:concept>
      <formula:explicitDimension dimension="eba_dim:BAS">
        <formula:member>
          <formula:qname>eba_BA:x17</formula:qname>
        </formula:member>
      </formula:explicitDimension>
    </table:ruleNode>
    <table:definitionNodeSubtreeArc xlink:type="arc" xlink:arcrole="http://xbrl.org/arcrole/2014/definition-node-subtree" xlink:from="eba_c86792" xlink:to="eba_c86799" order="5" />
    <table:ruleNode xlink:type="resource" xlink:label="eba_c86800" id="eba_c86800">
      <formula:concept>
        <formula:qname>eba_met:bi967</formula:qname>
      </formula:concept>
      <formula:explicitDimension dimension="eba_dim:BAS">
        <formula:member>
          <formula:qname>eba_BA:x17</formula:qname>
        </formula:member>
      </formula:explicitDimension>
    </table:ruleNode>
    <table:definitionNodeSubtreeArc xlink:type="arc" xlink:arcrole="http://xbrl.org/arcrole/2014/definition-node-subtree" xlink:from="eba_c86792" xlink:to="eba_c86800" order="6" />
    <table:ruleNode xlink:type="resource" xlink:label="eba_c86801" id="eba_c86801">
      <formula:concept>
        <formula:qname>eba_met:mi968</formula:qname>
      </formula:concept>
      <formula:explicitDimension dimension="eba_dim:BAS">
        <formula:member>
          <formula:qname>eba_BA:x6</formula:qname>
        </formula:member>
      </formula:explicitDimension>
      <formula:explicitDimension dimension="eba_dim:MCY">
        <formula:member>
          <formula:qname>eba_MC:x25</formula:qname>
        </formula:member>
      </formula:explicitDimension>
      <formula:explicitDimension dimension="eba_dim:REF">
        <formula:member>
          <formula:qname>eba_RF:x91</formula:qname>
        </formula:member>
      </formula:explicitDimension>
      <formula:explicitDimension dimension="eba_dim:CCA">
        <formula:member>
          <formula:qname>eba_CA:x2</formula:qname>
        </formula:member>
      </formula:explicitDimension>
    </table:ruleNode>
    <table:definitionNodeSubtreeArc xlink:type="arc" xlink:arcrole="http://xbrl.org/arcrole/2014/definition-node-subtree" xlink:from="eba_c86792" xlink:to="eba_c86801" order="7" />
    <table:ruleNode xlink:type="resource" xlink:label="eba_c86802" id="eba_c86802">
      <formula:concept>
        <formula:qname>eba_met:mi968</formula:qname>
      </formula:concept>
      <formula:explicitDimension dimension="eba_dim:BAS">
        <formula:member>
          <formula:qname>eba_BA:x7</formula:qname>
        </formula:member>
      </formula:explicitDimension>
      <formula:explicitDimension dimension="eba_dim:MCY">
        <formula:member>
          <formula:qname>eba_MC:x31</formula:qname>
        </formula:member>
      </formula:explicitDimension>
      <formula:explicitDimension dimension="eba_dim:REF">
        <formula:member>
          <formula:qname>eba_RF:x91</formula:qname>
        </formula:member>
      </formula:explicitDimension>
      <formula:explicitDimension dimension="eba_dim:CCA">
        <formula:member>
          <formula:qname>eba_CA:x2</formula:qname>
        </formula:member>
      </formula:explicitDimension>
    </table:ruleNode>
    <table:definitionNodeSubtreeArc xlink:type="arc" xlink:arcrole="http://xbrl.org/arcrole/2014/definition-node-subtree" xlink:from="eba_c86792" xlink:to="eba_c86802" order="8" />
    <table:ruleNode xlink:type="resource" xlink:label="eba_c86803" id="eba_c86803">
      <formula:concept>
        <formula:qname>eba_met:bi974</formula:qname>
      </formula:concept>
      <formula:explicitDimension dimension="eba_dim:BAS">
        <formula:member>
          <formula:qname>eba_BA:x17</formula:qname>
        </formula:member>
      </formula:explicitDimension>
    </table:ruleNode>
    <table:definitionNodeSubtreeArc xlink:type="arc" xlink:arcrole="http://xbrl.org/arcrole/2014/definition-node-subtree" xlink:from="eba_c86792" xlink:to="eba_c86803" order="9" />
    <table:ruleNode xlink:type="resource" xlink:label="eba_c86804" id="eba_c86804">
      <formula:concept>
        <formula:qname>eba_met:si969</formula:qname>
      </formula:concept>
      <formula:explicitDimension dimension="eba_dim:BAS">
        <formula:member>
          <formula:qname>eba_BA:x17</formula:qname>
        </formula:member>
      </formula:explicitDimension>
    </table:ruleNode>
    <table:definitionNodeSubtreeArc xlink:type="arc" xlink:arcrole="http://xbrl.org/arcrole/2014/definition-node-subtree" xlink:from="eba_c86792" xlink:to="eba_c86804" order="10" />
    <table:ruleNode xlink:type="resource" xlink:label="eba_c86805" id="eba_c86805">
      <formula:concept>
        <formula:qname>eba_met:si970</formula:qname>
      </formula:concept>
      <formula:explicitDimension dimension="eba_dim:BAS">
        <formula:member>
          <formula:qname>eba_BA:x17</formula:qname>
        </formula:member>
      </formula:explicitDimension>
    </table:ruleNode>
    <table:definitionNodeSubtreeArc xlink:type="arc" xlink:arcrole="http://xbrl.org/arcrole/2014/definition-node-subtree" xlink:from="eba_c86792" xlink:to="eba_c86805" order="11" />
    <table:definitionNodeSubtreeArc xlink:type="arc" xlink:arcrole="http://xbrl.org/arcrole/2014/definition-node-subtree" xlink:from="eba_a1.root" xlink:to="eba_c86792" order="2" />
    <table:tableBreakdownArc xlink:type="arc" xlink:arcrole="http://xbrl.org/arcrole/2014/table-breakdown" xlink:from="eba_tU_01.00" xlink:to="eba_a1" axis="x" order="1" />
    <table:breakdown xlink:type="resource" xlink:label="eba_a2" parentChildOrder="parent-first" id="eba_a2" />
    <table:aspectNode xlink:type="resource" xlink:label="eba_a2.root" id="eba_a2.root">
      <table:dimensionAspect>eba_dim:CLE</table:dimensionAspect>
    </table:aspectNode>
    <table:breakdownTreeArc xlink:type="arc" xlink:arcrole="http://xbrl.org/arcrole/2014/breakdown-tree" xlink:from="eba_a2" xlink:to="eba_a2.root" order="0" />
    <df:explicitDimension xlink:type="resource" xlink:label="eba_a2.root.filter" id="eba_a2.root.filter">
      <df:dimension>
        <df:qname>eba_dim:CLE</df:qname>
      </df:dimension>
      <df:member>
        <df:qname>eba_exp:BT</df:qname>
        <df:linkrole>http://www.eba.europa.eu/xbrl/crr/role/dict/dom/BT/BT3</df:linkrole>
        <df:arcrole>http://xbrl.org/int/dim/arcrole/domain-member</df:arcrole>
        <df:axis>descendant</df:axis>
      </df:member>
    </df:explicitDimension>
    <table:aspectNodeFilterArc xlink:type="arc" xlink:arcrole="http://xbrl.org/arcrole/2014/aspect-node-filter" xlink:from="eba_a2.root" xlink:to="eba_a2.root.filter" complement="false" />
    <table:tableBreakdownArc xlink:type="arc" xlink:arcrole="http://xbrl.org/arcrole/2014/table-breakdown" xlink:from="eba_tU_01.00" xlink:to="eba_a2" axis="y" order="2" />
    <table:breakdown xlink:type="resource" xlink:label="eba_a3" parentChildOrder="parent-first" id="eba_a3" />
    <table:aspectNode xlink:type="resource" xlink:label="eba_a3.root" id="eba_a3.root">
      <table:dimensionAspect>eba_dim:TCG</table:dimensionAspect>
    </table:aspectNode>
    <table:breakdownTreeArc xlink:type="arc" xlink:arcrole="http://xbrl.org/arcrole/2014/breakdown-tree" xlink:from="eba_a3" xlink:to="eba_a3.root" order="0" />
    <table:tableBreakdownArc xlink:type="arc" xlink:arcrole="http://xbrl.org/arcrole/2014/table-breakdown" xlink:from="eba_tU_01.00" xlink:to="eba_a3" axis="y" order="3" />
  </gen:link>
</link:linkbase>