﻿<?xml version="1.0" encoding="utf-8"?>
<?taxonomy-version 1.0.0.0 ?>  <?taxonomy-set-overall-version 3.3.0.0 ?>
<!--(C) EBA-->
<link:linkbase xmlns:xsi="http://www.w3.org/2001/XMLSchema-instance" xmlns:xlink="http://www.w3.org/1999/xlink" xmlns:link="http://www.xbrl.org/2003/linkbase" xmlns:gen="http://xbrl.org/2008/generic" xmlns:label="http://xbrl.org/2008/label" xsi:schemaLocation="http://www.xbrl.org/2003/linkbase http://www.xbrl.org/2003/xbrl-linkbase-2003-12-31.xsd http://xbrl.org/2008/generic http://www.xbrl.org/2008/generic-link.xsd http://xbrl.org/2008/label http://www.xbrl.org/2008/generic-label.xsd">
  <link:arcroleRef arcroleURI="http://xbrl.org/arcrole/2008/element-label" xlink:type="simple" xlink:href="http://www.xbrl.org/2008/generic-label.xsd#element-label" />
  <link:roleRef roleURI="http://www.xbrl.org/2008/role/label" xlink:type="simple" xlink:href="http://www.xbrl.org/2008/generic-label.xsd#standard-label" />
  <link:roleRef roleURI="http://www.xbrl.org/2008/role/verboseLabel" xlink:type="simple" xlink:href="http://www.xbrl.org/2008/generic-label.xsd#verbose-label" />
  <gen:link xlink:type="extended" xlink:role="http://www.xbrl.org/2003/role/link">
    <link:loc xlink:type="locator" xlink:href="u_01.00-rend.xml#eba_tU_01.00" xlink:label="loc_eba_tU_01.00" />
    <label:label xlink:type="resource" xlink:label="label_eba_tU_01.00" xml:lang="en" xlink:role="http://www.xbrl.org/2008/role/label">U 01.00</label:label>
    <gen:arc xlink:type="arc" xlink:arcrole="http://xbrl.org/arcrole/2008/element-label" xlink:from="loc_eba_tU_01.00" xlink:to="label_eba_tU_01.00" />
    <label:label xlink:type="resource" xlink:label="label_eba_tU_01.00_1" xml:lang="en" xlink:role="http://www.xbrl.org/2008/role/verboseLabel">U 01.00 Intermediate Parent Undertaking (Annex II)</label:label>
    <gen:arc xlink:type="arc" xlink:arcrole="http://xbrl.org/arcrole/2008/element-label" xlink:from="loc_eba_tU_01.00" xlink:to="label_eba_tU_01.00_1" />
    <link:loc xlink:type="locator" xlink:href="u_01.00-rend.xml#eba_a1" xlink:label="loc_eba_a1" />
    <label:label xlink:type="resource" xlink:label="label_eba_a1" xml:lang="en" xlink:role="http://www.xbrl.org/2008/role/label">Columns</label:label>
    <gen:arc xlink:type="arc" xlink:arcrole="http://xbrl.org/arcrole/2008/element-label" xlink:from="loc_eba_a1" xlink:to="label_eba_a1" />
    <link:loc xlink:type="locator" xlink:href="u_01.00-rend.xml#eba_c86786" xlink:label="loc_eba_c86786" />
    <label:label xlink:type="resource" xlink:label="label_eba_c86786" xml:lang="en" xlink:role="http://www.xbrl.org/2008/role/label">Third-country group owning the EU entity (ultimate parent undertaking) as per Art 3(64) CRD</label:label>
    <gen:arc xlink:type="arc" xlink:arcrole="http://xbrl.org/arcrole/2008/element-label" xlink:from="loc_eba_c86786" xlink:to="label_eba_c86786" />
    <link:loc xlink:type="locator" xlink:href="u_01.00-rend.xml#eba_c86787" xlink:label="loc_eba_c86787" />
    <label:label xlink:type="resource" xlink:label="label_eba_c86787" xml:lang="en" xlink:role="http://www.xbrl.org/2008/role/label">Name</label:label>
    <gen:arc xlink:type="arc" xlink:arcrole="http://xbrl.org/arcrole/2008/element-label" xlink:from="loc_eba_c86787" xlink:to="label_eba_c86787" />
    <link:loc xlink:type="locator" xlink:href="u_01.00-rend.xml#eba_c86788" xlink:label="loc_eba_c86788" />
    <label:label xlink:type="resource" xlink:label="label_eba_c86788" xml:lang="en" xlink:role="http://www.xbrl.org/2008/role/label">Country</label:label>
    <gen:arc xlink:type="arc" xlink:arcrole="http://xbrl.org/arcrole/2008/element-label" xlink:from="loc_eba_c86788" xlink:to="label_eba_c86788" />
    <link:loc xlink:type="locator" xlink:href="u_01.00-rend.xml#eba_c86789" xlink:label="loc_eba_c86789" />
    <label:label xlink:type="resource" xlink:label="label_eba_c86789" xml:lang="en" xlink:role="http://www.xbrl.org/2008/role/label">LEI</label:label>
    <gen:arc xlink:type="arc" xlink:arcrole="http://xbrl.org/arcrole/2008/element-label" xlink:from="loc_eba_c86789" xlink:to="label_eba_c86789" />
    <link:loc xlink:type="locator" xlink:href="u_01.00-rend.xml#eba_c86790" xlink:label="loc_eba_c86790" />
    <label:label xlink:type="resource" xlink:label="label_eba_c86790" xml:lang="en" xlink:role="http://www.xbrl.org/2008/role/label">IPU requirement timeline</label:label>
    <gen:arc xlink:type="arc" xlink:arcrole="http://xbrl.org/arcrole/2008/element-label" xlink:from="loc_eba_c86790" xlink:to="label_eba_c86790" />
    <link:loc xlink:type="locator" xlink:href="u_01.00-rend.xml#eba_c86791" xlink:label="loc_eba_c86791" />
    <label:label xlink:type="resource" xlink:label="label_eba_c86791" xml:lang="en" xlink:role="http://www.xbrl.org/2008/role/label">If a request for 2 IPUs has been filed, indicate under which article (21b(2)(a) or (b) CRD)</label:label>
    <gen:arc xlink:type="arc" xlink:arcrole="http://xbrl.org/arcrole/2008/element-label" xlink:from="loc_eba_c86791" xlink:to="label_eba_c86791" />
    <link:loc xlink:type="locator" xlink:href="u_01.00-rend.xml#eba_c86792" xlink:label="loc_eba_c86792" />
    <label:label xlink:type="resource" xlink:label="label_eba_c86792" xml:lang="en" xlink:role="http://www.xbrl.org/2008/role/label">Supervised entity</label:label>
    <gen:arc xlink:type="arc" xlink:arcrole="http://xbrl.org/arcrole/2008/element-label" xlink:from="loc_eba_c86792" xlink:to="label_eba_c86792" />
    <link:loc xlink:type="locator" xlink:href="u_01.00-rend.xml#eba_c86793" xlink:label="loc_eba_c86793" />
    <label:label xlink:type="resource" xlink:label="label_eba_c86793" xml:lang="en" xlink:role="http://www.xbrl.org/2008/role/label">Name</label:label>
    <gen:arc xlink:type="arc" xlink:arcrole="http://xbrl.org/arcrole/2008/element-label" xlink:from="loc_eba_c86793" xlink:to="label_eba_c86793" />
    <link:loc xlink:type="locator" xlink:href="u_01.00-rend.xml#eba_c86796" xlink:label="loc_eba_c86796" />
    <label:label xlink:type="resource" xlink:label="label_eba_c86796" xml:lang="en" xlink:role="http://www.xbrl.org/2008/role/label">National code</label:label>
    <gen:arc xlink:type="arc" xlink:arcrole="http://xbrl.org/arcrole/2008/element-label" xlink:from="loc_eba_c86796" xlink:to="label_eba_c86796" />
    <link:loc xlink:type="locator" xlink:href="u_01.00-rend.xml#eba_c86797" xlink:label="loc_eba_c86797" />
    <label:label xlink:type="resource" xlink:label="label_eba_c86797" xml:lang="en" xlink:role="http://www.xbrl.org/2008/role/label">Type of entity</label:label>
    <gen:arc xlink:type="arc" xlink:arcrole="http://xbrl.org/arcrole/2008/element-label" xlink:from="loc_eba_c86797" xlink:to="label_eba_c86797" />
    <link:loc xlink:type="locator" xlink:href="u_01.00-rend.xml#eba_c86798" xlink:label="loc_eba_c86798" />
    <label:label xlink:type="resource" xlink:label="label_eba_c86798" xml:lang="en" xlink:role="http://www.xbrl.org/2008/role/label">Member State of establishment</label:label>
    <gen:arc xlink:type="arc" xlink:arcrole="http://xbrl.org/arcrole/2008/element-label" xlink:from="loc_eba_c86798" xlink:to="label_eba_c86798" />
    <link:loc xlink:type="locator" xlink:href="u_01.00-rend.xml#eba_c86799" xlink:label="loc_eba_c86799" />
    <label:label xlink:type="resource" xlink:label="label_eba_c86799" xml:lang="en" xlink:role="http://www.xbrl.org/2008/role/label">Competent authority</label:label>
    <gen:arc xlink:type="arc" xlink:arcrole="http://xbrl.org/arcrole/2008/element-label" xlink:from="loc_eba_c86799" xlink:to="label_eba_c86799" />
    <link:loc xlink:type="locator" xlink:href="u_01.00-rend.xml#eba_c86800" xlink:label="loc_eba_c86800" />
    <label:label xlink:type="resource" xlink:label="label_eba_c86800" xml:lang="en" xlink:role="http://www.xbrl.org/2008/role/label">Is the supervised entity an EU parent institution? (Y/N)</label:label>
    <gen:arc xlink:type="arc" xlink:arcrole="http://xbrl.org/arcrole/2008/element-label" xlink:from="loc_eba_c86800" xlink:to="label_eba_c86800" />
    <link:loc xlink:type="locator" xlink:href="u_01.00-rend.xml#eba_c86801" xlink:label="loc_eba_c86801" />
    <label:label xlink:type="resource" xlink:label="label_eba_c86801" xml:lang="en" xlink:role="http://www.xbrl.org/2008/role/label">Total value of assets</label:label>
    <gen:arc xlink:type="arc" xlink:arcrole="http://xbrl.org/arcrole/2008/element-label" xlink:from="loc_eba_c86801" xlink:to="label_eba_c86801" />
    <link:loc xlink:type="locator" xlink:href="u_01.00-rend.xml#eba_c86802" xlink:label="loc_eba_c86802" />
    <label:label xlink:type="resource" xlink:label="label_eba_c86802" xml:lang="en" xlink:role="http://www.xbrl.org/2008/role/label">If entity is a branch of a credit institution (field 0110='TCBCI'): 
Total value of liabilities</label:label>
    <gen:arc xlink:type="arc" xlink:arcrole="http://xbrl.org/arcrole/2008/element-label" xlink:from="loc_eba_c86802" xlink:to="label_eba_c86802" />
    <link:loc xlink:type="locator" xlink:href="u_01.00-rend.xml#eba_c86803" xlink:label="loc_eba_c86803" />
    <label:label xlink:type="resource" xlink:label="label_eba_c86803" xml:lang="en" xlink:role="http://www.xbrl.org/2008/role/label">Is this entity an IPU ? (Y/N)</label:label>
    <gen:arc xlink:type="arc" xlink:arcrole="http://xbrl.org/arcrole/2008/element-label" xlink:from="loc_eba_c86803" xlink:to="label_eba_c86803" />
    <link:loc xlink:type="locator" xlink:href="u_01.00-rend.xml#eba_c86804" xlink:label="loc_eba_c86804" />
    <label:label xlink:type="resource" xlink:label="label_eba_c86804" xml:lang="en" xlink:role="http://www.xbrl.org/2008/role/label">If entity is a TCB: 
Types of activities that the branch is authorised to carry out under CRD</label:label>
    <gen:arc xlink:type="arc" xlink:arcrole="http://xbrl.org/arcrole/2008/element-label" xlink:from="loc_eba_c86804" xlink:to="label_eba_c86804" />
    <link:loc xlink:type="locator" xlink:href="u_01.00-rend.xml#eba_c86805" xlink:label="loc_eba_c86805" />
    <label:label xlink:type="resource" xlink:label="label_eba_c86805" xml:lang="en" xlink:role="http://www.xbrl.org/2008/role/label">If entity is a TCB: 
Types of services and activities that the branch is authorised to carry out under MiFID</label:label>
    <gen:arc xlink:type="arc" xlink:arcrole="http://xbrl.org/arcrole/2008/element-label" xlink:from="loc_eba_c86805" xlink:to="label_eba_c86805" />
    <link:loc xlink:type="locator" xlink:href="u_01.00-rend.xml#eba_a2" xlink:label="loc_eba_a2" />
    <label:label xlink:type="resource" xlink:label="label_eba_a2" xml:lang="en" xlink:role="http://www.xbrl.org/2008/role/label">Supervised entity: Type of code</label:label>
    <gen:arc xlink:type="arc" xlink:arcrole="http://xbrl.org/arcrole/2008/element-label" xlink:from="loc_eba_a2" xlink:to="label_eba_a2" />
    <link:loc xlink:type="locator" xlink:href="u_01.00-rend.xml#eba_a3" xlink:label="loc_eba_a3" />
    <label:label xlink:type="resource" xlink:label="label_eba_a3" xml:lang="en" xlink:role="http://www.xbrl.org/2008/role/label">Supervised entity: Code</label:label>
    <gen:arc xlink:type="arc" xlink:arcrole="http://xbrl.org/arcrole/2008/element-label" xlink:from="loc_eba_a3" xlink:to="label_eba_a3" />
  </gen:link>
</link:linkbase>