<?xml version="1.0" encoding="UTF-8"?>
<!--
*******************************************************************************************
Copyright © 2022 Comisión para el Mercado Financiero de Chile (CMF) 
This material is copyright of the CMF Chile and all rights are reserved. 
No part of this material may be translated, reprinted, reproduced or utilised in 
any form or manner that is not expressly permitted by the CMF Chile 
IP Policy see: http://www.cmfchile.cl/sitio/pop/politica.html
*******************************************************************************************
-->
<!-- Generated with Reporting Standard S.L. XBRL Taxonomy builder version 3.7.1.1364 - http://www.reportingstandard.com -->
<link:linkbase xmlns:link="http://www.xbrl.org/2003/linkbase"
               xmlns:xs="http://www.w3.org/2001/XMLSchema"
               xmlns:xbrli="http://www.xbrl.org/2003/instance"
               xmlns:xfi="http://www.xbrl.org/2008/function/instance"
               xmlns:gen="http://xbrl.org/2008/generic"
               xmlns:xlink="http://www.w3.org/1999/xlink"
               xmlns:xsi="http://www.w3.org/2001/XMLSchema-instance"
               xmlns:va="http://xbrl.org/2008/assertion/value"
               xmlns:variable="http://xbrl.org/2008/variable"
               xmlns:cf="http://xbrl.org/2008/filter/concept"
               xmlns:cl-ci="http://www.cmfchile.cl/cl/fr/ci/2022-01-03"
               xmlns:df="http://xbrl.org/2008/filter/dimension"
               xmlns:label="http://xbrl.org/2008/label"
               xmlns:msg="http://xbrl.org/2010/message"
               xsi:schemaLocation="http://xbrl.org/2008/assertion/value http://www.xbrl.org/2008/value-assertion.xsd http://xbrl.org/2008/variable http://www.xbrl.org/2008/variable.xsd http://xbrl.org/2008/filter/concept http://www.xbrl.org/2008/concept-filter.xsd http://xbrl.org/2008/filter/dimension http://www.xbrl.org/2008/dimension-filter.xsd http://xbrl.org/2008/label http://www.xbrl.org/2008/generic-label.xsd http://xbrl.org/2010/message http://www.xbrl.org/2010/generic-message.xsd http://xbrl.org/2008/generic http://www.xbrl.org/2008/generic-link.xsd http://www.cmfchile.cl/cl/fr/ci/2022-01-03 ../../cl-ci_cor_2022-01-03.xsd">
  <link:roleRef xlink:type="simple" roleURI="http://www.cmfchile.cl/cl/fr/ci/role/cl-cp_2022-01-03_role-822450" xlink:href="../cl-ci_cl-cp_2022-01-03_role-822450.xsd#cl-cp_2022-01-03_role-822450"/>
  <link:roleRef xlink:type="simple" roleURI="http://www.xbrl.org/2010/role/message" xlink:href="http://www.xbrl.org/2010/generic-message.xsd#standard-message"/>
  <link:arcroleRef xlink:type="simple" arcroleURI="http://xbrl.org/arcrole/2008/variable-set" xlink:href="http://www.xbrl.org/2008/variable.xsd#variable-set"/>
  <link:arcroleRef xlink:type="simple" arcroleURI="http://xbrl.org/arcrole/2008/variable-filter" xlink:href="http://www.xbrl.org/2008/variable.xsd#variable-filter"/>
  <link:arcroleRef xlink:type="simple" arcroleURI="http://xbrl.org/arcrole/2008/element-label" xlink:href="http://www.xbrl.org/2008/generic-label.xsd#element-label"/>
  <link:arcroleRef xlink:type="simple" arcroleURI="http://xbrl.org/arcrole/2010/assertion-satisfied-message" xlink:href="http://www.xbrl.org/2010/validation-message.xsd#assertion-satisfied-message"/>
  <link:arcroleRef xlink:type="simple" arcroleURI="http://xbrl.org/arcrole/2010/assertion-unsatisfied-message" xlink:href="http://www.xbrl.org/2010/validation-message.xsd#assertion-unsatisfied-message"/>
  <gen:link xlink:type="extended" xlink:role="http://www.cmfchile.cl/cl/fr/ci/role/cl-cp_2022-01-03_role-822450">
    <va:valueAssertion xlink:type="resource" id="regla822491" aspectModel="dimensional" implicitFiltering="true" test="$cl-ci:CuentasComercialesAlDia = sum($cl-ci:CuentasComercialesAlDia2)" xlink:label="lbl21307"/>
    <variable:factVariable xlink:type="resource" bindAsSequence="true" xlink:label="lbl21308" id="id10759"/>
    <variable:variableArc xlink:type="arc" xlink:arcrole="http://xbrl.org/arcrole/2008/variable-set" name="cl-ci:CuentasComercialesAlDia" xlink:from="lbl21307" xlink:to="lbl21308"/>
    <variable:factVariable xlink:type="resource" bindAsSequence="true" xlink:label="lbl21311" id="id10760"/>
    <variable:variableArc xlink:type="arc" xlink:arcrole="http://xbrl.org/arcrole/2008/variable-set" name="cl-ci:CuentasComercialesAlDia2" xlink:from="lbl21307" xlink:to="lbl21311"/>
    <va:valueAssertion xlink:type="resource" id="regla822492" aspectModel="dimensional" implicitFiltering="true" test="$cl-ci:CuentasComercialesVencidas = sum($cl-ci:CuentasComercialesVencidas2)" xlink:label="lbl21316"/>
    <variable:factVariable xlink:type="resource" bindAsSequence="true" xlink:label="lbl21317" id="id10761"/>
    <variable:variableArc xlink:type="arc" xlink:arcrole="http://xbrl.org/arcrole/2008/variable-set" name="cl-ci:CuentasComercialesVencidas" xlink:from="lbl21316" xlink:to="lbl21317"/>
    <variable:factVariable xlink:type="resource" bindAsSequence="true" xlink:label="lbl21320" id="id10762"/>
    <variable:variableArc xlink:type="arc" xlink:arcrole="http://xbrl.org/arcrole/2008/variable-set" name="cl-ci:CuentasComercialesVencidas2" xlink:from="lbl21316" xlink:to="lbl21320"/>
    <cf:conceptName xlink:type="resource" xlink:label="lbl21309" id="id10763">
      <cf:concept>
        <cf:qname>cl-ci:CuentasComercialesAlDia</cf:qname>
      </cf:concept>
    </cf:conceptName>
    <variable:variableFilterArc xlink:type="arc" xlink:arcrole="http://xbrl.org/arcrole/2008/variable-filter" complement="false" cover="true" xlink:from="lbl21308" xlink:to="lbl21309"/>
    <df:explicitDimension xlink:type="resource" xlink:label="lbl21310" id="id10764">
      <df:dimension>
        <df:qname>cl-ci:CuentasAlDiaPorTipoProveedorEje</df:qname>
      </df:dimension>
      <df:member>
        <df:qname>cl-ci:CuentasComercialesAlDiaMiembro</df:qname>
      </df:member>
    </df:explicitDimension>
    <variable:variableFilterArc xlink:type="arc" xlink:arcrole="http://xbrl.org/arcrole/2008/variable-filter" complement="false" cover="true" xlink:from="lbl21308" xlink:to="lbl21310"/>
    <variable:variableFilterArc xlink:type="arc" xlink:arcrole="http://xbrl.org/arcrole/2008/variable-filter" complement="false" cover="true" xlink:from="lbl21311" xlink:to="lbl21309"/>
    <df:explicitDimension xlink:type="resource" xlink:label="lbl21312" id="id10765">
      <df:dimension>
        <df:qname>cl-ci:CuentasAlDiaPorTipoProveedorEje</df:qname>
      </df:dimension>
      <df:member>
        <df:qname>cl-ci:CuentasComercialesAlDiaMiembro</df:qname>
        <df:linkrole>http://www.cmfchile.cl/cl/fr/ci/role/cl-cp_2022-01-03_role-822450</df:linkrole>
        <df:arcrole>http://xbrl.org/int/dim/arcrole/domain-member</df:arcrole>
        <df:axis>child</df:axis>
      </df:member>
    </df:explicitDimension>
    <variable:variableFilterArc xlink:type="arc" xlink:arcrole="http://xbrl.org/arcrole/2008/variable-filter" complement="false" cover="true" xlink:from="lbl21311" xlink:to="lbl21312"/>
    <cf:conceptName xlink:type="resource" xlink:label="lbl21318" id="id10766">
      <cf:concept>
        <cf:qname>cl-ci:CuentasComercialesVencidas</cf:qname>
      </cf:concept>
    </cf:conceptName>
    <variable:variableFilterArc xlink:type="arc" xlink:arcrole="http://xbrl.org/arcrole/2008/variable-filter" complement="false" cover="true" xlink:from="lbl21317" xlink:to="lbl21318"/>
    <df:explicitDimension xlink:type="resource" xlink:label="lbl21319" id="id10767">
      <df:dimension>
        <df:qname>cl-ci:CuentasPlazosVencidosPorTipoProveedorEje</df:qname>
      </df:dimension>
      <df:member>
        <df:qname>cl-ci:CuentasComercialesVencidasMiembro</df:qname>
      </df:member>
    </df:explicitDimension>
    <variable:variableFilterArc xlink:type="arc" xlink:arcrole="http://xbrl.org/arcrole/2008/variable-filter" complement="false" cover="true" xlink:from="lbl21317" xlink:to="lbl21319"/>
    <variable:variableFilterArc xlink:type="arc" xlink:arcrole="http://xbrl.org/arcrole/2008/variable-filter" complement="false" cover="true" xlink:from="lbl21320" xlink:to="lbl21318"/>
    <df:explicitDimension xlink:type="resource" xlink:label="lbl21321" id="id10768">
      <df:dimension>
        <df:qname>cl-ci:CuentasPlazosVencidosPorTipoProveedorEje</df:qname>
      </df:dimension>
      <df:member>
        <df:qname>cl-ci:CuentasComercialesVencidasMiembro</df:qname>
        <df:linkrole>http://www.cmfchile.cl/cl/fr/ci/role/cl-cp_2022-01-03_role-822450a</df:linkrole>
        <df:arcrole>http://xbrl.org/int/dim/arcrole/domain-member</df:arcrole>
        <df:axis>child</df:axis>
      </df:member>
    </df:explicitDimension>
    <variable:variableFilterArc xlink:type="arc" xlink:arcrole="http://xbrl.org/arcrole/2008/variable-filter" complement="false" cover="true" xlink:from="lbl21320" xlink:to="lbl21321"/>
    <label:label xlink:type="resource" xml:lang="es" id="id10753" xlink:label="lbl21313">822491</label:label>
    <gen:arc xlink:type="arc" xlink:arcrole="http://xbrl.org/arcrole/2008/element-label" xlink:from="lbl21307" xlink:to="lbl21313"/>
    <label:label xlink:type="resource" xml:lang="es" id="id10756" xlink:label="lbl21322">822492</label:label>
    <gen:arc xlink:type="arc" xlink:arcrole="http://xbrl.org/arcrole/2008/element-label" xlink:from="lbl21316" xlink:to="lbl21322"/>
    <msg:message xlink:type="resource" id="id10754" xml:lang="es" xlink:role="http://www.xbrl.org/2010/role/message" xlink:label="lbl21314">Rol[822450] Regla822491: Suma dimensiones Total OK; contexto  {$cl-ci:CuentasComercialesAlDia/@contextRef}</msg:message>
    <gen:arc xlink:type="arc" xlink:arcrole="http://xbrl.org/arcrole/2010/assertion-satisfied-message" xlink:from="lbl21307" xlink:to="lbl21314"/>
    <msg:message xlink:type="resource" id="id10757" xml:lang="es" xlink:role="http://www.xbrl.org/2010/role/message" xlink:label="lbl21323">Rol[822450a] Regla822492: Suma dimensiones Total OK; contexto  {$cl-ci:CuentasComercialesVencidas/@contextRef}</msg:message>
    <gen:arc xlink:type="arc" xlink:arcrole="http://xbrl.org/arcrole/2010/assertion-satisfied-message" xlink:from="lbl21316" xlink:to="lbl21323"/>
    <msg:message xlink:type="resource" id="id10755" xml:lang="es" xlink:role="http://www.xbrl.org/2010/role/message" xlink:label="lbl21315">Rol[822450] Regla822491: Error en suma dimensiones Total; contexto  {$cl-ci:CuentasComercialesAlDia/@contextRef}</msg:message>
    <gen:arc xlink:type="arc" xlink:arcrole="http://xbrl.org/arcrole/2010/assertion-unsatisfied-message" xlink:from="lbl21307" xlink:to="lbl21315"/>
    <msg:message xlink:type="resource" id="id10758" xml:lang="es" xlink:role="http://www.xbrl.org/2010/role/message" xlink:label="lbl21324">Rol[822450a] Regla822492: Error en suma dimensiones Total; contexto  {$cl-ci:CuentasComercialesVencidas/@contextRef}</msg:message>
    <gen:arc xlink:type="arc" xlink:arcrole="http://xbrl.org/arcrole/2010/assertion-unsatisfied-message" xlink:from="lbl21316" xlink:to="lbl21324"/>
  </gen:link>
</link:linkbase>