<?xml version="1.0" encoding="UTF-8"?>
<!--
*******************************************************************************************
Copyright © 2022 Comisión para el Mercado Financiero de Chile (CMF) 
This material is copyright of the CMF Chile and all rights are reserved. 
No part of this material may be translated, reprinted, reproduced or utilised in 
any form or manner that is not expressly permitted by the CMF Chile 
IP Policy see: http://www.cmfchile.cl/sitio/pop/politica.html
*******************************************************************************************
-->
<!-- Generated with Reporting Standard S.L. XBRL Taxonomy builder version 3.7.1.1364 - http://www.reportingstandard.com -->
<link:linkbase xmlns:link="http://www.xbrl.org/2003/linkbase"
               xmlns:xs="http://www.w3.org/2001/XMLSchema"
               xmlns:xbrli="http://www.xbrl.org/2003/instance"
               xmlns:xfi="http://www.xbrl.org/2008/function/instance"
               xmlns:gen="http://xbrl.org/2008/generic"
               xmlns:xlink="http://www.w3.org/1999/xlink"
               xmlns:xsi="http://www.w3.org/2001/XMLSchema-instance"
               xmlns:va="http://xbrl.org/2008/assertion/value"
               xmlns:variable="http://xbrl.org/2008/variable"
               xmlns:cf="http://xbrl.org/2008/filter/concept"
               xmlns:ifrs-full="http://xbrl.ifrs.org/taxonomy/2021-03-24/ifrs-full"
               xmlns:df="http://xbrl.org/2008/filter/dimension"
               xmlns:label="http://xbrl.org/2008/label"
               xmlns:msg="http://xbrl.org/2010/message"
               xsi:schemaLocation="http://xbrl.org/2008/assertion/value http://www.xbrl.org/2008/value-assertion.xsd http://xbrl.org/2008/variable http://www.xbrl.org/2008/variable.xsd http://xbrl.org/2008/filter/concept http://www.xbrl.org/2008/concept-filter.xsd http://xbrl.org/2008/filter/dimension http://www.xbrl.org/2008/dimension-filter.xsd http://xbrl.org/2008/label http://www.xbrl.org/2008/generic-label.xsd http://xbrl.org/2010/message http://www.xbrl.org/2010/generic-message.xsd http://xbrl.org/2008/generic http://www.xbrl.org/2008/generic-link.xsd http://xbrl.ifrs.org/taxonomy/2021-03-24/ifrs-full http://xbrl.ifrs.org/taxonomy/2021-03-24/full_ifrs/full_ifrs-cor_2021-03-24.xsd">
  <link:roleRef xlink:type="simple" roleURI="http://www.cmfchile.cl/cl/fr/ci/role/cl-cp_2022-01-03_role-822410" xlink:href="../cl-ci_cl-cp_2022-01-03_role-822410.xsd#cl-cp_2022-01-03_role-822410"/>
  <link:roleRef xlink:type="simple" roleURI="http://www.xbrl.org/2010/role/message" xlink:href="http://www.xbrl.org/2010/generic-message.xsd#standard-message"/>
  <link:arcroleRef xlink:type="simple" arcroleURI="http://xbrl.org/arcrole/2008/variable-set" xlink:href="http://www.xbrl.org/2008/variable.xsd#variable-set"/>
  <link:arcroleRef xlink:type="simple" arcroleURI="http://xbrl.org/arcrole/2008/variable-filter" xlink:href="http://www.xbrl.org/2008/variable.xsd#variable-filter"/>
  <link:arcroleRef xlink:type="simple" arcroleURI="http://xbrl.org/arcrole/2008/element-label" xlink:href="http://www.xbrl.org/2008/generic-label.xsd#element-label"/>
  <link:arcroleRef xlink:type="simple" arcroleURI="http://xbrl.org/arcrole/2010/assertion-satisfied-message" xlink:href="http://www.xbrl.org/2010/validation-message.xsd#assertion-satisfied-message"/>
  <link:arcroleRef xlink:type="simple" arcroleURI="http://xbrl.org/arcrole/2010/assertion-unsatisfied-message" xlink:href="http://www.xbrl.org/2010/validation-message.xsd#assertion-unsatisfied-message"/>
  <gen:link xlink:type="extended" xlink:role="http://www.cmfchile.cl/cl/fr/ci/role/cl-cp_2022-01-03_role-822410">
    <va:valueAssertion xlink:type="resource" id="regla822481" aspectModel="dimensional" implicitFiltering="true" test="$ifrs-full:FinancialInstrumentsDesignatedAsHedgingInstrumentsAtFairValue = sum($ifrs-full:FinancialInstrumentsDesignatedAsHedgingInstrumentsAtFairValue2)" xlink:label="lbl21213"/>
    <variable:factVariable xlink:type="resource" bindAsSequence="true" xlink:label="lbl21214" id="id10748"/>
    <variable:variableArc xlink:type="arc" xlink:arcrole="http://xbrl.org/arcrole/2008/variable-set" name="ifrs-full:FinancialInstrumentsDesignatedAsHedgingInstrumentsAtFairValue" xlink:from="lbl21213" xlink:to="lbl21214"/>
    <variable:factVariable xlink:type="resource" bindAsSequence="true" xlink:label="lbl21217" id="id10749"/>
    <variable:variableArc xlink:type="arc" xlink:arcrole="http://xbrl.org/arcrole/2008/variable-set" name="ifrs-full:FinancialInstrumentsDesignatedAsHedgingInstrumentsAtFairValue2" xlink:from="lbl21213" xlink:to="lbl21217"/>
    <cf:conceptName xlink:type="resource" xlink:label="lbl21215" id="id10750">
      <cf:concept>
        <cf:qname>ifrs-full:FinancialInstrumentsDesignatedAsHedgingInstrumentsAtFairValue</cf:qname>
      </cf:concept>
    </cf:conceptName>
    <variable:variableFilterArc xlink:type="arc" xlink:arcrole="http://xbrl.org/arcrole/2008/variable-filter" complement="false" cover="true" xlink:from="lbl21214" xlink:to="lbl21215"/>
    <df:explicitDimension xlink:type="resource" xlink:label="lbl21216" id="id10751">
      <df:dimension>
        <df:qname>ifrs-full:TypesOfHedgesAxis</df:qname>
      </df:dimension>
      <df:member>
        <df:qname>ifrs-full:TypesOfHedgesMember</df:qname>
      </df:member>
    </df:explicitDimension>
    <variable:variableFilterArc xlink:type="arc" xlink:arcrole="http://xbrl.org/arcrole/2008/variable-filter" complement="false" cover="true" xlink:from="lbl21214" xlink:to="lbl21216"/>
    <variable:variableFilterArc xlink:type="arc" xlink:arcrole="http://xbrl.org/arcrole/2008/variable-filter" complement="false" cover="true" xlink:from="lbl21217" xlink:to="lbl21215"/>
    <df:explicitDimension xlink:type="resource" xlink:label="lbl21218" id="id10752">
      <df:dimension>
        <df:qname>ifrs-full:TypesOfHedgesAxis</df:qname>
      </df:dimension>
      <df:member>
        <df:qname>ifrs-full:TypesOfHedgesMember</df:qname>
        <df:linkrole>http://www.cmfchile.cl/cl/fr/ci/role/cl-cp_2022-01-03_role-822410a</df:linkrole>
        <df:arcrole>http://xbrl.org/int/dim/arcrole/domain-member</df:arcrole>
        <df:axis>child</df:axis>
      </df:member>
    </df:explicitDimension>
    <variable:variableFilterArc xlink:type="arc" xlink:arcrole="http://xbrl.org/arcrole/2008/variable-filter" complement="false" cover="true" xlink:from="lbl21217" xlink:to="lbl21218"/>
    <label:label xlink:type="resource" xml:lang="es" id="id10745" xlink:label="lbl21219">822481</label:label>
    <gen:arc xlink:type="arc" xlink:arcrole="http://xbrl.org/arcrole/2008/element-label" xlink:from="lbl21213" xlink:to="lbl21219"/>
    <msg:message xlink:type="resource" id="id10746" xml:lang="es" xlink:role="http://www.xbrl.org/2010/role/message" xlink:label="lbl21220">Rol[822410a] Regla822481: Suma dimensiones Instrumentos financieros designados como instrumentos de cobertura, al valor razonable OK; contexto  {$ifrs-full:FinancialInstrumentsDesignatedAsHedgingInstrumentsAtFairValue/@contextRef}</msg:message>
    <gen:arc xlink:type="arc" xlink:arcrole="http://xbrl.org/arcrole/2010/assertion-satisfied-message" xlink:from="lbl21213" xlink:to="lbl21220"/>
    <msg:message xlink:type="resource" id="id10747" xml:lang="es" xlink:role="http://www.xbrl.org/2010/role/message" xlink:label="lbl21221">Rol[822410a] Regla822481: Error en suma dimensiones Instrumentos financieros designados como instrumentos de cobertura, al valor razonable; contexto  {$ifrs-full:FinancialInstrumentsDesignatedAsHedgingInstrumentsAtFairValue/@contextRef}</msg:message>
    <gen:arc xlink:type="arc" xlink:arcrole="http://xbrl.org/arcrole/2010/assertion-unsatisfied-message" xlink:from="lbl21213" xlink:to="lbl21221"/>
  </gen:link>
</link:linkbase>