{
    "documentInfo": {
        "documentType": "https://xbrl.org/CR/2021-02-03/xbrl-csv",
        "namespaces": {
            "eba": "http://www.eba.europa.eu",
            "eba_BA": "http://www.eba.europa.eu/xbrl/crr/dict/dom/BA",
            "eba_CT": "http://www.eba.europa.eu/xbrl/crr/dict/dom/CT",
            "eba_MC": "http://www.eba.europa.eu/xbrl/crr/dict/dom/MC",
            "eba_dim": "http://www.eba.europa.eu/xbrl/crr/dict/dim",
            "eba_met": "http://www.eba.europa.eu/xbrl/crr/dict/met"
        }
    },
    "tableTemplates": {
        "D_10-00": {
            "columns": {
                "CTN": {},
                "MCY": {},
                "datapoint": {
                    "propertyGroups": {
                        "dp475417": {
                            "decimals": "$decimalsMonetary",
                            "dimensions": {
                                "concept": "eba_met:mi136",
                                "eba_dim:BAS": "eba_BA:x6",
                                "unit": "$baseCurrency"
                            },
                            "eba:documentation": {
                                "CellCode": "{D 10.00, r999, c0030}",
                                "DataPointVersionId": "475417"
                            }
                        },
                        "dp475710": {
                            "dimensions": {
                                "concept": "eba_met:si951",
                                "eba_dim:BAS": "eba_BA:x20"
                            },
                            "eba:documentation": {
                                "CellCode": "{D 10.00, r999, c0060}",
                                "DataPointVersionId": "475710"
                            }
                        },
                        "dp475711": {
                            "dimensions": {
                                "concept": "eba_met:si953",
                                "eba_dim:BAS": "eba_BA:x20"
                            },
                            "eba:documentation": {
                                "CellCode": "{D 10.00, r999, c0050}",
                                "DataPointVersionId": "475711"
                            }
                        },
                        "dp475712": {
                            "dimensions": {
                                "concept": "eba_met:si954",
                                "eba_dim:BAS": "eba_BA:x20"
                            },
                            "eba:documentation": {
                                "CellCode": "{D 10.00, r999, c0040}",
                                "DataPointVersionId": "475712"
                            }
                        }
                    }
                },
                "factValue": {
                    "dimensions": {
                        "eba_dim:CTN": "$CTN",
                        "eba_dim:MCY": "$MCY"
                    },
                    "propertiesFrom": [
                        "datapoint"
                    ]
                }
            }
        }
    }
}