﻿<?xml version="1.0" encoding="utf-8"?>
<?taxonomy-version 1.0.0.0 ?>  <?taxonomy-set-overall-version 3.3.0.0 ?>
<!--(C) EBA-->
<link:linkbase xmlns:xsi="http://www.w3.org/2001/XMLSchema-instance" xmlns:xlink="http://www.w3.org/1999/xlink" xmlns:link="http://www.xbrl.org/2003/linkbase" xmlns:gen="http://xbrl.org/2008/generic" xmlns:label="http://xbrl.org/2008/label" xmlns:formula="http://xbrl.org/2008/formula" xmlns:df="http://xbrl.org/2008/filter/dimension" xmlns:table="http://xbrl.org/2014/table" xmlns:model="http://www.eurofiling.info/xbrl/ext/model" xmlns:eba_met="http://www.eba.europa.eu/xbrl/crr/dict/met" xmlns:eba_dim="http://www.eba.europa.eu/xbrl/crr/dict/dim" xmlns:eba_BA="http://www.eba.europa.eu/xbrl/crr/dict/dom/BA" xmlns:eba_exp="http://www.eba.europa.eu/xbrl/crr/dict/exp" xsi:schemaLocation="http://www.xbrl.org/2003/linkbase http://www.xbrl.org/2003/xbrl-linkbase-2003-12-31.xsd http://xbrl.org/2008/generic http://www.xbrl.org/2008/generic-link.xsd http://xbrl.org/2008/label http://www.xbrl.org/2008/generic-label.xsd http://xbrl.org/2008/formula http://www.xbrl.org/2008/formula.xsd http://xbrl.org/2008/filter/dimension http://www.xbrl.org/2008/dimension-filter.xsd http://xbrl.org/2014/table http://www.xbrl.org/2014/table.xsd http://www.eurofiling.info/xbrl/ext/model http://www.eurofiling.info/eu/fr/xbrl/ext/model.xsd">
  <link:arcroleRef arcroleURI="http://xbrl.org/arcrole/2014/aspect-node-filter" xlink:type="simple" xlink:href="http://www.xbrl.org/2014/table.xsd#aspect-node-filter" />
  <link:arcroleRef arcroleURI="http://xbrl.org/arcrole/2014/breakdown-tree" xlink:type="simple" xlink:href="http://www.xbrl.org/2014/table.xsd#breakdown-tree" />
  <link:arcroleRef arcroleURI="http://xbrl.org/arcrole/2014/definition-node-subtree" xlink:type="simple" xlink:href="http://www.xbrl.org/2014/table.xsd#definition-node-subtree" />
  <link:arcroleRef arcroleURI="http://xbrl.org/arcrole/2014/table-breakdown" xlink:type="simple" xlink:href="http://www.xbrl.org/2014/table.xsd#table-breakdown" />
  <link:roleRef roleURI="http://www.eba.europa.eu/xbrl/crr/role/dict/dom/CT/CT54" xlink:type="simple" xlink:href="../../../../../../dict/dom/ct/hier.xsd#eba_CT54" />
  <link:roleRef roleURI="http://www.eba.europa.eu/xbrl/crr/role/dict/dom/MC/MC37" xlink:type="simple" xlink:href="../../../../../../dict/dom/mc/hier.xsd#eba_MC37" />
  <link:roleRef roleURI="http://www.eba.europa.eu/xbrl/crr/role/fws/ESG/its-2021-637/2023-05-30/tab/D_10.00" xlink:type="simple" xlink:href="d_10.00.xsd#role" />
  <gen:link xlink:type="extended" xlink:role="http://www.eba.europa.eu/xbrl/crr/role/fws/ESG/its-2021-637/2023-05-30/tab/D_10.00">
    <table:table xlink:type="resource" xlink:label="eba_tD_10.00" id="eba_tD_10.00" />
    <table:breakdown xlink:type="resource" xlink:label="eba_a1" parentChildOrder="parent-first" id="eba_a1" />
    <table:ruleNode xlink:type="resource" xlink:label="eba_a1.root" abstract="true" merge="true" id="eba_a1.root" />
    <table:breakdownTreeArc xlink:type="arc" xlink:arcrole="http://xbrl.org/arcrole/2014/breakdown-tree" xlink:from="eba_a1" xlink:to="eba_a1.root" order="0" />
    <table:ruleNode xlink:type="resource" xlink:label="eba_c86934" id="eba_c86934">
      <formula:concept>
        <formula:qname>eba_met:mi136</formula:qname>
      </formula:concept>
      <formula:explicitDimension dimension="eba_dim:BAS">
        <formula:member>
          <formula:qname>eba_BA:x6</formula:qname>
        </formula:member>
      </formula:explicitDimension>
    </table:ruleNode>
    <table:definitionNodeSubtreeArc xlink:type="arc" xlink:arcrole="http://xbrl.org/arcrole/2014/definition-node-subtree" xlink:from="eba_a1.root" xlink:to="eba_c86934" order="1" />
    <table:ruleNode xlink:type="resource" xlink:label="eba_c86935" id="eba_c86935">
      <formula:concept>
        <formula:qname>eba_met:si954</formula:qname>
      </formula:concept>
      <formula:explicitDimension dimension="eba_dim:BAS">
        <formula:member>
          <formula:qname>eba_BA:x20</formula:qname>
        </formula:member>
      </formula:explicitDimension>
    </table:ruleNode>
    <table:definitionNodeSubtreeArc xlink:type="arc" xlink:arcrole="http://xbrl.org/arcrole/2014/definition-node-subtree" xlink:from="eba_a1.root" xlink:to="eba_c86935" order="2" />
    <table:ruleNode xlink:type="resource" xlink:label="eba_c86936" id="eba_c86936">
      <formula:concept>
        <formula:qname>eba_met:si953</formula:qname>
      </formula:concept>
      <formula:explicitDimension dimension="eba_dim:BAS">
        <formula:member>
          <formula:qname>eba_BA:x20</formula:qname>
        </formula:member>
      </formula:explicitDimension>
    </table:ruleNode>
    <table:definitionNodeSubtreeArc xlink:type="arc" xlink:arcrole="http://xbrl.org/arcrole/2014/definition-node-subtree" xlink:from="eba_a1.root" xlink:to="eba_c86936" order="3" />
    <table:ruleNode xlink:type="resource" xlink:label="eba_c86937" id="eba_c86937">
      <formula:concept>
        <formula:qname>eba_met:si951</formula:qname>
      </formula:concept>
      <formula:explicitDimension dimension="eba_dim:BAS">
        <formula:member>
          <formula:qname>eba_BA:x20</formula:qname>
        </formula:member>
      </formula:explicitDimension>
    </table:ruleNode>
    <table:definitionNodeSubtreeArc xlink:type="arc" xlink:arcrole="http://xbrl.org/arcrole/2014/definition-node-subtree" xlink:from="eba_a1.root" xlink:to="eba_c86937" order="4" />
    <table:tableBreakdownArc xlink:type="arc" xlink:arcrole="http://xbrl.org/arcrole/2014/table-breakdown" xlink:from="eba_tD_10.00" xlink:to="eba_a1" axis="x" order="1" />
    <table:breakdown xlink:type="resource" xlink:label="eba_a2" parentChildOrder="parent-first" id="eba_a2" />
    <table:aspectNode xlink:type="resource" xlink:label="eba_a2.root" id="eba_a2.root">
      <table:dimensionAspect>eba_dim:MCY</table:dimensionAspect>
    </table:aspectNode>
    <table:breakdownTreeArc xlink:type="arc" xlink:arcrole="http://xbrl.org/arcrole/2014/breakdown-tree" xlink:from="eba_a2" xlink:to="eba_a2.root" order="0" />
    <df:explicitDimension xlink:type="resource" xlink:label="eba_a2.root.filter" id="eba_a2.root.filter">
      <df:dimension>
        <df:qname>eba_dim:MCY</df:qname>
      </df:dimension>
      <df:member>
        <df:qname>eba_exp:MC</df:qname>
        <df:linkrole>http://www.eba.europa.eu/xbrl/crr/role/dict/dom/MC/MC37</df:linkrole>
        <df:arcrole>http://xbrl.org/int/dim/arcrole/domain-member</df:arcrole>
        <df:axis>descendant</df:axis>
      </df:member>
    </df:explicitDimension>
    <table:aspectNodeFilterArc xlink:type="arc" xlink:arcrole="http://xbrl.org/arcrole/2014/aspect-node-filter" xlink:from="eba_a2.root" xlink:to="eba_a2.root.filter" complement="false" />
    <table:tableBreakdownArc xlink:type="arc" xlink:arcrole="http://xbrl.org/arcrole/2014/table-breakdown" xlink:from="eba_tD_10.00" xlink:to="eba_a2" axis="y" order="2" />
    <table:breakdown xlink:type="resource" xlink:label="eba_a3" parentChildOrder="parent-first" id="eba_a3" />
    <table:aspectNode xlink:type="resource" xlink:label="eba_a3.root" id="eba_a3.root">
      <table:dimensionAspect>eba_dim:CTN</table:dimensionAspect>
    </table:aspectNode>
    <table:breakdownTreeArc xlink:type="arc" xlink:arcrole="http://xbrl.org/arcrole/2014/breakdown-tree" xlink:from="eba_a3" xlink:to="eba_a3.root" order="0" />
    <df:explicitDimension xlink:type="resource" xlink:label="eba_a3.root.filter" id="eba_a3.root.filter">
      <df:dimension>
        <df:qname>eba_dim:CTN</df:qname>
      </df:dimension>
      <df:member>
        <df:qname>eba_exp:CT</df:qname>
        <df:linkrole>http://www.eba.europa.eu/xbrl/crr/role/dict/dom/CT/CT54</df:linkrole>
        <df:arcrole>http://xbrl.org/int/dim/arcrole/domain-member</df:arcrole>
        <df:axis>descendant</df:axis>
      </df:member>
    </df:explicitDimension>
    <table:aspectNodeFilterArc xlink:type="arc" xlink:arcrole="http://xbrl.org/arcrole/2014/aspect-node-filter" xlink:from="eba_a3.root" xlink:to="eba_a3.root.filter" complement="false" />
    <table:tableBreakdownArc xlink:type="arc" xlink:arcrole="http://xbrl.org/arcrole/2014/table-breakdown" xlink:from="eba_tD_10.00" xlink:to="eba_a3" axis="y" order="3" />
  </gen:link>
</link:linkbase>