﻿<?xml version="1.0" encoding="utf-8"?>
<?taxonomy-version 1.0.0.0 ?>  <?taxonomy-set-overall-version 3.3.0.0 ?>
<!--(C) EBA-->
<link:linkbase xmlns:xsi="http://www.w3.org/2001/XMLSchema-instance" xmlns:xlink="http://www.w3.org/1999/xlink" xmlns:link="http://www.xbrl.org/2003/linkbase" xmlns:gen="http://xbrl.org/2008/generic" xmlns:label="http://xbrl.org/2008/label" xsi:schemaLocation="http://www.xbrl.org/2003/linkbase http://www.xbrl.org/2003/xbrl-linkbase-2003-12-31.xsd http://xbrl.org/2008/generic http://www.xbrl.org/2008/generic-link.xsd http://xbrl.org/2008/label http://www.xbrl.org/2008/generic-label.xsd">
  <link:arcroleRef arcroleURI="http://xbrl.org/arcrole/2008/element-label" xlink:type="simple" xlink:href="http://www.xbrl.org/2008/generic-label.xsd#element-label" />
  <link:roleRef roleURI="http://www.xbrl.org/2008/role/label" xlink:type="simple" xlink:href="http://www.xbrl.org/2008/generic-label.xsd#standard-label" />
  <link:roleRef roleURI="http://www.xbrl.org/2008/role/verboseLabel" xlink:type="simple" xlink:href="http://www.xbrl.org/2008/generic-label.xsd#verbose-label" />
  <gen:link xlink:type="extended" xlink:role="http://www.xbrl.org/2003/role/link">
    <link:loc xlink:type="locator" xlink:href="d_10.00-rend.xml#eba_tD_10.00" xlink:label="loc_eba_tD_10.00" />
    <label:label xlink:type="resource" xlink:label="label_eba_tD_10.00" xml:lang="en" xlink:role="http://www.xbrl.org/2008/role/label">D 10.00</label:label>
    <gen:arc xlink:type="arc" xlink:arcrole="http://xbrl.org/arcrole/2008/element-label" xlink:from="loc_eba_tD_10.00" xlink:to="label_eba_tD_10.00" />
    <label:label xlink:type="resource" xlink:label="label_eba_tD_10.00_1" xml:lang="en" xlink:role="http://www.xbrl.org/2008/role/verboseLabel">D 10.00 Other climate change mitigating actions that are not covered in the EU Taxonomy</label:label>
    <gen:arc xlink:type="arc" xlink:arcrole="http://xbrl.org/arcrole/2008/element-label" xlink:from="loc_eba_tD_10.00" xlink:to="label_eba_tD_10.00_1" />
    <link:loc xlink:type="locator" xlink:href="d_10.00-rend.xml#eba_a1" xlink:label="loc_eba_a1" />
    <label:label xlink:type="resource" xlink:label="label_eba_a1" xml:lang="en" xlink:role="http://www.xbrl.org/2008/role/label">Columns</label:label>
    <gen:arc xlink:type="arc" xlink:arcrole="http://xbrl.org/arcrole/2008/element-label" xlink:from="loc_eba_a1" xlink:to="label_eba_a1" />
    <link:loc xlink:type="locator" xlink:href="d_10.00-rend.xml#eba_c86934" xlink:label="loc_eba_c86934" />
    <label:label xlink:type="resource" xlink:label="label_eba_c86934" xml:lang="en" xlink:role="http://www.xbrl.org/2008/role/label">Gross carrying amount (million EUR)</label:label>
    <gen:arc xlink:type="arc" xlink:arcrole="http://xbrl.org/arcrole/2008/element-label" xlink:from="loc_eba_c86934" xlink:to="label_eba_c86934" />
    <link:loc xlink:type="locator" xlink:href="d_10.00-rend.xml#eba_c86935" xlink:label="loc_eba_c86935" />
    <label:label xlink:type="resource" xlink:label="label_eba_c86935" xml:lang="en" xlink:role="http://www.xbrl.org/2008/role/label">Type of risk mitigated (Climate change transition risk)</label:label>
    <gen:arc xlink:type="arc" xlink:arcrole="http://xbrl.org/arcrole/2008/element-label" xlink:from="loc_eba_c86935" xlink:to="label_eba_c86935" />
    <link:loc xlink:type="locator" xlink:href="d_10.00-rend.xml#eba_c86936" xlink:label="loc_eba_c86936" />
    <label:label xlink:type="resource" xlink:label="label_eba_c86936" xml:lang="en" xlink:role="http://www.xbrl.org/2008/role/label">Type of risk mitigated (Climate change physical risk)</label:label>
    <gen:arc xlink:type="arc" xlink:arcrole="http://xbrl.org/arcrole/2008/element-label" xlink:from="loc_eba_c86936" xlink:to="label_eba_c86936" />
    <link:loc xlink:type="locator" xlink:href="d_10.00-rend.xml#eba_c86937" xlink:label="loc_eba_c86937" />
    <label:label xlink:type="resource" xlink:label="label_eba_c86937" xml:lang="en" xlink:role="http://www.xbrl.org/2008/role/label">Qualitative information on the nature of the mitigating actions</label:label>
    <gen:arc xlink:type="arc" xlink:arcrole="http://xbrl.org/arcrole/2008/element-label" xlink:from="loc_eba_c86937" xlink:to="label_eba_c86937" />
    <link:loc xlink:type="locator" xlink:href="d_10.00-rend.xml#eba_a2" xlink:label="loc_eba_a2" />
    <label:label xlink:type="resource" xlink:label="label_eba_a2" xml:lang="en" xlink:role="http://www.xbrl.org/2008/role/label">Loans/Bonds</label:label>
    <gen:arc xlink:type="arc" xlink:arcrole="http://xbrl.org/arcrole/2008/element-label" xlink:from="loc_eba_a2" xlink:to="label_eba_a2" />
    <link:loc xlink:type="locator" xlink:href="d_10.00-rend.xml#eba_a3" xlink:label="loc_eba_a3" />
    <label:label xlink:type="resource" xlink:label="label_eba_a3" xml:lang="en" xlink:role="http://www.xbrl.org/2008/role/label">Type of counterparty</label:label>
    <gen:arc xlink:type="arc" xlink:arcrole="http://xbrl.org/arcrole/2008/element-label" xlink:from="loc_eba_a3" xlink:to="label_eba_a3" />
  </gen:link>
</link:linkbase>