<?xml version="1.0" encoding="UTF-8"?>
<!--
*******************************************************************************************
Copyright © 2022 Comisión para el Mercado Financiero de Chile (CMF) 
This material is copyright of the CMF Chile and all rights are reserved. 
No part of this material may be translated, reprinted, reproduced or utilised in 
any form or manner that is not expressly permitted by the CMF Chile 
IP Policy see: http://www.cmfchile.cl/sitio/pop/politica.html
*******************************************************************************************
-->
<!-- Generated with Reporting Standard S.L. XBRL Taxonomy builder version 3.7.1.1364 - http://www.reportingstandard.com -->
<link:linkbase xmlns:link="http://www.xbrl.org/2003/linkbase" xmlns:xlink="http://www.w3.org/1999/xlink" xmlns:xbrldt="http://xbrl.org/2005/xbrldt" xmlns:xsi="http://www.w3.org/2001/XMLSchema-instance" xsi:schemaLocation="http://xbrl.org/2005/xbrldt http://www.xbrl.org/2005/xbrldt-2005.xsd">
  <link:roleRef xlink:type="simple" roleURI="http://www.cmfchile.cl/cl/fr/ci/role/ifrs-3_2021-03-24_role-817000" xlink:href="../cl-ci_ifrs-3_2021-03-24_role-817000.xsd#ifrs-3_2021-03-24_role-817000"/>
  <link:arcroleRef xlink:type="simple" arcroleURI="http://xbrl.org/int/dim/arcrole/all" xlink:href="http://www.xbrl.org/2005/xbrldt-2005.xsd#all"/>
  <link:arcroleRef xlink:type="simple" arcroleURI="http://xbrl.org/int/dim/arcrole/hypercube-dimension" xlink:href="http://www.xbrl.org/2005/xbrldt-2005.xsd#hypercube-dimension"/>
  <link:arcroleRef xlink:type="simple" arcroleURI="http://xbrl.org/int/dim/arcrole/dimension-domain" xlink:href="http://www.xbrl.org/2005/xbrldt-2005.xsd#dimension-domain"/>
  <link:arcroleRef xlink:type="simple" arcroleURI="http://xbrl.org/int/dim/arcrole/domain-member" xlink:href="http://www.xbrl.org/2005/xbrldt-2005.xsd#domain-member"/>
  <link:definitionLink xlink:type="extended" xlink:role="http://www.cmfchile.cl/cl/fr/ci/role/ifrs-3_2021-03-24_role-817000">
    <link:loc xlink:type="locator" xlink:href="http://xbrl.ifrs.org/taxonomy/2021-03-24/full_ifrs/full_ifrs-cor_2021-03-24.xsd#ifrs-full_DisclosureOfBusinessCombinationsAbstract" xlink:label="lbl16385"/>
    <link:loc xlink:type="locator" xlink:href="http://xbrl.ifrs.org/taxonomy/2021-03-24/full_ifrs/full_ifrs-cor_2021-03-24.xsd#ifrs-full_DisclosureOfBusinessCombinationsTable" xlink:label="lbl16386"/>
    <link:definitionArc xlink:type="arc" xlink:arcrole="http://xbrl.org/int/dim/arcrole/all" xbrldt:closed="true" xbrldt:contextElement="scenario" xlink:from="lbl16385" xlink:to="lbl16386"/>
    <link:loc xlink:type="locator" xlink:href="http://xbrl.ifrs.org/taxonomy/2021-03-24/full_ifrs/full_ifrs-cor_2021-03-24.xsd#ifrs-full_BusinessCombinationsAxis" xlink:label="lbl16387"/>
    <link:definitionArc xlink:type="arc" xlink:arcrole="http://xbrl.org/int/dim/arcrole/hypercube-dimension" xlink:to="lbl16387" xlink:from="lbl16386"/>
    <link:loc xlink:type="locator" xlink:href="http://xbrl.ifrs.org/taxonomy/2021-03-24/full_ifrs/full_ifrs-cor_2021-03-24.xsd#ifrs-full_EntitysTotalForBusinessCombinationsMember" xlink:label="lbl16388"/>
    <link:definitionArc xlink:type="arc" xlink:arcrole="http://xbrl.org/int/dim/arcrole/dimension-domain" xlink:to="lbl16388" xlink:from="lbl16387"/>
    <link:loc xlink:type="locator" xlink:href="http://xbrl.ifrs.org/taxonomy/2021-03-24/full_ifrs/full_ifrs-cor_2021-03-24.xsd#ifrs-full_BusinessCombinationsMember" xlink:label="lbl16389"/>
    <link:definitionArc xlink:type="arc" xlink:arcrole="http://xbrl.org/int/dim/arcrole/domain-member" order="2.0" xlink:to="lbl16389" xlink:from="lbl16388"/>
    <link:loc xlink:type="locator" xlink:href="http://xbrl.ifrs.org/taxonomy/2021-03-24/full_ifrs/full_ifrs-cor_2021-03-24.xsd#ifrs-full_DisclosureOfBusinessCombinationsLineItems" xlink:label="lbl16390"/>
    <link:definitionArc xlink:type="arc" xlink:arcrole="http://xbrl.org/int/dim/arcrole/domain-member" order="120.0" xlink:to="lbl16390" xlink:from="lbl16385"/>
    <link:loc xlink:type="locator" xlink:href="http://xbrl.ifrs.org/taxonomy/2021-03-24/full_ifrs/full_ifrs-cor_2021-03-24.xsd#ifrs-full_NameOfAcquiree" xlink:label="lbl16391"/>
    <link:definitionArc xlink:type="arc" xlink:arcrole="http://xbrl.org/int/dim/arcrole/domain-member" order="130.0" xlink:to="lbl16391" xlink:from="lbl16390"/>
    <link:loc xlink:type="locator" xlink:href="http://xbrl.ifrs.org/taxonomy/2021-03-24/full_ifrs/full_ifrs-cor_2021-03-24.xsd#ifrs-full_DescriptionOfAcquiree" xlink:label="lbl16392"/>
    <link:definitionArc xlink:type="arc" xlink:arcrole="http://xbrl.org/int/dim/arcrole/domain-member" order="140.0" xlink:to="lbl16392" xlink:from="lbl16390"/>
    <link:loc xlink:type="locator" xlink:href="../../cl-ci_cor_2022-01-03.xsd#cl-ci_DateOfAcquisition" xlink:label="lbl16393"/>
    <link:definitionArc xlink:type="arc" xlink:arcrole="http://xbrl.org/int/dim/arcrole/domain-member" order="150.0" xlink:to="lbl16393" xlink:from="lbl16390"/>
    <link:loc xlink:type="locator" xlink:href="http://xbrl.ifrs.org/taxonomy/2021-03-24/full_ifrs/full_ifrs-cor_2021-03-24.xsd#ifrs-full_PercentageOfVotingEquityInterestsAcquired" xlink:label="lbl16394"/>
    <link:definitionArc xlink:type="arc" xlink:arcrole="http://xbrl.org/int/dim/arcrole/domain-member" order="160.0" xlink:to="lbl16394" xlink:from="lbl16390"/>
    <link:loc xlink:type="locator" xlink:href="http://xbrl.ifrs.org/taxonomy/2021-03-24/full_ifrs/full_ifrs-cor_2021-03-24.xsd#ifrs-full_DescriptionOfPrimaryReasonsForBusinessCombination" xlink:label="lbl16395"/>
    <link:definitionArc xlink:type="arc" xlink:arcrole="http://xbrl.org/int/dim/arcrole/domain-member" order="170.0" xlink:to="lbl16395" xlink:from="lbl16390"/>
    <link:loc xlink:type="locator" xlink:href="http://xbrl.ifrs.org/taxonomy/2021-03-24/full_ifrs/full_ifrs-cor_2021-03-24.xsd#ifrs-full_DescriptionOfHowAcquirerObtainedControlOfAcquiree" xlink:label="lbl16396"/>
    <link:definitionArc xlink:type="arc" xlink:arcrole="http://xbrl.org/int/dim/arcrole/domain-member" order="180.0" xlink:to="lbl16396" xlink:from="lbl16390"/>
    <link:loc xlink:type="locator" xlink:href="http://xbrl.ifrs.org/taxonomy/2021-03-24/full_ifrs/full_ifrs-cor_2021-03-24.xsd#ifrs-full_DescriptionOfFactorsThatMakeUpGoodwillRecognised" xlink:label="lbl16397"/>
    <link:definitionArc xlink:type="arc" xlink:arcrole="http://xbrl.org/int/dim/arcrole/domain-member" order="190.0" xlink:to="lbl16397" xlink:from="lbl16390"/>
    <link:loc xlink:type="locator" xlink:href="http://xbrl.ifrs.org/taxonomy/2021-03-24/full_ifrs/full_ifrs-cor_2021-03-24.xsd#ifrs-full_AcquisitiondateFairValueOfTotalConsiderationTransferredAbstract" xlink:label="lbl16398"/>
    <link:definitionArc xlink:type="arc" xlink:arcrole="http://xbrl.org/int/dim/arcrole/domain-member" order="200.0" xlink:to="lbl16398" xlink:from="lbl16390"/>
    <link:loc xlink:type="locator" xlink:href="http://xbrl.ifrs.org/taxonomy/2021-03-24/full_ifrs/full_ifrs-cor_2021-03-24.xsd#ifrs-full_CashTransferred" xlink:label="lbl16399"/>
    <link:definitionArc xlink:type="arc" xlink:arcrole="http://xbrl.org/int/dim/arcrole/domain-member" order="210.0" xlink:to="lbl16399" xlink:from="lbl16398"/>
    <link:loc xlink:type="locator" xlink:href="http://xbrl.ifrs.org/taxonomy/2021-03-24/full_ifrs/full_ifrs-cor_2021-03-24.xsd#ifrs-full_OtherTangibleOrIntangibleAssetsTransferred" xlink:label="lbl16400"/>
    <link:definitionArc xlink:type="arc" xlink:arcrole="http://xbrl.org/int/dim/arcrole/domain-member" order="220.0" xlink:to="lbl16400" xlink:from="lbl16398"/>
    <link:loc xlink:type="locator" xlink:href="http://xbrl.ifrs.org/taxonomy/2021-03-24/full_ifrs/full_ifrs-cor_2021-03-24.xsd#ifrs-full_LiabilitiesIncurred" xlink:label="lbl16401"/>
    <link:definitionArc xlink:type="arc" xlink:arcrole="http://xbrl.org/int/dim/arcrole/domain-member" order="230.0" xlink:to="lbl16401" xlink:from="lbl16398"/>
    <link:loc xlink:type="locator" xlink:href="http://xbrl.ifrs.org/taxonomy/2021-03-24/full_ifrs/full_ifrs-cor_2021-03-24.xsd#ifrs-full_EquityInterestsOfAcquirer" xlink:label="lbl16402"/>
    <link:definitionArc xlink:type="arc" xlink:arcrole="http://xbrl.org/int/dim/arcrole/domain-member" order="240.0" xlink:to="lbl16402" xlink:from="lbl16398"/>
    <link:loc xlink:type="locator" xlink:href="http://xbrl.ifrs.org/taxonomy/2021-03-24/full_ifrs/full_ifrs-cor_2021-03-24.xsd#ifrs-full_NumberOfInstrumentsOrInterestsIssuedOrIssuable" xlink:label="lbl16403"/>
    <link:definitionArc xlink:type="arc" xlink:arcrole="http://xbrl.org/int/dim/arcrole/domain-member" order="250.0" xlink:to="lbl16403" xlink:from="lbl16402"/>
    <link:loc xlink:type="locator" xlink:href="http://xbrl.ifrs.org/taxonomy/2021-03-24/full_ifrs/full_ifrs-cor_2021-03-24.xsd#ifrs-full_MethodOfDeterminingFairValueOfInstrumentsOrInterests" xlink:label="lbl16404"/>
    <link:definitionArc xlink:type="arc" xlink:arcrole="http://xbrl.org/int/dim/arcrole/domain-member" order="260.0" xlink:to="lbl16404" xlink:from="lbl16402"/>
    <link:loc xlink:type="locator" xlink:href="http://xbrl.ifrs.org/taxonomy/2021-03-24/full_ifrs/full_ifrs-cor_2021-03-24.xsd#ifrs-full_AcquisitiondateFairValueOfTotalConsiderationTransferred" xlink:label="lbl16405"/>
    <link:definitionArc xlink:type="arc" xlink:arcrole="http://xbrl.org/int/dim/arcrole/domain-member" order="270.0" xlink:to="lbl16405" xlink:from="lbl16398"/>
    <link:loc xlink:type="locator" xlink:href="http://xbrl.ifrs.org/taxonomy/2021-03-24/full_ifrs/full_ifrs-cor_2021-03-24.xsd#ifrs-full_ContingentConsiderationRecognisedAsOfAcquisitionDate" xlink:label="lbl16406"/>
    <link:definitionArc xlink:type="arc" xlink:arcrole="http://xbrl.org/int/dim/arcrole/domain-member" order="272.0" xlink:to="lbl16406" xlink:from="lbl16390"/>
    <link:loc xlink:type="locator" xlink:href="http://xbrl.ifrs.org/taxonomy/2021-03-24/full_ifrs/full_ifrs-cor_2021-03-24.xsd#ifrs-full_IndemnificationAssetsRecognisedAsOfAcquisitionDate" xlink:label="lbl16407"/>
    <link:definitionArc xlink:type="arc" xlink:arcrole="http://xbrl.org/int/dim/arcrole/domain-member" order="274.0" xlink:to="lbl16407" xlink:from="lbl16390"/>
    <link:loc xlink:type="locator" xlink:href="http://xbrl.ifrs.org/taxonomy/2021-03-24/full_ifrs/full_ifrs-cor_2021-03-24.xsd#ifrs-full_DescriptionOfArrangementForContingentConsiderationArrangementsAndIndemnificationAssets" xlink:label="lbl16408"/>
    <link:definitionArc xlink:type="arc" xlink:arcrole="http://xbrl.org/int/dim/arcrole/domain-member" order="290.0" xlink:to="lbl16408" xlink:from="lbl16390"/>
    <link:loc xlink:type="locator" xlink:href="http://xbrl.ifrs.org/taxonomy/2021-03-24/full_ifrs/full_ifrs-cor_2021-03-24.xsd#ifrs-full_DescriptionOfBasisForDeterminingAmountOfPaymentForContingentConsiderationArrangementsAndIndemnificationAssets" xlink:label="lbl16409"/>
    <link:definitionArc xlink:type="arc" xlink:arcrole="http://xbrl.org/int/dim/arcrole/domain-member" order="300.0" xlink:to="lbl16409" xlink:from="lbl16390"/>
    <link:loc xlink:type="locator" xlink:href="http://xbrl.ifrs.org/taxonomy/2021-03-24/full_ifrs/full_ifrs-cor_2021-03-24.xsd#ifrs-full_DescriptionOfEstimateOfRangeOfOutcomesFromContingentConsiderationArrangementsAndIndemnificationAssets" xlink:label="lbl16410"/>
    <link:definitionArc xlink:type="arc" xlink:arcrole="http://xbrl.org/int/dim/arcrole/domain-member" order="310.0" xlink:to="lbl16410" xlink:from="lbl16390"/>
    <link:loc xlink:type="locator" xlink:href="http://xbrl.ifrs.org/taxonomy/2021-03-24/full_ifrs/full_ifrs-cor_2021-03-24.xsd#ifrs-full_DescriptionOfExplanationOfFactAndReasonsWhyRangeOfOutcomesFromContingentConsiderationArrangementsAndIndemnificationAssetsCannotBeEstimated" xlink:label="lbl16411"/>
    <link:definitionArc xlink:type="arc" xlink:arcrole="http://xbrl.org/int/dim/arcrole/domain-member" order="320.0" xlink:to="lbl16411" xlink:from="lbl16390"/>
    <link:loc xlink:type="locator" xlink:href="http://xbrl.ifrs.org/taxonomy/2021-03-24/full_ifrs/full_ifrs-cor_2021-03-24.xsd#ifrs-full_ExplanationOfFactThatMaximumAmountOfPaymentForContingentConsiderationArrangementsAndIndemnificationAssetsIsUnlimited" xlink:label="lbl16412"/>
    <link:definitionArc xlink:type="arc" xlink:arcrole="http://xbrl.org/int/dim/arcrole/domain-member" order="330.0" xlink:to="lbl16412" xlink:from="lbl16390"/>
    <link:loc xlink:type="locator" xlink:href="http://xbrl.ifrs.org/taxonomy/2021-03-24/full_ifrs/full_ifrs-cor_2021-03-24.xsd#ifrs-full_AmountsRecognisedAsOfAcquisitionDateForEachMajorClassOfAssetsAcquiredAndLiabilitiesAssumedAbstract" xlink:label="lbl16413"/>
    <link:definitionArc xlink:type="arc" xlink:arcrole="http://xbrl.org/int/dim/arcrole/domain-member" order="340.0" xlink:to="lbl16413" xlink:from="lbl16390"/>
    <link:loc xlink:type="locator" xlink:href="http://xbrl.ifrs.org/taxonomy/2021-03-24/full_ifrs/full_ifrs-cor_2021-03-24.xsd#ifrs-full_FinancialAssetsRecognisedAsOfAcquisitionDate" xlink:label="lbl16414"/>
    <link:definitionArc xlink:type="arc" xlink:arcrole="http://xbrl.org/int/dim/arcrole/domain-member" order="350.0" xlink:to="lbl16414" xlink:from="lbl16413"/>
    <link:loc xlink:type="locator" xlink:href="http://xbrl.ifrs.org/taxonomy/2021-03-24/full_ifrs/full_ifrs-cor_2021-03-24.xsd#ifrs-full_InventoryRecognisedAsOfAcquisitionDate" xlink:label="lbl16415"/>
    <link:definitionArc xlink:type="arc" xlink:arcrole="http://xbrl.org/int/dim/arcrole/domain-member" order="360.0" xlink:to="lbl16415" xlink:from="lbl16413"/>
    <link:loc xlink:type="locator" xlink:href="http://xbrl.ifrs.org/taxonomy/2021-03-24/full_ifrs/full_ifrs-cor_2021-03-24.xsd#ifrs-full_PropertyPlantAndEquipmentRecognisedAsOfAcquisitionDate" xlink:label="lbl16416"/>
    <link:definitionArc xlink:type="arc" xlink:arcrole="http://xbrl.org/int/dim/arcrole/domain-member" order="370.0" xlink:to="lbl16416" xlink:from="lbl16413"/>
    <link:loc xlink:type="locator" xlink:href="http://xbrl.ifrs.org/taxonomy/2021-03-24/full_ifrs/full_ifrs-cor_2021-03-24.xsd#ifrs-full_IdentifiableIntangibleAssetsRecognisedAsOfAcquisitionDate" xlink:label="lbl16417"/>
    <link:definitionArc xlink:type="arc" xlink:arcrole="http://xbrl.org/int/dim/arcrole/domain-member" order="380.0" xlink:to="lbl16417" xlink:from="lbl16413"/>
    <link:loc xlink:type="locator" xlink:href="http://xbrl.ifrs.org/taxonomy/2021-03-24/full_ifrs/full_ifrs-cor_2021-03-24.xsd#ifrs-full_CustomerrelatedIntangibleAssetsRecognisedAsOfAcquisitionDate" xlink:label="lbl16418"/>
    <link:definitionArc xlink:type="arc" xlink:arcrole="http://xbrl.org/int/dim/arcrole/domain-member" order="382.0" xlink:to="lbl16418" xlink:from="lbl16417"/>
    <link:loc xlink:type="locator" xlink:href="http://xbrl.ifrs.org/taxonomy/2021-03-24/full_ifrs/full_ifrs-cor_2021-03-24.xsd#ifrs-full_TechnologybasedIntangibleAssetsRecognisedAsOfAcquisitionDate" xlink:label="lbl16419"/>
    <link:definitionArc xlink:type="arc" xlink:arcrole="http://xbrl.org/int/dim/arcrole/domain-member" order="384.0" xlink:to="lbl16419" xlink:from="lbl16417"/>
    <link:loc xlink:type="locator" xlink:href="http://xbrl.ifrs.org/taxonomy/2021-03-24/full_ifrs/full_ifrs-cor_2021-03-24.xsd#ifrs-full_FinancialLiabilitiesRecognisedAsOfAcquisitionDate" xlink:label="lbl16420"/>
    <link:definitionArc xlink:type="arc" xlink:arcrole="http://xbrl.org/int/dim/arcrole/domain-member" order="390.0" xlink:to="lbl16420" xlink:from="lbl16413"/>
    <link:loc xlink:type="locator" xlink:href="http://xbrl.ifrs.org/taxonomy/2021-03-24/full_ifrs/full_ifrs-cor_2021-03-24.xsd#ifrs-full_ContingentLiabilitiesRecognisedAsOfAcquisitionDate" xlink:label="lbl16421"/>
    <link:definitionArc xlink:type="arc" xlink:arcrole="http://xbrl.org/int/dim/arcrole/domain-member" order="400.0" xlink:to="lbl16421" xlink:from="lbl16413"/>
    <link:loc xlink:type="locator" xlink:href="http://xbrl.ifrs.org/taxonomy/2021-03-24/full_ifrs/full_ifrs-cor_2021-03-24.xsd#ifrs-full_IdentifiableAssetsAcquiredLiabilitiesAssumed" xlink:label="lbl16422"/>
    <link:definitionArc xlink:type="arc" xlink:arcrole="http://xbrl.org/int/dim/arcrole/domain-member" order="410.0" xlink:to="lbl16422" xlink:from="lbl16413"/>
    <link:loc xlink:type="locator" xlink:href="http://xbrl.ifrs.org/taxonomy/2021-03-24/full_ifrs/full_ifrs-cor_2021-03-24.xsd#ifrs-full_AdditionalDisclosuresForAmountsRecognisedAsOfAcquisitionDateForEachMajorClassOfAssetsAcquiredAndLiabilitiesAssumedAbstract" xlink:label="lbl16423"/>
    <link:definitionArc xlink:type="arc" xlink:arcrole="http://xbrl.org/int/dim/arcrole/domain-member" order="420.0" xlink:to="lbl16423" xlink:from="lbl16390"/>
    <link:loc xlink:type="locator" xlink:href="http://xbrl.ifrs.org/taxonomy/2021-03-24/full_ifrs/full_ifrs-cor_2021-03-24.xsd#ifrs-full_NoncurrentAssetsRecognisedAsOfAcquisitionDate" xlink:label="lbl16424"/>
    <link:definitionArc xlink:type="arc" xlink:arcrole="http://xbrl.org/int/dim/arcrole/domain-member" order="430.0" xlink:to="lbl16424" xlink:from="lbl16423"/>
    <link:loc xlink:type="locator" xlink:href="http://xbrl.ifrs.org/taxonomy/2021-03-24/full_ifrs/full_ifrs-cor_2021-03-24.xsd#ifrs-full_CurrentAssetsRecognisedAsOfAcquisitionDate" xlink:label="lbl16425"/>
    <link:definitionArc xlink:type="arc" xlink:arcrole="http://xbrl.org/int/dim/arcrole/domain-member" order="440.0" xlink:to="lbl16425" xlink:from="lbl16423"/>
    <link:loc xlink:type="locator" xlink:href="http://xbrl.ifrs.org/taxonomy/2021-03-24/full_ifrs/full_ifrs-cor_2021-03-24.xsd#ifrs-full_NoncurrentLiabilitiesRecognisedAsOfAcquisitionDate" xlink:label="lbl16426"/>
    <link:definitionArc xlink:type="arc" xlink:arcrole="http://xbrl.org/int/dim/arcrole/domain-member" order="450.0" xlink:to="lbl16426" xlink:from="lbl16423"/>
    <link:loc xlink:type="locator" xlink:href="http://xbrl.ifrs.org/taxonomy/2021-03-24/full_ifrs/full_ifrs-cor_2021-03-24.xsd#ifrs-full_CurrentLiabilitiesRecognisedAsOfAcquisitionDate" xlink:label="lbl16427"/>
    <link:definitionArc xlink:type="arc" xlink:arcrole="http://xbrl.org/int/dim/arcrole/domain-member" order="460.0" xlink:to="lbl16427" xlink:from="lbl16423"/>
    <link:loc xlink:type="locator" xlink:href="http://xbrl.ifrs.org/taxonomy/2021-03-24/full_ifrs/full_ifrs-cor_2021-03-24.xsd#ifrs-full_TradeAndOtherPayablesRecognisedAsOfAcquisitionDate" xlink:label="lbl16428"/>
    <link:definitionArc xlink:type="arc" xlink:arcrole="http://xbrl.org/int/dim/arcrole/domain-member" order="470.0" xlink:to="lbl16428" xlink:from="lbl16423"/>
    <link:loc xlink:type="locator" xlink:href="http://xbrl.ifrs.org/taxonomy/2021-03-24/full_ifrs/full_ifrs-cor_2021-03-24.xsd#ifrs-full_DeferredTaxAssetsRecognisedAsOfAcquisitionDate" xlink:label="lbl16429"/>
    <link:definitionArc xlink:type="arc" xlink:arcrole="http://xbrl.org/int/dim/arcrole/domain-member" order="480.0" xlink:to="lbl16429" xlink:from="lbl16423"/>
    <link:loc xlink:type="locator" xlink:href="http://xbrl.ifrs.org/taxonomy/2021-03-24/full_ifrs/full_ifrs-cor_2021-03-24.xsd#ifrs-full_DeferredTaxLiabilitiesRecognisedAsOfAcquisitionDate" xlink:label="lbl16430"/>
    <link:definitionArc xlink:type="arc" xlink:arcrole="http://xbrl.org/int/dim/arcrole/domain-member" order="490.0" xlink:to="lbl16430" xlink:from="lbl16423"/>
    <link:loc xlink:type="locator" xlink:href="http://xbrl.ifrs.org/taxonomy/2021-03-24/full_ifrs/full_ifrs-cor_2021-03-24.xsd#ifrs-full_BorrowingsRecognisedAsOfAcquisitionDate" xlink:label="lbl16431"/>
    <link:definitionArc xlink:type="arc" xlink:arcrole="http://xbrl.org/int/dim/arcrole/domain-member" order="495.0" xlink:to="lbl16431" xlink:from="lbl16423"/>
    <link:loc xlink:type="locator" xlink:href="http://xbrl.ifrs.org/taxonomy/2021-03-24/full_ifrs/full_ifrs-cor_2021-03-24.xsd#ifrs-full_DeferredIncomeIncludingContractLiabilitiesRecognisedAsOfAcquisitionDateAbstract" xlink:label="lbl16432"/>
    <link:definitionArc xlink:type="arc" xlink:arcrole="http://xbrl.org/int/dim/arcrole/domain-member" order="505.0" xlink:to="lbl16432" xlink:from="lbl16423"/>
    <link:loc xlink:type="locator" xlink:href="http://xbrl.ifrs.org/taxonomy/2021-03-24/full_ifrs/full_ifrs-cor_2021-03-24.xsd#ifrs-full_ContractLiabilitiesRecognisedAsOfAcquisitionDate" xlink:label="lbl16433"/>
    <link:definitionArc xlink:type="arc" xlink:arcrole="http://xbrl.org/int/dim/arcrole/domain-member" order="510.0" xlink:to="lbl16433" xlink:from="lbl16432"/>
    <link:loc xlink:type="locator" xlink:href="http://xbrl.ifrs.org/taxonomy/2021-03-24/full_ifrs/full_ifrs-cor_2021-03-24.xsd#ifrs-full_DeferredIncomeOtherThanContractLiabilitiesRecognisedAsOfAcquisitionDate" xlink:label="lbl16434"/>
    <link:definitionArc xlink:type="arc" xlink:arcrole="http://xbrl.org/int/dim/arcrole/domain-member" order="515.0" xlink:to="lbl16434" xlink:from="lbl16432"/>
    <link:loc xlink:type="locator" xlink:href="http://xbrl.ifrs.org/taxonomy/2021-03-24/full_ifrs/full_ifrs-cor_2021-03-24.xsd#ifrs-full_DeferredIncomeIncludingContractLiabilitiesRecognisedAsOfAcquisitionDate" xlink:label="lbl16435"/>
    <link:definitionArc xlink:type="arc" xlink:arcrole="http://xbrl.org/int/dim/arcrole/domain-member" order="520.0" xlink:to="lbl16435" xlink:from="lbl16432"/>
    <link:loc xlink:type="locator" xlink:href="http://xbrl.ifrs.org/taxonomy/2021-03-24/full_ifrs/full_ifrs-cor_2021-03-24.xsd#ifrs-full_CashAndCashEquivalentsRecognisedAsOfAcquisitionDate" xlink:label="lbl16436"/>
    <link:definitionArc xlink:type="arc" xlink:arcrole="http://xbrl.org/int/dim/arcrole/domain-member" order="525.0" xlink:to="lbl16436" xlink:from="lbl16423"/>
    <link:loc xlink:type="locator" xlink:href="http://xbrl.ifrs.org/taxonomy/2021-03-24/full_ifrs/full_ifrs-cor_2021-03-24.xsd#ifrs-full_GoodwillRecognisedAsOfAcquisitionDate" xlink:label="lbl16437"/>
    <link:definitionArc xlink:type="arc" xlink:arcrole="http://xbrl.org/int/dim/arcrole/domain-member" order="530.0" xlink:to="lbl16437" xlink:from="lbl16390"/>
    <link:loc xlink:type="locator" xlink:href="http://xbrl.ifrs.org/taxonomy/2021-03-24/full_ifrs/full_ifrs-cor_2021-03-24.xsd#ifrs-full_GoodwillExpectedDeductibleForTaxPurposes" xlink:label="lbl16438"/>
    <link:definitionArc xlink:type="arc" xlink:arcrole="http://xbrl.org/int/dim/arcrole/domain-member" order="535.0" xlink:to="lbl16438" xlink:from="lbl16390"/>
    <link:loc xlink:type="locator" xlink:href="http://xbrl.ifrs.org/taxonomy/2021-03-24/full_ifrs/full_ifrs-cor_2021-03-24.xsd#ifrs-full_GainRecognisedInBargainPurchaseTransaction" xlink:label="lbl16439"/>
    <link:definitionArc xlink:type="arc" xlink:arcrole="http://xbrl.org/int/dim/arcrole/domain-member" order="540.0" xlink:to="lbl16439" xlink:from="lbl16390"/>
    <link:loc xlink:type="locator" xlink:href="http://xbrl.ifrs.org/taxonomy/2021-03-24/full_ifrs/full_ifrs-cor_2021-03-24.xsd#ifrs-full_ExplanationOfAmountOfAnyGainRecognisedAndLineItemInStatementOfComprehensiveIncomeInWhichGainIsRecognisedInBargainPurchase" xlink:label="lbl16440"/>
    <link:definitionArc xlink:type="arc" xlink:arcrole="http://xbrl.org/int/dim/arcrole/domain-member" order="545.0" xlink:to="lbl16440" xlink:from="lbl16390"/>
    <link:loc xlink:type="locator" xlink:href="http://xbrl.ifrs.org/taxonomy/2021-03-24/full_ifrs/full_ifrs-cor_2021-03-24.xsd#ifrs-full_DescriptionOfReasonsWhyTransactionResultedInGainInBargainPurchase" xlink:label="lbl16441"/>
    <link:definitionArc xlink:type="arc" xlink:arcrole="http://xbrl.org/int/dim/arcrole/domain-member" order="550.0" xlink:to="lbl16441" xlink:from="lbl16390"/>
    <link:loc xlink:type="locator" xlink:href="http://xbrl.ifrs.org/taxonomy/2021-03-24/full_ifrs/full_ifrs-cor_2021-03-24.xsd#ifrs-full_NoncontrollingInterestInAcquireeRecognisedAtAcquisitionDate" xlink:label="lbl16442"/>
    <link:definitionArc xlink:type="arc" xlink:arcrole="http://xbrl.org/int/dim/arcrole/domain-member" order="555.0" xlink:to="lbl16442" xlink:from="lbl16390"/>
    <link:loc xlink:type="locator" xlink:href="http://xbrl.ifrs.org/taxonomy/2021-03-24/full_ifrs/full_ifrs-cor_2021-03-24.xsd#ifrs-full_DescriptionOfMeasurementBasisForNoncontrollingInterestInAcquireeRecognisedAtAcquisitionDate" xlink:label="lbl16443"/>
    <link:definitionArc xlink:type="arc" xlink:arcrole="http://xbrl.org/int/dim/arcrole/domain-member" order="560.0" xlink:to="lbl16443" xlink:from="lbl16390"/>
    <link:loc xlink:type="locator" xlink:href="http://xbrl.ifrs.org/taxonomy/2021-03-24/full_ifrs/full_ifrs-cor_2021-03-24.xsd#ifrs-full_DescriptionOfValuationTechniquesAndKeyModelInputsUsedForDeterminingNoncontrollingInterestInAnAcquireeMeasuredAtFairValue" xlink:label="lbl16444"/>
    <link:definitionArc xlink:type="arc" xlink:arcrole="http://xbrl.org/int/dim/arcrole/domain-member" order="570.0" xlink:to="lbl16444" xlink:from="lbl16390"/>
    <link:loc xlink:type="locator" xlink:href="http://xbrl.ifrs.org/taxonomy/2021-03-24/full_ifrs/full_ifrs-cor_2021-03-24.xsd#ifrs-full_AcquisitiondateFairValueOfEquityInterestInAcquireeHeldByAcquirerImmediatelyBeforeAcquisitionDate" xlink:label="lbl16445"/>
    <link:definitionArc xlink:type="arc" xlink:arcrole="http://xbrl.org/int/dim/arcrole/domain-member" order="580.0" xlink:to="lbl16445" xlink:from="lbl16390"/>
    <link:loc xlink:type="locator" xlink:href="http://xbrl.ifrs.org/taxonomy/2021-03-24/full_ifrs/full_ifrs-cor_2021-03-24.xsd#ifrs-full_GainLossRecognisedAsResultOfRemeasuringToFairValueEquityInterestInAcquireeHeldByAcquirerBeforeBusinessCombination" xlink:label="lbl16446"/>
    <link:definitionArc xlink:type="arc" xlink:arcrole="http://xbrl.org/int/dim/arcrole/domain-member" order="590.0" xlink:to="lbl16446" xlink:from="lbl16390"/>
    <link:loc xlink:type="locator" xlink:href="http://xbrl.ifrs.org/taxonomy/2021-03-24/full_ifrs/full_ifrs-cor_2021-03-24.xsd#ifrs-full_DescriptionOfLineItemInStatementOfComprehensiveIncomeInWhichGainOrLossAsResultOfRemeasuringToFairValueEquityInterestIsRecognised" xlink:label="lbl16447"/>
    <link:definitionArc xlink:type="arc" xlink:arcrole="http://xbrl.org/int/dim/arcrole/domain-member" order="600.0" xlink:to="lbl16447" xlink:from="lbl16390"/>
    <link:loc xlink:type="locator" xlink:href="http://xbrl.ifrs.org/taxonomy/2021-03-24/full_ifrs/full_ifrs-cor_2021-03-24.xsd#ifrs-full_RevenueOfAcquiree" xlink:label="lbl16448"/>
    <link:definitionArc xlink:type="arc" xlink:arcrole="http://xbrl.org/int/dim/arcrole/domain-member" order="610.0" xlink:to="lbl16448" xlink:from="lbl16390"/>
    <link:loc xlink:type="locator" xlink:href="http://xbrl.ifrs.org/taxonomy/2021-03-24/full_ifrs/full_ifrs-cor_2021-03-24.xsd#ifrs-full_ProfitLossOfAcquiree" xlink:label="lbl16449"/>
    <link:definitionArc xlink:type="arc" xlink:arcrole="http://xbrl.org/int/dim/arcrole/domain-member" order="620.0" xlink:to="lbl16449" xlink:from="lbl16390"/>
    <link:loc xlink:type="locator" xlink:href="http://xbrl.ifrs.org/taxonomy/2021-03-24/full_ifrs/full_ifrs-cor_2021-03-24.xsd#ifrs-full_RevenueOfCombinedEntity" xlink:label="lbl16450"/>
    <link:definitionArc xlink:type="arc" xlink:arcrole="http://xbrl.org/int/dim/arcrole/domain-member" order="630.0" xlink:to="lbl16450" xlink:from="lbl16390"/>
    <link:loc xlink:type="locator" xlink:href="http://xbrl.ifrs.org/taxonomy/2021-03-24/full_ifrs/full_ifrs-cor_2021-03-24.xsd#ifrs-full_ProfitLossOfCombinedEntity" xlink:label="lbl16451"/>
    <link:definitionArc xlink:type="arc" xlink:arcrole="http://xbrl.org/int/dim/arcrole/domain-member" order="640.0" xlink:to="lbl16451" xlink:from="lbl16390"/>
    <link:loc xlink:type="locator" xlink:href="http://xbrl.ifrs.org/taxonomy/2021-03-24/full_ifrs/full_ifrs-cor_2021-03-24.xsd#ifrs-full_DisclosureOfFactAndExplanationWhyDisclosureOfInformationForEachBusinessCombinationIsImpracticable" xlink:label="lbl16452"/>
    <link:definitionArc xlink:type="arc" xlink:arcrole="http://xbrl.org/int/dim/arcrole/domain-member" order="650.0" xlink:to="lbl16452" xlink:from="lbl16390"/>
    <link:loc xlink:type="locator" xlink:href="http://xbrl.ifrs.org/taxonomy/2021-03-24/full_ifrs/full_ifrs-cor_2021-03-24.xsd#ifrs-full_DescriptionOfReasonsWhyInitialAccountingForBusinessCombinationIsIncomplete" xlink:label="lbl16453"/>
    <link:definitionArc xlink:type="arc" xlink:arcrole="http://xbrl.org/int/dim/arcrole/domain-member" order="660.0" xlink:to="lbl16453" xlink:from="lbl16390"/>
    <link:loc xlink:type="locator" xlink:href="http://xbrl.ifrs.org/taxonomy/2021-03-24/full_ifrs/full_ifrs-cor_2021-03-24.xsd#ifrs-full_DescriptionOfAmountsOfAssetsLiabilitiesEquityInterestsOrItemsOfConsiderationForWhichInitialAccountingIsIncomplete" xlink:label="lbl16454"/>
    <link:definitionArc xlink:type="arc" xlink:arcrole="http://xbrl.org/int/dim/arcrole/domain-member" order="670.0" xlink:to="lbl16454" xlink:from="lbl16390"/>
    <link:loc xlink:type="locator" xlink:href="http://xbrl.ifrs.org/taxonomy/2021-03-24/full_ifrs/full_ifrs-cor_2021-03-24.xsd#ifrs-full_DescriptionOfNatureAndAmountOfAnyMeasurementPeriodAdjustmentsRecognisedForParticularAssetsLiabilitiesNoncontrollingInterestsOrItemsOfConsideration" xlink:label="lbl16455"/>
    <link:definitionArc xlink:type="arc" xlink:arcrole="http://xbrl.org/int/dim/arcrole/domain-member" order="680.0" xlink:to="lbl16455" xlink:from="lbl16390"/>
    <link:loc xlink:type="locator" xlink:href="http://xbrl.ifrs.org/taxonomy/2021-03-24/full_ifrs/full_ifrs-cor_2021-03-24.xsd#ifrs-full_MeasurementPeriodAdjustmentsRecognisedForParticularAssetsLiabilitiesNoncontrollingInterestsOrItemsOfConsideration" xlink:label="lbl16456"/>
    <link:definitionArc xlink:type="arc" xlink:arcrole="http://xbrl.org/int/dim/arcrole/domain-member" order="690.0" xlink:to="lbl16456" xlink:from="lbl16390"/>
    <link:loc xlink:type="locator" xlink:href="http://xbrl.ifrs.org/taxonomy/2021-03-24/full_ifrs/full_ifrs-cor_2021-03-24.xsd#ifrs-full_IncreaseDecreaseInContingentConsiderationAssetLiability" xlink:label="lbl16457"/>
    <link:definitionArc xlink:type="arc" xlink:arcrole="http://xbrl.org/int/dim/arcrole/domain-member" order="700.0" xlink:to="lbl16457" xlink:from="lbl16390"/>
    <link:loc xlink:type="locator" xlink:href="http://xbrl.ifrs.org/taxonomy/2021-03-24/full_ifrs/full_ifrs-cor_2021-03-24.xsd#ifrs-full_ExplanationOfAnyChangesInRecognisedAmountsOfContingentConsideration" xlink:label="lbl16458"/>
    <link:definitionArc xlink:type="arc" xlink:arcrole="http://xbrl.org/int/dim/arcrole/domain-member" order="710.0" xlink:to="lbl16458" xlink:from="lbl16390"/>
    <link:loc xlink:type="locator" xlink:href="http://xbrl.ifrs.org/taxonomy/2021-03-24/full_ifrs/full_ifrs-cor_2021-03-24.xsd#ifrs-full_ExplanationOfAnyChangesInRangeOfOutcomesUndiscountedAndReasonsForThoseChangesForContingentConsideration" xlink:label="lbl16459"/>
    <link:definitionArc xlink:type="arc" xlink:arcrole="http://xbrl.org/int/dim/arcrole/domain-member" order="720.0" xlink:to="lbl16459" xlink:from="lbl16390"/>
    <link:loc xlink:type="locator" xlink:href="http://xbrl.ifrs.org/taxonomy/2021-03-24/full_ifrs/full_ifrs-cor_2021-03-24.xsd#ifrs-full_DescriptionOfValuationTechniquesAndKeyModelInputsUsedToMeasureContingentConsideration" xlink:label="lbl16460"/>
    <link:definitionArc xlink:type="arc" xlink:arcrole="http://xbrl.org/int/dim/arcrole/domain-member" order="730.0" xlink:to="lbl16460" xlink:from="lbl16390"/>
    <link:loc xlink:type="locator" xlink:href="http://xbrl.ifrs.org/taxonomy/2021-03-24/full_ifrs/full_ifrs-cor_2021-03-24.xsd#ifrs-full_GainLossThatRelatesToIdentifiableAssetsAcquiredOrLiabilitiesAssumedInBusinessCombination" xlink:label="lbl16461"/>
    <link:definitionArc xlink:type="arc" xlink:arcrole="http://xbrl.org/int/dim/arcrole/domain-member" order="740.0" xlink:to="lbl16461" xlink:from="lbl16390"/>
    <link:loc xlink:type="locator" xlink:href="http://xbrl.ifrs.org/taxonomy/2021-03-24/full_ifrs/full_ifrs-cor_2021-03-24.xsd#ifrs-full_ExplanationOfGainOrLossThatRelatesToIdentifiableAssetsAcquiredOrLiabilitiesAssumedInBusinessCombination" xlink:label="lbl16462"/>
    <link:definitionArc xlink:type="arc" xlink:arcrole="http://xbrl.org/int/dim/arcrole/domain-member" order="750.0" xlink:to="lbl16462" xlink:from="lbl16390"/>
  </link:definitionLink>
</link:linkbase>