<?xml version="1.0" encoding="UTF-8"?>
<!--
*******************************************************************************************
Copyright © 2022 Comisión para el Mercado Financiero de Chile (CMF) 
This material is copyright of the CMF Chile and all rights are reserved. 
No part of this material may be translated, reprinted, reproduced or utilised in 
any form or manner that is not expressly permitted by the CMF Chile 
IP Policy see: http://www.cmfchile.cl/sitio/pop/politica.html
*******************************************************************************************
-->
<!-- Generated with Reporting Standard S.L. XBRL Taxonomy builder version 3.7.1.1364 - http://www.reportingstandard.com -->
<link:linkbase xmlns:link="http://www.xbrl.org/2003/linkbase"
               xmlns:xs="http://www.w3.org/2001/XMLSchema"
               xmlns:xbrli="http://www.xbrl.org/2003/instance"
               xmlns:xfi="http://www.xbrl.org/2008/function/instance"
               xmlns:gen="http://xbrl.org/2008/generic"
               xmlns:xlink="http://www.w3.org/1999/xlink"
               xmlns:xsi="http://www.w3.org/2001/XMLSchema-instance"
               xmlns:va="http://xbrl.org/2008/assertion/value"
               xmlns:variable="http://xbrl.org/2008/variable"
               xmlns:cf="http://xbrl.org/2008/filter/concept"
               xmlns:ifrs-full="http://xbrl.ifrs.org/taxonomy/2021-03-24/ifrs-full"
               xmlns:pf="http://xbrl.org/2008/filter/period"
               xmlns:label="http://xbrl.org/2008/label"
               xmlns:msg="http://xbrl.org/2010/message"
               xmlns:df="http://xbrl.org/2008/filter/dimension"
               xmlns:mf="http://xbrl.org/2008/filter/match"
               xsi:schemaLocation="http://xbrl.org/2008/assertion/value http://www.xbrl.org/2008/value-assertion.xsd http://xbrl.org/2008/variable http://www.xbrl.org/2008/variable.xsd http://xbrl.org/2008/filter/concept http://www.xbrl.org/2008/concept-filter.xsd http://xbrl.org/2008/filter/period http://www.xbrl.org/2008/period-filter.xsd http://xbrl.org/2008/label http://www.xbrl.org/2008/generic-label.xsd http://xbrl.org/2010/message http://www.xbrl.org/2010/generic-message.xsd http://xbrl.org/2008/filter/dimension http://www.xbrl.org/2008/dimension-filter.xsd http://xbrl.org/2008/filter/match http://www.xbrl.org/2013/match-filter.xsd http://xbrl.org/2008/generic http://www.xbrl.org/2008/generic-link.xsd http://xbrl.ifrs.org/taxonomy/2021-03-24/ifrs-full http://xbrl.ifrs.org/taxonomy/2021-03-24/full_ifrs/full_ifrs-cor_2021-03-24.xsd">
  <link:roleRef xlink:type="simple" roleURI="http://www.cmfchile.cl/cl/fr/ci/role/ifrs-3_2021-03-24_role-817100" xlink:href="../cl-ci_ifrs-3_2021-03-24_role-817100.xsd#ifrs-3_2021-03-24_role-817100"/>
  <link:roleRef xlink:type="simple" roleURI="http://www.xbrl.org/2010/role/message" xlink:href="http://www.xbrl.org/2010/generic-message.xsd#standard-message"/>
  <link:arcroleRef xlink:type="simple" arcroleURI="http://xbrl.org/arcrole/2008/variable-set" xlink:href="http://www.xbrl.org/2008/variable.xsd#variable-set"/>
  <link:arcroleRef xlink:type="simple" arcroleURI="http://xbrl.org/arcrole/2008/variable-filter" xlink:href="http://www.xbrl.org/2008/variable.xsd#variable-filter"/>
  <link:arcroleRef xlink:type="simple" arcroleURI="http://xbrl.org/arcrole/2008/element-label" xlink:href="http://www.xbrl.org/2008/generic-label.xsd#element-label"/>
  <link:arcroleRef xlink:type="simple" arcroleURI="http://xbrl.org/arcrole/2010/assertion-satisfied-message" xlink:href="http://www.xbrl.org/2010/validation-message.xsd#assertion-satisfied-message"/>
  <link:arcroleRef xlink:type="simple" arcroleURI="http://xbrl.org/arcrole/2010/assertion-unsatisfied-message" xlink:href="http://www.xbrl.org/2010/validation-message.xsd#assertion-unsatisfied-message"/>
  <gen:link xlink:type="extended" xlink:role="http://www.cmfchile.cl/cl/fr/ci/role/ifrs-3_2021-03-24_role-817100">
    <va:valueAssertion xlink:type="resource" id="regla817110" aspectModel="dimensional" implicitFiltering="true" test="$ifrs-full:Goodwill eq $ifrs-full:Goodwill2  + $ifrs-full:ChangesInGoodwill" xlink:label="lbl17311"/>
    <variable:factVariable xlink:type="resource" bindAsSequence="false" fallbackValue="0" xlink:label="lbl17312" id="id8393"/>
    <variable:variableArc xlink:type="arc" xlink:arcrole="http://xbrl.org/arcrole/2008/variable-set" name="ifrs-full:Goodwill" xlink:from="lbl17311" xlink:to="lbl17312"/>
    <variable:factVariable xlink:type="resource" bindAsSequence="false" fallbackValue="0" xlink:label="lbl17315" id="id8394"/>
    <variable:variableArc xlink:type="arc" xlink:arcrole="http://xbrl.org/arcrole/2008/variable-set" name="ifrs-full:Goodwill2" xlink:from="lbl17311" xlink:to="lbl17315"/>
    <variable:factVariable xlink:type="resource" bindAsSequence="false" xlink:label="lbl17317" id="id8395"/>
    <variable:variableArc xlink:type="arc" xlink:arcrole="http://xbrl.org/arcrole/2008/variable-set" name="ifrs-full:ChangesInGoodwill" xlink:from="lbl17311" xlink:to="lbl17317"/>
    <va:valueAssertion xlink:type="resource" id="regla817111" aspectModel="dimensional" implicitFiltering="true" test="$ifrs-full:ChangesInGoodwill = sum($ifrs-full:ChangesInGoodwill2)" xlink:label="lbl17322"/>
    <variable:factVariable xlink:type="resource" bindAsSequence="true" fallbackValue="0" xlink:label="lbl17323" id="id8396"/>
    <variable:variableArc xlink:type="arc" xlink:arcrole="http://xbrl.org/arcrole/2008/variable-set" name="ifrs-full:ChangesInGoodwill" xlink:from="lbl17322" xlink:to="lbl17323"/>
    <variable:factVariable xlink:type="resource" bindAsSequence="true" fallbackValue="0" xlink:label="lbl17326" id="id8397"/>
    <variable:variableArc xlink:type="arc" xlink:arcrole="http://xbrl.org/arcrole/2008/variable-set" name="ifrs-full:ChangesInGoodwill2" xlink:from="lbl17322" xlink:to="lbl17326"/>
    <va:valueAssertion xlink:type="resource" id="regla817112" aspectModel="dimensional" implicitFiltering="true" test="$ifrs-full:Goodwill = sum($ifrs-full:Goodwill2)" xlink:label="lbl17331"/>
    <variable:factVariable xlink:type="resource" bindAsSequence="true" fallbackValue="0" xlink:label="lbl17332" id="id8398"/>
    <variable:variableArc xlink:type="arc" xlink:arcrole="http://xbrl.org/arcrole/2008/variable-set" name="ifrs-full:Goodwill" xlink:from="lbl17331" xlink:to="lbl17332"/>
    <variable:factVariable xlink:type="resource" bindAsSequence="true" fallbackValue="0" xlink:label="lbl17334" id="id8399"/>
    <variable:variableArc xlink:type="arc" xlink:arcrole="http://xbrl.org/arcrole/2008/variable-set" name="ifrs-full:Goodwill2" xlink:from="lbl17331" xlink:to="lbl17334"/>
    <va:valueAssertion xlink:type="resource" id="regla817113" aspectModel="dimensional" implicitFiltering="true" test="$ifrs-full:ChangesInGoodwill = $ifrs-full:ChangesInGoodwill2 - $ifrs-full:ChangesInGoodwill3" xlink:label="lbl17338"/>
    <variable:factVariable xlink:type="resource" bindAsSequence="false" fallbackValue="0" xlink:label="lbl17339" id="id8400"/>
    <variable:variableArc xlink:type="arc" xlink:arcrole="http://xbrl.org/arcrole/2008/variable-set" name="ifrs-full:ChangesInGoodwill" xlink:from="lbl17338" xlink:to="lbl17339"/>
    <variable:factVariable xlink:type="resource" bindAsSequence="false" fallbackValue="0" xlink:label="lbl17340" id="id8401"/>
    <variable:variableArc xlink:type="arc" xlink:arcrole="http://xbrl.org/arcrole/2008/variable-set" name="ifrs-full:ChangesInGoodwill2" xlink:from="lbl17338" xlink:to="lbl17340"/>
    <variable:factVariable xlink:type="resource" bindAsSequence="false" fallbackValue="0" xlink:label="lbl17343" id="id8402"/>
    <variable:variableArc xlink:type="arc" xlink:arcrole="http://xbrl.org/arcrole/2008/variable-set" name="ifrs-full:ChangesInGoodwill3" xlink:from="lbl17338" xlink:to="lbl17343"/>
    <va:valueAssertion xlink:type="resource" id="regla817114" aspectModel="dimensional" implicitFiltering="true" test="$ifrs-full:Goodwill = $ifrs-full:Goodwill2 - $ifrs-full:Goodwill3" xlink:label="lbl17348"/>
    <variable:factVariable xlink:type="resource" bindAsSequence="false" fallbackValue="0" xlink:label="lbl17349" id="id8403"/>
    <variable:variableArc xlink:type="arc" xlink:arcrole="http://xbrl.org/arcrole/2008/variable-set" name="ifrs-full:Goodwill" xlink:from="lbl17348" xlink:to="lbl17349"/>
    <variable:factVariable xlink:type="resource" bindAsSequence="false" fallbackValue="0" xlink:label="lbl17350" id="id8404"/>
    <variable:variableArc xlink:type="arc" xlink:arcrole="http://xbrl.org/arcrole/2008/variable-set" name="ifrs-full:Goodwill2" xlink:from="lbl17348" xlink:to="lbl17350"/>
    <variable:factVariable xlink:type="resource" bindAsSequence="false" fallbackValue="0" xlink:label="lbl17352" id="id8405"/>
    <variable:variableArc xlink:type="arc" xlink:arcrole="http://xbrl.org/arcrole/2008/variable-set" name="ifrs-full:Goodwill3" xlink:from="lbl17348" xlink:to="lbl17352"/>
    <va:valueAssertion xlink:type="resource" id="regla817115" aspectModel="dimensional" implicitFiltering="true" test="$ifrs-full:ChangesInGoodwill = sum($ifrs-full:ChangesInGoodwill2)" xlink:label="lbl17356"/>
    <variable:factVariable xlink:type="resource" bindAsSequence="true" fallbackValue="0" xlink:label="lbl17357" id="id8406"/>
    <variable:variableArc xlink:type="arc" xlink:arcrole="http://xbrl.org/arcrole/2008/variable-set" name="ifrs-full:ChangesInGoodwill" xlink:from="lbl17356" xlink:to="lbl17357"/>
    <variable:factVariable xlink:type="resource" bindAsSequence="true" fallbackValue="0" xlink:label="lbl17358" id="id8407"/>
    <variable:variableArc xlink:type="arc" xlink:arcrole="http://xbrl.org/arcrole/2008/variable-set" name="ifrs-full:ChangesInGoodwill2" xlink:from="lbl17356" xlink:to="lbl17358"/>
    <va:valueAssertion xlink:type="resource" id="regla817116" aspectModel="dimensional" implicitFiltering="true" test="$ifrs-full:Goodwill = sum($ifrs-full:Goodwill2)" xlink:label="lbl17362"/>
    <variable:factVariable xlink:type="resource" bindAsSequence="true" fallbackValue="0" xlink:label="lbl17363" id="id8408"/>
    <variable:variableArc xlink:type="arc" xlink:arcrole="http://xbrl.org/arcrole/2008/variable-set" name="ifrs-full:Goodwill" xlink:from="lbl17362" xlink:to="lbl17363"/>
    <variable:factVariable xlink:type="resource" bindAsSequence="true" fallbackValue="0" xlink:label="lbl17364" id="id8409"/>
    <variable:variableArc xlink:type="arc" xlink:arcrole="http://xbrl.org/arcrole/2008/variable-set" name="ifrs-full:Goodwill2" xlink:from="lbl17362" xlink:to="lbl17364"/>
    <va:valueAssertion xlink:type="resource" id="regla817117" aspectModel="dimensional" implicitFiltering="true" test="$ifrs-full:ChangesInGoodwill = sum($ifrs-full:ChangesInGoodwill2)" xlink:label="lbl17368"/>
    <variable:factVariable xlink:type="resource" bindAsSequence="true" fallbackValue="0" xlink:label="lbl17369" id="id8410"/>
    <variable:variableArc xlink:type="arc" xlink:arcrole="http://xbrl.org/arcrole/2008/variable-set" name="ifrs-full:ChangesInGoodwill" xlink:from="lbl17368" xlink:to="lbl17369"/>
    <variable:factVariable xlink:type="resource" bindAsSequence="true" fallbackValue="0" xlink:label="lbl17370" id="id8411"/>
    <variable:variableArc xlink:type="arc" xlink:arcrole="http://xbrl.org/arcrole/2008/variable-set" name="ifrs-full:ChangesInGoodwill2" xlink:from="lbl17368" xlink:to="lbl17370"/>
    <va:valueAssertion xlink:type="resource" id="regla817118" aspectModel="dimensional" implicitFiltering="true" test="$ifrs-full:Goodwill = sum($ifrs-full:Goodwill2)" xlink:label="lbl17374"/>
    <variable:factVariable xlink:type="resource" bindAsSequence="true" fallbackValue="0" xlink:label="lbl17375" id="id8412"/>
    <variable:variableArc xlink:type="arc" xlink:arcrole="http://xbrl.org/arcrole/2008/variable-set" name="ifrs-full:Goodwill" xlink:from="lbl17374" xlink:to="lbl17375"/>
    <variable:factVariable xlink:type="resource" bindAsSequence="true" fallbackValue="0" xlink:label="lbl17376" id="id8413"/>
    <variable:variableArc xlink:type="arc" xlink:arcrole="http://xbrl.org/arcrole/2008/variable-set" name="ifrs-full:Goodwill2" xlink:from="lbl17374" xlink:to="lbl17376"/>
    <cf:conceptName xlink:type="resource" xlink:label="lbl17313" id="id8414">
      <cf:concept>
        <cf:qname>ifrs-full:Goodwill</cf:qname>
      </cf:concept>
    </cf:conceptName>
    <variable:variableFilterArc xlink:type="arc" xlink:arcrole="http://xbrl.org/arcrole/2008/variable-filter" complement="false" cover="true" xlink:from="lbl17312" xlink:to="lbl17313"/>
    <pf:instantDuration xlink:type="resource" boundary="end" variable="ifrs-full:ChangesInGoodwill" xlink:label="lbl17314" id="id8415"/>
    <variable:variableFilterArc xlink:type="arc" xlink:arcrole="http://xbrl.org/arcrole/2008/variable-filter" complement="false" cover="true" xlink:from="lbl17312" xlink:to="lbl17314"/>
    <variable:variableFilterArc xlink:type="arc" xlink:arcrole="http://xbrl.org/arcrole/2008/variable-filter" complement="false" cover="true" xlink:from="lbl17315" xlink:to="lbl17313"/>
    <pf:instantDuration xlink:type="resource" boundary="start" variable="ifrs-full:ChangesInGoodwill" xlink:label="lbl17316" id="id8416"/>
    <variable:variableFilterArc xlink:type="arc" xlink:arcrole="http://xbrl.org/arcrole/2008/variable-filter" complement="false" cover="true" xlink:from="lbl17315" xlink:to="lbl17316"/>
    <cf:conceptName xlink:type="resource" xlink:label="lbl17318" id="id8417">
      <cf:concept>
        <cf:qname>ifrs-full:ChangesInGoodwill</cf:qname>
      </cf:concept>
    </cf:conceptName>
    <variable:variableFilterArc xlink:type="arc" xlink:arcrole="http://xbrl.org/arcrole/2008/variable-filter" complement="false" cover="true" xlink:from="lbl17317" xlink:to="lbl17318"/>
    <variable:variableFilterArc xlink:type="arc" xlink:arcrole="http://xbrl.org/arcrole/2008/variable-filter" complement="false" cover="true" xlink:from="lbl17323" xlink:to="lbl17318"/>
    <df:explicitDimension xlink:type="resource" xlink:label="lbl17324" id="id8418">
      <df:dimension>
        <df:qname>ifrs-full:BusinessCombinationsAxis</df:qname>
      </df:dimension>
      <df:member>
        <df:qname>ifrs-full:BusinessCombinationsMember</df:qname>
      </df:member>
    </df:explicitDimension>
    <variable:variableFilterArc xlink:type="arc" xlink:arcrole="http://xbrl.org/arcrole/2008/variable-filter" complement="false" cover="true" xlink:from="lbl17323" xlink:to="lbl17324"/>
    <df:explicitDimension xlink:type="resource" xlink:label="lbl17325" id="id8419">
      <df:dimension>
        <df:qname>ifrs-full:CarryingAmountAccumulatedDepreciationAmortisationAndImpairmentAndGrossCarryingAmountAxis</df:qname>
      </df:dimension>
      <df:member>
        <df:qname>ifrs-full:CarryingAmountMember</df:qname>
      </df:member>
    </df:explicitDimension>
    <variable:variableFilterArc xlink:type="arc" xlink:arcrole="http://xbrl.org/arcrole/2008/variable-filter" complement="false" cover="true" xlink:from="lbl17323" xlink:to="lbl17325"/>
    <variable:variableFilterArc xlink:type="arc" xlink:arcrole="http://xbrl.org/arcrole/2008/variable-filter" complement="false" cover="true" xlink:from="lbl17326" xlink:to="lbl17318"/>
    <df:explicitDimension xlink:type="resource" xlink:label="lbl17327" id="id8420">
      <df:dimension>
        <df:qname>ifrs-full:BusinessCombinationsAxis</df:qname>
      </df:dimension>
      <df:member>
        <df:qname>ifrs-full:BusinessCombinationsMember</df:qname>
        <df:linkrole>http://www.cmfchile.cl/cl/fr/ci/role/ifrs-3_2021-03-24_role-817100</df:linkrole>
        <df:arcrole>http://xbrl.org/int/dim/arcrole/domain-member</df:arcrole>
        <df:axis>child</df:axis>
      </df:member>
    </df:explicitDimension>
    <variable:variableFilterArc xlink:type="arc" xlink:arcrole="http://xbrl.org/arcrole/2008/variable-filter" complement="false" cover="true" xlink:from="lbl17326" xlink:to="lbl17327"/>
    <variable:variableFilterArc xlink:type="arc" xlink:arcrole="http://xbrl.org/arcrole/2008/variable-filter" complement="false" cover="true" xlink:from="lbl17326" xlink:to="lbl17325"/>
    <variable:variableFilterArc xlink:type="arc" xlink:arcrole="http://xbrl.org/arcrole/2008/variable-filter" complement="false" cover="true" xlink:from="lbl17332" xlink:to="lbl17313"/>
    <variable:variableFilterArc xlink:type="arc" xlink:arcrole="http://xbrl.org/arcrole/2008/variable-filter" complement="false" cover="true" xlink:from="lbl17332" xlink:to="lbl17324"/>
    <variable:variableFilterArc xlink:type="arc" xlink:arcrole="http://xbrl.org/arcrole/2008/variable-filter" complement="false" cover="true" xlink:from="lbl17332" xlink:to="lbl17325"/>
    <df:explicitDimension xlink:type="resource" xlink:label="lbl17333" id="id8421">
      <df:dimension>
        <df:qname>ifrs-full:IndividualAssetsOrCashgeneratingUnitsWithSignificantAmountOfGoodwillOrIntangibleAssetsWithIndefiniteUsefulLivesAxis</df:qname>
      </df:dimension>
      <df:member>
        <df:qname>ifrs-full:EntitysTotalForCashgeneratingUnitsMember</df:qname>
      </df:member>
    </df:explicitDimension>
    <variable:variableFilterArc xlink:type="arc" xlink:arcrole="http://xbrl.org/arcrole/2008/variable-filter" complement="false" cover="true" xlink:from="lbl17332" xlink:to="lbl17333"/>
    <variable:variableFilterArc xlink:type="arc" xlink:arcrole="http://xbrl.org/arcrole/2008/variable-filter" complement="false" cover="true" xlink:from="lbl17334" xlink:to="lbl17313"/>
    <variable:variableFilterArc xlink:type="arc" xlink:arcrole="http://xbrl.org/arcrole/2008/variable-filter" complement="false" cover="true" xlink:from="lbl17334" xlink:to="lbl17327"/>
    <variable:variableFilterArc xlink:type="arc" xlink:arcrole="http://xbrl.org/arcrole/2008/variable-filter" complement="false" cover="true" xlink:from="lbl17334" xlink:to="lbl17325"/>
    <variable:variableFilterArc xlink:type="arc" xlink:arcrole="http://xbrl.org/arcrole/2008/variable-filter" complement="false" cover="true" xlink:from="lbl17339" xlink:to="lbl17318"/>
    <variable:variableFilterArc xlink:type="arc" xlink:arcrole="http://xbrl.org/arcrole/2008/variable-filter" complement="false" cover="true" xlink:from="lbl17339" xlink:to="lbl17324"/>
    <variable:variableFilterArc xlink:type="arc" xlink:arcrole="http://xbrl.org/arcrole/2008/variable-filter" complement="false" cover="true" xlink:from="lbl17339" xlink:to="lbl17325"/>
    <variable:variableFilterArc xlink:type="arc" xlink:arcrole="http://xbrl.org/arcrole/2008/variable-filter" complement="false" cover="true" xlink:from="lbl17340" xlink:to="lbl17318"/>
    <df:explicitDimension xlink:type="resource" xlink:label="lbl17341" id="id8422">
      <df:dimension>
        <df:qname>ifrs-full:CarryingAmountAccumulatedDepreciationAmortisationAndImpairmentAndGrossCarryingAmountAxis</df:qname>
      </df:dimension>
      <df:member>
        <df:qname>ifrs-full:GrossCarryingAmountMember</df:qname>
      </df:member>
    </df:explicitDimension>
    <variable:variableFilterArc xlink:type="arc" xlink:arcrole="http://xbrl.org/arcrole/2008/variable-filter" complement="false" cover="true" xlink:from="lbl17340" xlink:to="lbl17341"/>
    <variable:variableFilterArc xlink:type="arc" xlink:arcrole="http://xbrl.org/arcrole/2008/variable-filter" complement="false" cover="true" xlink:from="lbl17340" xlink:to="lbl17324"/>
    <mf:matchPeriod xlink:type="resource" variable="ifrs-full:ChangesInGoodwill" xlink:label="lbl17342" id="id8423"/>
    <variable:variableFilterArc xlink:type="arc" xlink:arcrole="http://xbrl.org/arcrole/2008/variable-filter" complement="false" cover="true" xlink:from="lbl17340" xlink:to="lbl17342"/>
    <variable:variableFilterArc xlink:type="arc" xlink:arcrole="http://xbrl.org/arcrole/2008/variable-filter" complement="false" cover="true" xlink:from="lbl17343" xlink:to="lbl17318"/>
    <df:explicitDimension xlink:type="resource" xlink:label="lbl17344" id="id8424">
      <df:dimension>
        <df:qname>ifrs-full:CarryingAmountAccumulatedDepreciationAmortisationAndImpairmentAndGrossCarryingAmountAxis</df:qname>
      </df:dimension>
      <df:member>
        <df:qname>ifrs-full:AccumulatedImpairmentMember</df:qname>
      </df:member>
    </df:explicitDimension>
    <variable:variableFilterArc xlink:type="arc" xlink:arcrole="http://xbrl.org/arcrole/2008/variable-filter" complement="false" cover="true" xlink:from="lbl17343" xlink:to="lbl17344"/>
    <variable:variableFilterArc xlink:type="arc" xlink:arcrole="http://xbrl.org/arcrole/2008/variable-filter" complement="false" cover="true" xlink:from="lbl17343" xlink:to="lbl17324"/>
    <variable:variableFilterArc xlink:type="arc" xlink:arcrole="http://xbrl.org/arcrole/2008/variable-filter" complement="false" cover="true" xlink:from="lbl17343" xlink:to="lbl17342"/>
    <variable:variableFilterArc xlink:type="arc" xlink:arcrole="http://xbrl.org/arcrole/2008/variable-filter" complement="false" cover="true" xlink:from="lbl17349" xlink:to="lbl17313"/>
    <variable:variableFilterArc xlink:type="arc" xlink:arcrole="http://xbrl.org/arcrole/2008/variable-filter" complement="false" cover="true" xlink:from="lbl17349" xlink:to="lbl17324"/>
    <variable:variableFilterArc xlink:type="arc" xlink:arcrole="http://xbrl.org/arcrole/2008/variable-filter" complement="false" cover="true" xlink:from="lbl17349" xlink:to="lbl17325"/>
    <variable:variableFilterArc xlink:type="arc" xlink:arcrole="http://xbrl.org/arcrole/2008/variable-filter" complement="false" cover="true" xlink:from="lbl17350" xlink:to="lbl17313"/>
    <variable:variableFilterArc xlink:type="arc" xlink:arcrole="http://xbrl.org/arcrole/2008/variable-filter" complement="false" cover="true" xlink:from="lbl17350" xlink:to="lbl17341"/>
    <variable:variableFilterArc xlink:type="arc" xlink:arcrole="http://xbrl.org/arcrole/2008/variable-filter" complement="false" cover="true" xlink:from="lbl17350" xlink:to="lbl17324"/>
    <mf:matchPeriod xlink:type="resource" variable="ifrs-full:Goodwill" xlink:label="lbl17351" id="id8425"/>
    <variable:variableFilterArc xlink:type="arc" xlink:arcrole="http://xbrl.org/arcrole/2008/variable-filter" complement="false" cover="true" xlink:from="lbl17350" xlink:to="lbl17351"/>
    <variable:variableFilterArc xlink:type="arc" xlink:arcrole="http://xbrl.org/arcrole/2008/variable-filter" complement="false" cover="true" xlink:from="lbl17352" xlink:to="lbl17313"/>
    <variable:variableFilterArc xlink:type="arc" xlink:arcrole="http://xbrl.org/arcrole/2008/variable-filter" complement="false" cover="true" xlink:from="lbl17352" xlink:to="lbl17344"/>
    <variable:variableFilterArc xlink:type="arc" xlink:arcrole="http://xbrl.org/arcrole/2008/variable-filter" complement="false" cover="true" xlink:from="lbl17352" xlink:to="lbl17324"/>
    <variable:variableFilterArc xlink:type="arc" xlink:arcrole="http://xbrl.org/arcrole/2008/variable-filter" complement="false" cover="true" xlink:from="lbl17352" xlink:to="lbl17351"/>
    <variable:variableFilterArc xlink:type="arc" xlink:arcrole="http://xbrl.org/arcrole/2008/variable-filter" complement="false" cover="true" xlink:from="lbl17357" xlink:to="lbl17318"/>
    <variable:variableFilterArc xlink:type="arc" xlink:arcrole="http://xbrl.org/arcrole/2008/variable-filter" complement="false" cover="true" xlink:from="lbl17357" xlink:to="lbl17324"/>
    <variable:variableFilterArc xlink:type="arc" xlink:arcrole="http://xbrl.org/arcrole/2008/variable-filter" complement="false" cover="true" xlink:from="lbl17357" xlink:to="lbl17341"/>
    <variable:variableFilterArc xlink:type="arc" xlink:arcrole="http://xbrl.org/arcrole/2008/variable-filter" complement="false" cover="true" xlink:from="lbl17358" xlink:to="lbl17318"/>
    <variable:variableFilterArc xlink:type="arc" xlink:arcrole="http://xbrl.org/arcrole/2008/variable-filter" complement="false" cover="true" xlink:from="lbl17358" xlink:to="lbl17327"/>
    <variable:variableFilterArc xlink:type="arc" xlink:arcrole="http://xbrl.org/arcrole/2008/variable-filter" complement="false" cover="true" xlink:from="lbl17358" xlink:to="lbl17341"/>
    <variable:variableFilterArc xlink:type="arc" xlink:arcrole="http://xbrl.org/arcrole/2008/variable-filter" complement="false" cover="true" xlink:from="lbl17363" xlink:to="lbl17313"/>
    <variable:variableFilterArc xlink:type="arc" xlink:arcrole="http://xbrl.org/arcrole/2008/variable-filter" complement="false" cover="true" xlink:from="lbl17363" xlink:to="lbl17324"/>
    <variable:variableFilterArc xlink:type="arc" xlink:arcrole="http://xbrl.org/arcrole/2008/variable-filter" complement="false" cover="true" xlink:from="lbl17363" xlink:to="lbl17341"/>
    <variable:variableFilterArc xlink:type="arc" xlink:arcrole="http://xbrl.org/arcrole/2008/variable-filter" complement="false" cover="true" xlink:from="lbl17364" xlink:to="lbl17313"/>
    <variable:variableFilterArc xlink:type="arc" xlink:arcrole="http://xbrl.org/arcrole/2008/variable-filter" complement="false" cover="true" xlink:from="lbl17364" xlink:to="lbl17327"/>
    <variable:variableFilterArc xlink:type="arc" xlink:arcrole="http://xbrl.org/arcrole/2008/variable-filter" complement="false" cover="true" xlink:from="lbl17364" xlink:to="lbl17341"/>
    <variable:variableFilterArc xlink:type="arc" xlink:arcrole="http://xbrl.org/arcrole/2008/variable-filter" complement="false" cover="true" xlink:from="lbl17369" xlink:to="lbl17318"/>
    <variable:variableFilterArc xlink:type="arc" xlink:arcrole="http://xbrl.org/arcrole/2008/variable-filter" complement="false" cover="true" xlink:from="lbl17369" xlink:to="lbl17324"/>
    <variable:variableFilterArc xlink:type="arc" xlink:arcrole="http://xbrl.org/arcrole/2008/variable-filter" complement="false" cover="true" xlink:from="lbl17369" xlink:to="lbl17344"/>
    <variable:variableFilterArc xlink:type="arc" xlink:arcrole="http://xbrl.org/arcrole/2008/variable-filter" complement="false" cover="true" xlink:from="lbl17370" xlink:to="lbl17318"/>
    <variable:variableFilterArc xlink:type="arc" xlink:arcrole="http://xbrl.org/arcrole/2008/variable-filter" complement="false" cover="true" xlink:from="lbl17370" xlink:to="lbl17327"/>
    <variable:variableFilterArc xlink:type="arc" xlink:arcrole="http://xbrl.org/arcrole/2008/variable-filter" complement="false" cover="true" xlink:from="lbl17370" xlink:to="lbl17344"/>
    <variable:variableFilterArc xlink:type="arc" xlink:arcrole="http://xbrl.org/arcrole/2008/variable-filter" complement="false" cover="true" xlink:from="lbl17375" xlink:to="lbl17313"/>
    <variable:variableFilterArc xlink:type="arc" xlink:arcrole="http://xbrl.org/arcrole/2008/variable-filter" complement="false" cover="true" xlink:from="lbl17375" xlink:to="lbl17324"/>
    <variable:variableFilterArc xlink:type="arc" xlink:arcrole="http://xbrl.org/arcrole/2008/variable-filter" complement="false" cover="true" xlink:from="lbl17375" xlink:to="lbl17344"/>
    <variable:variableFilterArc xlink:type="arc" xlink:arcrole="http://xbrl.org/arcrole/2008/variable-filter" complement="false" cover="true" xlink:from="lbl17376" xlink:to="lbl17313"/>
    <variable:variableFilterArc xlink:type="arc" xlink:arcrole="http://xbrl.org/arcrole/2008/variable-filter" complement="false" cover="true" xlink:from="lbl17376" xlink:to="lbl17327"/>
    <variable:variableFilterArc xlink:type="arc" xlink:arcrole="http://xbrl.org/arcrole/2008/variable-filter" complement="false" cover="true" xlink:from="lbl17376" xlink:to="lbl17344"/>
    <label:label xlink:type="resource" xml:lang="es" id="id8366" xlink:label="lbl17319">817110</label:label>
    <gen:arc xlink:type="arc" xlink:arcrole="http://xbrl.org/arcrole/2008/element-label" xlink:from="lbl17311" xlink:to="lbl17319"/>
    <label:label xlink:type="resource" xml:lang="es" id="id8369" xlink:label="lbl17328">817111</label:label>
    <gen:arc xlink:type="arc" xlink:arcrole="http://xbrl.org/arcrole/2008/element-label" xlink:from="lbl17322" xlink:to="lbl17328"/>
    <label:label xlink:type="resource" xml:lang="es" id="id8372" xlink:label="lbl17335">817112</label:label>
    <gen:arc xlink:type="arc" xlink:arcrole="http://xbrl.org/arcrole/2008/element-label" xlink:from="lbl17331" xlink:to="lbl17335"/>
    <label:label xlink:type="resource" xml:lang="es" id="id8375" xlink:label="lbl17345">817113</label:label>
    <gen:arc xlink:type="arc" xlink:arcrole="http://xbrl.org/arcrole/2008/element-label" xlink:from="lbl17338" xlink:to="lbl17345"/>
    <label:label xlink:type="resource" xml:lang="es" id="id8378" xlink:label="lbl17353">817114</label:label>
    <gen:arc xlink:type="arc" xlink:arcrole="http://xbrl.org/arcrole/2008/element-label" xlink:from="lbl17348" xlink:to="lbl17353"/>
    <label:label xlink:type="resource" xml:lang="es" id="id8381" xlink:label="lbl17359">817115</label:label>
    <gen:arc xlink:type="arc" xlink:arcrole="http://xbrl.org/arcrole/2008/element-label" xlink:from="lbl17356" xlink:to="lbl17359"/>
    <label:label xlink:type="resource" xml:lang="es" id="id8384" xlink:label="lbl17365">817116</label:label>
    <gen:arc xlink:type="arc" xlink:arcrole="http://xbrl.org/arcrole/2008/element-label" xlink:from="lbl17362" xlink:to="lbl17365"/>
    <label:label xlink:type="resource" xml:lang="es" id="id8387" xlink:label="lbl17371">817117</label:label>
    <gen:arc xlink:type="arc" xlink:arcrole="http://xbrl.org/arcrole/2008/element-label" xlink:from="lbl17368" xlink:to="lbl17371"/>
    <label:label xlink:type="resource" xml:lang="es" id="id8390" xlink:label="lbl17377">817118</label:label>
    <gen:arc xlink:type="arc" xlink:arcrole="http://xbrl.org/arcrole/2008/element-label" xlink:from="lbl17374" xlink:to="lbl17377"/>
    <msg:message xlink:type="resource" id="id8367" xml:lang="es" xlink:role="http://www.xbrl.org/2010/role/message" xlink:label="lbl17320">Rol[817100] Regla817110: Informa Plusvalía al final del periodo OK; contexto  {$ifrs-full:ChangesInGoodwill/@contextRef}</msg:message>
    <gen:arc xlink:type="arc" xlink:arcrole="http://xbrl.org/arcrole/2010/assertion-satisfied-message" xlink:from="lbl17311" xlink:to="lbl17320"/>
    <msg:message xlink:type="resource" id="id8370" xml:lang="es" xlink:role="http://www.xbrl.org/2010/role/message" xlink:label="lbl17329">Rol[817100] Regla817111: Suma dimensiones Total incremento (disminución) en la plusvalía OK; contexto  {$ifrs-full:ChangesInGoodwill/@contextRef}</msg:message>
    <gen:arc xlink:type="arc" xlink:arcrole="http://xbrl.org/arcrole/2010/assertion-satisfied-message" xlink:from="lbl17322" xlink:to="lbl17329"/>
    <msg:message xlink:type="resource" id="id8373" xml:lang="es" xlink:role="http://www.xbrl.org/2010/role/message" xlink:label="lbl17336">Rol[817100] Regla817112: Suma dimensiones Plusvalía OK; contexto  {$ifrs-full:Goodwill/@contextRef}</msg:message>
    <gen:arc xlink:type="arc" xlink:arcrole="http://xbrl.org/arcrole/2010/assertion-satisfied-message" xlink:from="lbl17331" xlink:to="lbl17336"/>
    <msg:message xlink:type="resource" id="id8376" xml:lang="es" xlink:role="http://www.xbrl.org/2010/role/message" xlink:label="lbl17346">Rol[817100] Regla817113: Suma dimensiones Total incremento (disminución) en la plusvalía OK; contexto  {$ifrs-full:ChangesInGoodwill/@contextRef}</msg:message>
    <gen:arc xlink:type="arc" xlink:arcrole="http://xbrl.org/arcrole/2010/assertion-satisfied-message" xlink:from="lbl17338" xlink:to="lbl17346"/>
    <msg:message xlink:type="resource" id="id8379" xml:lang="es" xlink:role="http://www.xbrl.org/2010/role/message" xlink:label="lbl17354">Rol[817100] Regla817114: Suma dimensiones Plusvalía OK; contexto  {$ifrs-full:Goodwill/@contextRef}</msg:message>
    <gen:arc xlink:type="arc" xlink:arcrole="http://xbrl.org/arcrole/2010/assertion-satisfied-message" xlink:from="lbl17348" xlink:to="lbl17354"/>
    <msg:message xlink:type="resource" id="id8382" xml:lang="es" xlink:role="http://www.xbrl.org/2010/role/message" xlink:label="lbl17360">Rol[817100] Regla817115: Suma dimensiones Total incremento (disminución) en la plusvalía OK; contexto  {$ifrs-full:ChangesInGoodwill/@contextRef}</msg:message>
    <gen:arc xlink:type="arc" xlink:arcrole="http://xbrl.org/arcrole/2010/assertion-satisfied-message" xlink:from="lbl17356" xlink:to="lbl17360"/>
    <msg:message xlink:type="resource" id="id8385" xml:lang="es" xlink:role="http://www.xbrl.org/2010/role/message" xlink:label="lbl17366">Rol[817100] Regla817116: Suma dimensiones Plusvalía OK; contexto  {$ifrs-full:Goodwill/@contextRef}</msg:message>
    <gen:arc xlink:type="arc" xlink:arcrole="http://xbrl.org/arcrole/2010/assertion-satisfied-message" xlink:from="lbl17362" xlink:to="lbl17366"/>
    <msg:message xlink:type="resource" id="id8388" xml:lang="es" xlink:role="http://www.xbrl.org/2010/role/message" xlink:label="lbl17372">Rol[817100] Regla817117: Suma dimensiones Total incremento (disminución) en la plusvalía OK; contexto  {$ifrs-full:ChangesInGoodwill/@contextRef}</msg:message>
    <gen:arc xlink:type="arc" xlink:arcrole="http://xbrl.org/arcrole/2010/assertion-satisfied-message" xlink:from="lbl17368" xlink:to="lbl17372"/>
    <msg:message xlink:type="resource" id="id8391" xml:lang="es" xlink:role="http://www.xbrl.org/2010/role/message" xlink:label="lbl17378">Rol[817100] Regla817118: Suma dimensiones Plusvalía OK; contexto  {$ifrs-full:Goodwill/@contextRef}</msg:message>
    <gen:arc xlink:type="arc" xlink:arcrole="http://xbrl.org/arcrole/2010/assertion-satisfied-message" xlink:from="lbl17374" xlink:to="lbl17378"/>
    <msg:message xlink:type="resource" id="id8368" xml:lang="es" xlink:role="http://www.xbrl.org/2010/role/message" xlink:label="lbl17321">Rol[817100] Regla817110: Error Plusvalía al final del periodo; contexto  {$ifrs-full:ChangesInGoodwill/@contextRef}</msg:message>
    <gen:arc xlink:type="arc" xlink:arcrole="http://xbrl.org/arcrole/2010/assertion-unsatisfied-message" xlink:from="lbl17311" xlink:to="lbl17321"/>
    <msg:message xlink:type="resource" id="id8371" xml:lang="es" xlink:role="http://www.xbrl.org/2010/role/message" xlink:label="lbl17330">Rol[817100] Regla817111: Error en suma dimensiones Total incremento (disminución) en la plusvalía; contexto  {$ifrs-full:ChangesInGoodwill/@contextRef}</msg:message>
    <gen:arc xlink:type="arc" xlink:arcrole="http://xbrl.org/arcrole/2010/assertion-unsatisfied-message" xlink:from="lbl17322" xlink:to="lbl17330"/>
    <msg:message xlink:type="resource" id="id8374" xml:lang="es" xlink:role="http://www.xbrl.org/2010/role/message" xlink:label="lbl17337">Rol[817100] Regla817112: Error en suma dimensiones Plusvalía; contexto  {$ifrs-full:Goodwill/@contextRef}</msg:message>
    <gen:arc xlink:type="arc" xlink:arcrole="http://xbrl.org/arcrole/2010/assertion-unsatisfied-message" xlink:from="lbl17331" xlink:to="lbl17337"/>
    <msg:message xlink:type="resource" id="id8377" xml:lang="es" xlink:role="http://www.xbrl.org/2010/role/message" xlink:label="lbl17347">Rol[817100] Regla817113: Error en suma dimensiones Total incremento (disminución) en la plusvalía; contexto  {$ifrs-full:ChangesInGoodwill/@contextRef}</msg:message>
    <gen:arc xlink:type="arc" xlink:arcrole="http://xbrl.org/arcrole/2010/assertion-unsatisfied-message" xlink:from="lbl17338" xlink:to="lbl17347"/>
    <msg:message xlink:type="resource" id="id8380" xml:lang="es" xlink:role="http://www.xbrl.org/2010/role/message" xlink:label="lbl17355">Rol[817100] Regla817114: Error en suma dimensiones Plusvalía; contexto  {$ifrs-full:Goodwill/@contextRef}</msg:message>
    <gen:arc xlink:type="arc" xlink:arcrole="http://xbrl.org/arcrole/2010/assertion-unsatisfied-message" xlink:from="lbl17348" xlink:to="lbl17355"/>
    <msg:message xlink:type="resource" id="id8383" xml:lang="es" xlink:role="http://www.xbrl.org/2010/role/message" xlink:label="lbl17361">Rol[817100] Regla817115: Error en suma dimensiones Total incremento (disminución) en la plusvalía; contexto  {$ifrs-full:ChangesInGoodwill/@contextRef}</msg:message>
    <gen:arc xlink:type="arc" xlink:arcrole="http://xbrl.org/arcrole/2010/assertion-unsatisfied-message" xlink:from="lbl17356" xlink:to="lbl17361"/>
    <msg:message xlink:type="resource" id="id8386" xml:lang="es" xlink:role="http://www.xbrl.org/2010/role/message" xlink:label="lbl17367">Rol[817100] Regla817116: Error en suma dimensiones Plusvalía; contexto  {$ifrs-full:Goodwill/@contextRef}</msg:message>
    <gen:arc xlink:type="arc" xlink:arcrole="http://xbrl.org/arcrole/2010/assertion-unsatisfied-message" xlink:from="lbl17362" xlink:to="lbl17367"/>
    <msg:message xlink:type="resource" id="id8389" xml:lang="es" xlink:role="http://www.xbrl.org/2010/role/message" xlink:label="lbl17373">Rol[817100] Regla817117: Error en suma dimensiones Total incremento (disminución) en la plusvalía; contexto  {$ifrs-full:ChangesInGoodwill/@contextRef}</msg:message>
    <gen:arc xlink:type="arc" xlink:arcrole="http://xbrl.org/arcrole/2010/assertion-unsatisfied-message" xlink:from="lbl17368" xlink:to="lbl17373"/>
    <msg:message xlink:type="resource" id="id8392" xml:lang="es" xlink:role="http://www.xbrl.org/2010/role/message" xlink:label="lbl17379">Rol[817100] Regla817118: Error en suma dimensiones Plusvalía; contexto  {$ifrs-full:Goodwill/@contextRef}</msg:message>
    <gen:arc xlink:type="arc" xlink:arcrole="http://xbrl.org/arcrole/2010/assertion-unsatisfied-message" xlink:from="lbl17374" xlink:to="lbl17379"/>
  </gen:link>
</link:linkbase>