<?xml version="1.0" encoding="UTF-8"?>
<!DOCTYPE catalog PUBLIC "-//OASIS//DTD Entity Resolution XML Catalog V1.0//EN" "http://www.oasis-open.org/committees/entity/release/1.0/catalog.dtd">
<catalog xmlns="urn:oasis:names:tc:entity:xmlns:xml:catalog">

  <!--Reporting Taxonomies -->
  <rewriteURI uriStartString="http://www.eba.europa.eu/eu/fr/xbrl/crr/fws/esg/its-2021-637/2023-05-30/mod/" rewritePrefix="../www.eba.europa.eu/eu/fr/xbrl/crr/fws/esg/its-2021-637/2023-05-30/mod/" />
  <rewriteURI uriStartString="http://www.eba.europa.eu/eu/fr/xbrl/crr/fws/esg/its-2021-637/2023-05-30/tab/" rewritePrefix="../www.eba.europa.eu/eu/fr/xbrl/crr/fws/esg/its-2021-637/2023-05-30/tab/" />
  <rewriteURI uriStartString="http://www.eba.europa.eu/eu/fr/xbrl/crr/fws/esg/its-2021-637/2023-05-30/val/" rewritePrefix="../www.eba.europa.eu/eu/fr/xbrl/crr/fws/esg/its-2021-637/2023-05-30/val/" />
  <rewriteURI uriStartString="http://www.eba.europa.eu/eu/fr/xbrl/crr/fws/esg/its-2021-637/2023-05-30/tax.xsd" rewritePrefix="../www.eba.europa.eu/eu/fr/xbrl/crr/fws/esg/its-2021-637/2023-05-30/tax.xsd" />
  <rewriteURI uriStartString="http://www.eba.europa.eu/eu/fr/xbrl/crr/fws/esg/its-2021-637/2023-05-30/tax-inf.xml" rewritePrefix="../www.eba.europa.eu/eu/fr/xbrl/crr/fws/esg/its-2021-637/2023-05-30/tax-inf.xml" />
  <rewriteURI uriStartString="http://www.eba.europa.eu/eu/fr/xbrl/crr/fws/esg/its-2021-637/2023-05-30/tax-lab-codes.xml" rewritePrefix="../www.eba.europa.eu/eu/fr/xbrl/crr/fws/esg/its-2021-637/2023-05-30/tax-lab-codes.xml" />
  <rewriteURI uriStartString="http://www.eba.europa.eu/eu/fr/xbrl/crr/fws/esg/its-2021-637/2023-05-30/tax-lab-en.xml" rewritePrefix="../www.eba.europa.eu/eu/fr/xbrl/crr/fws/esg/its-2021-637/2023-05-30/tax-lab-en.xml" />
  <rewriteURI uriStartString="http://www.eba.europa.eu/eu/fr/xbrl/crr/fws/ipu/dc-2022-441/2023-05-30/mod/" rewritePrefix="../www.eba.europa.eu/eu/fr/xbrl/crr/fws/ipu/dc-2022-441/2023-05-30/mod/" />
  <rewriteURI uriStartString="http://www.eba.europa.eu/eu/fr/xbrl/crr/fws/ipu/dc-2022-441/2023-05-30/tab/" rewritePrefix="../www.eba.europa.eu/eu/fr/xbrl/crr/fws/ipu/dc-2022-441/2023-05-30/tab/" />
  <rewriteURI uriStartString="http://www.eba.europa.eu/eu/fr/xbrl/crr/fws/ipu/dc-2022-441/2023-05-30/val/" rewritePrefix="../www.eba.europa.eu/eu/fr/xbrl/crr/fws/ipu/dc-2022-441/2023-05-30/val/" />
  <rewriteURI uriStartString="http://www.eba.europa.eu/eu/fr/xbrl/crr/fws/ipu/dc-2022-441/2023-05-30/tax.xsd" rewritePrefix="../www.eba.europa.eu/eu/fr/xbrl/crr/fws/ipu/dc-2022-441/2023-05-30/tax.xsd" />
  <rewriteURI uriStartString="http://www.eba.europa.eu/eu/fr/xbrl/crr/fws/ipu/dc-2022-441/2023-05-30/tax-inf.xml" rewritePrefix="../www.eba.europa.eu/eu/fr/xbrl/crr/fws/ipu/dc-2022-441/2023-05-30/tax-inf.xml" />
  <rewriteURI uriStartString="http://www.eba.europa.eu/eu/fr/xbrl/crr/fws/ipu/dc-2022-441/2023-05-30/tax-lab-codes.xml" rewritePrefix="../www.eba.europa.eu/eu/fr/xbrl/crr/fws/ipu/dc-2022-441/2023-05-30/tax-lab-codes.xml" />
  <rewriteURI uriStartString="http://www.eba.europa.eu/eu/fr/xbrl/crr/fws/ipu/dc-2022-441/2023-05-30/tax-lab-en.xml" rewritePrefix="../www.eba.europa.eu/eu/fr/xbrl/crr/fws/ipu/dc-2022-441/2023-05-30/tax-lab-en.xml" />
  <rewriteURI uriStartString="http://www.eba.europa.eu/eu/fr/xbrl/crr/fws/pillar3/its-2021-637/2023-05-30/mod/" rewritePrefix="../www.eba.europa.eu/eu/fr/xbrl/crr/fws/pillar3/its-2021-637/2023-05-30/mod/" />
  <rewriteURI uriStartString="http://www.eba.europa.eu/eu/fr/xbrl/crr/fws/pillar3/its-2021-637/2023-05-30/tab/" rewritePrefix="../www.eba.europa.eu/eu/fr/xbrl/crr/fws/pillar3/its-2021-637/2023-05-30/tab/" />
  <rewriteURI uriStartString="http://www.eba.europa.eu/eu/fr/xbrl/crr/fws/pillar3/its-2021-637/2023-05-30/val/" rewritePrefix="../www.eba.europa.eu/eu/fr/xbrl/crr/fws/pillar3/its-2021-637/2023-05-30/val/" />
  <rewriteURI uriStartString="http://www.eba.europa.eu/eu/fr/xbrl/crr/fws/pillar3/its-2021-637/2023-05-30/tax.xsd" rewritePrefix="../www.eba.europa.eu/eu/fr/xbrl/crr/fws/pillar3/its-2021-637/2023-05-30/tax.xsd" />
  <rewriteURI uriStartString="http://www.eba.europa.eu/eu/fr/xbrl/crr/fws/pillar3/its-2021-637/2023-05-30/tax-inf.xml" rewritePrefix="../www.eba.europa.eu/eu/fr/xbrl/crr/fws/pillar3/its-2021-637/2023-05-30/tax-inf.xml" />
  <rewriteURI uriStartString="http://www.eba.europa.eu/eu/fr/xbrl/crr/fws/pillar3/its-2021-637/2023-05-30/tax-lab-codes.xml" rewritePrefix="../www.eba.europa.eu/eu/fr/xbrl/crr/fws/pillar3/its-2021-637/2023-05-30/tax-lab-codes.xml" />
  <rewriteURI uriStartString="http://www.eba.europa.eu/eu/fr/xbrl/crr/fws/pillar3/its-2021-637/2023-05-30/tax-lab-en.xml" rewritePrefix="../www.eba.europa.eu/eu/fr/xbrl/crr/fws/pillar3/its-2021-637/2023-05-30/tax-lab-en.xml" />
</catalog>
