<?xml version="1.0" encoding="UTF-8"?>
<taxonomyPackage xml:lang="en" xmlns="http://xbrl.org/2016/taxonomy-package"  xmlns:xsi="http://www.w3.org/2001/XMLSchema-instance" xsi:schemaLocation="http://xbrl.org/2016/taxonomy-package http://www.xbrl.org/2016/taxonomy-package.xsd">

  <identifier>http://www.eba.europa.eu/eu/fr/xbrl/tp/3.3/EBA_CRD_XBRL_3.3_Reporting_Frameworks_3.3.0.0.zip</identifier>
  <name>EBA CRD XBRL 3.3 Reporting Frameworks 3.3.0.0 (ESG_IPU_PILLAR3)</name>
  <description>EBA CRD XBRL 3.3 Reporting Frameworks 3.3.0.0 (ESG_IPU_PILLAR3). Requires Dictionary 3.3 or later</description>
  <version>3.3.0.0</version>
  <publisher>European Banking Authority</publisher>
  <publisherURL>http://www.eba.europa.eu/</publisherURL>
  <publicationDate>2023-05-16</publicationDate>


  <entryPoints>
    <entryPoint>
      <name>ESG: Environmental Social and Governance</name>
      <version>1.0.0 (DPM 3.3)</version>
      <entryPointDocument href="http://www.eba.europa.eu/eu/fr/xbrl/crr/fws/esg/its-2021-637/2023-05-30/mod/esg.xsd"/>
      <languages>
        <language>en</language>
      </languages>
    </entryPoint>
    <entryPoint>
      <name>IPU: Intermediate Parent Undertaking</name>
      <version>1.0.0 (DPM 3.3)</version>
      <entryPointDocument href="http://www.eba.europa.eu/eu/fr/xbrl/crr/fws/ipu/dc-2022-441/2023-05-30/mod/ipu.xsd"/>
      <languages>
        <language>en</language>
      </languages>
    </entryPoint>
    <entryPoint>
      <name>CONDIS: Commun disclosures</name>
      <version>1.0.0 (DPM 3.3)</version>
      <entryPointDocument href="http://www.eba.europa.eu/eu/fr/xbrl/crr/fws/pillar3/its-2021-637/2023-05-30/mod/condis.xsd"/>
      <languages>
        <language>en</language>
      </languages>
    </entryPoint>
    <entryPoint>
      <name>ESGDIS: ESG disclosures</name>
      <version>1.0.0 (DPM 3.3)</version>
      <entryPointDocument href="http://www.eba.europa.eu/eu/fr/xbrl/crr/fws/pillar3/its-2021-637/2023-05-30/mod/esgdis.xsd"/>
      <languages>
        <language>en</language>
      </languages>
    </entryPoint>
    <entryPoint>
      <name>FINDIS: Financial disclosures</name>
      <version>1.0.0 (DPM 3.3)</version>
      <entryPointDocument href="http://www.eba.europa.eu/eu/fr/xbrl/crr/fws/pillar3/its-2021-637/2023-05-30/mod/findis.xsd"/>
      <languages>
        <language>en</language>
      </languages>
    </entryPoint>
    <entryPoint>
      <name>REMDIS: Remuneration disclosures</name>
      <version>1.0.0 (DPM 3.3)</version>
      <entryPointDocument href="http://www.eba.europa.eu/eu/fr/xbrl/crr/fws/pillar3/its-2021-637/2023-05-30/mod/remdis.xsd"/>
      <languages>
        <language>en</language>
      </languages>
    </entryPoint>
   </entryPoints>
</taxonomyPackage>
