﻿<?xml version="1.0" encoding="utf-8"?>
<?taxonomy-version 1.0.0.0 ?>  <?taxonomy-set-overall-version 3.3.0.0 ?>
<!--(C) EBA-->
<link:linkbase xmlns:xsi="http://www.w3.org/2001/XMLSchema-instance" xmlns:xlink="http://www.w3.org/1999/xlink" xmlns:link="http://www.xbrl.org/2003/linkbase" xmlns:gen="http://xbrl.org/2008/generic" xmlns:label="http://xbrl.org/2008/label" xsi:schemaLocation="http://www.xbrl.org/2003/linkbase http://www.xbrl.org/2003/xbrl-linkbase-2003-12-31.xsd http://xbrl.org/2008/generic http://www.xbrl.org/2008/generic-link.xsd http://xbrl.org/2008/label http://www.xbrl.org/2008/generic-label.xsd">
  <link:arcroleRef arcroleURI="http://xbrl.org/arcrole/2008/element-label" xlink:type="simple" xlink:href="http://www.xbrl.org/2008/generic-label.xsd#element-label" />
  <link:roleRef roleURI="http://www.eba.europa.eu/xbrl/role/dpm-db-id" xlink:type="simple" xlink:href="http://www.eba.europa.eu/eu/fr/xbrl/ext/model.xsd#dpm-db-id" />
  <link:roleRef roleURI="http://www.eurofiling.info/xbrl/role/filing-indicator-code" xlink:type="simple" xlink:href="http://www.eurofiling.info/eu/fr/xbrl/ext/model.xsd#filing-indicator-code" />
  <link:roleRef roleURI="http://www.eurofiling.info/xbrl/role/rc-code" xlink:type="simple" xlink:href="http://www.eurofiling.info/eu/fr/xbrl/ext/model.xsd#rc-code" />
  <gen:link xlink:type="extended" xlink:role="http://www.xbrl.org/2003/role/link">
    <link:loc xlink:type="locator" xlink:href="u_02.00-rend.xml#eba_tU_02.00" xlink:label="loc_eba_tU_02.00" />
    <label:label xlink:type="resource" xlink:label="label_eba_tU_02.00" xml:lang="en" xlink:role="http://www.eurofiling.info/xbrl/role/rc-code">U 02.00</label:label>
    <gen:arc xlink:type="arc" xlink:arcrole="http://xbrl.org/arcrole/2008/element-label" xlink:from="loc_eba_tU_02.00" xlink:to="label_eba_tU_02.00" />
    <link:loc xlink:type="locator" xlink:href="u_02.00-rend.xml#eba_c86807" xlink:label="loc_eba_c86807" />
    <label:label xlink:type="resource" xlink:label="label_eba_c86807" xml:lang="en" xlink:role="http://www.eurofiling.info/xbrl/role/rc-code">0005</label:label>
    <gen:arc xlink:type="arc" xlink:arcrole="http://xbrl.org/arcrole/2008/element-label" xlink:from="loc_eba_c86807" xlink:to="label_eba_c86807" />
    <link:loc xlink:type="locator" xlink:href="u_02.00-rend.xml#eba_c86808" xlink:label="loc_eba_c86808" />
    <label:label xlink:type="resource" xlink:label="label_eba_c86808" xml:lang="en" xlink:role="http://www.eurofiling.info/xbrl/role/rc-code">0010</label:label>
    <gen:arc xlink:type="arc" xlink:arcrole="http://xbrl.org/arcrole/2008/element-label" xlink:from="loc_eba_c86808" xlink:to="label_eba_c86808" />
    <link:loc xlink:type="locator" xlink:href="u_02.00-rend.xml#eba_c86809" xlink:label="loc_eba_c86809" />
    <label:label xlink:type="resource" xlink:label="label_eba_c86809" xml:lang="en" xlink:role="http://www.eurofiling.info/xbrl/role/rc-code">0020</label:label>
    <gen:arc xlink:type="arc" xlink:arcrole="http://xbrl.org/arcrole/2008/element-label" xlink:from="loc_eba_c86809" xlink:to="label_eba_c86809" />
    <link:loc xlink:type="locator" xlink:href="u_02.00-rend.xml#eba_c86810" xlink:label="loc_eba_c86810" />
    <label:label xlink:type="resource" xlink:label="label_eba_c86810" xml:lang="en" xlink:role="http://www.eurofiling.info/xbrl/role/rc-code">0030</label:label>
    <gen:arc xlink:type="arc" xlink:arcrole="http://xbrl.org/arcrole/2008/element-label" xlink:from="loc_eba_c86810" xlink:to="label_eba_c86810" />
    <link:loc xlink:type="locator" xlink:href="u_02.00-rend.xml#eba_c86811" xlink:label="loc_eba_c86811" />
    <label:label xlink:type="resource" xlink:label="label_eba_c86811" xml:lang="en" xlink:role="http://www.eurofiling.info/xbrl/role/rc-code">0040</label:label>
    <gen:arc xlink:type="arc" xlink:arcrole="http://xbrl.org/arcrole/2008/element-label" xlink:from="loc_eba_c86811" xlink:to="label_eba_c86811" />
    <link:loc xlink:type="locator" xlink:href="u_02.00-rend.xml#eba_c86812" xlink:label="loc_eba_c86812" />
    <label:label xlink:type="resource" xlink:label="label_eba_c86812" xml:lang="en" xlink:role="http://www.eurofiling.info/xbrl/role/rc-code">0050</label:label>
    <gen:arc xlink:type="arc" xlink:arcrole="http://xbrl.org/arcrole/2008/element-label" xlink:from="loc_eba_c86812" xlink:to="label_eba_c86812" />
    <link:loc xlink:type="locator" xlink:href="u_02.00-rend.xml#eba_c86813" xlink:label="loc_eba_c86813" />
    <label:label xlink:type="resource" xlink:label="label_eba_c86813" xml:lang="en" xlink:role="http://www.eurofiling.info/xbrl/role/rc-code">0055</label:label>
    <gen:arc xlink:type="arc" xlink:arcrole="http://xbrl.org/arcrole/2008/element-label" xlink:from="loc_eba_c86813" xlink:to="label_eba_c86813" />
    <link:loc xlink:type="locator" xlink:href="u_02.00-rend.xml#eba_c86814" xlink:label="loc_eba_c86814" />
    <label:label xlink:type="resource" xlink:label="label_eba_c86814" xml:lang="en" xlink:role="http://www.eurofiling.info/xbrl/role/rc-code">0090</label:label>
    <gen:arc xlink:type="arc" xlink:arcrole="http://xbrl.org/arcrole/2008/element-label" xlink:from="loc_eba_c86814" xlink:to="label_eba_c86814" />
    <link:loc xlink:type="locator" xlink:href="u_02.00-rend.xml#eba_c86817" xlink:label="loc_eba_c86817" />
    <label:label xlink:type="resource" xlink:label="label_eba_c86817" xml:lang="en" xlink:role="http://www.eurofiling.info/xbrl/role/rc-code">0107</label:label>
    <gen:arc xlink:type="arc" xlink:arcrole="http://xbrl.org/arcrole/2008/element-label" xlink:from="loc_eba_c86817" xlink:to="label_eba_c86817" />
    <link:loc xlink:type="locator" xlink:href="u_02.00-rend.xml#eba_c86818" xlink:label="loc_eba_c86818" />
    <label:label xlink:type="resource" xlink:label="label_eba_c86818" xml:lang="en" xlink:role="http://www.eurofiling.info/xbrl/role/rc-code">0110</label:label>
    <gen:arc xlink:type="arc" xlink:arcrole="http://xbrl.org/arcrole/2008/element-label" xlink:from="loc_eba_c86818" xlink:to="label_eba_c86818" />
    <link:loc xlink:type="locator" xlink:href="u_02.00-rend.xml#eba_c86819" xlink:label="loc_eba_c86819" />
    <label:label xlink:type="resource" xlink:label="label_eba_c86819" xml:lang="en" xlink:role="http://www.eurofiling.info/xbrl/role/rc-code">0120</label:label>
    <gen:arc xlink:type="arc" xlink:arcrole="http://xbrl.org/arcrole/2008/element-label" xlink:from="loc_eba_c86819" xlink:to="label_eba_c86819" />
    <link:loc xlink:type="locator" xlink:href="u_02.00-rend.xml#eba_c86820" xlink:label="loc_eba_c86820" />
    <label:label xlink:type="resource" xlink:label="label_eba_c86820" xml:lang="en" xlink:role="http://www.eurofiling.info/xbrl/role/rc-code">0130</label:label>
    <gen:arc xlink:type="arc" xlink:arcrole="http://xbrl.org/arcrole/2008/element-label" xlink:from="loc_eba_c86820" xlink:to="label_eba_c86820" />
    <link:loc xlink:type="locator" xlink:href="u_02.00-rend.xml#eba_c86821" xlink:label="loc_eba_c86821" />
    <label:label xlink:type="resource" xlink:label="label_eba_c86821" xml:lang="en" xlink:role="http://www.eurofiling.info/xbrl/role/rc-code">0140</label:label>
    <gen:arc xlink:type="arc" xlink:arcrole="http://xbrl.org/arcrole/2008/element-label" xlink:from="loc_eba_c86821" xlink:to="label_eba_c86821" />
    <link:loc xlink:type="locator" xlink:href="u_02.00-rend.xml#eba_c86822" xlink:label="loc_eba_c86822" />
    <label:label xlink:type="resource" xlink:label="label_eba_c86822" xml:lang="en" xlink:role="http://www.eurofiling.info/xbrl/role/rc-code">0150</label:label>
    <gen:arc xlink:type="arc" xlink:arcrole="http://xbrl.org/arcrole/2008/element-label" xlink:from="loc_eba_c86822" xlink:to="label_eba_c86822" />
    <link:loc xlink:type="locator" xlink:href="u_02.00-rend.xml#eba_c86823" xlink:label="loc_eba_c86823" />
    <label:label xlink:type="resource" xlink:label="label_eba_c86823" xml:lang="en" xlink:role="http://www.eurofiling.info/xbrl/role/rc-code">0160</label:label>
    <gen:arc xlink:type="arc" xlink:arcrole="http://xbrl.org/arcrole/2008/element-label" xlink:from="loc_eba_c86823" xlink:to="label_eba_c86823" />
    <link:loc xlink:type="locator" xlink:href="u_02.00-rend.xml#eba_c86824" xlink:label="loc_eba_c86824" />
    <label:label xlink:type="resource" xlink:label="label_eba_c86824" xml:lang="en" xlink:role="http://www.eurofiling.info/xbrl/role/rc-code">0170</label:label>
    <gen:arc xlink:type="arc" xlink:arcrole="http://xbrl.org/arcrole/2008/element-label" xlink:from="loc_eba_c86824" xlink:to="label_eba_c86824" />
    <link:loc xlink:type="locator" xlink:href="u_02.00-rend.xml#eba_c86825" xlink:label="loc_eba_c86825" />
    <label:label xlink:type="resource" xlink:label="label_eba_c86825" xml:lang="en" xlink:role="http://www.eurofiling.info/xbrl/role/rc-code">0180</label:label>
    <gen:arc xlink:type="arc" xlink:arcrole="http://xbrl.org/arcrole/2008/element-label" xlink:from="loc_eba_c86825" xlink:to="label_eba_c86825" />
    <link:loc xlink:type="locator" xlink:href="u_02.00-rend.xml#eba_c86826" xlink:label="loc_eba_c86826" />
    <label:label xlink:type="resource" xlink:label="label_eba_c86826" xml:lang="en" xlink:role="http://www.eurofiling.info/xbrl/role/rc-code">0190</label:label>
    <gen:arc xlink:type="arc" xlink:arcrole="http://xbrl.org/arcrole/2008/element-label" xlink:from="loc_eba_c86826" xlink:to="label_eba_c86826" />
    <link:loc xlink:type="locator" xlink:href="u_02.00-rend.xml#eba_a2" xlink:label="loc_eba_a2" />
    <label:label xlink:type="resource" xlink:label="label_eba_a2" xml:lang="en" xlink:role="http://www.eurofiling.info/xbrl/role/rc-code">0105</label:label>
    <gen:arc xlink:type="arc" xlink:arcrole="http://xbrl.org/arcrole/2008/element-label" xlink:from="loc_eba_a2" xlink:to="label_eba_a2" />
    <link:loc xlink:type="locator" xlink:href="u_02.00-rend.xml#eba_a3" xlink:label="loc_eba_a3" />
    <label:label xlink:type="resource" xlink:label="label_eba_a3" xml:lang="en" xlink:role="http://www.eurofiling.info/xbrl/role/rc-code">0100</label:label>
    <gen:arc xlink:type="arc" xlink:arcrole="http://xbrl.org/arcrole/2008/element-label" xlink:from="loc_eba_a3" xlink:to="label_eba_a3" />
    <label:label xlink:type="resource" xlink:label="label_eba_tU_02.00_1" xml:lang="en" xlink:role="http://www.eurofiling.info/xbrl/role/filing-indicator-code">U_02.00</label:label>
    <gen:arc xlink:type="arc" xlink:arcrole="http://xbrl.org/arcrole/2008/element-label" xlink:from="loc_eba_tU_02.00" xlink:to="label_eba_tU_02.00_1" />
    <label:label xlink:type="resource" xlink:label="label_eba_tU_02.00_2" xml:lang="en" xlink:role="http://www.eba.europa.eu/xbrl/role/dpm-db-id">824.2321</label:label>
    <gen:arc xlink:type="arc" xlink:arcrole="http://xbrl.org/arcrole/2008/element-label" xlink:from="loc_eba_tU_02.00" xlink:to="label_eba_tU_02.00_2" />
    <label:label xlink:type="resource" xlink:label="label_eba_c86807_1" xml:lang="en" xlink:role="http://www.eba.europa.eu/xbrl/role/dpm-db-id">86807</label:label>
    <gen:arc xlink:type="arc" xlink:arcrole="http://xbrl.org/arcrole/2008/element-label" xlink:from="loc_eba_c86807" xlink:to="label_eba_c86807_1" />
    <label:label xlink:type="resource" xlink:label="label_eba_c86808_1" xml:lang="en" xlink:role="http://www.eba.europa.eu/xbrl/role/dpm-db-id">86808</label:label>
    <gen:arc xlink:type="arc" xlink:arcrole="http://xbrl.org/arcrole/2008/element-label" xlink:from="loc_eba_c86808" xlink:to="label_eba_c86808_1" />
    <label:label xlink:type="resource" xlink:label="label_eba_c86809_1" xml:lang="en" xlink:role="http://www.eba.europa.eu/xbrl/role/dpm-db-id">86809</label:label>
    <gen:arc xlink:type="arc" xlink:arcrole="http://xbrl.org/arcrole/2008/element-label" xlink:from="loc_eba_c86809" xlink:to="label_eba_c86809_1" />
    <label:label xlink:type="resource" xlink:label="label_eba_c86810_1" xml:lang="en" xlink:role="http://www.eba.europa.eu/xbrl/role/dpm-db-id">86810</label:label>
    <gen:arc xlink:type="arc" xlink:arcrole="http://xbrl.org/arcrole/2008/element-label" xlink:from="loc_eba_c86810" xlink:to="label_eba_c86810_1" />
    <label:label xlink:type="resource" xlink:label="label_eba_c86811_1" xml:lang="en" xlink:role="http://www.eba.europa.eu/xbrl/role/dpm-db-id">86811</label:label>
    <gen:arc xlink:type="arc" xlink:arcrole="http://xbrl.org/arcrole/2008/element-label" xlink:from="loc_eba_c86811" xlink:to="label_eba_c86811_1" />
    <label:label xlink:type="resource" xlink:label="label_eba_c86812_1" xml:lang="en" xlink:role="http://www.eba.europa.eu/xbrl/role/dpm-db-id">86812</label:label>
    <gen:arc xlink:type="arc" xlink:arcrole="http://xbrl.org/arcrole/2008/element-label" xlink:from="loc_eba_c86812" xlink:to="label_eba_c86812_1" />
    <label:label xlink:type="resource" xlink:label="label_eba_c86813_1" xml:lang="en" xlink:role="http://www.eba.europa.eu/xbrl/role/dpm-db-id">86813</label:label>
    <gen:arc xlink:type="arc" xlink:arcrole="http://xbrl.org/arcrole/2008/element-label" xlink:from="loc_eba_c86813" xlink:to="label_eba_c86813_1" />
    <label:label xlink:type="resource" xlink:label="label_eba_c86814_1" xml:lang="en" xlink:role="http://www.eba.europa.eu/xbrl/role/dpm-db-id">86814</label:label>
    <gen:arc xlink:type="arc" xlink:arcrole="http://xbrl.org/arcrole/2008/element-label" xlink:from="loc_eba_c86814" xlink:to="label_eba_c86814_1" />
    <label:label xlink:type="resource" xlink:label="label_eba_c86817_1" xml:lang="en" xlink:role="http://www.eba.europa.eu/xbrl/role/dpm-db-id">86817</label:label>
    <gen:arc xlink:type="arc" xlink:arcrole="http://xbrl.org/arcrole/2008/element-label" xlink:from="loc_eba_c86817" xlink:to="label_eba_c86817_1" />
    <label:label xlink:type="resource" xlink:label="label_eba_c86818_1" xml:lang="en" xlink:role="http://www.eba.europa.eu/xbrl/role/dpm-db-id">86818</label:label>
    <gen:arc xlink:type="arc" xlink:arcrole="http://xbrl.org/arcrole/2008/element-label" xlink:from="loc_eba_c86818" xlink:to="label_eba_c86818_1" />
    <label:label xlink:type="resource" xlink:label="label_eba_c86819_1" xml:lang="en" xlink:role="http://www.eba.europa.eu/xbrl/role/dpm-db-id">86819</label:label>
    <gen:arc xlink:type="arc" xlink:arcrole="http://xbrl.org/arcrole/2008/element-label" xlink:from="loc_eba_c86819" xlink:to="label_eba_c86819_1" />
    <label:label xlink:type="resource" xlink:label="label_eba_c86820_1" xml:lang="en" xlink:role="http://www.eba.europa.eu/xbrl/role/dpm-db-id">86820</label:label>
    <gen:arc xlink:type="arc" xlink:arcrole="http://xbrl.org/arcrole/2008/element-label" xlink:from="loc_eba_c86820" xlink:to="label_eba_c86820_1" />
    <label:label xlink:type="resource" xlink:label="label_eba_c86821_1" xml:lang="en" xlink:role="http://www.eba.europa.eu/xbrl/role/dpm-db-id">86821</label:label>
    <gen:arc xlink:type="arc" xlink:arcrole="http://xbrl.org/arcrole/2008/element-label" xlink:from="loc_eba_c86821" xlink:to="label_eba_c86821_1" />
    <label:label xlink:type="resource" xlink:label="label_eba_c86822_1" xml:lang="en" xlink:role="http://www.eba.europa.eu/xbrl/role/dpm-db-id">86822</label:label>
    <gen:arc xlink:type="arc" xlink:arcrole="http://xbrl.org/arcrole/2008/element-label" xlink:from="loc_eba_c86822" xlink:to="label_eba_c86822_1" />
    <label:label xlink:type="resource" xlink:label="label_eba_c86823_1" xml:lang="en" xlink:role="http://www.eba.europa.eu/xbrl/role/dpm-db-id">86823</label:label>
    <gen:arc xlink:type="arc" xlink:arcrole="http://xbrl.org/arcrole/2008/element-label" xlink:from="loc_eba_c86823" xlink:to="label_eba_c86823_1" />
    <label:label xlink:type="resource" xlink:label="label_eba_c86824_1" xml:lang="en" xlink:role="http://www.eba.europa.eu/xbrl/role/dpm-db-id">86824</label:label>
    <gen:arc xlink:type="arc" xlink:arcrole="http://xbrl.org/arcrole/2008/element-label" xlink:from="loc_eba_c86824" xlink:to="label_eba_c86824_1" />
    <label:label xlink:type="resource" xlink:label="label_eba_c86825_1" xml:lang="en" xlink:role="http://www.eba.europa.eu/xbrl/role/dpm-db-id">86825</label:label>
    <gen:arc xlink:type="arc" xlink:arcrole="http://xbrl.org/arcrole/2008/element-label" xlink:from="loc_eba_c86825" xlink:to="label_eba_c86825_1" />
    <label:label xlink:type="resource" xlink:label="label_eba_c86826_1" xml:lang="en" xlink:role="http://www.eba.europa.eu/xbrl/role/dpm-db-id">86826</label:label>
    <gen:arc xlink:type="arc" xlink:arcrole="http://xbrl.org/arcrole/2008/element-label" xlink:from="loc_eba_c86826" xlink:to="label_eba_c86826_1" />
    <label:label xlink:type="resource" xlink:label="label_eba_a2_1" xml:lang="en" xlink:role="http://www.eba.europa.eu/xbrl/role/dpm-db-id">86816</label:label>
    <gen:arc xlink:type="arc" xlink:arcrole="http://xbrl.org/arcrole/2008/element-label" xlink:from="loc_eba_a2" xlink:to="label_eba_a2_1" />
    <label:label xlink:type="resource" xlink:label="label_eba_a3_1" xml:lang="en" xlink:role="http://www.eba.europa.eu/xbrl/role/dpm-db-id">86815</label:label>
    <gen:arc xlink:type="arc" xlink:arcrole="http://xbrl.org/arcrole/2008/element-label" xlink:from="loc_eba_a3" xlink:to="label_eba_a3_1" />
  </gen:link>
</link:linkbase>