﻿<?xml version="1.0" encoding="utf-8"?>
<?taxonomy-version 1.0.0.0 ?>  <?taxonomy-set-overall-version 3.3.0.0 ?>
<!--(C) EBA-->
<link:linkbase xmlns:xsi="http://www.w3.org/2001/XMLSchema-instance" xmlns:xlink="http://www.w3.org/1999/xlink" xmlns:link="http://www.xbrl.org/2003/linkbase" xmlns:gen="http://xbrl.org/2008/generic" xmlns:label="http://xbrl.org/2008/label" xsi:schemaLocation="http://www.xbrl.org/2003/linkbase http://www.xbrl.org/2003/xbrl-linkbase-2003-12-31.xsd http://xbrl.org/2008/generic http://www.xbrl.org/2008/generic-link.xsd http://xbrl.org/2008/label http://www.xbrl.org/2008/generic-label.xsd">
  <link:arcroleRef arcroleURI="http://www.eurofiling.info/xbrl/arcrole/group-table" xlink:type="simple" xlink:href="http://www.eurofiling.info/eu/fr/xbrl/ext/model.xsd#group-table" />
  <gen:link xlink:type="extended" xlink:role="http://www.xbrl.org/2003/role/link">
    <link:loc xlink:type="locator" xlink:href="condis.xsd#eba_CONDIS" xlink:label="loc_eba_CONDIS" />
    <link:loc xlink:type="locator" xlink:href="../tab/tab.xsd#eba_tgDisclosures_CCR" xlink:label="loc_eba_tgDisclosures_CCR" />
    <gen:arc xlink:type="arc" xlink:arcrole="http://www.eurofiling.info/xbrl/arcrole/group-table" xlink:from="loc_eba_CONDIS" xlink:to="loc_eba_tgDisclosures_CCR" order="1" />
    <link:loc xlink:type="locator" xlink:href="../tab/tab.xsd#eba_tgK_04.00" xlink:label="loc_eba_tgK_04.00" />
    <gen:arc xlink:type="arc" xlink:arcrole="http://www.eurofiling.info/xbrl/arcrole/group-table" xlink:from="loc_eba_tgDisclosures_CCR" xlink:to="loc_eba_tgK_04.00" order="1" />
    <link:loc xlink:type="locator" xlink:href="../tab/k_04.00.a/k_04.00.a-rend.xml#eba_tK_04.00.a" xlink:label="loc_eba_tK_04.00.a" />
    <gen:arc xlink:type="arc" xlink:arcrole="http://www.eurofiling.info/xbrl/arcrole/group-table" xlink:from="loc_eba_tgK_04.00" xlink:to="loc_eba_tK_04.00.a" order="1" />
    <link:loc xlink:type="locator" xlink:href="../tab/k_04.00.b/k_04.00.b-rend.xml#eba_tK_04.00.b" xlink:label="loc_eba_tK_04.00.b" />
    <gen:arc xlink:type="arc" xlink:arcrole="http://www.eurofiling.info/xbrl/arcrole/group-table" xlink:from="loc_eba_tgK_04.00" xlink:to="loc_eba_tK_04.00.b" order="2" />
    <link:loc xlink:type="locator" xlink:href="../tab/tab.xsd#eba_tgK_05.00" xlink:label="loc_eba_tgK_05.00" />
    <gen:arc xlink:type="arc" xlink:arcrole="http://www.eurofiling.info/xbrl/arcrole/group-table" xlink:from="loc_eba_tgDisclosures_CCR" xlink:to="loc_eba_tgK_05.00" order="2" />
    <link:loc xlink:type="locator" xlink:href="../tab/k_05.00.a/k_05.00.a-rend.xml#eba_tK_05.00.a" xlink:label="loc_eba_tK_05.00.a" />
    <gen:arc xlink:type="arc" xlink:arcrole="http://www.eurofiling.info/xbrl/arcrole/group-table" xlink:from="loc_eba_tgK_05.00" xlink:to="loc_eba_tK_05.00.a" order="1" />
    <link:loc xlink:type="locator" xlink:href="../tab/k_05.00.b/k_05.00.b-rend.xml#eba_tK_05.00.b" xlink:label="loc_eba_tK_05.00.b" />
    <gen:arc xlink:type="arc" xlink:arcrole="http://www.eurofiling.info/xbrl/arcrole/group-table" xlink:from="loc_eba_tgK_05.00" xlink:to="loc_eba_tK_05.00.b" order="2" />
    <link:loc xlink:type="locator" xlink:href="../tab/tab.xsd#eba_tgK_06.00" xlink:label="loc_eba_tgK_06.00" />
    <gen:arc xlink:type="arc" xlink:arcrole="http://www.eurofiling.info/xbrl/arcrole/group-table" xlink:from="loc_eba_tgDisclosures_CCR" xlink:to="loc_eba_tgK_06.00" order="3" />
    <link:loc xlink:type="locator" xlink:href="../tab/k_06.00/k_06.00-rend.xml#eba_tK_06.00" xlink:label="loc_eba_tK_06.00" />
    <gen:arc xlink:type="arc" xlink:arcrole="http://www.eurofiling.info/xbrl/arcrole/group-table" xlink:from="loc_eba_tgK_06.00" xlink:to="loc_eba_tK_06.00" order="1" />
    <link:loc xlink:type="locator" xlink:href="../tab/tab.xsd#eba_tgK_07.00" xlink:label="loc_eba_tgK_07.00" />
    <gen:arc xlink:type="arc" xlink:arcrole="http://www.eurofiling.info/xbrl/arcrole/group-table" xlink:from="loc_eba_tgDisclosures_CCR" xlink:to="loc_eba_tgK_07.00" order="4" />
    <link:loc xlink:type="locator" xlink:href="../tab/k_07.00/k_07.00-rend.xml#eba_tK_07.00" xlink:label="loc_eba_tK_07.00" />
    <gen:arc xlink:type="arc" xlink:arcrole="http://www.eurofiling.info/xbrl/arcrole/group-table" xlink:from="loc_eba_tgK_07.00" xlink:to="loc_eba_tK_07.00" order="1" />
    <link:loc xlink:type="locator" xlink:href="../tab/tab.xsd#eba_tgK_08.00" xlink:label="loc_eba_tgK_08.00" />
    <gen:arc xlink:type="arc" xlink:arcrole="http://www.eurofiling.info/xbrl/arcrole/group-table" xlink:from="loc_eba_tgDisclosures_CCR" xlink:to="loc_eba_tgK_08.00" order="5" />
    <link:loc xlink:type="locator" xlink:href="../tab/k_08.00/k_08.00-rend.xml#eba_tK_08.00" xlink:label="loc_eba_tK_08.00" />
    <gen:arc xlink:type="arc" xlink:arcrole="http://www.eurofiling.info/xbrl/arcrole/group-table" xlink:from="loc_eba_tgK_08.00" xlink:to="loc_eba_tK_08.00" order="1" />
    <link:loc xlink:type="locator" xlink:href="../tab/tab.xsd#eba_tgDisclosures_CR_IRB" xlink:label="loc_eba_tgDisclosures_CR_IRB" />
    <gen:arc xlink:type="arc" xlink:arcrole="http://www.eurofiling.info/xbrl/arcrole/group-table" xlink:from="loc_eba_CONDIS" xlink:to="loc_eba_tgDisclosures_CR_IRB" order="2" />
    <link:loc xlink:type="locator" xlink:href="../tab/tab.xsd#eba_tgK_26.00" xlink:label="loc_eba_tgK_26.00" />
    <gen:arc xlink:type="arc" xlink:arcrole="http://www.eurofiling.info/xbrl/arcrole/group-table" xlink:from="loc_eba_tgDisclosures_CR_IRB" xlink:to="loc_eba_tgK_26.00" order="1" />
    <link:loc xlink:type="locator" xlink:href="../tab/k_26.00.a/k_26.00.a-rend.xml#eba_tK_26.00.a" xlink:label="loc_eba_tK_26.00.a" />
    <gen:arc xlink:type="arc" xlink:arcrole="http://www.eurofiling.info/xbrl/arcrole/group-table" xlink:from="loc_eba_tgK_26.00" xlink:to="loc_eba_tK_26.00.a" order="1" />
    <link:loc xlink:type="locator" xlink:href="../tab/k_26.00.b/k_26.00.b-rend.xml#eba_tK_26.00.b" xlink:label="loc_eba_tK_26.00.b" />
    <gen:arc xlink:type="arc" xlink:arcrole="http://www.eurofiling.info/xbrl/arcrole/group-table" xlink:from="loc_eba_tgK_26.00" xlink:to="loc_eba_tK_26.00.b" order="2" />
    <link:loc xlink:type="locator" xlink:href="../tab/tab.xsd#eba_tgK_26.01" xlink:label="loc_eba_tgK_26.01" />
    <gen:arc xlink:type="arc" xlink:arcrole="http://www.eurofiling.info/xbrl/arcrole/group-table" xlink:from="loc_eba_tgDisclosures_CR_IRB" xlink:to="loc_eba_tgK_26.01" order="2" />
    <link:loc xlink:type="locator" xlink:href="../tab/k_26.01/k_26.01-rend.xml#eba_tK_26.01" xlink:label="loc_eba_tK_26.01" />
    <gen:arc xlink:type="arc" xlink:arcrole="http://www.eurofiling.info/xbrl/arcrole/group-table" xlink:from="loc_eba_tgK_26.01" xlink:to="loc_eba_tK_26.01" order="1" />
    <link:loc xlink:type="locator" xlink:href="../tab/tab.xsd#eba_tgK_28.00" xlink:label="loc_eba_tgK_28.00" />
    <gen:arc xlink:type="arc" xlink:arcrole="http://www.eurofiling.info/xbrl/arcrole/group-table" xlink:from="loc_eba_tgDisclosures_CR_IRB" xlink:to="loc_eba_tgK_28.00" order="3" />
    <link:loc xlink:type="locator" xlink:href="../tab/k_28.00/k_28.00-rend.xml#eba_tK_28.00" xlink:label="loc_eba_tK_28.00" />
    <gen:arc xlink:type="arc" xlink:arcrole="http://www.eurofiling.info/xbrl/arcrole/group-table" xlink:from="loc_eba_tgK_28.00" xlink:to="loc_eba_tK_28.00" order="1" />
    <link:loc xlink:type="locator" xlink:href="../tab/tab.xsd#eba_tgK_29.00" xlink:label="loc_eba_tgK_29.00" />
    <gen:arc xlink:type="arc" xlink:arcrole="http://www.eurofiling.info/xbrl/arcrole/group-table" xlink:from="loc_eba_tgDisclosures_CR_IRB" xlink:to="loc_eba_tgK_29.00" order="4" />
    <link:loc xlink:type="locator" xlink:href="../tab/k_29.00/k_29.00-rend.xml#eba_tK_29.00" xlink:label="loc_eba_tK_29.00" />
    <gen:arc xlink:type="arc" xlink:arcrole="http://www.eurofiling.info/xbrl/arcrole/group-table" xlink:from="loc_eba_tgK_29.00" xlink:to="loc_eba_tK_29.00" order="1" />
    <link:loc xlink:type="locator" xlink:href="../tab/tab.xsd#eba_tgK_29.01" xlink:label="loc_eba_tgK_29.01" />
    <gen:arc xlink:type="arc" xlink:arcrole="http://www.eurofiling.info/xbrl/arcrole/group-table" xlink:from="loc_eba_tgDisclosures_CR_IRB" xlink:to="loc_eba_tgK_29.01" order="5" />
    <link:loc xlink:type="locator" xlink:href="../tab/k_29.01.a/k_29.01.a-rend.xml#eba_tK_29.01.a" xlink:label="loc_eba_tK_29.01.a" />
    <gen:arc xlink:type="arc" xlink:arcrole="http://www.eurofiling.info/xbrl/arcrole/group-table" xlink:from="loc_eba_tgK_29.01" xlink:to="loc_eba_tK_29.01.a" order="1" />
    <link:loc xlink:type="locator" xlink:href="../tab/k_29.01.b/k_29.01.b-rend.xml#eba_tK_29.01.b" xlink:label="loc_eba_tK_29.01.b" />
    <gen:arc xlink:type="arc" xlink:arcrole="http://www.eurofiling.info/xbrl/arcrole/group-table" xlink:from="loc_eba_tgK_29.01" xlink:to="loc_eba_tK_29.01.b" order="2" />
    <link:loc xlink:type="locator" xlink:href="../tab/tab.xsd#eba_tgDisclosures_OF" xlink:label="loc_eba_tgDisclosures_OF" />
    <gen:arc xlink:type="arc" xlink:arcrole="http://www.eurofiling.info/xbrl/arcrole/group-table" xlink:from="loc_eba_CONDIS" xlink:to="loc_eba_tgDisclosures_OF" order="3" />
    <link:loc xlink:type="locator" xlink:href="../tab/tab.xsd#eba_tgK_60.00" xlink:label="loc_eba_tgK_60.00" />
    <gen:arc xlink:type="arc" xlink:arcrole="http://www.eurofiling.info/xbrl/arcrole/group-table" xlink:from="loc_eba_tgDisclosures_OF" xlink:to="loc_eba_tgK_60.00" order="1" />
    <link:loc xlink:type="locator" xlink:href="../tab/k_60.00.a/k_60.00.a-rend.xml#eba_tK_60.00.a" xlink:label="loc_eba_tK_60.00.a" />
    <gen:arc xlink:type="arc" xlink:arcrole="http://www.eurofiling.info/xbrl/arcrole/group-table" xlink:from="loc_eba_tgK_60.00" xlink:to="loc_eba_tK_60.00.a" order="1" />
    <link:loc xlink:type="locator" xlink:href="../tab/k_60.00.b/k_60.00.b-rend.xml#eba_tK_60.00.b" xlink:label="loc_eba_tK_60.00.b" />
    <gen:arc xlink:type="arc" xlink:arcrole="http://www.eurofiling.info/xbrl/arcrole/group-table" xlink:from="loc_eba_tgK_60.00" xlink:to="loc_eba_tK_60.00.b" order="2" />
    <link:loc xlink:type="locator" xlink:href="../tab/k_60.00.c/k_60.00.c-rend.xml#eba_tK_60.00.c" xlink:label="loc_eba_tK_60.00.c" />
    <gen:arc xlink:type="arc" xlink:arcrole="http://www.eurofiling.info/xbrl/arcrole/group-table" xlink:from="loc_eba_tgK_60.00" xlink:to="loc_eba_tK_60.00.c" order="3" />
    <link:loc xlink:type="locator" xlink:href="../tab/tab.xsd#eba_tgK_61.00" xlink:label="loc_eba_tgK_61.00" />
    <gen:arc xlink:type="arc" xlink:arcrole="http://www.eurofiling.info/xbrl/arcrole/group-table" xlink:from="loc_eba_tgDisclosures_OF" xlink:to="loc_eba_tgK_61.00" order="2" />
    <link:loc xlink:type="locator" xlink:href="../tab/k_61.00/k_61.00-rend.xml#eba_tK_61.00" xlink:label="loc_eba_tK_61.00" />
    <gen:arc xlink:type="arc" xlink:arcrole="http://www.eurofiling.info/xbrl/arcrole/group-table" xlink:from="loc_eba_tgK_61.00" xlink:to="loc_eba_tK_61.00" order="1" />
  </gen:link>
</link:linkbase>