﻿<?xml version="1.0" encoding="utf-8"?>
<?taxonomy-version 1.0.0.0 ?>  <?taxonomy-set-overall-version 3.3.0.0 ?>
<!--(C) EBA-->
<link:linkbase xmlns:xsi="http://www.w3.org/2001/XMLSchema-instance" xmlns:xlink="http://www.w3.org/1999/xlink" xmlns:link="http://www.xbrl.org/2003/linkbase" xmlns:gen="http://xbrl.org/2008/generic" xmlns:label="http://xbrl.org/2008/label" xsi:schemaLocation="http://www.xbrl.org/2003/linkbase http://www.xbrl.org/2003/xbrl-linkbase-2003-12-31.xsd http://xbrl.org/2008/generic http://www.xbrl.org/2008/generic-link.xsd http://xbrl.org/2008/label http://www.xbrl.org/2008/generic-label.xsd">
  <link:arcroleRef arcroleURI="http://xbrl.org/arcrole/2008/element-label" xlink:type="simple" xlink:href="http://www.xbrl.org/2008/generic-label.xsd#element-label" />
  <link:roleRef roleURI="http://www.eba.europa.eu/xbrl/role/dpm-db-id" xlink:type="simple" xlink:href="http://www.eba.europa.eu/eu/fr/xbrl/ext/model.xsd#dpm-db-id" />
  <link:roleRef roleURI="http://www.eurofiling.info/xbrl/role/filing-indicator-code" xlink:type="simple" xlink:href="http://www.eurofiling.info/eu/fr/xbrl/ext/model.xsd#filing-indicator-code" />
  <link:roleRef roleURI="http://www.eurofiling.info/xbrl/role/rc-code" xlink:type="simple" xlink:href="http://www.eurofiling.info/eu/fr/xbrl/ext/model.xsd#rc-code" />
  <gen:link xlink:type="extended" xlink:role="http://www.xbrl.org/2003/role/link">
    <link:loc xlink:type="locator" xlink:href="k_08.00-rend.xml#eba_tK_08.00" xlink:label="loc_eba_tK_08.00" />
    <label:label xlink:type="resource" xlink:label="label_eba_tK_08.00" xml:lang="en" xlink:role="http://www.eurofiling.info/xbrl/role/rc-code">K 08.00</label:label>
    <gen:arc xlink:type="arc" xlink:arcrole="http://xbrl.org/arcrole/2008/element-label" xlink:from="loc_eba_tK_08.00" xlink:to="label_eba_tK_08.00" />
    <link:loc xlink:type="locator" xlink:href="k_08.00-rend.xml#eba_c87049" xlink:label="loc_eba_c87049" />
    <label:label xlink:type="resource" xlink:label="label_eba_c87049" xml:lang="en" xlink:role="http://www.eurofiling.info/xbrl/role/rc-code">0010</label:label>
    <gen:arc xlink:type="arc" xlink:arcrole="http://xbrl.org/arcrole/2008/element-label" xlink:from="loc_eba_c87049" xlink:to="label_eba_c87049" />
    <link:loc xlink:type="locator" xlink:href="k_08.00-rend.xml#eba_c87050" xlink:label="loc_eba_c87050" />
    <label:label xlink:type="resource" xlink:label="label_eba_c87050" xml:lang="en" xlink:role="http://www.eurofiling.info/xbrl/role/rc-code">0020</label:label>
    <gen:arc xlink:type="arc" xlink:arcrole="http://xbrl.org/arcrole/2008/element-label" xlink:from="loc_eba_c87050" xlink:to="label_eba_c87050" />
    <link:loc xlink:type="locator" xlink:href="k_08.00-rend.xml#eba_c87051" xlink:label="loc_eba_c87051" />
    <label:label xlink:type="resource" xlink:label="label_eba_c87051" xml:lang="en" xlink:role="http://www.eurofiling.info/xbrl/role/rc-code">0010</label:label>
    <gen:arc xlink:type="arc" xlink:arcrole="http://xbrl.org/arcrole/2008/element-label" xlink:from="loc_eba_c87051" xlink:to="label_eba_c87051" />
    <link:loc xlink:type="locator" xlink:href="k_08.00-rend.xml#eba_c87052" xlink:label="loc_eba_c87052" />
    <label:label xlink:type="resource" xlink:label="label_eba_c87052" xml:lang="en" xlink:role="http://www.eurofiling.info/xbrl/role/rc-code">0020</label:label>
    <gen:arc xlink:type="arc" xlink:arcrole="http://xbrl.org/arcrole/2008/element-label" xlink:from="loc_eba_c87052" xlink:to="label_eba_c87052" />
    <link:loc xlink:type="locator" xlink:href="k_08.00-rend.xml#eba_c87053" xlink:label="loc_eba_c87053" />
    <label:label xlink:type="resource" xlink:label="label_eba_c87053" xml:lang="en" xlink:role="http://www.eurofiling.info/xbrl/role/rc-code">0030</label:label>
    <gen:arc xlink:type="arc" xlink:arcrole="http://xbrl.org/arcrole/2008/element-label" xlink:from="loc_eba_c87053" xlink:to="label_eba_c87053" />
    <link:loc xlink:type="locator" xlink:href="k_08.00-rend.xml#eba_c87054" xlink:label="loc_eba_c87054" />
    <label:label xlink:type="resource" xlink:label="label_eba_c87054" xml:lang="en" xlink:role="http://www.eurofiling.info/xbrl/role/rc-code">0040</label:label>
    <gen:arc xlink:type="arc" xlink:arcrole="http://xbrl.org/arcrole/2008/element-label" xlink:from="loc_eba_c87054" xlink:to="label_eba_c87054" />
    <link:loc xlink:type="locator" xlink:href="k_08.00-rend.xml#eba_c87055" xlink:label="loc_eba_c87055" />
    <label:label xlink:type="resource" xlink:label="label_eba_c87055" xml:lang="en" xlink:role="http://www.eurofiling.info/xbrl/role/rc-code">0050</label:label>
    <gen:arc xlink:type="arc" xlink:arcrole="http://xbrl.org/arcrole/2008/element-label" xlink:from="loc_eba_c87055" xlink:to="label_eba_c87055" />
    <link:loc xlink:type="locator" xlink:href="k_08.00-rend.xml#eba_c87056" xlink:label="loc_eba_c87056" />
    <label:label xlink:type="resource" xlink:label="label_eba_c87056" xml:lang="en" xlink:role="http://www.eurofiling.info/xbrl/role/rc-code">0060</label:label>
    <gen:arc xlink:type="arc" xlink:arcrole="http://xbrl.org/arcrole/2008/element-label" xlink:from="loc_eba_c87056" xlink:to="label_eba_c87056" />
    <link:loc xlink:type="locator" xlink:href="k_08.00-rend.xml#eba_c87057" xlink:label="loc_eba_c87057" />
    <label:label xlink:type="resource" xlink:label="label_eba_c87057" xml:lang="en" xlink:role="http://www.eurofiling.info/xbrl/role/rc-code">0070</label:label>
    <gen:arc xlink:type="arc" xlink:arcrole="http://xbrl.org/arcrole/2008/element-label" xlink:from="loc_eba_c87057" xlink:to="label_eba_c87057" />
    <link:loc xlink:type="locator" xlink:href="k_08.00-rend.xml#eba_c87058" xlink:label="loc_eba_c87058" />
    <label:label xlink:type="resource" xlink:label="label_eba_c87058" xml:lang="en" xlink:role="http://www.eurofiling.info/xbrl/role/rc-code">0080</label:label>
    <gen:arc xlink:type="arc" xlink:arcrole="http://xbrl.org/arcrole/2008/element-label" xlink:from="loc_eba_c87058" xlink:to="label_eba_c87058" />
    <link:loc xlink:type="locator" xlink:href="k_08.00-rend.xml#eba_c87059" xlink:label="loc_eba_c87059" />
    <label:label xlink:type="resource" xlink:label="label_eba_c87059" xml:lang="en" xlink:role="http://www.eurofiling.info/xbrl/role/rc-code">0090</label:label>
    <gen:arc xlink:type="arc" xlink:arcrole="http://xbrl.org/arcrole/2008/element-label" xlink:from="loc_eba_c87059" xlink:to="label_eba_c87059" />
    <link:loc xlink:type="locator" xlink:href="k_08.00-rend.xml#eba_c87060" xlink:label="loc_eba_c87060" />
    <label:label xlink:type="resource" xlink:label="label_eba_c87060" xml:lang="en" xlink:role="http://www.eurofiling.info/xbrl/role/rc-code">0100</label:label>
    <gen:arc xlink:type="arc" xlink:arcrole="http://xbrl.org/arcrole/2008/element-label" xlink:from="loc_eba_c87060" xlink:to="label_eba_c87060" />
    <link:loc xlink:type="locator" xlink:href="k_08.00-rend.xml#eba_c87061" xlink:label="loc_eba_c87061" />
    <label:label xlink:type="resource" xlink:label="label_eba_c87061" xml:lang="en" xlink:role="http://www.eurofiling.info/xbrl/role/rc-code">0110</label:label>
    <gen:arc xlink:type="arc" xlink:arcrole="http://xbrl.org/arcrole/2008/element-label" xlink:from="loc_eba_c87061" xlink:to="label_eba_c87061" />
    <link:loc xlink:type="locator" xlink:href="k_08.00-rend.xml#eba_c87062" xlink:label="loc_eba_c87062" />
    <label:label xlink:type="resource" xlink:label="label_eba_c87062" xml:lang="en" xlink:role="http://www.eurofiling.info/xbrl/role/rc-code">0120</label:label>
    <gen:arc xlink:type="arc" xlink:arcrole="http://xbrl.org/arcrole/2008/element-label" xlink:from="loc_eba_c87062" xlink:to="label_eba_c87062" />
    <link:loc xlink:type="locator" xlink:href="k_08.00-rend.xml#eba_c87063" xlink:label="loc_eba_c87063" />
    <label:label xlink:type="resource" xlink:label="label_eba_c87063" xml:lang="en" xlink:role="http://www.eurofiling.info/xbrl/role/rc-code">0130</label:label>
    <gen:arc xlink:type="arc" xlink:arcrole="http://xbrl.org/arcrole/2008/element-label" xlink:from="loc_eba_c87063" xlink:to="label_eba_c87063" />
    <link:loc xlink:type="locator" xlink:href="k_08.00-rend.xml#eba_c87064" xlink:label="loc_eba_c87064" />
    <label:label xlink:type="resource" xlink:label="label_eba_c87064" xml:lang="en" xlink:role="http://www.eurofiling.info/xbrl/role/rc-code">0140</label:label>
    <gen:arc xlink:type="arc" xlink:arcrole="http://xbrl.org/arcrole/2008/element-label" xlink:from="loc_eba_c87064" xlink:to="label_eba_c87064" />
    <link:loc xlink:type="locator" xlink:href="k_08.00-rend.xml#eba_c87065" xlink:label="loc_eba_c87065" />
    <label:label xlink:type="resource" xlink:label="label_eba_c87065" xml:lang="en" xlink:role="http://www.eurofiling.info/xbrl/role/rc-code">0150</label:label>
    <gen:arc xlink:type="arc" xlink:arcrole="http://xbrl.org/arcrole/2008/element-label" xlink:from="loc_eba_c87065" xlink:to="label_eba_c87065" />
    <link:loc xlink:type="locator" xlink:href="k_08.00-rend.xml#eba_c87066" xlink:label="loc_eba_c87066" />
    <label:label xlink:type="resource" xlink:label="label_eba_c87066" xml:lang="en" xlink:role="http://www.eurofiling.info/xbrl/role/rc-code">0160</label:label>
    <gen:arc xlink:type="arc" xlink:arcrole="http://xbrl.org/arcrole/2008/element-label" xlink:from="loc_eba_c87066" xlink:to="label_eba_c87066" />
    <link:loc xlink:type="locator" xlink:href="k_08.00-rend.xml#eba_c87067" xlink:label="loc_eba_c87067" />
    <label:label xlink:type="resource" xlink:label="label_eba_c87067" xml:lang="en" xlink:role="http://www.eurofiling.info/xbrl/role/rc-code">0170</label:label>
    <gen:arc xlink:type="arc" xlink:arcrole="http://xbrl.org/arcrole/2008/element-label" xlink:from="loc_eba_c87067" xlink:to="label_eba_c87067" />
    <link:loc xlink:type="locator" xlink:href="k_08.00-rend.xml#eba_c87068" xlink:label="loc_eba_c87068" />
    <label:label xlink:type="resource" xlink:label="label_eba_c87068" xml:lang="en" xlink:role="http://www.eurofiling.info/xbrl/role/rc-code">0180</label:label>
    <gen:arc xlink:type="arc" xlink:arcrole="http://xbrl.org/arcrole/2008/element-label" xlink:from="loc_eba_c87068" xlink:to="label_eba_c87068" />
    <link:loc xlink:type="locator" xlink:href="k_08.00-rend.xml#eba_c87069" xlink:label="loc_eba_c87069" />
    <label:label xlink:type="resource" xlink:label="label_eba_c87069" xml:lang="en" xlink:role="http://www.eurofiling.info/xbrl/role/rc-code">0190</label:label>
    <gen:arc xlink:type="arc" xlink:arcrole="http://xbrl.org/arcrole/2008/element-label" xlink:from="loc_eba_c87069" xlink:to="label_eba_c87069" />
    <link:loc xlink:type="locator" xlink:href="k_08.00-rend.xml#eba_c87070" xlink:label="loc_eba_c87070" />
    <label:label xlink:type="resource" xlink:label="label_eba_c87070" xml:lang="en" xlink:role="http://www.eurofiling.info/xbrl/role/rc-code">0200</label:label>
    <gen:arc xlink:type="arc" xlink:arcrole="http://xbrl.org/arcrole/2008/element-label" xlink:from="loc_eba_c87070" xlink:to="label_eba_c87070" />
    <label:label xlink:type="resource" xlink:label="label_eba_tK_08.00_1" xml:lang="en" xlink:role="http://www.eurofiling.info/xbrl/role/filing-indicator-code">K_08.00</label:label>
    <gen:arc xlink:type="arc" xlink:arcrole="http://xbrl.org/arcrole/2008/element-label" xlink:from="loc_eba_tK_08.00" xlink:to="label_eba_tK_08.00_1" />
    <label:label xlink:type="resource" xlink:label="label_eba_tK_08.00_2" xml:lang="en" xlink:role="http://www.eba.europa.eu/xbrl/role/dpm-db-id">831.2326</label:label>
    <gen:arc xlink:type="arc" xlink:arcrole="http://xbrl.org/arcrole/2008/element-label" xlink:from="loc_eba_tK_08.00" xlink:to="label_eba_tK_08.00_2" />
    <label:label xlink:type="resource" xlink:label="label_eba_c87049_1" xml:lang="en" xlink:role="http://www.eba.europa.eu/xbrl/role/dpm-db-id">87049</label:label>
    <gen:arc xlink:type="arc" xlink:arcrole="http://xbrl.org/arcrole/2008/element-label" xlink:from="loc_eba_c87049" xlink:to="label_eba_c87049_1" />
    <label:label xlink:type="resource" xlink:label="label_eba_c87050_1" xml:lang="en" xlink:role="http://www.eba.europa.eu/xbrl/role/dpm-db-id">87050</label:label>
    <gen:arc xlink:type="arc" xlink:arcrole="http://xbrl.org/arcrole/2008/element-label" xlink:from="loc_eba_c87050" xlink:to="label_eba_c87050_1" />
    <label:label xlink:type="resource" xlink:label="label_eba_c87051_1" xml:lang="en" xlink:role="http://www.eba.europa.eu/xbrl/role/dpm-db-id">87051</label:label>
    <gen:arc xlink:type="arc" xlink:arcrole="http://xbrl.org/arcrole/2008/element-label" xlink:from="loc_eba_c87051" xlink:to="label_eba_c87051_1" />
    <label:label xlink:type="resource" xlink:label="label_eba_c87052_1" xml:lang="en" xlink:role="http://www.eba.europa.eu/xbrl/role/dpm-db-id">87052</label:label>
    <gen:arc xlink:type="arc" xlink:arcrole="http://xbrl.org/arcrole/2008/element-label" xlink:from="loc_eba_c87052" xlink:to="label_eba_c87052_1" />
    <label:label xlink:type="resource" xlink:label="label_eba_c87053_1" xml:lang="en" xlink:role="http://www.eba.europa.eu/xbrl/role/dpm-db-id">87053</label:label>
    <gen:arc xlink:type="arc" xlink:arcrole="http://xbrl.org/arcrole/2008/element-label" xlink:from="loc_eba_c87053" xlink:to="label_eba_c87053_1" />
    <label:label xlink:type="resource" xlink:label="label_eba_c87054_1" xml:lang="en" xlink:role="http://www.eba.europa.eu/xbrl/role/dpm-db-id">87054</label:label>
    <gen:arc xlink:type="arc" xlink:arcrole="http://xbrl.org/arcrole/2008/element-label" xlink:from="loc_eba_c87054" xlink:to="label_eba_c87054_1" />
    <label:label xlink:type="resource" xlink:label="label_eba_c87055_1" xml:lang="en" xlink:role="http://www.eba.europa.eu/xbrl/role/dpm-db-id">87055</label:label>
    <gen:arc xlink:type="arc" xlink:arcrole="http://xbrl.org/arcrole/2008/element-label" xlink:from="loc_eba_c87055" xlink:to="label_eba_c87055_1" />
    <label:label xlink:type="resource" xlink:label="label_eba_c87056_1" xml:lang="en" xlink:role="http://www.eba.europa.eu/xbrl/role/dpm-db-id">87056</label:label>
    <gen:arc xlink:type="arc" xlink:arcrole="http://xbrl.org/arcrole/2008/element-label" xlink:from="loc_eba_c87056" xlink:to="label_eba_c87056_1" />
    <label:label xlink:type="resource" xlink:label="label_eba_c87057_1" xml:lang="en" xlink:role="http://www.eba.europa.eu/xbrl/role/dpm-db-id">87057</label:label>
    <gen:arc xlink:type="arc" xlink:arcrole="http://xbrl.org/arcrole/2008/element-label" xlink:from="loc_eba_c87057" xlink:to="label_eba_c87057_1" />
    <label:label xlink:type="resource" xlink:label="label_eba_c87058_1" xml:lang="en" xlink:role="http://www.eba.europa.eu/xbrl/role/dpm-db-id">87058</label:label>
    <gen:arc xlink:type="arc" xlink:arcrole="http://xbrl.org/arcrole/2008/element-label" xlink:from="loc_eba_c87058" xlink:to="label_eba_c87058_1" />
    <label:label xlink:type="resource" xlink:label="label_eba_c87059_1" xml:lang="en" xlink:role="http://www.eba.europa.eu/xbrl/role/dpm-db-id">87059</label:label>
    <gen:arc xlink:type="arc" xlink:arcrole="http://xbrl.org/arcrole/2008/element-label" xlink:from="loc_eba_c87059" xlink:to="label_eba_c87059_1" />
    <label:label xlink:type="resource" xlink:label="label_eba_c87060_1" xml:lang="en" xlink:role="http://www.eba.europa.eu/xbrl/role/dpm-db-id">87060</label:label>
    <gen:arc xlink:type="arc" xlink:arcrole="http://xbrl.org/arcrole/2008/element-label" xlink:from="loc_eba_c87060" xlink:to="label_eba_c87060_1" />
    <label:label xlink:type="resource" xlink:label="label_eba_c87061_1" xml:lang="en" xlink:role="http://www.eba.europa.eu/xbrl/role/dpm-db-id">87061</label:label>
    <gen:arc xlink:type="arc" xlink:arcrole="http://xbrl.org/arcrole/2008/element-label" xlink:from="loc_eba_c87061" xlink:to="label_eba_c87061_1" />
    <label:label xlink:type="resource" xlink:label="label_eba_c87062_1" xml:lang="en" xlink:role="http://www.eba.europa.eu/xbrl/role/dpm-db-id">87062</label:label>
    <gen:arc xlink:type="arc" xlink:arcrole="http://xbrl.org/arcrole/2008/element-label" xlink:from="loc_eba_c87062" xlink:to="label_eba_c87062_1" />
    <label:label xlink:type="resource" xlink:label="label_eba_c87063_1" xml:lang="en" xlink:role="http://www.eba.europa.eu/xbrl/role/dpm-db-id">87063</label:label>
    <gen:arc xlink:type="arc" xlink:arcrole="http://xbrl.org/arcrole/2008/element-label" xlink:from="loc_eba_c87063" xlink:to="label_eba_c87063_1" />
    <label:label xlink:type="resource" xlink:label="label_eba_c87064_1" xml:lang="en" xlink:role="http://www.eba.europa.eu/xbrl/role/dpm-db-id">87064</label:label>
    <gen:arc xlink:type="arc" xlink:arcrole="http://xbrl.org/arcrole/2008/element-label" xlink:from="loc_eba_c87064" xlink:to="label_eba_c87064_1" />
    <label:label xlink:type="resource" xlink:label="label_eba_c87065_1" xml:lang="en" xlink:role="http://www.eba.europa.eu/xbrl/role/dpm-db-id">87065</label:label>
    <gen:arc xlink:type="arc" xlink:arcrole="http://xbrl.org/arcrole/2008/element-label" xlink:from="loc_eba_c87065" xlink:to="label_eba_c87065_1" />
    <label:label xlink:type="resource" xlink:label="label_eba_c87066_1" xml:lang="en" xlink:role="http://www.eba.europa.eu/xbrl/role/dpm-db-id">87066</label:label>
    <gen:arc xlink:type="arc" xlink:arcrole="http://xbrl.org/arcrole/2008/element-label" xlink:from="loc_eba_c87066" xlink:to="label_eba_c87066_1" />
    <label:label xlink:type="resource" xlink:label="label_eba_c87067_1" xml:lang="en" xlink:role="http://www.eba.europa.eu/xbrl/role/dpm-db-id">87067</label:label>
    <gen:arc xlink:type="arc" xlink:arcrole="http://xbrl.org/arcrole/2008/element-label" xlink:from="loc_eba_c87067" xlink:to="label_eba_c87067_1" />
    <label:label xlink:type="resource" xlink:label="label_eba_c87068_1" xml:lang="en" xlink:role="http://www.eba.europa.eu/xbrl/role/dpm-db-id">87068</label:label>
    <gen:arc xlink:type="arc" xlink:arcrole="http://xbrl.org/arcrole/2008/element-label" xlink:from="loc_eba_c87068" xlink:to="label_eba_c87068_1" />
    <label:label xlink:type="resource" xlink:label="label_eba_c87069_1" xml:lang="en" xlink:role="http://www.eba.europa.eu/xbrl/role/dpm-db-id">87069</label:label>
    <gen:arc xlink:type="arc" xlink:arcrole="http://xbrl.org/arcrole/2008/element-label" xlink:from="loc_eba_c87069" xlink:to="label_eba_c87069_1" />
    <label:label xlink:type="resource" xlink:label="label_eba_c87070_1" xml:lang="en" xlink:role="http://www.eba.europa.eu/xbrl/role/dpm-db-id">87070</label:label>
    <gen:arc xlink:type="arc" xlink:arcrole="http://xbrl.org/arcrole/2008/element-label" xlink:from="loc_eba_c87070" xlink:to="label_eba_c87070_1" />
  </gen:link>
</link:linkbase>