{
    "documentInfo": {
        "documentType": "https://xbrl.org/CR/2021-02-03/xbrl-csv",
        "namespaces": {
            "eba": "http://www.eba.europa.eu",
            "eba_BA": "http://www.eba.europa.eu/xbrl/crr/dict/dom/BA",
            "eba_CP": "http://www.eba.europa.eu/xbrl/crr/dict/dom/CP",
            "eba_CT": "http://www.eba.europa.eu/xbrl/crr/dict/dom/CT",
            "eba_MC": "http://www.eba.europa.eu/xbrl/crr/dict/dom/MC",
            "eba_PL": "http://www.eba.europa.eu/xbrl/crr/dict/dom/PL",
            "eba_dim": "http://www.eba.europa.eu/xbrl/crr/dict/dim",
            "eba_met": "http://www.eba.europa.eu/xbrl/crr/dict/met"
        }
    },
    "tableTemplates": {
        "K_08-00": {
            "columns": {
                "datapoint": {
                    "propertyGroups": {
                        "dp456185": {
                            "decimals": "$decimalsMonetary",
                            "dimensions": {
                                "concept": "eba_met:mi119",
                                "eba_dim:BAS": "eba_BA:x9",
                                "eba_dim:CPS": "eba_CT:x81",
                                "eba_dim:MCY": "eba_MC:x258",
                                "eba_dim:PRP": "eba_PL:x10",
                                "eba_dim:TCP": "eba_CP:x47",
                                "unit": "$baseCurrency"
                            },
                            "eba:documentation": {
                                "CellCode": "{K 08.00, r0130, c0010}",
                                "DataPointVersionId": "456185"
                            }
                        },
                        "dp456186": {
                            "decimals": "$decimalsMonetary",
                            "dimensions": {
                                "concept": "eba_met:mi119",
                                "eba_dim:BAS": "eba_BA:x9",
                                "eba_dim:CPS": "eba_CT:x81",
                                "eba_dim:MCY": "eba_MC:x306",
                                "eba_dim:PRP": "eba_PL:x10",
                                "eba_dim:TCP": "eba_CP:x47",
                                "unit": "$baseCurrency"
                            },
                            "eba:documentation": {
                                "CellCode": "{K 08.00, r0150, c0010}",
                                "DataPointVersionId": "456186"
                            }
                        },
                        "dp456192": {
                            "decimals": "$decimalsMonetary",
                            "dimensions": {
                                "concept": "eba_met:mi119",
                                "eba_dim:BAS": "eba_BA:x9",
                                "eba_dim:CPS": "eba_CT:x81",
                                "eba_dim:MCY": "eba_MC:x1020",
                                "eba_dim:PRP": "eba_PL:x10",
                                "eba_dim:TCP": "eba_CP:x47",
                                "unit": "$baseCurrency"
                            },
                            "eba:documentation": {
                                "CellCode": "{K 08.00, r0140, c0010}",
                                "DataPointVersionId": "456192"
                            }
                        },
                        "dp456193": {
                            "decimals": "$decimalsMonetary",
                            "dimensions": {
                                "concept": "eba_met:mi119",
                                "eba_dim:BAS": "eba_BA:x9",
                                "eba_dim:CPS": "eba_CT:x81",
                                "eba_dim:MCY": "eba_MC:x1025",
                                "eba_dim:PRP": "eba_PL:x10",
                                "eba_dim:TAN": "eba_MC:x1023",
                                "eba_dim:TCP": "eba_CP:x47",
                                "unit": "$baseCurrency"
                            },
                            "eba:documentation": {
                                "CellCode": "{K 08.00, r0170, c0010}",
                                "DataPointVersionId": "456193"
                            }
                        },
                        "dp456194": {
                            "decimals": "$decimalsMonetary",
                            "dimensions": {
                                "concept": "eba_met:mi119",
                                "eba_dim:BAS": "eba_BA:x9",
                                "eba_dim:CPS": "eba_CT:x81",
                                "eba_dim:MCY": "eba_MC:x1025",
                                "eba_dim:PRP": "eba_PL:x10",
                                "eba_dim:TAN": "eba_MC:x1024",
                                "eba_dim:TCP": "eba_CP:x47",
                                "unit": "$baseCurrency"
                            },
                            "eba:documentation": {
                                "CellCode": "{K 08.00, r0180, c0010}",
                                "DataPointVersionId": "456194"
                            }
                        },
                        "dp456195": {
                            "decimals": "$decimalsMonetary",
                            "dimensions": {
                                "concept": "eba_met:mi119",
                                "eba_dim:BAS": "eba_BA:x9",
                                "eba_dim:CPS": "eba_CT:x81",
                                "eba_dim:MCY": "eba_MC:x1029",
                                "eba_dim:PRP": "eba_PL:x10",
                                "eba_dim:TCP": "eba_CP:x47",
                                "unit": "$baseCurrency"
                            },
                            "eba:documentation": {
                                "CellCode": "{K 08.00, r0120, c0010}",
                                "DataPointVersionId": "456195"
                            }
                        },
                        "dp456196": {
                            "decimals": "$decimalsMonetary",
                            "dimensions": {
                                "concept": "eba_met:mi119",
                                "eba_dim:BAS": "eba_BA:x9",
                                "eba_dim:CPS": "eba_CT:x81",
                                "eba_dim:MCY": "eba_MC:x1032",
                                "eba_dim:PRP": "eba_PL:x10",
                                "eba_dim:TCP": "eba_CP:x47",
                                "unit": "$baseCurrency"
                            },
                            "eba:documentation": {
                                "CellCode": "{K 08.00, r0160, c0010}",
                                "DataPointVersionId": "456196"
                            }
                        },
                        "dp456197": {
                            "decimals": "$decimalsMonetary",
                            "dimensions": {
                                "concept": "eba_met:mi119",
                                "eba_dim:BAS": "eba_BA:x9",
                                "eba_dim:CPS": "eba_CT:x81",
                                "eba_dim:MCY": "eba_MC:x1033",
                                "eba_dim:PRP": "eba_PL:x10",
                                "eba_dim:TCP": "eba_CP:x47",
                                "unit": "$baseCurrency"
                            },
                            "eba:documentation": {
                                "CellCode": "{K 08.00, r0190, c0010}",
                                "DataPointVersionId": "456197"
                            }
                        },
                        "dp456198": {
                            "decimals": "$decimalsMonetary",
                            "dimensions": {
                                "concept": "eba_met:mi119",
                                "eba_dim:BAS": "eba_BA:x9",
                                "eba_dim:CPS": "eba_CT:x81",
                                "eba_dim:MCY": "eba_MC:x1034",
                                "eba_dim:PRP": "eba_PL:x10",
                                "eba_dim:TCP": "eba_CP:x47",
                                "unit": "$baseCurrency"
                            },
                            "eba:documentation": {
                                "CellCode": "{K 08.00, r0200, c0010}",
                                "DataPointVersionId": "456198"
                            }
                        },
                        "dp456199": {
                            "decimals": "$decimalsMonetary",
                            "dimensions": {
                                "concept": "eba_met:mi119",
                                "eba_dim:BAS": "eba_BA:x9",
                                "eba_dim:CPS": "eba_CT:x218",
                                "eba_dim:MCY": "eba_MC:x258",
                                "eba_dim:PRP": "eba_PL:x10",
                                "eba_dim:TCP": "eba_CP:x47",
                                "unit": "$baseCurrency"
                            },
                            "eba:documentation": {
                                "CellCode": "{K 08.00, r0030, c0010}",
                                "DataPointVersionId": "456199"
                            }
                        },
                        "dp456200": {
                            "decimals": "$decimalsMonetary",
                            "dimensions": {
                                "concept": "eba_met:mi119",
                                "eba_dim:BAS": "eba_BA:x9",
                                "eba_dim:CPS": "eba_CT:x218",
                                "eba_dim:MCY": "eba_MC:x306",
                                "eba_dim:PRP": "eba_PL:x10",
                                "eba_dim:TCP": "eba_CP:x47",
                                "unit": "$baseCurrency"
                            },
                            "eba:documentation": {
                                "CellCode": "{K 08.00, r0050, c0010}",
                                "DataPointVersionId": "456200"
                            }
                        },
                        "dp456201": {
                            "decimals": "$decimalsMonetary",
                            "dimensions": {
                                "concept": "eba_met:mi119",
                                "eba_dim:BAS": "eba_BA:x9",
                                "eba_dim:CPS": "eba_CT:x218",
                                "eba_dim:MCY": "eba_MC:x1020",
                                "eba_dim:PRP": "eba_PL:x10",
                                "eba_dim:TCP": "eba_CP:x47",
                                "unit": "$baseCurrency"
                            },
                            "eba:documentation": {
                                "CellCode": "{K 08.00, r0040, c0010}",
                                "DataPointVersionId": "456201"
                            }
                        },
                        "dp456202": {
                            "decimals": "$decimalsMonetary",
                            "dimensions": {
                                "concept": "eba_met:mi119",
                                "eba_dim:BAS": "eba_BA:x9",
                                "eba_dim:CPS": "eba_CT:x218",
                                "eba_dim:MCY": "eba_MC:x1025",
                                "eba_dim:PRP": "eba_PL:x10",
                                "eba_dim:TAN": "eba_MC:x1023",
                                "eba_dim:TCP": "eba_CP:x47",
                                "unit": "$baseCurrency"
                            },
                            "eba:documentation": {
                                "CellCode": "{K 08.00, r0070, c0010}",
                                "DataPointVersionId": "456202"
                            }
                        },
                        "dp456203": {
                            "decimals": "$decimalsMonetary",
                            "dimensions": {
                                "concept": "eba_met:mi119",
                                "eba_dim:BAS": "eba_BA:x9",
                                "eba_dim:CPS": "eba_CT:x218",
                                "eba_dim:MCY": "eba_MC:x1025",
                                "eba_dim:PRP": "eba_PL:x10",
                                "eba_dim:TAN": "eba_MC:x1024",
                                "eba_dim:TCP": "eba_CP:x47",
                                "unit": "$baseCurrency"
                            },
                            "eba:documentation": {
                                "CellCode": "{K 08.00, r0080, c0010}",
                                "DataPointVersionId": "456203"
                            }
                        },
                        "dp456204": {
                            "decimals": "$decimalsMonetary",
                            "dimensions": {
                                "concept": "eba_met:mi119",
                                "eba_dim:BAS": "eba_BA:x9",
                                "eba_dim:CPS": "eba_CT:x218",
                                "eba_dim:MCY": "eba_MC:x1029",
                                "eba_dim:PRP": "eba_PL:x10",
                                "eba_dim:TCP": "eba_CP:x47",
                                "unit": "$baseCurrency"
                            },
                            "eba:documentation": {
                                "CellCode": "{K 08.00, r0020, c0010}",
                                "DataPointVersionId": "456204"
                            }
                        },
                        "dp456205": {
                            "decimals": "$decimalsMonetary",
                            "dimensions": {
                                "concept": "eba_met:mi119",
                                "eba_dim:BAS": "eba_BA:x9",
                                "eba_dim:CPS": "eba_CT:x218",
                                "eba_dim:MCY": "eba_MC:x1032",
                                "eba_dim:PRP": "eba_PL:x10",
                                "eba_dim:TCP": "eba_CP:x47",
                                "unit": "$baseCurrency"
                            },
                            "eba:documentation": {
                                "CellCode": "{K 08.00, r0060, c0010}",
                                "DataPointVersionId": "456205"
                            }
                        },
                        "dp456206": {
                            "decimals": "$decimalsMonetary",
                            "dimensions": {
                                "concept": "eba_met:mi119",
                                "eba_dim:BAS": "eba_BA:x9",
                                "eba_dim:CPS": "eba_CT:x218",
                                "eba_dim:MCY": "eba_MC:x1033",
                                "eba_dim:PRP": "eba_PL:x10",
                                "eba_dim:TCP": "eba_CP:x47",
                                "unit": "$baseCurrency"
                            },
                            "eba:documentation": {
                                "CellCode": "{K 08.00, r0090, c0010}",
                                "DataPointVersionId": "456206"
                            }
                        },
                        "dp456207": {
                            "decimals": "$decimalsMonetary",
                            "dimensions": {
                                "concept": "eba_met:mi119",
                                "eba_dim:BAS": "eba_BA:x9",
                                "eba_dim:CPS": "eba_CT:x218",
                                "eba_dim:MCY": "eba_MC:x1034",
                                "eba_dim:PRP": "eba_PL:x10",
                                "eba_dim:TCP": "eba_CP:x47",
                                "unit": "$baseCurrency"
                            },
                            "eba:documentation": {
                                "CellCode": "{K 08.00, r0100, c0010}",
                                "DataPointVersionId": "456207"
                            }
                        },
                        "dp457933": {
                            "decimals": "$decimalsMonetary",
                            "dimensions": {
                                "concept": "eba_met:mi793",
                                "eba_dim:BAS": "eba_BA:x9",
                                "eba_dim:CPS": "eba_CT:x81",
                                "eba_dim:MCY": "eba_MC:x258",
                                "eba_dim:PRP": "eba_PL:x10",
                                "eba_dim:TCP": "eba_CP:x47",
                                "unit": "$baseCurrency"
                            },
                            "eba:documentation": {
                                "CellCode": "{K 08.00, r0130, c0020}",
                                "DataPointVersionId": "457933"
                            }
                        },
                        "dp457934": {
                            "decimals": "$decimalsMonetary",
                            "dimensions": {
                                "concept": "eba_met:mi793",
                                "eba_dim:BAS": "eba_BA:x9",
                                "eba_dim:CPS": "eba_CT:x81",
                                "eba_dim:MCY": "eba_MC:x306",
                                "eba_dim:PRP": "eba_PL:x10",
                                "eba_dim:TCP": "eba_CP:x47",
                                "unit": "$baseCurrency"
                            },
                            "eba:documentation": {
                                "CellCode": "{K 08.00, r0150, c0020}",
                                "DataPointVersionId": "457934"
                            }
                        },
                        "dp457940": {
                            "decimals": "$decimalsMonetary",
                            "dimensions": {
                                "concept": "eba_met:mi793",
                                "eba_dim:BAS": "eba_BA:x9",
                                "eba_dim:CPS": "eba_CT:x81",
                                "eba_dim:MCY": "eba_MC:x1020",
                                "eba_dim:PRP": "eba_PL:x10",
                                "eba_dim:TCP": "eba_CP:x47",
                                "unit": "$baseCurrency"
                            },
                            "eba:documentation": {
                                "CellCode": "{K 08.00, r0140, c0020}",
                                "DataPointVersionId": "457940"
                            }
                        },
                        "dp457941": {
                            "decimals": "$decimalsMonetary",
                            "dimensions": {
                                "concept": "eba_met:mi793",
                                "eba_dim:BAS": "eba_BA:x9",
                                "eba_dim:CPS": "eba_CT:x81",
                                "eba_dim:MCY": "eba_MC:x1025",
                                "eba_dim:PRP": "eba_PL:x10",
                                "eba_dim:TAN": "eba_MC:x1024",
                                "eba_dim:TCP": "eba_CP:x47",
                                "unit": "$baseCurrency"
                            },
                            "eba:documentation": {
                                "CellCode": "{K 08.00, r0180, c0020}",
                                "DataPointVersionId": "457941"
                            }
                        },
                        "dp457942": {
                            "decimals": "$decimalsMonetary",
                            "dimensions": {
                                "concept": "eba_met:mi793",
                                "eba_dim:BAS": "eba_BA:x9",
                                "eba_dim:CPS": "eba_CT:x81",
                                "eba_dim:MCY": "eba_MC:x1029",
                                "eba_dim:PRP": "eba_PL:x10",
                                "eba_dim:TCP": "eba_CP:x47",
                                "unit": "$baseCurrency"
                            },
                            "eba:documentation": {
                                "CellCode": "{K 08.00, r0120, c0020}",
                                "DataPointVersionId": "457942"
                            }
                        },
                        "dp457943": {
                            "decimals": "$decimalsMonetary",
                            "dimensions": {
                                "concept": "eba_met:mi793",
                                "eba_dim:BAS": "eba_BA:x9",
                                "eba_dim:CPS": "eba_CT:x81",
                                "eba_dim:MCY": "eba_MC:x1032",
                                "eba_dim:PRP": "eba_PL:x10",
                                "eba_dim:TCP": "eba_CP:x47",
                                "unit": "$baseCurrency"
                            },
                            "eba:documentation": {
                                "CellCode": "{K 08.00, r0160, c0020}",
                                "DataPointVersionId": "457943"
                            }
                        },
                        "dp457944": {
                            "decimals": "$decimalsMonetary",
                            "dimensions": {
                                "concept": "eba_met:mi793",
                                "eba_dim:BAS": "eba_BA:x9",
                                "eba_dim:CPS": "eba_CT:x81",
                                "eba_dim:MCY": "eba_MC:x1033",
                                "eba_dim:PRP": "eba_PL:x10",
                                "eba_dim:TCP": "eba_CP:x47",
                                "unit": "$baseCurrency"
                            },
                            "eba:documentation": {
                                "CellCode": "{K 08.00, r0190, c0020}",
                                "DataPointVersionId": "457944"
                            }
                        },
                        "dp457945": {
                            "decimals": "$decimalsMonetary",
                            "dimensions": {
                                "concept": "eba_met:mi793",
                                "eba_dim:BAS": "eba_BA:x9",
                                "eba_dim:CPS": "eba_CT:x81",
                                "eba_dim:MCY": "eba_MC:x1034",
                                "eba_dim:PRP": "eba_PL:x10",
                                "eba_dim:TCP": "eba_CP:x47",
                                "unit": "$baseCurrency"
                            },
                            "eba:documentation": {
                                "CellCode": "{K 08.00, r0200, c0020}",
                                "DataPointVersionId": "457945"
                            }
                        },
                        "dp457946": {
                            "decimals": "$decimalsMonetary",
                            "dimensions": {
                                "concept": "eba_met:mi793",
                                "eba_dim:BAS": "eba_BA:x9",
                                "eba_dim:CPS": "eba_CT:x81",
                                "eba_dim:PRP": "eba_PL:x10",
                                "eba_dim:TCP": "eba_CP:x47",
                                "unit": "$baseCurrency"
                            },
                            "eba:documentation": {
                                "CellCode": "{K 08.00, r0110, c0020}",
                                "DataPointVersionId": "457946"
                            }
                        },
                        "dp457947": {
                            "decimals": "$decimalsMonetary",
                            "dimensions": {
                                "concept": "eba_met:mi793",
                                "eba_dim:BAS": "eba_BA:x9",
                                "eba_dim:CPS": "eba_CT:x218",
                                "eba_dim:MCY": "eba_MC:x258",
                                "eba_dim:PRP": "eba_PL:x10",
                                "eba_dim:TCP": "eba_CP:x47",
                                "unit": "$baseCurrency"
                            },
                            "eba:documentation": {
                                "CellCode": "{K 08.00, r0030, c0020}",
                                "DataPointVersionId": "457947"
                            }
                        },
                        "dp457948": {
                            "decimals": "$decimalsMonetary",
                            "dimensions": {
                                "concept": "eba_met:mi793",
                                "eba_dim:BAS": "eba_BA:x9",
                                "eba_dim:CPS": "eba_CT:x218",
                                "eba_dim:MCY": "eba_MC:x306",
                                "eba_dim:PRP": "eba_PL:x10",
                                "eba_dim:TCP": "eba_CP:x47",
                                "unit": "$baseCurrency"
                            },
                            "eba:documentation": {
                                "CellCode": "{K 08.00, r0050, c0020}",
                                "DataPointVersionId": "457948"
                            }
                        },
                        "dp457949": {
                            "decimals": "$decimalsMonetary",
                            "dimensions": {
                                "concept": "eba_met:mi793",
                                "eba_dim:BAS": "eba_BA:x9",
                                "eba_dim:CPS": "eba_CT:x218",
                                "eba_dim:MCY": "eba_MC:x1020",
                                "eba_dim:PRP": "eba_PL:x10",
                                "eba_dim:TCP": "eba_CP:x47",
                                "unit": "$baseCurrency"
                            },
                            "eba:documentation": {
                                "CellCode": "{K 08.00, r0040, c0020}",
                                "DataPointVersionId": "457949"
                            }
                        },
                        "dp457950": {
                            "decimals": "$decimalsMonetary",
                            "dimensions": {
                                "concept": "eba_met:mi793",
                                "eba_dim:BAS": "eba_BA:x9",
                                "eba_dim:CPS": "eba_CT:x218",
                                "eba_dim:MCY": "eba_MC:x1025",
                                "eba_dim:PRP": "eba_PL:x10",
                                "eba_dim:TAN": "eba_MC:x1024",
                                "eba_dim:TCP": "eba_CP:x47",
                                "unit": "$baseCurrency"
                            },
                            "eba:documentation": {
                                "CellCode": "{K 08.00, r0080, c0020}",
                                "DataPointVersionId": "457950"
                            }
                        },
                        "dp457951": {
                            "decimals": "$decimalsMonetary",
                            "dimensions": {
                                "concept": "eba_met:mi793",
                                "eba_dim:BAS": "eba_BA:x9",
                                "eba_dim:CPS": "eba_CT:x218",
                                "eba_dim:MCY": "eba_MC:x1029",
                                "eba_dim:PRP": "eba_PL:x10",
                                "eba_dim:TCP": "eba_CP:x47",
                                "unit": "$baseCurrency"
                            },
                            "eba:documentation": {
                                "CellCode": "{K 08.00, r0020, c0020}",
                                "DataPointVersionId": "457951"
                            }
                        },
                        "dp457952": {
                            "decimals": "$decimalsMonetary",
                            "dimensions": {
                                "concept": "eba_met:mi793",
                                "eba_dim:BAS": "eba_BA:x9",
                                "eba_dim:CPS": "eba_CT:x218",
                                "eba_dim:MCY": "eba_MC:x1032",
                                "eba_dim:PRP": "eba_PL:x10",
                                "eba_dim:TCP": "eba_CP:x47",
                                "unit": "$baseCurrency"
                            },
                            "eba:documentation": {
                                "CellCode": "{K 08.00, r0060, c0020}",
                                "DataPointVersionId": "457952"
                            }
                        },
                        "dp457953": {
                            "decimals": "$decimalsMonetary",
                            "dimensions": {
                                "concept": "eba_met:mi793",
                                "eba_dim:BAS": "eba_BA:x9",
                                "eba_dim:CPS": "eba_CT:x218",
                                "eba_dim:MCY": "eba_MC:x1033",
                                "eba_dim:PRP": "eba_PL:x10",
                                "eba_dim:TCP": "eba_CP:x47",
                                "unit": "$baseCurrency"
                            },
                            "eba:documentation": {
                                "CellCode": "{K 08.00, r0090, c0020}",
                                "DataPointVersionId": "457953"
                            }
                        },
                        "dp457954": {
                            "decimals": "$decimalsMonetary",
                            "dimensions": {
                                "concept": "eba_met:mi793",
                                "eba_dim:BAS": "eba_BA:x9",
                                "eba_dim:CPS": "eba_CT:x218",
                                "eba_dim:MCY": "eba_MC:x1034",
                                "eba_dim:PRP": "eba_PL:x10",
                                "eba_dim:TCP": "eba_CP:x47",
                                "unit": "$baseCurrency"
                            },
                            "eba:documentation": {
                                "CellCode": "{K 08.00, r0100, c0020}",
                                "DataPointVersionId": "457954"
                            }
                        },
                        "dp457955": {
                            "decimals": "$decimalsMonetary",
                            "dimensions": {
                                "concept": "eba_met:mi793",
                                "eba_dim:BAS": "eba_BA:x9",
                                "eba_dim:CPS": "eba_CT:x218",
                                "eba_dim:PRP": "eba_PL:x10",
                                "eba_dim:TCP": "eba_CP:x47",
                                "unit": "$baseCurrency"
                            },
                            "eba:documentation": {
                                "CellCode": "{K 08.00, r0010, c0020}",
                                "DataPointVersionId": "457955"
                            }
                        }
                    }
                },
                "factValue": {
                    "dimensions": {},
                    "propertiesFrom": [
                        "datapoint"
                    ]
                }
            }
        }
    }
}