﻿<?xml version="1.0" encoding="utf-8"?>
<?taxonomy-version 1.0.0.0 ?>  <?taxonomy-set-overall-version 3.3.0.0 ?>
<!--(C) EBA-->
<link:linkbase xmlns:xsi="http://www.w3.org/2001/XMLSchema-instance" xmlns:xlink="http://www.w3.org/1999/xlink" xmlns:link="http://www.xbrl.org/2003/linkbase" xmlns:gen="http://xbrl.org/2008/generic" xmlns:label="http://xbrl.org/2008/label" xsi:schemaLocation="http://www.xbrl.org/2003/linkbase http://www.xbrl.org/2003/xbrl-linkbase-2003-12-31.xsd http://xbrl.org/2008/generic http://www.xbrl.org/2008/generic-link.xsd http://xbrl.org/2008/label http://www.xbrl.org/2008/generic-label.xsd">
  <link:arcroleRef arcroleURI="http://xbrl.org/arcrole/2008/element-label" xlink:type="simple" xlink:href="http://www.xbrl.org/2008/generic-label.xsd#element-label" />
  <link:roleRef roleURI="http://www.xbrl.org/2008/role/label" xlink:type="simple" xlink:href="http://www.xbrl.org/2008/generic-label.xsd#standard-label" />
  <link:roleRef roleURI="http://www.xbrl.org/2008/role/verboseLabel" xlink:type="simple" xlink:href="http://www.xbrl.org/2008/generic-label.xsd#verbose-label" />
  <gen:link xlink:type="extended" xlink:role="http://www.xbrl.org/2003/role/link">
    <link:loc xlink:type="locator" xlink:href="k_08.00-rend.xml#eba_tK_08.00" xlink:label="loc_eba_tK_08.00" />
    <label:label xlink:type="resource" xlink:label="label_eba_tK_08.00" xml:lang="en" xlink:role="http://www.xbrl.org/2008/role/label">K 08.00</label:label>
    <gen:arc xlink:type="arc" xlink:arcrole="http://xbrl.org/arcrole/2008/element-label" xlink:from="loc_eba_tK_08.00" xlink:to="label_eba_tK_08.00" />
    <label:label xlink:type="resource" xlink:label="label_eba_tK_08.00_1" xml:lang="en" xlink:role="http://www.xbrl.org/2008/role/verboseLabel">K 08.00 EU CCR8 – Exposures to CCPs</label:label>
    <gen:arc xlink:type="arc" xlink:arcrole="http://xbrl.org/arcrole/2008/element-label" xlink:from="loc_eba_tK_08.00" xlink:to="label_eba_tK_08.00_1" />
    <link:loc xlink:type="locator" xlink:href="k_08.00-rend.xml#eba_a1" xlink:label="loc_eba_a1" />
    <label:label xlink:type="resource" xlink:label="label_eba_a1" xml:lang="en" xlink:role="http://www.xbrl.org/2008/role/label">Columns</label:label>
    <gen:arc xlink:type="arc" xlink:arcrole="http://xbrl.org/arcrole/2008/element-label" xlink:from="loc_eba_a1" xlink:to="label_eba_a1" />
    <link:loc xlink:type="locator" xlink:href="k_08.00-rend.xml#eba_c87049" xlink:label="loc_eba_c87049" />
    <label:label xlink:type="resource" xlink:label="label_eba_c87049" xml:lang="en" xlink:role="http://www.xbrl.org/2008/role/label">a. Exposure value</label:label>
    <gen:arc xlink:type="arc" xlink:arcrole="http://xbrl.org/arcrole/2008/element-label" xlink:from="loc_eba_c87049" xlink:to="label_eba_c87049" />
    <link:loc xlink:type="locator" xlink:href="k_08.00-rend.xml#eba_c87050" xlink:label="loc_eba_c87050" />
    <label:label xlink:type="resource" xlink:label="label_eba_c87050" xml:lang="en" xlink:role="http://www.xbrl.org/2008/role/label">b. RWEA</label:label>
    <gen:arc xlink:type="arc" xlink:arcrole="http://xbrl.org/arcrole/2008/element-label" xlink:from="loc_eba_c87050" xlink:to="label_eba_c87050" />
    <link:loc xlink:type="locator" xlink:href="k_08.00-rend.xml#eba_a2" xlink:label="loc_eba_a2" />
    <label:label xlink:type="resource" xlink:label="label_eba_a2" xml:lang="en" xlink:role="http://www.xbrl.org/2008/role/label">Rows</label:label>
    <gen:arc xlink:type="arc" xlink:arcrole="http://xbrl.org/arcrole/2008/element-label" xlink:from="loc_eba_a2" xlink:to="label_eba_a2" />
    <link:loc xlink:type="locator" xlink:href="k_08.00-rend.xml#eba_c87051" xlink:label="loc_eba_c87051" />
    <label:label xlink:type="resource" xlink:label="label_eba_c87051" xml:lang="en" xlink:role="http://www.xbrl.org/2008/role/label">1. Exposures to QCCPs (total)</label:label>
    <gen:arc xlink:type="arc" xlink:arcrole="http://xbrl.org/arcrole/2008/element-label" xlink:from="loc_eba_c87051" xlink:to="label_eba_c87051" />
    <link:loc xlink:type="locator" xlink:href="k_08.00-rend.xml#eba_c87052" xlink:label="loc_eba_c87052" />
    <label:label xlink:type="resource" xlink:label="label_eba_c87052" xml:lang="en" xlink:role="http://www.xbrl.org/2008/role/label">2. Exposures for trades at QCCPs (excluding initial margin and default fund contributions); of which</label:label>
    <gen:arc xlink:type="arc" xlink:arcrole="http://xbrl.org/arcrole/2008/element-label" xlink:from="loc_eba_c87052" xlink:to="label_eba_c87052" />
    <link:loc xlink:type="locator" xlink:href="k_08.00-rend.xml#eba_c87053" xlink:label="loc_eba_c87053" />
    <label:label xlink:type="resource" xlink:label="label_eba_c87053" xml:lang="en" xlink:role="http://www.xbrl.org/2008/role/label">3. (i) OTC derivatives</label:label>
    <gen:arc xlink:type="arc" xlink:arcrole="http://xbrl.org/arcrole/2008/element-label" xlink:from="loc_eba_c87053" xlink:to="label_eba_c87053" />
    <link:loc xlink:type="locator" xlink:href="k_08.00-rend.xml#eba_c87054" xlink:label="loc_eba_c87054" />
    <label:label xlink:type="resource" xlink:label="label_eba_c87054" xml:lang="en" xlink:role="http://www.xbrl.org/2008/role/label">4. (ii) Exchange-traded derivatives</label:label>
    <gen:arc xlink:type="arc" xlink:arcrole="http://xbrl.org/arcrole/2008/element-label" xlink:from="loc_eba_c87054" xlink:to="label_eba_c87054" />
    <link:loc xlink:type="locator" xlink:href="k_08.00-rend.xml#eba_c87055" xlink:label="loc_eba_c87055" />
    <label:label xlink:type="resource" xlink:label="label_eba_c87055" xml:lang="en" xlink:role="http://www.xbrl.org/2008/role/label">5. (iii) SFTs</label:label>
    <gen:arc xlink:type="arc" xlink:arcrole="http://xbrl.org/arcrole/2008/element-label" xlink:from="loc_eba_c87055" xlink:to="label_eba_c87055" />
    <link:loc xlink:type="locator" xlink:href="k_08.00-rend.xml#eba_c87056" xlink:label="loc_eba_c87056" />
    <label:label xlink:type="resource" xlink:label="label_eba_c87056" xml:lang="en" xlink:role="http://www.xbrl.org/2008/role/label">6. (iv) Netting sets where cross-product netting has been approved</label:label>
    <gen:arc xlink:type="arc" xlink:arcrole="http://xbrl.org/arcrole/2008/element-label" xlink:from="loc_eba_c87056" xlink:to="label_eba_c87056" />
    <link:loc xlink:type="locator" xlink:href="k_08.00-rend.xml#eba_c87057" xlink:label="loc_eba_c87057" />
    <label:label xlink:type="resource" xlink:label="label_eba_c87057" xml:lang="en" xlink:role="http://www.xbrl.org/2008/role/label">7. Segregated initial margin</label:label>
    <gen:arc xlink:type="arc" xlink:arcrole="http://xbrl.org/arcrole/2008/element-label" xlink:from="loc_eba_c87057" xlink:to="label_eba_c87057" />
    <link:loc xlink:type="locator" xlink:href="k_08.00-rend.xml#eba_c87058" xlink:label="loc_eba_c87058" />
    <label:label xlink:type="resource" xlink:label="label_eba_c87058" xml:lang="en" xlink:role="http://www.xbrl.org/2008/role/label">8. Non-segregated initial margin</label:label>
    <gen:arc xlink:type="arc" xlink:arcrole="http://xbrl.org/arcrole/2008/element-label" xlink:from="loc_eba_c87058" xlink:to="label_eba_c87058" />
    <link:loc xlink:type="locator" xlink:href="k_08.00-rend.xml#eba_c87059" xlink:label="loc_eba_c87059" />
    <label:label xlink:type="resource" xlink:label="label_eba_c87059" xml:lang="en" xlink:role="http://www.xbrl.org/2008/role/label">9. Prefunded default fund contributions</label:label>
    <gen:arc xlink:type="arc" xlink:arcrole="http://xbrl.org/arcrole/2008/element-label" xlink:from="loc_eba_c87059" xlink:to="label_eba_c87059" />
    <link:loc xlink:type="locator" xlink:href="k_08.00-rend.xml#eba_c87060" xlink:label="loc_eba_c87060" />
    <label:label xlink:type="resource" xlink:label="label_eba_c87060" xml:lang="en" xlink:role="http://www.xbrl.org/2008/role/label">10. Unfunded default fund contributions</label:label>
    <gen:arc xlink:type="arc" xlink:arcrole="http://xbrl.org/arcrole/2008/element-label" xlink:from="loc_eba_c87060" xlink:to="label_eba_c87060" />
    <link:loc xlink:type="locator" xlink:href="k_08.00-rend.xml#eba_c87061" xlink:label="loc_eba_c87061" />
    <label:label xlink:type="resource" xlink:label="label_eba_c87061" xml:lang="en" xlink:role="http://www.xbrl.org/2008/role/label">11. Exposures to non-QCCPs (total)</label:label>
    <gen:arc xlink:type="arc" xlink:arcrole="http://xbrl.org/arcrole/2008/element-label" xlink:from="loc_eba_c87061" xlink:to="label_eba_c87061" />
    <link:loc xlink:type="locator" xlink:href="k_08.00-rend.xml#eba_c87062" xlink:label="loc_eba_c87062" />
    <label:label xlink:type="resource" xlink:label="label_eba_c87062" xml:lang="en" xlink:role="http://www.xbrl.org/2008/role/label">12. Exposures for trades at non-QCCPs (excluding initial margin and default fund contributions); of which</label:label>
    <gen:arc xlink:type="arc" xlink:arcrole="http://xbrl.org/arcrole/2008/element-label" xlink:from="loc_eba_c87062" xlink:to="label_eba_c87062" />
    <link:loc xlink:type="locator" xlink:href="k_08.00-rend.xml#eba_c87063" xlink:label="loc_eba_c87063" />
    <label:label xlink:type="resource" xlink:label="label_eba_c87063" xml:lang="en" xlink:role="http://www.xbrl.org/2008/role/label">13. (i) OTC derivatives</label:label>
    <gen:arc xlink:type="arc" xlink:arcrole="http://xbrl.org/arcrole/2008/element-label" xlink:from="loc_eba_c87063" xlink:to="label_eba_c87063" />
    <link:loc xlink:type="locator" xlink:href="k_08.00-rend.xml#eba_c87064" xlink:label="loc_eba_c87064" />
    <label:label xlink:type="resource" xlink:label="label_eba_c87064" xml:lang="en" xlink:role="http://www.xbrl.org/2008/role/label">14. (ii) Exchange-traded derivatives</label:label>
    <gen:arc xlink:type="arc" xlink:arcrole="http://xbrl.org/arcrole/2008/element-label" xlink:from="loc_eba_c87064" xlink:to="label_eba_c87064" />
    <link:loc xlink:type="locator" xlink:href="k_08.00-rend.xml#eba_c87065" xlink:label="loc_eba_c87065" />
    <label:label xlink:type="resource" xlink:label="label_eba_c87065" xml:lang="en" xlink:role="http://www.xbrl.org/2008/role/label">15. (iii) SFTs</label:label>
    <gen:arc xlink:type="arc" xlink:arcrole="http://xbrl.org/arcrole/2008/element-label" xlink:from="loc_eba_c87065" xlink:to="label_eba_c87065" />
    <link:loc xlink:type="locator" xlink:href="k_08.00-rend.xml#eba_c87066" xlink:label="loc_eba_c87066" />
    <label:label xlink:type="resource" xlink:label="label_eba_c87066" xml:lang="en" xlink:role="http://www.xbrl.org/2008/role/label">16. (iv) Netting sets where cross-product netting has been approved</label:label>
    <gen:arc xlink:type="arc" xlink:arcrole="http://xbrl.org/arcrole/2008/element-label" xlink:from="loc_eba_c87066" xlink:to="label_eba_c87066" />
    <link:loc xlink:type="locator" xlink:href="k_08.00-rend.xml#eba_c87067" xlink:label="loc_eba_c87067" />
    <label:label xlink:type="resource" xlink:label="label_eba_c87067" xml:lang="en" xlink:role="http://www.xbrl.org/2008/role/label">17. Segregated initial margin</label:label>
    <gen:arc xlink:type="arc" xlink:arcrole="http://xbrl.org/arcrole/2008/element-label" xlink:from="loc_eba_c87067" xlink:to="label_eba_c87067" />
    <link:loc xlink:type="locator" xlink:href="k_08.00-rend.xml#eba_c87068" xlink:label="loc_eba_c87068" />
    <label:label xlink:type="resource" xlink:label="label_eba_c87068" xml:lang="en" xlink:role="http://www.xbrl.org/2008/role/label">18. Non-segregated initial margin</label:label>
    <gen:arc xlink:type="arc" xlink:arcrole="http://xbrl.org/arcrole/2008/element-label" xlink:from="loc_eba_c87068" xlink:to="label_eba_c87068" />
    <link:loc xlink:type="locator" xlink:href="k_08.00-rend.xml#eba_c87069" xlink:label="loc_eba_c87069" />
    <label:label xlink:type="resource" xlink:label="label_eba_c87069" xml:lang="en" xlink:role="http://www.xbrl.org/2008/role/label">19. Prefunded default fund contributions</label:label>
    <gen:arc xlink:type="arc" xlink:arcrole="http://xbrl.org/arcrole/2008/element-label" xlink:from="loc_eba_c87069" xlink:to="label_eba_c87069" />
    <link:loc xlink:type="locator" xlink:href="k_08.00-rend.xml#eba_c87070" xlink:label="loc_eba_c87070" />
    <label:label xlink:type="resource" xlink:label="label_eba_c87070" xml:lang="en" xlink:role="http://www.xbrl.org/2008/role/label">20. Unfunded default fund contributions</label:label>
    <gen:arc xlink:type="arc" xlink:arcrole="http://xbrl.org/arcrole/2008/element-label" xlink:from="loc_eba_c87070" xlink:to="label_eba_c87070" />
  </gen:link>
</link:linkbase>