<?xml version="1.0" encoding="UTF-8"?>
<!--
*******************************************************************************************
Copyright © 2022 Comisión para el Mercado Financiero de Chile (CMF) 
This material is copyright of the CMF Chile and all rights are reserved. 
No part of this material may be translated, reprinted, reproduced or utilised in 
any form or manner that is not expressly permitted by the CMF Chile 
IP Policy see: http://www.cmfchile.cl/sitio/pop/politica.html
*******************************************************************************************
-->
<!-- Generated with Reporting Standard S.L. XBRL Taxonomy builder version 3.7.1.1364 - http://www.reportingstandard.com -->
<link:linkbase xmlns:link="http://www.xbrl.org/2003/linkbase" xmlns:xlink="http://www.w3.org/1999/xlink">
  <link:roleRef xlink:type="simple" roleURI="http://www.cmfchile.cl/cl/fr/ci/role/ifrs-15_2021-03-24_role-831150" xlink:href="../cl-ci_ifrs-15_2021-03-24_role-831150.xsd#ifrs-15_2021-03-24_role-831150"/>
  <link:calculationLink xlink:type="extended" xlink:role="http://www.cmfchile.cl/cl/fr/ci/role/ifrs-15_2021-03-24_role-831150">
    <link:loc xlink:type="locator" xlink:href="http://xbrl.ifrs.org/taxonomy/2021-03-24/full_ifrs/full_ifrs-cor_2021-03-24.xsd#ifrs-full_ContractAssets" xlink:label="lbl24902"/>
    <link:loc xlink:type="locator" xlink:href="http://xbrl.ifrs.org/taxonomy/2021-03-24/full_ifrs/full_ifrs-cor_2021-03-24.xsd#ifrs-full_NoncurrentContractAssets" xlink:label="lbl24903"/>
    <link:calculationArc xlink:type="arc" xlink:arcrole="http://www.xbrl.org/2003/arcrole/summation-item" weight="+1" order="80.0" xlink:from="lbl24902" xlink:to="lbl24903"/>
    <link:loc xlink:type="locator" xlink:href="http://xbrl.ifrs.org/taxonomy/2021-03-24/full_ifrs/full_ifrs-cor_2021-03-24.xsd#ifrs-full_CurrentContractAssets" xlink:label="lbl24904"/>
    <link:calculationArc xlink:type="arc" xlink:arcrole="http://www.xbrl.org/2003/arcrole/summation-item" weight="+1" order="90.0" xlink:to="lbl24904" xlink:from="lbl24902"/>
    <link:loc xlink:type="locator" xlink:href="http://xbrl.ifrs.org/taxonomy/2021-03-24/full_ifrs/full_ifrs-cor_2021-03-24.xsd#ifrs-full_ContractLiabilities" xlink:label="lbl24905"/>
    <link:loc xlink:type="locator" xlink:href="http://xbrl.ifrs.org/taxonomy/2021-03-24/full_ifrs/full_ifrs-cor_2021-03-24.xsd#ifrs-full_NoncurrentContractLiabilities" xlink:label="lbl24906"/>
    <link:calculationArc xlink:type="arc" xlink:arcrole="http://www.xbrl.org/2003/arcrole/summation-item" weight="+1" order="120.0" xlink:from="lbl24905" xlink:to="lbl24906"/>
    <link:loc xlink:type="locator" xlink:href="http://xbrl.ifrs.org/taxonomy/2021-03-24/full_ifrs/full_ifrs-cor_2021-03-24.xsd#ifrs-full_CurrentContractLiabilities" xlink:label="lbl24907"/>
    <link:calculationArc xlink:type="arc" xlink:arcrole="http://www.xbrl.org/2003/arcrole/summation-item" weight="+1" order="130.0" xlink:to="lbl24907" xlink:from="lbl24905"/>
    <link:loc xlink:type="locator" xlink:href="http://xbrl.ifrs.org/taxonomy/2021-03-24/full_ifrs/full_ifrs-cor_2021-03-24.xsd#ifrs-full_ReceivablesFromContractsWithCustomers" xlink:label="lbl24908"/>
    <link:loc xlink:type="locator" xlink:href="http://xbrl.ifrs.org/taxonomy/2021-03-24/full_ifrs/full_ifrs-cor_2021-03-24.xsd#ifrs-full_NoncurrentReceivablesFromContractsWithCustomers" xlink:label="lbl24909"/>
    <link:calculationArc xlink:type="arc" xlink:arcrole="http://www.xbrl.org/2003/arcrole/summation-item" weight="+1" order="160.0" xlink:from="lbl24908" xlink:to="lbl24909"/>
    <link:loc xlink:type="locator" xlink:href="http://xbrl.ifrs.org/taxonomy/2021-03-24/full_ifrs/full_ifrs-cor_2021-03-24.xsd#ifrs-full_CurrentReceivablesFromContractsWithCustomers" xlink:label="lbl24910"/>
    <link:calculationArc xlink:type="arc" xlink:arcrole="http://www.xbrl.org/2003/arcrole/summation-item" weight="+1" order="170.0" xlink:to="lbl24910" xlink:from="lbl24908"/>
  </link:calculationLink>
</link:linkbase>