﻿<?xml version="1.0" encoding="utf-8"?>
<?taxonomy-version 1.0.0.0 ?>  <?taxonomy-set-overall-version 3.3.0.0 ?>
<!--(C) EBA-->
<link:linkbase xmlns:xsi="http://www.w3.org/2001/XMLSchema-instance" xmlns:xlink="http://www.w3.org/1999/xlink" xmlns:link="http://www.xbrl.org/2003/linkbase" xmlns:gen="http://xbrl.org/2008/generic" xmlns:label="http://xbrl.org/2008/label" xsi:schemaLocation="http://www.xbrl.org/2003/linkbase http://www.xbrl.org/2003/xbrl-linkbase-2003-12-31.xsd http://xbrl.org/2008/generic http://www.xbrl.org/2008/generic-link.xsd http://xbrl.org/2008/label http://www.xbrl.org/2008/generic-label.xsd">
  <link:arcroleRef arcroleURI="http://xbrl.org/arcrole/2008/element-label" xlink:type="simple" xlink:href="http://www.xbrl.org/2008/generic-label.xsd#element-label" />
  <link:roleRef roleURI="http://www.eba.europa.eu/xbrl/role/dpm-db-id" xlink:type="simple" xlink:href="http://www.eba.europa.eu/eu/fr/xbrl/ext/model.xsd#dpm-db-id" />
  <link:roleRef roleURI="http://www.eurofiling.info/xbrl/role/filing-indicator-code" xlink:type="simple" xlink:href="http://www.eurofiling.info/eu/fr/xbrl/ext/model.xsd#filing-indicator-code" />
  <link:roleRef roleURI="http://www.eurofiling.info/xbrl/role/rc-code" xlink:type="simple" xlink:href="http://www.eurofiling.info/eu/fr/xbrl/ext/model.xsd#rc-code" />
  <gen:link xlink:type="extended" xlink:role="http://www.xbrl.org/2003/role/link">
    <link:loc xlink:type="locator" xlink:href="d_06.00.a-rend.xml#eba_tD_06.00.a" xlink:label="loc_eba_tD_06.00.a" />
    <label:label xlink:type="resource" xlink:label="label_eba_tD_06.00.a" xml:lang="en" xlink:role="http://www.eurofiling.info/xbrl/role/rc-code">D 06.00.a</label:label>
    <gen:arc xlink:type="arc" xlink:arcrole="http://xbrl.org/arcrole/2008/element-label" xlink:from="loc_eba_tD_06.00.a" xlink:to="label_eba_tD_06.00.a" />
    <link:loc xlink:type="locator" xlink:href="d_06.00.a-rend.xml#eba_c86508" xlink:label="loc_eba_c86508" />
    <label:label xlink:type="resource" xlink:label="label_eba_c86508" xml:lang="en" xlink:role="http://www.eurofiling.info/xbrl/role/rc-code">0009</label:label>
    <gen:arc xlink:type="arc" xlink:arcrole="http://xbrl.org/arcrole/2008/element-label" xlink:from="loc_eba_c86508" xlink:to="label_eba_c86508" />
    <link:loc xlink:type="locator" xlink:href="d_06.00.a-rend.xml#eba_c86500" xlink:label="loc_eba_c86500" />
    <label:label xlink:type="resource" xlink:label="label_eba_c86500" xml:lang="en" xlink:role="http://www.eurofiling.info/xbrl/role/rc-code">0010</label:label>
    <gen:arc xlink:type="arc" xlink:arcrole="http://xbrl.org/arcrole/2008/element-label" xlink:from="loc_eba_c86500" xlink:to="label_eba_c86500" />
    <link:loc xlink:type="locator" xlink:href="d_06.00.a-rend.xml#eba_c86501" xlink:label="loc_eba_c86501" />
    <label:label xlink:type="resource" xlink:label="label_eba_c86501" xml:lang="en" xlink:role="http://www.eurofiling.info/xbrl/role/rc-code">0020</label:label>
    <gen:arc xlink:type="arc" xlink:arcrole="http://xbrl.org/arcrole/2008/element-label" xlink:from="loc_eba_c86501" xlink:to="label_eba_c86501" />
    <link:loc xlink:type="locator" xlink:href="d_06.00.a-rend.xml#eba_c86502" xlink:label="loc_eba_c86502" />
    <label:label xlink:type="resource" xlink:label="label_eba_c86502" xml:lang="en" xlink:role="http://www.eurofiling.info/xbrl/role/rc-code">0030</label:label>
    <gen:arc xlink:type="arc" xlink:arcrole="http://xbrl.org/arcrole/2008/element-label" xlink:from="loc_eba_c86502" xlink:to="label_eba_c86502" />
    <link:loc xlink:type="locator" xlink:href="d_06.00.a-rend.xml#eba_c86503" xlink:label="loc_eba_c86503" />
    <label:label xlink:type="resource" xlink:label="label_eba_c86503" xml:lang="en" xlink:role="http://www.eurofiling.info/xbrl/role/rc-code">0010</label:label>
    <gen:arc xlink:type="arc" xlink:arcrole="http://xbrl.org/arcrole/2008/element-label" xlink:from="loc_eba_c86503" xlink:to="label_eba_c86503" />
    <link:loc xlink:type="locator" xlink:href="d_06.00.a-rend.xml#eba_c86504" xlink:label="loc_eba_c86504" />
    <label:label xlink:type="resource" xlink:label="label_eba_c86504" xml:lang="en" xlink:role="http://www.eurofiling.info/xbrl/role/rc-code">0020</label:label>
    <gen:arc xlink:type="arc" xlink:arcrole="http://xbrl.org/arcrole/2008/element-label" xlink:from="loc_eba_c86504" xlink:to="label_eba_c86504" />
    <label:label xlink:type="resource" xlink:label="label_eba_tD_06.00.a_1" xml:lang="en" xlink:role="http://www.eurofiling.info/xbrl/role/filing-indicator-code">D_06.00</label:label>
    <gen:arc xlink:type="arc" xlink:arcrole="http://xbrl.org/arcrole/2008/element-label" xlink:from="loc_eba_tD_06.00.a" xlink:to="label_eba_tD_06.00.a_1" />
    <label:label xlink:type="resource" xlink:label="label_eba_tD_06.00.a_2" xml:lang="en" xlink:role="http://www.eba.europa.eu/xbrl/role/dpm-db-id">806.2303</label:label>
    <gen:arc xlink:type="arc" xlink:arcrole="http://xbrl.org/arcrole/2008/element-label" xlink:from="loc_eba_tD_06.00.a" xlink:to="label_eba_tD_06.00.a_2" />
    <label:label xlink:type="resource" xlink:label="label_eba_c86508_1" xml:lang="en" xlink:role="http://www.eba.europa.eu/xbrl/role/dpm-db-id">86508</label:label>
    <gen:arc xlink:type="arc" xlink:arcrole="http://xbrl.org/arcrole/2008/element-label" xlink:from="loc_eba_c86508" xlink:to="label_eba_c86508_1" />
    <label:label xlink:type="resource" xlink:label="label_eba_c86500_1" xml:lang="en" xlink:role="http://www.eba.europa.eu/xbrl/role/dpm-db-id">86500</label:label>
    <gen:arc xlink:type="arc" xlink:arcrole="http://xbrl.org/arcrole/2008/element-label" xlink:from="loc_eba_c86500" xlink:to="label_eba_c86500_1" />
    <label:label xlink:type="resource" xlink:label="label_eba_c86501_1" xml:lang="en" xlink:role="http://www.eba.europa.eu/xbrl/role/dpm-db-id">86501</label:label>
    <gen:arc xlink:type="arc" xlink:arcrole="http://xbrl.org/arcrole/2008/element-label" xlink:from="loc_eba_c86501" xlink:to="label_eba_c86501_1" />
    <label:label xlink:type="resource" xlink:label="label_eba_c86502_1" xml:lang="en" xlink:role="http://www.eba.europa.eu/xbrl/role/dpm-db-id">86502</label:label>
    <gen:arc xlink:type="arc" xlink:arcrole="http://xbrl.org/arcrole/2008/element-label" xlink:from="loc_eba_c86502" xlink:to="label_eba_c86502_1" />
    <label:label xlink:type="resource" xlink:label="label_eba_c86503_1" xml:lang="en" xlink:role="http://www.eba.europa.eu/xbrl/role/dpm-db-id">86503</label:label>
    <gen:arc xlink:type="arc" xlink:arcrole="http://xbrl.org/arcrole/2008/element-label" xlink:from="loc_eba_c86503" xlink:to="label_eba_c86503_1" />
    <label:label xlink:type="resource" xlink:label="label_eba_c86504_1" xml:lang="en" xlink:role="http://www.eba.europa.eu/xbrl/role/dpm-db-id">86504</label:label>
    <gen:arc xlink:type="arc" xlink:arcrole="http://xbrl.org/arcrole/2008/element-label" xlink:from="loc_eba_c86504" xlink:to="label_eba_c86504_1" />
  </gen:link>
</link:linkbase>