﻿<?xml version="1.0" encoding="utf-8"?>
<?taxonomy-version 1.0.0.0 ?>  <?taxonomy-set-overall-version 3.3.0.0 ?>
<!--(C) EBA-->
<link:linkbase xmlns:xsi="http://www.w3.org/2001/XMLSchema-instance" xmlns:xlink="http://www.w3.org/1999/xlink" xmlns:link="http://www.xbrl.org/2003/linkbase" xmlns:xbrldt="http://xbrl.org/2005/xbrldt" xsi:schemaLocation="http://www.xbrl.org/2003/linkbase http://www.xbrl.org/2003/xbrl-linkbase-2003-12-31.xsd http://xbrl.org/2005/xbrldt http://www.xbrl.org/2005/xbrldt-2005.xsd">
  <link:arcroleRef arcroleURI="http://xbrl.org/int/dim/arcrole/all" xlink:type="simple" xlink:href="http://www.xbrl.org/2005/xbrldt-2005.xsd#all" />
  <link:arcroleRef arcroleURI="http://xbrl.org/int/dim/arcrole/dimension-domain" xlink:type="simple" xlink:href="http://www.xbrl.org/2005/xbrldt-2005.xsd#dimension-domain" />
  <link:arcroleRef arcroleURI="http://xbrl.org/int/dim/arcrole/domain-member" xlink:type="simple" xlink:href="http://www.xbrl.org/2005/xbrldt-2005.xsd#domain-member" />
  <link:arcroleRef arcroleURI="http://xbrl.org/int/dim/arcrole/hypercube-dimension" xlink:type="simple" xlink:href="http://www.xbrl.org/2005/xbrldt-2005.xsd#hypercube-dimension" />
  <link:roleRef roleURI="http://www.eba.europa.eu/xbrl/crr/role/fws/PILLAR3/its-2021-637/2023-05-30/tab/K_06.00/1" xlink:type="simple" xlink:href="k_06.00.xsd#role1" />
  <link:roleRef roleURI="http://www.eba.europa.eu/xbrl/crr/role/fws/PILLAR3/its-2021-637/2023-05-30/tab/K_06.00/2" xlink:type="simple" xlink:href="k_06.00.xsd#role2" />
  <link:roleRef roleURI="http://www.eba.europa.eu/xbrl/crr/role/fws/PILLAR3/its-2021-637/2023-05-30/tab/K_06.00/3" xlink:type="simple" xlink:href="k_06.00.xsd#role3" />
  <link:roleRef roleURI="http://www.eba.europa.eu/xbrl/crr/role/fws/PILLAR3/its-2021-637/2023-05-30/tab/K_06.00/4" xlink:type="simple" xlink:href="k_06.00.xsd#role4" />
  <link:definitionLink xlink:type="extended" xlink:role="http://www.eba.europa.eu/xbrl/crr/role/fws/PILLAR3/its-2021-637/2023-05-30/tab/K_06.00/1">
    <link:loc xlink:type="locator" xlink:href="../../../../../../dict/met/met.xsd#eba_mi170" xlink:label="loc_eba_mi170" />
    <link:loc xlink:type="locator" xlink:href="http://www.eurofiling.info/eu/fr/xbrl/ext/model.xsd#hyp" xlink:label="loc_hyp" />
    <link:definitionArc xlink:type="arc" xlink:arcrole="http://xbrl.org/int/dim/arcrole/all" xlink:from="loc_eba_mi170" xlink:to="loc_hyp" xbrldt:closed="true" xbrldt:contextElement="scenario" order="1" />
    <link:loc xlink:type="locator" xlink:href="../../../../../../dict/dim/dim.xsd#eba_TCP" xlink:label="loc_eba_TCP" />
    <link:definitionArc xlink:type="arc" xlink:arcrole="http://xbrl.org/int/dim/arcrole/hypercube-dimension" xlink:from="loc_hyp" xlink:to="loc_eba_TCP" order="1" />
    <link:loc xlink:type="locator" xlink:href="../../../../../../dict/dom/exp.xsd#eba_CP" xlink:label="loc_eba_CP" />
    <link:definitionArc xlink:type="arc" xlink:arcrole="http://xbrl.org/int/dim/arcrole/dimension-domain" xlink:from="loc_eba_TCP" xlink:to="loc_eba_CP" xbrldt:usable="false" order="1" />
    <link:loc xlink:type="locator" xlink:href="../../../../../../dict/dom/cp/mem.xsd#eba_x47" xlink:label="loc_eba_x47" />
    <link:definitionArc xlink:type="arc" xlink:arcrole="http://xbrl.org/int/dim/arcrole/domain-member" xlink:from="loc_eba_CP" xlink:to="loc_eba_x47" order="1" />
    <link:loc xlink:type="locator" xlink:href="../../../../../../dict/dom/cp/mem.xsd#eba_x48" xlink:label="loc_eba_x48" />
    <link:definitionArc xlink:type="arc" xlink:arcrole="http://xbrl.org/int/dim/arcrole/domain-member" xlink:from="loc_eba_CP" xlink:to="loc_eba_x48" order="2" />
    <link:loc xlink:type="locator" xlink:href="../../../../../../dict/dim/dim.xsd#eba_TRI" xlink:label="loc_eba_TRI" />
    <link:definitionArc xlink:type="arc" xlink:arcrole="http://xbrl.org/int/dim/arcrole/hypercube-dimension" xlink:from="loc_hyp" xlink:to="loc_eba_TRI" order="2" />
    <link:loc xlink:type="locator" xlink:href="../../../../../../dict/dom/exp.xsd#eba_TR" xlink:label="loc_eba_TR" />
    <link:definitionArc xlink:type="arc" xlink:arcrole="http://xbrl.org/int/dim/arcrole/dimension-domain" xlink:from="loc_eba_TRI" xlink:to="loc_eba_TR" xbrldt:usable="false" order="1" />
    <link:loc xlink:type="locator" xlink:href="../../../../../../dict/dom/tr/mem.xsd#eba_x1" xlink:label="loc_eba_x1" />
    <link:definitionArc xlink:type="arc" xlink:arcrole="http://xbrl.org/int/dim/arcrole/domain-member" xlink:from="loc_eba_TR" xlink:to="loc_eba_x1" order="1" />
    <link:loc xlink:type="locator" xlink:href="../../../../../../dict/dim/dim.xsd#eba_PRP" xlink:label="loc_eba_PRP" />
    <link:definitionArc xlink:type="arc" xlink:arcrole="http://xbrl.org/int/dim/arcrole/hypercube-dimension" xlink:from="loc_hyp" xlink:to="loc_eba_PRP" order="3" />
    <link:loc xlink:type="locator" xlink:href="../../../../../../dict/dom/exp.xsd#eba_PL" xlink:label="loc_eba_PL" />
    <link:definitionArc xlink:type="arc" xlink:arcrole="http://xbrl.org/int/dim/arcrole/dimension-domain" xlink:from="loc_eba_PRP" xlink:to="loc_eba_PL" xbrldt:usable="false" order="1" />
    <link:loc xlink:type="locator" xlink:href="../../../../../../dict/dom/pl/mem.xsd#eba_x10" xlink:label="loc_eba_x10" />
    <link:definitionArc xlink:type="arc" xlink:arcrole="http://xbrl.org/int/dim/arcrole/domain-member" xlink:from="loc_eba_PL" xlink:to="loc_eba_x10" order="1" />
    <link:loc xlink:type="locator" xlink:href="../../../../../../dict/dim/dim.xsd#eba_BAS" xlink:label="loc_eba_BAS" />
    <link:definitionArc xlink:type="arc" xlink:arcrole="http://xbrl.org/int/dim/arcrole/hypercube-dimension" xlink:from="loc_hyp" xlink:to="loc_eba_BAS" order="4" />
    <link:loc xlink:type="locator" xlink:href="../../../../../../dict/dom/exp.xsd#eba_BA" xlink:label="loc_eba_BA" />
    <link:definitionArc xlink:type="arc" xlink:arcrole="http://xbrl.org/int/dim/arcrole/dimension-domain" xlink:from="loc_eba_BAS" xlink:to="loc_eba_BA" xbrldt:usable="false" order="1" />
    <link:loc xlink:type="locator" xlink:href="../../../../../../dict/dom/ba/mem.xsd#eba_x17" xlink:label="loc_eba_x17" />
    <link:definitionArc xlink:type="arc" xlink:arcrole="http://xbrl.org/int/dim/arcrole/domain-member" xlink:from="loc_eba_BA" xlink:to="loc_eba_x17" order="1" />
    <link:loc xlink:type="locator" xlink:href="../../../../../../dict/dim/dim.xsd#eba_MCY" xlink:label="loc_eba_MCY" />
    <link:definitionArc xlink:type="arc" xlink:arcrole="http://xbrl.org/int/dim/arcrole/hypercube-dimension" xlink:from="loc_hyp" xlink:to="loc_eba_MCY" order="5" />
    <link:loc xlink:type="locator" xlink:href="../../../../../../dict/dom/exp.xsd#eba_MC" xlink:label="loc_eba_MC" />
    <link:definitionArc xlink:type="arc" xlink:arcrole="http://xbrl.org/int/dim/arcrole/dimension-domain" xlink:from="loc_eba_MCY" xlink:to="loc_eba_MC" xbrldt:usable="false" order="1" />
    <link:loc xlink:type="locator" xlink:href="../../../../../../dict/dom/mc/mem.xsd#eba_x99" xlink:label="loc_eba_x99" />
    <link:definitionArc xlink:type="arc" xlink:arcrole="http://xbrl.org/int/dim/arcrole/domain-member" xlink:from="loc_eba_MC" xlink:to="loc_eba_x99" order="1" />
    <link:loc xlink:type="locator" xlink:href="../../../../../../dict/dim/dim.xsd#eba_MCB" xlink:label="loc_eba_MCB" />
    <link:definitionArc xlink:type="arc" xlink:arcrole="http://xbrl.org/int/dim/arcrole/hypercube-dimension" xlink:from="loc_hyp" xlink:to="loc_eba_MCB" xbrldt:targetRole="http://www.eba.europa.eu/xbrl/crr/role/fws/PILLAR3/its-2021-637/2023-05-30/tab/K_06.00/2" order="6" />
  </link:definitionLink>
  <link:definitionLink xlink:type="extended" xlink:role="http://www.eba.europa.eu/xbrl/crr/role/fws/PILLAR3/its-2021-637/2023-05-30/tab/K_06.00/2">
    <link:loc xlink:type="locator" xlink:href="../../../../../../dict/dim/dim.xsd#eba_MCB" xlink:label="loc_eba_MCB" />
    <link:loc xlink:type="locator" xlink:href="../../../../../../dict/dom/exp.xsd#eba_MC" xlink:label="loc_eba_MC" />
    <link:definitionArc xlink:type="arc" xlink:arcrole="http://xbrl.org/int/dim/arcrole/dimension-domain" xlink:from="loc_eba_MCB" xlink:to="loc_eba_MC" xbrldt:usable="false" order="1" />
    <link:loc xlink:type="locator" xlink:href="../../../../../../dict/dom/mc/mem.xsd#eba_x0" xlink:label="loc_eba_x0" />
    <link:definitionArc xlink:type="arc" xlink:arcrole="http://xbrl.org/int/dim/arcrole/domain-member" xlink:from="loc_eba_MC" xlink:to="loc_eba_x0" order="1" />
    <link:loc xlink:type="locator" xlink:href="../../../../../../dict/dom/mc/mem.xsd#eba_x1027" xlink:label="loc_eba_x1027" />
    <link:definitionArc xlink:type="arc" xlink:arcrole="http://xbrl.org/int/dim/arcrole/domain-member" xlink:from="loc_eba_MC" xlink:to="loc_eba_x1027" order="2" />
    <link:loc xlink:type="locator" xlink:href="../../../../../../dict/dom/mc/mem.xsd#eba_x1028" xlink:label="loc_eba_x1028" />
    <link:definitionArc xlink:type="arc" xlink:arcrole="http://xbrl.org/int/dim/arcrole/domain-member" xlink:from="loc_eba_MC" xlink:to="loc_eba_x1028" order="3" />
    <link:loc xlink:type="locator" xlink:href="../../../../../../dict/dom/mc/mem.xsd#eba_x169" xlink:label="loc_eba_x169" />
    <link:definitionArc xlink:type="arc" xlink:arcrole="http://xbrl.org/int/dim/arcrole/domain-member" xlink:from="loc_eba_MC" xlink:to="loc_eba_x169" order="4" />
    <link:loc xlink:type="locator" xlink:href="../../../../../../dict/dom/mc/mem.xsd#eba_x1030" xlink:label="loc_eba_x1030" />
    <link:definitionArc xlink:type="arc" xlink:arcrole="http://xbrl.org/int/dim/arcrole/domain-member" xlink:from="loc_eba_MC" xlink:to="loc_eba_x1030" order="5" />
    <link:loc xlink:type="locator" xlink:href="../../../../../../dict/dom/mc/mem.xsd#eba_x1031" xlink:label="loc_eba_x1031" />
    <link:definitionArc xlink:type="arc" xlink:arcrole="http://xbrl.org/int/dim/arcrole/domain-member" xlink:from="loc_eba_MC" xlink:to="loc_eba_x1031" order="6" />
  </link:definitionLink>
  <link:definitionLink xlink:type="extended" xlink:role="http://www.eba.europa.eu/xbrl/crr/role/fws/PILLAR3/its-2021-637/2023-05-30/tab/K_06.00/3">
    <link:loc xlink:type="locator" xlink:href="../../../../../../dict/met/met.xsd#eba_mi129" xlink:label="loc_eba_mi129" />
    <link:loc xlink:type="locator" xlink:href="http://www.eurofiling.info/eu/fr/xbrl/ext/model.xsd#hyp" xlink:label="loc_hyp" />
    <link:definitionArc xlink:type="arc" xlink:arcrole="http://xbrl.org/int/dim/arcrole/all" xlink:from="loc_eba_mi129" xlink:to="loc_hyp" xbrldt:closed="true" xbrldt:contextElement="scenario" order="1" />
    <link:loc xlink:type="locator" xlink:href="../../../../../../dict/dim/dim.xsd#eba_TCP" xlink:label="loc_eba_TCP" />
    <link:definitionArc xlink:type="arc" xlink:arcrole="http://xbrl.org/int/dim/arcrole/hypercube-dimension" xlink:from="loc_hyp" xlink:to="loc_eba_TCP" order="1" />
    <link:loc xlink:type="locator" xlink:href="../../../../../../dict/dom/exp.xsd#eba_CP" xlink:label="loc_eba_CP" />
    <link:definitionArc xlink:type="arc" xlink:arcrole="http://xbrl.org/int/dim/arcrole/dimension-domain" xlink:from="loc_eba_TCP" xlink:to="loc_eba_CP" xbrldt:usable="false" order="1" />
    <link:loc xlink:type="locator" xlink:href="../../../../../../dict/dom/cp/mem.xsd#eba_x47" xlink:label="loc_eba_x47" />
    <link:definitionArc xlink:type="arc" xlink:arcrole="http://xbrl.org/int/dim/arcrole/domain-member" xlink:from="loc_eba_CP" xlink:to="loc_eba_x47" order="1" />
    <link:loc xlink:type="locator" xlink:href="../../../../../../dict/dom/cp/mem.xsd#eba_x48" xlink:label="loc_eba_x48" />
    <link:definitionArc xlink:type="arc" xlink:arcrole="http://xbrl.org/int/dim/arcrole/domain-member" xlink:from="loc_eba_CP" xlink:to="loc_eba_x48" order="2" />
    <link:loc xlink:type="locator" xlink:href="../../../../../../dict/dim/dim.xsd#eba_TRI" xlink:label="loc_eba_TRI" />
    <link:definitionArc xlink:type="arc" xlink:arcrole="http://xbrl.org/int/dim/arcrole/hypercube-dimension" xlink:from="loc_hyp" xlink:to="loc_eba_TRI" order="2" />
    <link:loc xlink:type="locator" xlink:href="../../../../../../dict/dom/exp.xsd#eba_TR" xlink:label="loc_eba_TR" />
    <link:definitionArc xlink:type="arc" xlink:arcrole="http://xbrl.org/int/dim/arcrole/dimension-domain" xlink:from="loc_eba_TRI" xlink:to="loc_eba_TR" xbrldt:usable="false" order="1" />
    <link:loc xlink:type="locator" xlink:href="../../../../../../dict/dom/tr/mem.xsd#eba_x1" xlink:label="loc_eba_x1" />
    <link:definitionArc xlink:type="arc" xlink:arcrole="http://xbrl.org/int/dim/arcrole/domain-member" xlink:from="loc_eba_TR" xlink:to="loc_eba_x1" order="1" />
    <link:loc xlink:type="locator" xlink:href="../../../../../../dict/dim/dim.xsd#eba_PRP" xlink:label="loc_eba_PRP" />
    <link:definitionArc xlink:type="arc" xlink:arcrole="http://xbrl.org/int/dim/arcrole/hypercube-dimension" xlink:from="loc_hyp" xlink:to="loc_eba_PRP" order="3" />
    <link:loc xlink:type="locator" xlink:href="../../../../../../dict/dom/exp.xsd#eba_PL" xlink:label="loc_eba_PL" />
    <link:definitionArc xlink:type="arc" xlink:arcrole="http://xbrl.org/int/dim/arcrole/dimension-domain" xlink:from="loc_eba_PRP" xlink:to="loc_eba_PL" xbrldt:usable="false" order="1" />
    <link:loc xlink:type="locator" xlink:href="../../../../../../dict/dom/pl/mem.xsd#eba_x10" xlink:label="loc_eba_x10" />
    <link:definitionArc xlink:type="arc" xlink:arcrole="http://xbrl.org/int/dim/arcrole/domain-member" xlink:from="loc_eba_PL" xlink:to="loc_eba_x10" order="1" />
    <link:loc xlink:type="locator" xlink:href="../../../../../../dict/dim/dim.xsd#eba_BAS" xlink:label="loc_eba_BAS" />
    <link:definitionArc xlink:type="arc" xlink:arcrole="http://xbrl.org/int/dim/arcrole/hypercube-dimension" xlink:from="loc_hyp" xlink:to="loc_eba_BAS" order="4" />
    <link:loc xlink:type="locator" xlink:href="../../../../../../dict/dom/exp.xsd#eba_BA" xlink:label="loc_eba_BA" />
    <link:definitionArc xlink:type="arc" xlink:arcrole="http://xbrl.org/int/dim/arcrole/dimension-domain" xlink:from="loc_eba_BAS" xlink:to="loc_eba_BA" xbrldt:usable="false" order="1" />
    <link:loc xlink:type="locator" xlink:href="../../../../../../dict/dom/ba/mem.xsd#eba_x6" xlink:label="loc_eba_x6" />
    <link:definitionArc xlink:type="arc" xlink:arcrole="http://xbrl.org/int/dim/arcrole/domain-member" xlink:from="loc_eba_BA" xlink:to="loc_eba_x6" order="1" />
    <link:loc xlink:type="locator" xlink:href="../../../../../../dict/dom/ba/mem.xsd#eba_x7" xlink:label="loc_eba_x7" />
    <link:definitionArc xlink:type="arc" xlink:arcrole="http://xbrl.org/int/dim/arcrole/domain-member" xlink:from="loc_eba_BA" xlink:to="loc_eba_x7" order="2" />
    <link:loc xlink:type="locator" xlink:href="../../../../../../dict/dim/dim.xsd#eba_MCY" xlink:label="loc_eba_MCY" />
    <link:definitionArc xlink:type="arc" xlink:arcrole="http://xbrl.org/int/dim/arcrole/hypercube-dimension" xlink:from="loc_hyp" xlink:to="loc_eba_MCY" order="5" />
    <link:loc xlink:type="locator" xlink:href="../../../../../../dict/dom/exp.xsd#eba_MC" xlink:label="loc_eba_MC" />
    <link:definitionArc xlink:type="arc" xlink:arcrole="http://xbrl.org/int/dim/arcrole/dimension-domain" xlink:from="loc_eba_MCY" xlink:to="loc_eba_MC" xbrldt:usable="false" order="1" />
    <link:loc xlink:type="locator" xlink:href="../../../../../../dict/dom/mc/mem.xsd#eba_x99" xlink:label="loc_eba_x99" />
    <link:definitionArc xlink:type="arc" xlink:arcrole="http://xbrl.org/int/dim/arcrole/domain-member" xlink:from="loc_eba_MC" xlink:to="loc_eba_x99" order="1" />
    <link:loc xlink:type="locator" xlink:href="../../../../../../dict/dim/dim.xsd#eba_MCB" xlink:label="loc_eba_MCB" />
    <link:definitionArc xlink:type="arc" xlink:arcrole="http://xbrl.org/int/dim/arcrole/hypercube-dimension" xlink:from="loc_hyp" xlink:to="loc_eba_MCB" xbrldt:targetRole="http://www.eba.europa.eu/xbrl/crr/role/fws/PILLAR3/its-2021-637/2023-05-30/tab/K_06.00/4" order="6" />
  </link:definitionLink>
  <link:definitionLink xlink:type="extended" xlink:role="http://www.eba.europa.eu/xbrl/crr/role/fws/PILLAR3/its-2021-637/2023-05-30/tab/K_06.00/4">
    <link:loc xlink:type="locator" xlink:href="../../../../../../dict/dim/dim.xsd#eba_MCB" xlink:label="loc_eba_MCB" />
    <link:loc xlink:type="locator" xlink:href="../../../../../../dict/dom/exp.xsd#eba_MC" xlink:label="loc_eba_MC" />
    <link:definitionArc xlink:type="arc" xlink:arcrole="http://xbrl.org/int/dim/arcrole/dimension-domain" xlink:from="loc_eba_MCB" xlink:to="loc_eba_MC" xbrldt:usable="false" order="1" />
    <link:loc xlink:type="locator" xlink:href="../../../../../../dict/dom/mc/mem.xsd#eba_x0" xlink:label="loc_eba_x0" />
    <link:definitionArc xlink:type="arc" xlink:arcrole="http://xbrl.org/int/dim/arcrole/domain-member" xlink:from="loc_eba_MC" xlink:to="loc_eba_x0" order="1" />
  </link:definitionLink>
</link:linkbase>