{
    "documentInfo": {
        "documentType": "https://xbrl.org/CR/2021-02-03/xbrl-csv",
        "namespaces": {
            "eba": "http://www.eba.europa.eu",
            "eba_BA": "http://www.eba.europa.eu/xbrl/crr/dict/dom/BA",
            "eba_CT": "http://www.eba.europa.eu/xbrl/crr/dict/dom/CT",
            "eba_IS": "http://www.eba.europa.eu/xbrl/crr/dict/dom/IS",
            "eba_MC": "http://www.eba.europa.eu/xbrl/crr/dict/dom/MC",
            "eba_NC": "http://www.eba.europa.eu/xbrl/crr/dict/dom/NC",
            "eba_PL": "http://www.eba.europa.eu/xbrl/crr/dict/dom/PL",
            "eba_RF": "http://www.eba.europa.eu/xbrl/crr/dict/dom/RF",
            "eba_TA": "http://www.eba.europa.eu/xbrl/crr/dict/dom/TA",
            "eba_ZZ": "http://www.eba.europa.eu/xbrl/crr/dict/dom/ZZ",
            "eba_dim": "http://www.eba.europa.eu/xbrl/crr/dict/dim",
            "eba_met": "http://www.eba.europa.eu/xbrl/crr/dict/met"
        }
    },
    "tableTemplates": {
        "D_03-01": {
            "columns": {
                "ALG": {},
                "IEA": {},
                "NAC": {},
                "datapoint": {
                    "propertyGroups": {
                        "dp470595": {
                            "decimals": "$decimalsMonetary",
                            "dimensions": {
                                "concept": "eba_met:mi136",
                                "eba_dim:APL": "eba_PL:x772",
                                "eba_dim:BAS": "eba_BA:x6",
                                "eba_dim:CPS": "eba_CT:x20",
                                "eba_dim:MCY": "eba_MC:x143",
                                "unit": "$baseCurrency"
                            },
                            "eba:documentation": {
                                "CellCode": "{D 03.01, r999, c0030}",
                                "DataPointVersionId": "470595"
                            }
                        },
                        "dp470597": {
                            "decimals": "$decimalsDecimal",
                            "dimensions": {
                                "concept": "eba_met:ri956",
                                "eba_dim:BAS": "eba_BA:x6",
                                "eba_dim:MCY": "eba_MC:x1276",
                                "eba_dim:REF": "eba_RF:x118",
                                "eba_dim:TYA": "eba_TA:x158"
                            },
                            "eba:documentation": {
                                "CellCode": "{D 03.01, r999, c0050}",
                                "DataPointVersionId": "470597"
                            }
                        },
                        "dp470598": {
                            "decimals": "$decimalsDecimal",
                            "dimensions": {
                                "concept": "eba_met:ri956",
                                "eba_dim:BAS": "eba_BA:x6",
                                "eba_dim:MCY": "eba_MC:x1276",
                                "eba_dim:REF": "eba_RF:x119",
                                "eba_dim:TYA": "eba_TA:x158"
                            },
                            "eba:documentation": {
                                "CellCode": "{D 03.01, r999, c0070}",
                                "DataPointVersionId": "470598"
                            }
                        },
                        "dp470601": {
                            "decimals": "$decimalsPercentage",
                            "dimensions": {
                                "concept": "eba_met:pi957",
                                "eba_dim:BAS": "eba_BA:x17",
                                "eba_dim:MCY": "eba_MC:x1277"
                            },
                            "eba:documentation": {
                                "CellCode": "{D 03.01, r999, c0060}",
                                "DataPointVersionId": "470601"
                            }
                        }
                    }
                },
                "factValue": {
                    "dimensions": {
                        "eba_dim:ALG": "$ALG",
                        "eba_dim:IEA": "$IEA",
                        "eba_dim:NAC": "$NAC"
                    },
                    "propertiesFrom": [
                        "datapoint"
                    ]
                }
            }
        }
    }
}