<?xml version="1.0" encoding="UTF-8"?>
<!--
*******************************************************************************************
Copyright © 2022 Comisión para el Mercado Financiero de Chile (CMF) 
This material is copyright of the CMF Chile and all rights are reserved. 
No part of this material may be translated, reprinted, reproduced or utilised in 
any form or manner that is not expressly permitted by the CMF Chile 
IP Policy see: http://www.cmfchile.cl/sitio/pop/politica.html
*******************************************************************************************
-->
<!-- Generated with Reporting Standard S.L. XBRL Taxonomy builder version 3.7.1.1364 - http://www.reportingstandard.com -->
<link:linkbase xmlns:link="http://www.xbrl.org/2003/linkbase" xmlns:xsi="http://www.w3.org/2001/XMLSchema-instance" xmlns:xlink="http://www.w3.org/1999/xlink" xmlns:ref="http://www.xbrl.org/2006/ref" xsi:schemaLocation="http://www.xbrl.org/2006/ref http://www.xbrl.org/2006/ref-2006-02-27.xsd">
  <link:referenceLink xlink:type="extended" xlink:role="http://www.xbrl.org/2003/role/link">
    <link:loc xlink:type="locator" xlink:href="cl-ci_cor_2022-01-03.xsd#cl-ci_AjustesParticipacionesNoControladoras" xlink:label="lbl12912"/>
    <link:reference xlink:type="resource" xlink:role="http://www.xbrl.org/2003/role/presentationRef" xlink:label="lbl12789" id="id6969">
      <ref:Name>IAS</ref:Name>
      <ref:Number>7</ref:Number>
      <ref:Paragraph>20</ref:Paragraph>
      <ref:Subparagraph>b</ref:Subparagraph>
      <ref:IssueDate>2011-01-01</ref:IssueDate>
    </link:reference>
    <link:referenceArc xlink:type="arc" xlink:arcrole="http://www.xbrl.org/2003/arcrole/concept-reference" xlink:to="lbl12789" xlink:from="lbl12912"/>
    <link:loc xlink:type="locator" xlink:href="cl-ci_cor_2022-01-03.xsd#cl-ci_CobrosEntidadesRelacionadasActividadesInversion" xlink:label="lbl12913"/>
    <link:reference xlink:type="resource" xlink:role="http://www.xbrl.org/2003/role/presentationRef" xlink:label="lbl12790" id="id6970">
      <ref:Name>IAS</ref:Name>
      <ref:Number>7</ref:Number>
      <ref:Paragraph>16</ref:Paragraph>
      <ref:Subparagraph>f</ref:Subparagraph>
      <ref:IssueDate>2011-01-01</ref:IssueDate>
    </link:reference>
    <link:referenceArc xlink:type="arc" xlink:arcrole="http://www.xbrl.org/2003/arcrole/concept-reference" xlink:to="lbl12790" xlink:from="lbl12913"/>
    <link:loc xlink:type="locator" xlink:href="cl-ci_cor_2022-01-03.xsd#cl-ci_CuentasCobrarEntidadesRelacionadas" xlink:label="lbl12914"/>
    <link:reference xlink:type="resource" xlink:role="http://www.xbrl.org/2003/role/presentationRef" xlink:label="lbl12791" id="id6971">
      <ref:Name>IAS</ref:Name>
      <ref:Number>1</ref:Number>
      <ref:Paragraph>78</ref:Paragraph>
      <ref:Subparagraph>b</ref:Subparagraph>
      <ref:IssueDate>2011-01-01</ref:IssueDate>
    </link:reference>
    <link:referenceArc xlink:type="arc" xlink:arcrole="http://www.xbrl.org/2003/arcrole/concept-reference" xlink:to="lbl12791" xlink:from="lbl12914"/>
    <link:loc xlink:type="locator" xlink:href="cl-ci_cor_2022-01-03.xsd#cl-ci_CuentasCobrarEntidadesRelacionadasCorrientes" xlink:label="lbl12915"/>
    <link:reference xlink:type="resource" xlink:role="http://www.xbrl.org/2003/role/presentationRef" xlink:label="lbl12792" id="id6972">
      <ref:Name>IAS</ref:Name>
      <ref:Number>1</ref:Number>
      <ref:Paragraph>78</ref:Paragraph>
      <ref:Subparagraph>b</ref:Subparagraph>
      <ref:IssueDate>2011-01-01</ref:IssueDate>
    </link:reference>
    <link:referenceArc xlink:type="arc" xlink:arcrole="http://www.xbrl.org/2003/arcrole/concept-reference" xlink:to="lbl12792" xlink:from="lbl12915"/>
    <link:loc xlink:type="locator" xlink:href="cl-ci_cor_2022-01-03.xsd#cl-ci_CuentasCobrarEntidadesRelacionadasNoCorrientes" xlink:label="lbl12916"/>
    <link:reference xlink:type="resource" xlink:role="http://www.xbrl.org/2003/role/presentationRef" xlink:label="lbl12793" id="id6973">
      <ref:Name>IAS</ref:Name>
      <ref:Number>1</ref:Number>
      <ref:Paragraph>78</ref:Paragraph>
      <ref:Subparagraph>b</ref:Subparagraph>
      <ref:IssueDate>2011-01-01</ref:IssueDate>
    </link:reference>
    <link:referenceArc xlink:type="arc" xlink:arcrole="http://www.xbrl.org/2003/arcrole/concept-reference" xlink:to="lbl12793" xlink:from="lbl12916"/>
    <link:loc xlink:type="locator" xlink:href="cl-ci_cor_2022-01-03.xsd#cl-ci_CuentasPagarEntidadesRelacionadas" xlink:label="lbl12917"/>
    <link:reference xlink:type="resource" xlink:role="http://www.xbrl.org/2003/role/presentationRef" xlink:label="lbl12794" id="id6974">
      <ref:Name>IAS</ref:Name>
      <ref:Number>1</ref:Number>
      <ref:Paragraph>78</ref:Paragraph>
      <ref:Subparagraph>b</ref:Subparagraph>
      <ref:IssueDate>2011-01-01</ref:IssueDate>
    </link:reference>
    <link:referenceArc xlink:type="arc" xlink:arcrole="http://www.xbrl.org/2003/arcrole/concept-reference" xlink:to="lbl12794" xlink:from="lbl12917"/>
    <link:loc xlink:type="locator" xlink:href="cl-ci_cor_2022-01-03.xsd#cl-ci_CuentasPagarEntidadesRelacionadasCorrientes" xlink:label="lbl12918"/>
    <link:reference xlink:type="resource" xlink:role="http://www.xbrl.org/2003/role/presentationRef" xlink:label="lbl12795" id="id6975">
      <ref:Name>IAS</ref:Name>
      <ref:Number>1</ref:Number>
      <ref:Paragraph>78</ref:Paragraph>
      <ref:Subparagraph>b</ref:Subparagraph>
      <ref:IssueDate>2011-01-01</ref:IssueDate>
    </link:reference>
    <link:referenceArc xlink:type="arc" xlink:arcrole="http://www.xbrl.org/2003/arcrole/concept-reference" xlink:to="lbl12795" xlink:from="lbl12918"/>
    <link:loc xlink:type="locator" xlink:href="cl-ci_cor_2022-01-03.xsd#cl-ci_CuentasPagarEntidadesRelacionadasNoCorrientes" xlink:label="lbl12919"/>
    <link:reference xlink:type="resource" xlink:role="http://www.xbrl.org/2003/role/presentationRef" xlink:label="lbl12796" id="id6976">
      <ref:Name>IAS</ref:Name>
      <ref:Number>1</ref:Number>
      <ref:Paragraph>78</ref:Paragraph>
      <ref:Subparagraph>b</ref:Subparagraph>
      <ref:IssueDate>2011-01-01</ref:IssueDate>
    </link:reference>
    <link:referenceArc xlink:type="arc" xlink:arcrole="http://www.xbrl.org/2003/arcrole/concept-reference" xlink:to="lbl12796" xlink:from="lbl12919"/>
    <link:loc xlink:type="locator" xlink:href="http://xbrl.ifrs.org/taxonomy/2021-03-24/full_ifrs/full_ifrs-cor_2021-03-24.xsd#ifrs-full_GainsLossesOnExchangeDifferencesOnTranslationRecognisedInProfitOrLoss" xlink:label="lbl12920"/>
    <link:reference xlink:type="resource" xlink:role="http://www.xbrl.org/2003/role/presentationRef" xlink:label="lbl12797" id="id6977">
      <ref:Name>IAS</ref:Name>
      <ref:Number>1</ref:Number>
      <ref:Paragraph>85</ref:Paragraph>
      <ref:IssueDate>2011-01-01</ref:IssueDate>
    </link:reference>
    <link:referenceArc xlink:type="arc" xlink:arcrole="http://www.xbrl.org/2003/arcrole/concept-reference" xlink:to="lbl12797" xlink:from="lbl12920"/>
    <link:loc xlink:type="locator" xlink:href="cl-ci_cor_2022-01-03.xsd#cl-ci_Dividendos" xlink:label="lbl12921"/>
    <link:reference xlink:type="resource" xlink:role="http://www.xbrl.org/2003/role/presentationRef" xlink:label="lbl12798" id="id6978">
      <ref:Name>IAS</ref:Name>
      <ref:Number>1</ref:Number>
      <ref:Paragraph>107</ref:Paragraph>
      <ref:IssueDate>2011-01-01</ref:IssueDate>
    </link:reference>
    <link:referenceArc xlink:type="arc" xlink:arcrole="http://www.xbrl.org/2003/arcrole/concept-reference" xlink:to="lbl12798" xlink:from="lbl12921"/>
    <link:loc xlink:type="locator" xlink:href="cl-ci_cor_2022-01-03.xsd#cl-ci_EmisionesDeudaEje" xlink:label="lbl12922"/>
    <link:reference xlink:type="resource" xlink:role="http://www.xbrl.org/2003/role/presentationRef" xlink:label="lbl12799" id="id6979">
      <ref:Name>OFC</ref:Name>
      <ref:Number>595</ref:Number>
      <ref:Paragraph>2</ref:Paragraph>
      <ref:IssueDate>2010-04-08</ref:IssueDate>
    </link:reference>
    <link:referenceArc xlink:type="arc" xlink:arcrole="http://www.xbrl.org/2003/arcrole/concept-reference" xlink:to="lbl12799" xlink:from="lbl12922"/>
    <link:loc xlink:type="locator" xlink:href="cl-ci_cor_2022-01-03.xsd#cl-ci_FechaVencimiento" xlink:label="lbl12923"/>
    <link:reference xlink:type="resource" xlink:role="http://www.xbrl.org/2003/role/presentationRef" xlink:label="lbl12800" id="id6980">
      <ref:Name>OFC</ref:Name>
      <ref:Number>595</ref:Number>
      <ref:Paragraph>2</ref:Paragraph>
      <ref:IssueDate>2010-04-08</ref:IssueDate>
    </link:reference>
    <link:referenceArc xlink:type="arc" xlink:arcrole="http://www.xbrl.org/2003/arcrole/concept-reference" xlink:to="lbl12800" xlink:from="lbl12923"/>
    <link:loc xlink:type="locator" xlink:href="cl-ci_cor_2022-01-03.xsd#cl-ci_FlujosEfectivoUtilizadosCompraParticipacionesNoControladorasActividadesInversion" xlink:label="lbl12924"/>
    <link:reference xlink:type="resource" xlink:role="http://www.xbrl.org/2003/role/presentationRef" xlink:label="lbl12801" id="id6981">
      <ref:Name>IAS</ref:Name>
      <ref:Number>7</ref:Number>
      <ref:Paragraph>21</ref:Paragraph>
      <ref:IssueDate>2011-01-01</ref:IssueDate>
    </link:reference>
    <link:referenceArc xlink:type="arc" xlink:arcrole="http://www.xbrl.org/2003/arcrole/concept-reference" xlink:to="lbl12801" xlink:from="lbl12924"/>
    <link:loc xlink:type="locator" xlink:href="cl-ci_cor_2022-01-03.xsd#cl-ci_GananciaPerdidaAcumuladaMember" xlink:label="lbl12925"/>
    <link:reference xlink:type="resource" xlink:role="http://www.xbrl.org/2003/role/presentationRef" xlink:label="lbl12802" id="id6982">
      <ref:Name>IAS</ref:Name>
      <ref:Number>1</ref:Number>
      <ref:Paragraph>106</ref:Paragraph>
      <ref:IssueDate>2011-01-01</ref:IssueDate>
    </link:reference>
    <link:referenceArc xlink:type="arc" xlink:arcrole="http://www.xbrl.org/2003/arcrole/concept-reference" xlink:to="lbl12802" xlink:from="lbl12925"/>
    <link:loc xlink:type="locator" xlink:href="cl-ci_cor_2022-01-03.xsd#cl-ci_Hasta90DiasLeasingContable" xlink:label="lbl12926"/>
    <link:reference xlink:type="resource" xlink:role="http://www.xbrl.org/2003/role/presentationRef" xlink:label="lbl12803" id="id6983">
      <ref:Name>OFC</ref:Name>
      <ref:Number>595</ref:Number>
      <ref:Paragraph>2</ref:Paragraph>
      <ref:IssueDate>2010-04-08</ref:IssueDate>
    </link:reference>
    <link:referenceArc xlink:type="arc" xlink:arcrole="http://www.xbrl.org/2003/arcrole/concept-reference" xlink:to="lbl12803" xlink:from="lbl12926"/>
    <link:loc xlink:type="locator" xlink:href="cl-ci_cor_2022-01-03.xsd#cl-ci_Hasta90DiasLeasingNominales" xlink:label="lbl12927"/>
    <link:reference xlink:type="resource" xlink:role="http://www.xbrl.org/2003/role/presentationRef" xlink:label="lbl12804" id="id6984">
      <ref:Name>OFC</ref:Name>
      <ref:Number>595</ref:Number>
      <ref:Paragraph>2</ref:Paragraph>
      <ref:IssueDate>2010-04-08</ref:IssueDate>
    </link:reference>
    <link:referenceArc xlink:type="arc" xlink:arcrole="http://www.xbrl.org/2003/arcrole/concept-reference" xlink:to="lbl12804" xlink:from="lbl12927"/>
    <link:loc xlink:type="locator" xlink:href="cl-ci_cor_2022-01-03.xsd#cl-ci_Hasta90DiasObligacionesPublicoContable" xlink:label="lbl12928"/>
    <link:reference xlink:type="resource" xlink:role="http://www.xbrl.org/2003/role/presentationRef" xlink:label="lbl12805" id="id6985">
      <ref:Name>OFC</ref:Name>
      <ref:Number>595</ref:Number>
      <ref:Paragraph>2</ref:Paragraph>
      <ref:IssueDate>2010-04-08</ref:IssueDate>
    </link:reference>
    <link:referenceArc xlink:type="arc" xlink:arcrole="http://www.xbrl.org/2003/arcrole/concept-reference" xlink:to="lbl12805" xlink:from="lbl12928"/>
    <link:loc xlink:type="locator" xlink:href="cl-ci_cor_2022-01-03.xsd#cl-ci_Hasta90DiasObligacionesPublicoNominales" xlink:label="lbl12929"/>
    <link:reference xlink:type="resource" xlink:role="http://www.xbrl.org/2003/role/presentationRef" xlink:label="lbl12806" id="id6986">
      <ref:Name>OFC</ref:Name>
      <ref:Number>595</ref:Number>
      <ref:Paragraph>2</ref:Paragraph>
      <ref:IssueDate>2010-04-08</ref:IssueDate>
    </link:reference>
    <link:referenceArc xlink:type="arc" xlink:arcrole="http://www.xbrl.org/2003/arcrole/concept-reference" xlink:to="lbl12806" xlink:from="lbl12929"/>
    <link:loc xlink:type="locator" xlink:href="cl-ci_cor_2022-01-03.xsd#cl-ci_Hasta90DiasPrestamosContable" xlink:label="lbl12930"/>
    <link:reference xlink:type="resource" xlink:role="http://www.xbrl.org/2003/role/presentationRef" xlink:label="lbl12807" id="id6987">
      <ref:Name>OFC</ref:Name>
      <ref:Number>595</ref:Number>
      <ref:Paragraph>2</ref:Paragraph>
      <ref:IssueDate>2010-04-08</ref:IssueDate>
    </link:reference>
    <link:referenceArc xlink:type="arc" xlink:arcrole="http://www.xbrl.org/2003/arcrole/concept-reference" xlink:to="lbl12807" xlink:from="lbl12930"/>
    <link:loc xlink:type="locator" xlink:href="cl-ci_cor_2022-01-03.xsd#cl-ci_Hasta90DiasPrestamosNominales" xlink:label="lbl12931"/>
    <link:reference xlink:type="resource" xlink:role="http://www.xbrl.org/2003/role/presentationRef" xlink:label="lbl12808" id="id6988">
      <ref:Name>OFC</ref:Name>
      <ref:Number>595</ref:Number>
      <ref:Paragraph>2</ref:Paragraph>
      <ref:IssueDate>2010-04-08</ref:IssueDate>
    </link:reference>
    <link:referenceArc xlink:type="arc" xlink:arcrole="http://www.xbrl.org/2003/arcrole/concept-reference" xlink:to="lbl12808" xlink:from="lbl12931"/>
    <link:loc xlink:type="locator" xlink:href="cl-ci_cor_2022-01-03.xsd#cl-ci_ImportesPrestamosCortoPlazoActividadesFinanciacion" xlink:label="lbl12932"/>
    <link:reference xlink:type="resource" xlink:role="http://www.xbrl.org/2003/role/presentationRef" xlink:label="lbl12809" id="id6989">
      <ref:Name>IAS</ref:Name>
      <ref:Number>7</ref:Number>
      <ref:Paragraph>17</ref:Paragraph>
      <ref:Subparagraph>c</ref:Subparagraph>
      <ref:IssueDate>2011-01-01</ref:IssueDate>
    </link:reference>
    <link:referenceArc xlink:type="arc" xlink:arcrole="http://www.xbrl.org/2003/arcrole/concept-reference" xlink:to="lbl12809" xlink:from="lbl12932"/>
    <link:loc xlink:type="locator" xlink:href="cl-ci_cor_2022-01-03.xsd#cl-ci_ImportesPrestamosLargoPlazoActividadesFinanciacion" xlink:label="lbl12933"/>
    <link:reference xlink:type="resource" xlink:role="http://www.xbrl.org/2003/role/presentationRef" xlink:label="lbl12810" id="id6990">
      <ref:Name>IAS</ref:Name>
      <ref:Number>7</ref:Number>
      <ref:Paragraph>17</ref:Paragraph>
      <ref:Subparagraph>c</ref:Subparagraph>
      <ref:IssueDate>2011-01-01</ref:IssueDate>
    </link:reference>
    <link:referenceArc xlink:type="arc" xlink:arcrole="http://www.xbrl.org/2003/arcrole/concept-reference" xlink:to="lbl12810" xlink:from="lbl12933"/>
    <link:loc xlink:type="locator" xlink:href="cl-ci_cor_2022-01-03.xsd#cl-ci_InformacionAdicionalRevelarSobreInstrumentosFinancierosBloqueTexto" xlink:label="lbl12934"/>
    <link:reference xlink:type="resource" xlink:role="http://www.xbrl.org/2003/role/presentationRef" xlink:label="lbl12811" id="id6991">
      <ref:Name>OFC</ref:Name>
      <ref:Number>595</ref:Number>
      <ref:Paragraph>2</ref:Paragraph>
      <ref:IssueDate>2010-04-08</ref:IssueDate>
    </link:reference>
    <link:referenceArc xlink:type="arc" xlink:arcrole="http://www.xbrl.org/2003/arcrole/concept-reference" xlink:to="lbl12811" xlink:from="lbl12934"/>
    <link:loc xlink:type="locator" xlink:href="cl-ci_cor_2022-01-03.xsd#cl-ci_LeasingEje" xlink:label="lbl12935"/>
    <link:reference xlink:type="resource" xlink:role="http://www.xbrl.org/2003/role/presentationRef" xlink:label="lbl12812" id="id6992">
      <ref:Name>OFC</ref:Name>
      <ref:Number>595</ref:Number>
      <ref:Paragraph>2</ref:Paragraph>
      <ref:IssueDate>2010-04-08</ref:IssueDate>
    </link:reference>
    <link:referenceArc xlink:type="arc" xlink:arcrole="http://www.xbrl.org/2003/arcrole/concept-reference" xlink:to="lbl12812" xlink:from="lbl12935"/>
    <link:loc xlink:type="locator" xlink:href="cl-ci_cor_2022-01-03.xsd#cl-ci_MasDe1AñoHasta3AñosLeasingContable" xlink:label="lbl12936"/>
    <link:reference xlink:type="resource" xlink:role="http://www.xbrl.org/2003/role/presentationRef" xlink:label="lbl12813" id="id6993">
      <ref:Name>OFC</ref:Name>
      <ref:Number>595</ref:Number>
      <ref:Paragraph>2</ref:Paragraph>
      <ref:IssueDate>2010-04-08</ref:IssueDate>
    </link:reference>
    <link:referenceArc xlink:type="arc" xlink:arcrole="http://www.xbrl.org/2003/arcrole/concept-reference" xlink:to="lbl12813" xlink:from="lbl12936"/>
    <link:loc xlink:type="locator" xlink:href="cl-ci_cor_2022-01-03.xsd#cl-ci_MasDe1AñoHasta3AñosLeasingNominales" xlink:label="lbl12937"/>
    <link:reference xlink:type="resource" xlink:role="http://www.xbrl.org/2003/role/presentationRef" xlink:label="lbl12814" id="id6994">
      <ref:Name>OFC</ref:Name>
      <ref:Number>595</ref:Number>
      <ref:Paragraph>2</ref:Paragraph>
      <ref:IssueDate>2010-04-08</ref:IssueDate>
    </link:reference>
    <link:referenceArc xlink:type="arc" xlink:arcrole="http://www.xbrl.org/2003/arcrole/concept-reference" xlink:to="lbl12814" xlink:from="lbl12937"/>
    <link:loc xlink:type="locator" xlink:href="cl-ci_cor_2022-01-03.xsd#cl-ci_MasDe1AñoHasta3AñosObligacionesPublicoContable" xlink:label="lbl12938"/>
    <link:reference xlink:type="resource" xlink:role="http://www.xbrl.org/2003/role/presentationRef" xlink:label="lbl12815" id="id6995">
      <ref:Name>OFC</ref:Name>
      <ref:Number>595</ref:Number>
      <ref:Paragraph>2</ref:Paragraph>
      <ref:IssueDate>2010-04-08</ref:IssueDate>
    </link:reference>
    <link:referenceArc xlink:type="arc" xlink:arcrole="http://www.xbrl.org/2003/arcrole/concept-reference" xlink:to="lbl12815" xlink:from="lbl12938"/>
    <link:loc xlink:type="locator" xlink:href="cl-ci_cor_2022-01-03.xsd#cl-ci_MasDe1AñoHasta3AñosObligacionesPublicoNominales" xlink:label="lbl12939"/>
    <link:reference xlink:type="resource" xlink:role="http://www.xbrl.org/2003/role/presentationRef" xlink:label="lbl12816" id="id6996">
      <ref:Name>OFC</ref:Name>
      <ref:Number>595</ref:Number>
      <ref:Paragraph>2</ref:Paragraph>
      <ref:IssueDate>2010-04-08</ref:IssueDate>
    </link:reference>
    <link:referenceArc xlink:type="arc" xlink:arcrole="http://www.xbrl.org/2003/arcrole/concept-reference" xlink:to="lbl12816" xlink:from="lbl12939"/>
    <link:loc xlink:type="locator" xlink:href="cl-ci_cor_2022-01-03.xsd#cl-ci_MasDe1AñoHasta3AñosPrestamosContable" xlink:label="lbl12940"/>
    <link:reference xlink:type="resource" xlink:role="http://www.xbrl.org/2003/role/presentationRef" xlink:label="lbl12817" id="id6997">
      <ref:Name>OFC</ref:Name>
      <ref:Number>595</ref:Number>
      <ref:Paragraph>2</ref:Paragraph>
      <ref:IssueDate>2010-04-08</ref:IssueDate>
    </link:reference>
    <link:referenceArc xlink:type="arc" xlink:arcrole="http://www.xbrl.org/2003/arcrole/concept-reference" xlink:to="lbl12817" xlink:from="lbl12940"/>
    <link:loc xlink:type="locator" xlink:href="cl-ci_cor_2022-01-03.xsd#cl-ci_MasDe1AñoHasta3AñosPrestamosNominales" xlink:label="lbl12941"/>
    <link:reference xlink:type="resource" xlink:role="http://www.xbrl.org/2003/role/presentationRef" xlink:label="lbl12818" id="id6998">
      <ref:Name>OFC</ref:Name>
      <ref:Number>595</ref:Number>
      <ref:Paragraph>2</ref:Paragraph>
      <ref:IssueDate>2010-04-08</ref:IssueDate>
    </link:reference>
    <link:referenceArc xlink:type="arc" xlink:arcrole="http://www.xbrl.org/2003/arcrole/concept-reference" xlink:to="lbl12818" xlink:from="lbl12941"/>
    <link:loc xlink:type="locator" xlink:href="cl-ci_cor_2022-01-03.xsd#cl-ci_MasDe3AñosHasta5AñosLeasingContable" xlink:label="lbl12942"/>
    <link:reference xlink:type="resource" xlink:role="http://www.xbrl.org/2003/role/presentationRef" xlink:label="lbl12819" id="id6999">
      <ref:Name>OFC</ref:Name>
      <ref:Number>595</ref:Number>
      <ref:Paragraph>2</ref:Paragraph>
      <ref:IssueDate>2010-04-08</ref:IssueDate>
    </link:reference>
    <link:referenceArc xlink:type="arc" xlink:arcrole="http://www.xbrl.org/2003/arcrole/concept-reference" xlink:to="lbl12819" xlink:from="lbl12942"/>
    <link:loc xlink:type="locator" xlink:href="cl-ci_cor_2022-01-03.xsd#cl-ci_MasDe3AñosHasta5AñosLeasingNominales" xlink:label="lbl12943"/>
    <link:reference xlink:type="resource" xlink:role="http://www.xbrl.org/2003/role/presentationRef" xlink:label="lbl12820" id="id7000">
      <ref:Name>OFC</ref:Name>
      <ref:Number>595</ref:Number>
      <ref:Paragraph>2</ref:Paragraph>
      <ref:IssueDate>2010-04-08</ref:IssueDate>
    </link:reference>
    <link:referenceArc xlink:type="arc" xlink:arcrole="http://www.xbrl.org/2003/arcrole/concept-reference" xlink:to="lbl12820" xlink:from="lbl12943"/>
    <link:loc xlink:type="locator" xlink:href="cl-ci_cor_2022-01-03.xsd#cl-ci_MasDe3AñosHasta5AñosObligacionesPublicoContable" xlink:label="lbl12944"/>
    <link:reference xlink:type="resource" xlink:role="http://www.xbrl.org/2003/role/presentationRef" xlink:label="lbl12821" id="id7001">
      <ref:Name>OFC</ref:Name>
      <ref:Number>595</ref:Number>
      <ref:Paragraph>2</ref:Paragraph>
      <ref:IssueDate>2010-04-08</ref:IssueDate>
    </link:reference>
    <link:referenceArc xlink:type="arc" xlink:arcrole="http://www.xbrl.org/2003/arcrole/concept-reference" xlink:to="lbl12821" xlink:from="lbl12944"/>
    <link:loc xlink:type="locator" xlink:href="cl-ci_cor_2022-01-03.xsd#cl-ci_MasDe3AñosHasta5AñosObligacionesPublicoNominales" xlink:label="lbl12945"/>
    <link:reference xlink:type="resource" xlink:role="http://www.xbrl.org/2003/role/presentationRef" xlink:label="lbl12822" id="id7002">
      <ref:Name>OFC</ref:Name>
      <ref:Number>595</ref:Number>
      <ref:Paragraph>2</ref:Paragraph>
      <ref:IssueDate>2010-04-08</ref:IssueDate>
    </link:reference>
    <link:referenceArc xlink:type="arc" xlink:arcrole="http://www.xbrl.org/2003/arcrole/concept-reference" xlink:to="lbl12822" xlink:from="lbl12945"/>
    <link:loc xlink:type="locator" xlink:href="cl-ci_cor_2022-01-03.xsd#cl-ci_MasDe3AñosHasta5AñosPrestamosContable" xlink:label="lbl12946"/>
    <link:reference xlink:type="resource" xlink:role="http://www.xbrl.org/2003/role/presentationRef" xlink:label="lbl12823" id="id7003">
      <ref:Name>OFC</ref:Name>
      <ref:Number>595</ref:Number>
      <ref:Paragraph>2</ref:Paragraph>
      <ref:IssueDate>2010-04-08</ref:IssueDate>
    </link:reference>
    <link:referenceArc xlink:type="arc" xlink:arcrole="http://www.xbrl.org/2003/arcrole/concept-reference" xlink:to="lbl12823" xlink:from="lbl12946"/>
    <link:loc xlink:type="locator" xlink:href="cl-ci_cor_2022-01-03.xsd#cl-ci_MasDe3AñosHasta5AñosPrestamosNominales" xlink:label="lbl12947"/>
    <link:reference xlink:type="resource" xlink:role="http://www.xbrl.org/2003/role/presentationRef" xlink:label="lbl12824" id="id7004">
      <ref:Name>OFC</ref:Name>
      <ref:Number>595</ref:Number>
      <ref:Paragraph>2</ref:Paragraph>
      <ref:IssueDate>2010-04-08</ref:IssueDate>
    </link:reference>
    <link:referenceArc xlink:type="arc" xlink:arcrole="http://www.xbrl.org/2003/arcrole/concept-reference" xlink:to="lbl12824" xlink:from="lbl12947"/>
    <link:loc xlink:type="locator" xlink:href="cl-ci_cor_2022-01-03.xsd#cl-ci_MasDe5AñosLeasingContable" xlink:label="lbl12948"/>
    <link:reference xlink:type="resource" xlink:role="http://www.xbrl.org/2003/role/presentationRef" xlink:label="lbl12825" id="id7005">
      <ref:Name>OFC</ref:Name>
      <ref:Number>595</ref:Number>
      <ref:Paragraph>2</ref:Paragraph>
      <ref:IssueDate>2010-04-08</ref:IssueDate>
    </link:reference>
    <link:referenceArc xlink:type="arc" xlink:arcrole="http://www.xbrl.org/2003/arcrole/concept-reference" xlink:to="lbl12825" xlink:from="lbl12948"/>
    <link:loc xlink:type="locator" xlink:href="cl-ci_cor_2022-01-03.xsd#cl-ci_MasDe5AñosLeasingNominales" xlink:label="lbl12949"/>
    <link:reference xlink:type="resource" xlink:role="http://www.xbrl.org/2003/role/presentationRef" xlink:label="lbl12826" id="id7006">
      <ref:Name>OFC</ref:Name>
      <ref:Number>595</ref:Number>
      <ref:Paragraph>2</ref:Paragraph>
      <ref:IssueDate>2010-04-08</ref:IssueDate>
    </link:reference>
    <link:referenceArc xlink:type="arc" xlink:arcrole="http://www.xbrl.org/2003/arcrole/concept-reference" xlink:to="lbl12826" xlink:from="lbl12949"/>
    <link:loc xlink:type="locator" xlink:href="cl-ci_cor_2022-01-03.xsd#cl-ci_MasDe5AñosObligacionesPublicoContable" xlink:label="lbl12950"/>
    <link:reference xlink:type="resource" xlink:role="http://www.xbrl.org/2003/role/presentationRef" xlink:label="lbl12827" id="id7007">
      <ref:Name>OFC</ref:Name>
      <ref:Number>595</ref:Number>
      <ref:Paragraph>2</ref:Paragraph>
      <ref:IssueDate>2010-04-08</ref:IssueDate>
    </link:reference>
    <link:referenceArc xlink:type="arc" xlink:arcrole="http://www.xbrl.org/2003/arcrole/concept-reference" xlink:to="lbl12827" xlink:from="lbl12950"/>
    <link:loc xlink:type="locator" xlink:href="cl-ci_cor_2022-01-03.xsd#cl-ci_MasDe5AñosObligacionesPublicoNominales" xlink:label="lbl12951"/>
    <link:reference xlink:type="resource" xlink:role="http://www.xbrl.org/2003/role/presentationRef" xlink:label="lbl12828" id="id7008">
      <ref:Name>OFC</ref:Name>
      <ref:Number>595</ref:Number>
      <ref:Paragraph>2</ref:Paragraph>
      <ref:IssueDate>2010-04-08</ref:IssueDate>
    </link:reference>
    <link:referenceArc xlink:type="arc" xlink:arcrole="http://www.xbrl.org/2003/arcrole/concept-reference" xlink:to="lbl12828" xlink:from="lbl12951"/>
    <link:loc xlink:type="locator" xlink:href="cl-ci_cor_2022-01-03.xsd#cl-ci_MasDe5AñosPrestamosContable" xlink:label="lbl12952"/>
    <link:reference xlink:type="resource" xlink:role="http://www.xbrl.org/2003/role/presentationRef" xlink:label="lbl12829" id="id7009">
      <ref:Name>OFC</ref:Name>
      <ref:Number>595</ref:Number>
      <ref:Paragraph>2</ref:Paragraph>
      <ref:IssueDate>2010-04-08</ref:IssueDate>
    </link:reference>
    <link:referenceArc xlink:type="arc" xlink:arcrole="http://www.xbrl.org/2003/arcrole/concept-reference" xlink:to="lbl12829" xlink:from="lbl12952"/>
    <link:loc xlink:type="locator" xlink:href="cl-ci_cor_2022-01-03.xsd#cl-ci_MasDe5AñosPrestamosNominales" xlink:label="lbl12953"/>
    <link:reference xlink:type="resource" xlink:role="http://www.xbrl.org/2003/role/presentationRef" xlink:label="lbl12830" id="id7010">
      <ref:Name>OFC</ref:Name>
      <ref:Number>595</ref:Number>
      <ref:Paragraph>2</ref:Paragraph>
      <ref:IssueDate>2010-04-08</ref:IssueDate>
    </link:reference>
    <link:referenceArc xlink:type="arc" xlink:arcrole="http://www.xbrl.org/2003/arcrole/concept-reference" xlink:to="lbl12830" xlink:from="lbl12953"/>
    <link:loc xlink:type="locator" xlink:href="cl-ci_cor_2022-01-03.xsd#cl-ci_Masde90DiasHasta1AñoLeasingContable" xlink:label="lbl12954"/>
    <link:reference xlink:type="resource" xlink:role="http://www.xbrl.org/2003/role/presentationRef" xlink:label="lbl12831" id="id7011">
      <ref:Name>OFC</ref:Name>
      <ref:Number>595</ref:Number>
      <ref:Paragraph>2</ref:Paragraph>
      <ref:IssueDate>2010-04-08</ref:IssueDate>
    </link:reference>
    <link:referenceArc xlink:type="arc" xlink:arcrole="http://www.xbrl.org/2003/arcrole/concept-reference" xlink:to="lbl12831" xlink:from="lbl12954"/>
    <link:loc xlink:type="locator" xlink:href="cl-ci_cor_2022-01-03.xsd#cl-ci_MasDe90DiasHasta1AñoLeasingNominales" xlink:label="lbl12955"/>
    <link:reference xlink:type="resource" xlink:role="http://www.xbrl.org/2003/role/presentationRef" xlink:label="lbl12832" id="id7012">
      <ref:Name>OFC</ref:Name>
      <ref:Number>595</ref:Number>
      <ref:Paragraph>2</ref:Paragraph>
      <ref:IssueDate>2010-04-08</ref:IssueDate>
    </link:reference>
    <link:referenceArc xlink:type="arc" xlink:arcrole="http://www.xbrl.org/2003/arcrole/concept-reference" xlink:to="lbl12832" xlink:from="lbl12955"/>
    <link:loc xlink:type="locator" xlink:href="cl-ci_cor_2022-01-03.xsd#cl-ci_Masde90DiasHasta1AñoObligacionesPublicoContable" xlink:label="lbl12956"/>
    <link:reference xlink:type="resource" xlink:role="http://www.xbrl.org/2003/role/presentationRef" xlink:label="lbl12833" id="id7013">
      <ref:Name>OFC</ref:Name>
      <ref:Number>595</ref:Number>
      <ref:Paragraph>2</ref:Paragraph>
      <ref:IssueDate>2010-04-08</ref:IssueDate>
    </link:reference>
    <link:referenceArc xlink:type="arc" xlink:arcrole="http://www.xbrl.org/2003/arcrole/concept-reference" xlink:to="lbl12833" xlink:from="lbl12956"/>
    <link:loc xlink:type="locator" xlink:href="cl-ci_cor_2022-01-03.xsd#cl-ci_MasDe90DiasHasta1AñoObligacionesPublicoNominales" xlink:label="lbl12957"/>
    <link:reference xlink:type="resource" xlink:role="http://www.xbrl.org/2003/role/presentationRef" xlink:label="lbl12834" id="id7014">
      <ref:Name>OFC</ref:Name>
      <ref:Number>595</ref:Number>
      <ref:Paragraph>2</ref:Paragraph>
      <ref:IssueDate>2010-04-08</ref:IssueDate>
    </link:reference>
    <link:referenceArc xlink:type="arc" xlink:arcrole="http://www.xbrl.org/2003/arcrole/concept-reference" xlink:to="lbl12834" xlink:from="lbl12957"/>
    <link:loc xlink:type="locator" xlink:href="cl-ci_cor_2022-01-03.xsd#cl-ci_Masde90DiasHasta1AñoPrestamosContable" xlink:label="lbl12958"/>
    <link:reference xlink:type="resource" xlink:role="http://www.xbrl.org/2003/role/presentationRef" xlink:label="lbl12835" id="id7015">
      <ref:Name>OFC</ref:Name>
      <ref:Number>595</ref:Number>
      <ref:Paragraph>2</ref:Paragraph>
      <ref:IssueDate>2010-04-08</ref:IssueDate>
    </link:reference>
    <link:referenceArc xlink:type="arc" xlink:arcrole="http://www.xbrl.org/2003/arcrole/concept-reference" xlink:to="lbl12835" xlink:from="lbl12958"/>
    <link:loc xlink:type="locator" xlink:href="cl-ci_cor_2022-01-03.xsd#cl-ci_MasDe90DiasHasta1AñoPrestamosNominales" xlink:label="lbl12959"/>
    <link:reference xlink:type="resource" xlink:role="http://www.xbrl.org/2003/role/presentationRef" xlink:label="lbl12836" id="id7016">
      <ref:Name>OFC</ref:Name>
      <ref:Number>595</ref:Number>
      <ref:Paragraph>2</ref:Paragraph>
      <ref:IssueDate>2010-04-08</ref:IssueDate>
    </link:reference>
    <link:referenceArc xlink:type="arc" xlink:arcrole="http://www.xbrl.org/2003/arcrole/concept-reference" xlink:to="lbl12836" xlink:from="lbl12959"/>
    <link:loc xlink:type="locator" xlink:href="cl-ci_cor_2022-01-03.xsd#cl-ci_MonedaFuncionalSubsidiaria" xlink:label="lbl12960"/>
    <link:reference xlink:type="resource" xlink:role="http://www.xbrl.org/2003/role/presentationRef" xlink:label="lbl12837" id="id7017">
      <ref:Name>OFC</ref:Name>
      <ref:Number>595</ref:Number>
      <ref:Paragraph>4</ref:Paragraph>
      <ref:IssueDate>2010-04-08</ref:IssueDate>
    </link:reference>
    <link:referenceArc xlink:type="arc" xlink:arcrole="http://www.xbrl.org/2003/arcrole/concept-reference" xlink:to="lbl12837" xlink:from="lbl12960"/>
    <link:loc xlink:type="locator" xlink:href="cl-ci_cor_2022-01-03.xsd#cl-ci_MonedaOUnidadReajuste" xlink:label="lbl12961"/>
    <link:reference xlink:type="resource" xlink:role="http://www.xbrl.org/2003/role/presentationRef" xlink:label="lbl12838" id="id7018">
      <ref:Name>OFC</ref:Name>
      <ref:Number>595</ref:Number>
      <ref:Paragraph>2</ref:Paragraph>
      <ref:IssueDate>2010-04-08</ref:IssueDate>
    </link:reference>
    <link:referenceArc xlink:type="arc" xlink:arcrole="http://www.xbrl.org/2003/arcrole/concept-reference" xlink:to="lbl12838" xlink:from="lbl12961"/>
    <link:loc xlink:type="locator" xlink:href="cl-ci_cor_2022-01-03.xsd#cl-ci_MontosNominalesLeasing" xlink:label="lbl12962"/>
    <link:reference xlink:type="resource" xlink:role="http://www.xbrl.org/2003/role/presentationRef" xlink:label="lbl12839" id="id7019">
      <ref:Name>OFC</ref:Name>
      <ref:Number>595</ref:Number>
      <ref:Paragraph>2</ref:Paragraph>
      <ref:IssueDate>2010-04-08</ref:IssueDate>
    </link:reference>
    <link:referenceArc xlink:type="arc" xlink:arcrole="http://www.xbrl.org/2003/arcrole/concept-reference" xlink:to="lbl12839" xlink:from="lbl12962"/>
    <link:loc xlink:type="locator" xlink:href="cl-ci_cor_2022-01-03.xsd#cl-ci_MontosNominalesLeasingSinopsis" xlink:label="lbl12963"/>
    <link:reference xlink:type="resource" xlink:role="http://www.xbrl.org/2003/role/presentationRef" xlink:label="lbl12840" id="id7020">
      <ref:Name>OFC</ref:Name>
      <ref:Number>595</ref:Number>
      <ref:Paragraph>2</ref:Paragraph>
      <ref:IssueDate>2010-04-08</ref:IssueDate>
    </link:reference>
    <link:referenceArc xlink:type="arc" xlink:arcrole="http://www.xbrl.org/2003/arcrole/concept-reference" xlink:to="lbl12840" xlink:from="lbl12963"/>
    <link:loc xlink:type="locator" xlink:href="cl-ci_cor_2022-01-03.xsd#cl-ci_MontosNominalesObligacionesPublico" xlink:label="lbl12964"/>
    <link:reference xlink:type="resource" xlink:role="http://www.xbrl.org/2003/role/presentationRef" xlink:label="lbl12841" id="id7021">
      <ref:Name>OFC</ref:Name>
      <ref:Number>595</ref:Number>
      <ref:Paragraph>2</ref:Paragraph>
      <ref:IssueDate>2010-04-08</ref:IssueDate>
    </link:reference>
    <link:referenceArc xlink:type="arc" xlink:arcrole="http://www.xbrl.org/2003/arcrole/concept-reference" xlink:to="lbl12841" xlink:from="lbl12964"/>
    <link:loc xlink:type="locator" xlink:href="cl-ci_cor_2022-01-03.xsd#cl-ci_MontosNominalesObligacionesPublicoSinopsis" xlink:label="lbl12965"/>
    <link:reference xlink:type="resource" xlink:role="http://www.xbrl.org/2003/role/presentationRef" xlink:label="lbl12842" id="id7022">
      <ref:Name>OFC</ref:Name>
      <ref:Number>595</ref:Number>
      <ref:Paragraph>2</ref:Paragraph>
      <ref:IssueDate>2010-04-08</ref:IssueDate>
    </link:reference>
    <link:referenceArc xlink:type="arc" xlink:arcrole="http://www.xbrl.org/2003/arcrole/concept-reference" xlink:to="lbl12842" xlink:from="lbl12965"/>
    <link:loc xlink:type="locator" xlink:href="cl-ci_cor_2022-01-03.xsd#cl-ci_MontosNominalesPrestamos" xlink:label="lbl12966"/>
    <link:reference xlink:type="resource" xlink:role="http://www.xbrl.org/2003/role/presentationRef" xlink:label="lbl12843" id="id7023">
      <ref:Name>OFC</ref:Name>
      <ref:Number>595</ref:Number>
      <ref:Paragraph>2</ref:Paragraph>
      <ref:IssueDate>2010-04-08</ref:IssueDate>
    </link:reference>
    <link:referenceArc xlink:type="arc" xlink:arcrole="http://www.xbrl.org/2003/arcrole/concept-reference" xlink:to="lbl12843" xlink:from="lbl12966"/>
    <link:loc xlink:type="locator" xlink:href="cl-ci_cor_2022-01-03.xsd#cl-ci_MontosNominalesPrestamosSinopsis" xlink:label="lbl12967"/>
    <link:reference xlink:type="resource" xlink:role="http://www.xbrl.org/2003/role/presentationRef" xlink:label="lbl12844" id="id7024">
      <ref:Name>OFC</ref:Name>
      <ref:Number>595</ref:Number>
      <ref:Paragraph>2</ref:Paragraph>
      <ref:IssueDate>2010-04-08</ref:IssueDate>
    </link:reference>
    <link:referenceArc xlink:type="arc" xlink:arcrole="http://www.xbrl.org/2003/arcrole/concept-reference" xlink:to="lbl12844" xlink:from="lbl12967"/>
    <link:loc xlink:type="locator" xlink:href="cl-ci_cor_2022-01-03.xsd#cl-ci_NombreEntidadAcreedora" xlink:label="lbl12968"/>
    <link:reference xlink:type="resource" xlink:role="http://www.xbrl.org/2003/role/presentationRef" xlink:label="lbl12845" id="id7025">
      <ref:Name>OFC</ref:Name>
      <ref:Number>595</ref:Number>
      <ref:Paragraph>2</ref:Paragraph>
      <ref:IssueDate>2010-04-08</ref:IssueDate>
    </link:reference>
    <link:referenceArc xlink:type="arc" xlink:arcrole="http://www.xbrl.org/2003/arcrole/concept-reference" xlink:to="lbl12845" xlink:from="lbl12968"/>
    <link:loc xlink:type="locator" xlink:href="cl-ci_cor_2022-01-03.xsd#cl-ci_NombreEntidadDeudora" xlink:label="lbl12969"/>
    <link:reference xlink:type="resource" xlink:role="http://www.xbrl.org/2003/role/presentationRef" xlink:label="lbl12846" id="id7026">
      <ref:Name>OFC</ref:Name>
      <ref:Number>595</ref:Number>
      <ref:Paragraph>2</ref:Paragraph>
      <ref:IssueDate>2010-04-08</ref:IssueDate>
    </link:reference>
    <link:referenceArc xlink:type="arc" xlink:arcrole="http://www.xbrl.org/2003/arcrole/concept-reference" xlink:to="lbl12846" xlink:from="lbl12969"/>
    <link:loc xlink:type="locator" xlink:href="cl-ci_cor_2022-01-03.xsd#cl-ci_NombreParteRelacionada" xlink:label="lbl12970"/>
    <link:reference xlink:type="resource" xlink:role="http://www.xbrl.org/2003/role/presentationRef" xlink:label="lbl12847" id="id7027">
      <ref:Name>OFC</ref:Name>
      <ref:Number>595</ref:Number>
      <ref:Paragraph>1</ref:Paragraph>
      <ref:IssueDate>2010-04-08</ref:IssueDate>
    </link:reference>
    <link:referenceArc xlink:type="arc" xlink:arcrole="http://www.xbrl.org/2003/arcrole/concept-reference" xlink:to="lbl12847" xlink:from="lbl12970"/>
    <link:loc xlink:type="locator" xlink:href="cl-ci_cor_2022-01-03.xsd#cl-ci_NumeroInscripcion" xlink:label="lbl12971"/>
    <link:reference xlink:type="resource" xlink:role="http://www.xbrl.org/2003/role/presentationRef" xlink:label="lbl12848" id="id7028">
      <ref:Name>OFC</ref:Name>
      <ref:Number>595</ref:Number>
      <ref:Paragraph>2</ref:Paragraph>
      <ref:IssueDate>2010-04-08</ref:IssueDate>
    </link:reference>
    <link:referenceArc xlink:type="arc" xlink:arcrole="http://www.xbrl.org/2003/arcrole/concept-reference" xlink:to="lbl12848" xlink:from="lbl12971"/>
    <link:loc xlink:type="locator" xlink:href="cl-ci_cor_2022-01-03.xsd#cl-ci_NumeroRegistroValores" xlink:label="lbl12972"/>
    <link:reference xlink:type="resource" xlink:role="http://www.xbrl.org/2003/role/reference" xlink:label="lbl12849" id="id7029">
      <ref:Name>IAS</ref:Name>
      <ref:Number>1</ref:Number>
      <ref:Paragraph>51</ref:Paragraph>
      <ref:Subparagraph>a</ref:Subparagraph>
      <ref:IssueDate>2011-01-01</ref:IssueDate>
    </link:reference>
    <link:referenceArc xlink:type="arc" xlink:arcrole="http://www.xbrl.org/2003/arcrole/concept-reference" xlink:to="lbl12849" xlink:from="lbl12972"/>
    <link:loc xlink:type="locator" xlink:href="cl-ci_cor_2022-01-03.xsd#cl-ci_ObligacionesConBancosSinopsis" xlink:label="lbl12973"/>
    <link:reference xlink:type="resource" xlink:role="http://www.xbrl.org/2003/role/presentationRef" xlink:label="lbl12850" id="id7030">
      <ref:Name>OFC</ref:Name>
      <ref:Number>595</ref:Number>
      <ref:Paragraph>2</ref:Paragraph>
      <ref:IssueDate>2010-04-08</ref:IssueDate>
    </link:reference>
    <link:referenceArc xlink:type="arc" xlink:arcrole="http://www.xbrl.org/2003/arcrole/concept-reference" xlink:to="lbl12850" xlink:from="lbl12973"/>
    <link:loc xlink:type="locator" xlink:href="cl-ci_cor_2022-01-03.xsd#cl-ci_ObligacionesConPublico" xlink:label="lbl12974"/>
    <link:reference xlink:type="resource" xlink:role="http://www.xbrl.org/2003/role/presentationRef" xlink:label="lbl12851" id="id7031">
      <ref:Name>OFC</ref:Name>
      <ref:Number>595</ref:Number>
      <ref:Paragraph>2</ref:Paragraph>
      <ref:IssueDate>2010-04-08</ref:IssueDate>
    </link:reference>
    <link:referenceArc xlink:type="arc" xlink:arcrole="http://www.xbrl.org/2003/arcrole/concept-reference" xlink:to="lbl12851" xlink:from="lbl12974"/>
    <link:loc xlink:type="locator" xlink:href="cl-ci_cor_2022-01-03.xsd#cl-ci_ObligacionesConPublicoCorrientes" xlink:label="lbl12975"/>
    <link:reference xlink:type="resource" xlink:role="http://www.xbrl.org/2003/role/presentationRef" xlink:label="lbl12852" id="id7032">
      <ref:Name>OFC</ref:Name>
      <ref:Number>595</ref:Number>
      <ref:Paragraph>2</ref:Paragraph>
      <ref:IssueDate>2010-04-08</ref:IssueDate>
    </link:reference>
    <link:referenceArc xlink:type="arc" xlink:arcrole="http://www.xbrl.org/2003/arcrole/concept-reference" xlink:to="lbl12852" xlink:from="lbl12975"/>
    <link:loc xlink:type="locator" xlink:href="cl-ci_cor_2022-01-03.xsd#cl-ci_ObligacionesConPublicoNoCorrientes" xlink:label="lbl12976"/>
    <link:reference xlink:type="resource" xlink:role="http://www.xbrl.org/2003/role/presentationRef" xlink:label="lbl12853" id="id7033">
      <ref:Name>OFC</ref:Name>
      <ref:Number>595</ref:Number>
      <ref:Paragraph>2</ref:Paragraph>
      <ref:IssueDate>2010-04-08</ref:IssueDate>
    </link:reference>
    <link:referenceArc xlink:type="arc" xlink:arcrole="http://www.xbrl.org/2003/arcrole/concept-reference" xlink:to="lbl12853" xlink:from="lbl12976"/>
    <link:loc xlink:type="locator" xlink:href="cl-ci_cor_2022-01-03.xsd#cl-ci_ObligacionesConPublicoPartidas" xlink:label="lbl12977"/>
    <link:reference xlink:type="resource" xlink:role="http://www.xbrl.org/2003/role/presentationRef" xlink:label="lbl12854" id="id7034">
      <ref:Name>OFC</ref:Name>
      <ref:Number>595</ref:Number>
      <ref:Paragraph>2</ref:Paragraph>
      <ref:IssueDate>2010-04-08</ref:IssueDate>
    </link:reference>
    <link:referenceArc xlink:type="arc" xlink:arcrole="http://www.xbrl.org/2003/arcrole/concept-reference" xlink:to="lbl12854" xlink:from="lbl12977"/>
    <link:loc xlink:type="locator" xlink:href="cl-ci_cor_2022-01-03.xsd#cl-ci_ObligacionesConPublicoSinopsis" xlink:label="lbl12978"/>
    <link:reference xlink:type="resource" xlink:role="http://www.xbrl.org/2003/role/presentationRef" xlink:label="lbl12855" id="id7035">
      <ref:Name>OFC</ref:Name>
      <ref:Number>595</ref:Number>
      <ref:Paragraph>2</ref:Paragraph>
      <ref:IssueDate>2010-04-08</ref:IssueDate>
    </link:reference>
    <link:referenceArc xlink:type="arc" xlink:arcrole="http://www.xbrl.org/2003/arcrole/concept-reference" xlink:to="lbl12855" xlink:from="lbl12978"/>
    <link:loc xlink:type="locator" xlink:href="cl-ci_cor_2022-01-03.xsd#cl-ci_ObligacionesConPublicoTabla" xlink:label="lbl12979"/>
    <link:reference xlink:type="resource" xlink:role="http://www.xbrl.org/2003/role/presentationRef" xlink:label="lbl12856" id="id7036">
      <ref:Name>OFC</ref:Name>
      <ref:Number>595</ref:Number>
      <ref:Paragraph>2</ref:Paragraph>
      <ref:IssueDate>2010-04-08</ref:IssueDate>
    </link:reference>
    <link:referenceArc xlink:type="arc" xlink:arcrole="http://www.xbrl.org/2003/arcrole/concept-reference" xlink:to="lbl12856" xlink:from="lbl12979"/>
    <link:loc xlink:type="locator" xlink:href="cl-ci_cor_2022-01-03.xsd#cl-ci_ObligacionesEmisionesDeudaMiembro" xlink:label="lbl12980"/>
    <link:reference xlink:type="resource" xlink:role="http://www.xbrl.org/2003/role/presentationRef" xlink:label="lbl12857" id="id7037">
      <ref:Name>OFC</ref:Name>
      <ref:Number>595</ref:Number>
      <ref:Paragraph>2</ref:Paragraph>
      <ref:IssueDate>2010-04-08</ref:IssueDate>
    </link:reference>
    <link:referenceArc xlink:type="arc" xlink:arcrole="http://www.xbrl.org/2003/arcrole/concept-reference" xlink:to="lbl12857" xlink:from="lbl12980"/>
    <link:loc xlink:type="locator" xlink:href="cl-ci_cor_2022-01-03.xsd#cl-ci_ObligacionesLeasingMiembro" xlink:label="lbl12981"/>
    <link:reference xlink:type="resource" xlink:role="http://www.xbrl.org/2003/role/presentationRef" xlink:label="lbl12858" id="id7038">
      <ref:Name>OFC</ref:Name>
      <ref:Number>595</ref:Number>
      <ref:Paragraph>2</ref:Paragraph>
      <ref:IssueDate>2010-04-08</ref:IssueDate>
    </link:reference>
    <link:referenceArc xlink:type="arc" xlink:arcrole="http://www.xbrl.org/2003/arcrole/concept-reference" xlink:to="lbl12858" xlink:from="lbl12981"/>
    <link:loc xlink:type="locator" xlink:href="cl-ci_cor_2022-01-03.xsd#cl-ci_ObligacionesLeasingPartidas" xlink:label="lbl12982"/>
    <link:reference xlink:type="resource" xlink:role="http://www.xbrl.org/2003/role/presentationRef" xlink:label="lbl12859" id="id7039">
      <ref:Name>OFC</ref:Name>
      <ref:Number>595</ref:Number>
      <ref:Paragraph>2</ref:Paragraph>
      <ref:IssueDate>2010-04-08</ref:IssueDate>
    </link:reference>
    <link:referenceArc xlink:type="arc" xlink:arcrole="http://www.xbrl.org/2003/arcrole/concept-reference" xlink:to="lbl12859" xlink:from="lbl12982"/>
    <link:loc xlink:type="locator" xlink:href="cl-ci_cor_2022-01-03.xsd#cl-ci_ObligacionesLeasingTabla" xlink:label="lbl12983"/>
    <link:reference xlink:type="resource" xlink:role="http://www.xbrl.org/2003/role/presentationRef" xlink:label="lbl12860" id="id7040">
      <ref:Name>OFC</ref:Name>
      <ref:Number>595</ref:Number>
      <ref:Paragraph>2</ref:Paragraph>
      <ref:IssueDate>2010-04-08</ref:IssueDate>
    </link:reference>
    <link:referenceArc xlink:type="arc" xlink:arcrole="http://www.xbrl.org/2003/arcrole/concept-reference" xlink:to="lbl12860" xlink:from="lbl12983"/>
    <link:loc xlink:type="locator" xlink:href="http://xbrl.ifrs.org/taxonomy/2021-03-24/full_ifrs/full_ifrs-cor_2021-03-24.xsd#ifrs-full_LeaseLiabilities" xlink:label="lbl12984"/>
    <link:reference xlink:type="resource" xlink:role="http://www.xbrl.org/2003/role/presentationRef" xlink:label="lbl12861" id="id7041">
      <ref:Name>OFC</ref:Name>
      <ref:Number>595</ref:Number>
      <ref:Paragraph>2</ref:Paragraph>
      <ref:IssueDate>2010-04-08</ref:IssueDate>
    </link:reference>
    <link:referenceArc xlink:type="arc" xlink:arcrole="http://www.xbrl.org/2003/arcrole/concept-reference" xlink:to="lbl12861" xlink:from="lbl12984"/>
    <link:loc xlink:type="locator" xlink:href="http://xbrl.ifrs.org/taxonomy/2021-03-24/full_ifrs/full_ifrs-cor_2021-03-24.xsd#ifrs-full_CurrentLeaseLiabilities" xlink:label="lbl12985"/>
    <link:reference xlink:type="resource" xlink:role="http://www.xbrl.org/2003/role/presentationRef" xlink:label="lbl12862" id="id7042">
      <ref:Name>OFC</ref:Name>
      <ref:Number>595</ref:Number>
      <ref:Paragraph>2</ref:Paragraph>
      <ref:IssueDate>2010-04-08</ref:IssueDate>
    </link:reference>
    <link:referenceArc xlink:type="arc" xlink:arcrole="http://www.xbrl.org/2003/arcrole/concept-reference" xlink:to="lbl12862" xlink:from="lbl12985"/>
    <link:loc xlink:type="locator" xlink:href="http://xbrl.ifrs.org/taxonomy/2021-03-24/full_ifrs/full_ifrs-cor_2021-03-24.xsd#ifrs-full_NoncurrentLeaseLiabilities" xlink:label="lbl12986"/>
    <link:reference xlink:type="resource" xlink:role="http://www.xbrl.org/2003/role/presentationRef" xlink:label="lbl12863" id="id7043">
      <ref:Name>OFC</ref:Name>
      <ref:Number>595</ref:Number>
      <ref:Paragraph>2</ref:Paragraph>
      <ref:IssueDate>2010-04-08</ref:IssueDate>
    </link:reference>
    <link:referenceArc xlink:type="arc" xlink:arcrole="http://www.xbrl.org/2003/arcrole/concept-reference" xlink:to="lbl12863" xlink:from="lbl12986"/>
    <link:loc xlink:type="locator" xlink:href="cl-ci_cor_2022-01-03.xsd#cl-ci_OtherCurrentFinancialLiabilitiesAbstract" xlink:label="lbl12987"/>
    <link:reference xlink:type="resource" xlink:role="http://www.xbrl.org/2003/role/presentationRef" xlink:label="lbl12864" id="id7044">
      <ref:Name>OFC</ref:Name>
      <ref:Number>595</ref:Number>
      <ref:Paragraph>2</ref:Paragraph>
      <ref:IssueDate>2010-04-08</ref:IssueDate>
    </link:reference>
    <link:referenceArc xlink:type="arc" xlink:arcrole="http://www.xbrl.org/2003/arcrole/concept-reference" xlink:to="lbl12864" xlink:from="lbl12987"/>
    <link:loc xlink:type="locator" xlink:href="cl-ci_cor_2022-01-03.xsd#cl-ci_OtherFinancialLiabilitiesAbstract" xlink:label="lbl12988"/>
    <link:reference xlink:type="resource" xlink:role="http://www.xbrl.org/2003/role/presentationRef" xlink:label="lbl12865" id="id7045">
      <ref:Name>OFC</ref:Name>
      <ref:Number>595</ref:Number>
      <ref:Paragraph>2</ref:Paragraph>
      <ref:IssueDate>2010-04-08</ref:IssueDate>
    </link:reference>
    <link:referenceArc xlink:type="arc" xlink:arcrole="http://www.xbrl.org/2003/arcrole/concept-reference" xlink:to="lbl12865" xlink:from="lbl12988"/>
    <link:loc xlink:type="locator" xlink:href="cl-ci_cor_2022-01-03.xsd#cl-ci_OtherNoncurrentFinancialLiabilitiesAbstract" xlink:label="lbl12989"/>
    <link:reference xlink:type="resource" xlink:role="http://www.xbrl.org/2003/role/presentationRef" xlink:label="lbl12866" id="id7046">
      <ref:Name>OFC</ref:Name>
      <ref:Number>595</ref:Number>
      <ref:Paragraph>2</ref:Paragraph>
      <ref:IssueDate>2010-04-08</ref:IssueDate>
    </link:reference>
    <link:referenceArc xlink:type="arc" xlink:arcrole="http://www.xbrl.org/2003/arcrole/concept-reference" xlink:to="lbl12866" xlink:from="lbl12989"/>
    <link:loc xlink:type="locator" xlink:href="cl-ci_cor_2022-01-03.xsd#cl-ci_OtrasReservasVariasMember" xlink:label="lbl12990"/>
    <link:reference xlink:type="resource" xlink:role="http://www.xbrl.org/2003/role/presentationRef" xlink:label="lbl12867" id="id7047">
      <ref:Name>IAS</ref:Name>
      <ref:Number>1</ref:Number>
      <ref:Paragraph>106</ref:Paragraph>
      <ref:IssueDate>2010-01-01</ref:IssueDate>
    </link:reference>
    <link:referenceArc xlink:type="arc" xlink:arcrole="http://www.xbrl.org/2003/arcrole/concept-reference" xlink:to="lbl12867" xlink:from="lbl12990"/>
    <link:loc xlink:type="locator" xlink:href="cl-ci_cor_2022-01-03.xsd#cl-ci_OtrosPasivosFinancierosNoClasificados" xlink:label="lbl12991"/>
    <link:reference xlink:type="resource" xlink:role="http://www.xbrl.org/2003/role/presentationRef" xlink:label="lbl12868" id="id7048">
      <ref:Name>OFC</ref:Name>
      <ref:Number>595</ref:Number>
      <ref:Paragraph>2</ref:Paragraph>
      <ref:IssueDate>2010-04-08</ref:IssueDate>
    </link:reference>
    <link:referenceArc xlink:type="arc" xlink:arcrole="http://www.xbrl.org/2003/arcrole/concept-reference" xlink:to="lbl12868" xlink:from="lbl12991"/>
    <link:loc xlink:type="locator" xlink:href="cl-ci_cor_2022-01-03.xsd#cl-ci_OtrosPasivosFinancierosNoClasificadosCorrientes" xlink:label="lbl12992"/>
    <link:reference xlink:type="resource" xlink:role="http://www.xbrl.org/2003/role/presentationRef" xlink:label="lbl12869" id="id7049">
      <ref:Name>OFC</ref:Name>
      <ref:Number>595</ref:Number>
      <ref:Paragraph>2</ref:Paragraph>
      <ref:IssueDate>2010-04-08</ref:IssueDate>
    </link:reference>
    <link:referenceArc xlink:type="arc" xlink:arcrole="http://www.xbrl.org/2003/arcrole/concept-reference" xlink:to="lbl12869" xlink:from="lbl12992"/>
    <link:loc xlink:type="locator" xlink:href="cl-ci_cor_2022-01-03.xsd#cl-ci_OtrosPasivosFinancierosNoClasificadosNoCorrientes" xlink:label="lbl12993"/>
    <link:reference xlink:type="resource" xlink:role="http://www.xbrl.org/2003/role/presentationRef" xlink:label="lbl12870" id="id7050">
      <ref:Name>OFC</ref:Name>
      <ref:Number>595</ref:Number>
      <ref:Paragraph>2</ref:Paragraph>
      <ref:IssueDate>2010-04-08</ref:IssueDate>
    </link:reference>
    <link:referenceArc xlink:type="arc" xlink:arcrole="http://www.xbrl.org/2003/arcrole/concept-reference" xlink:to="lbl12870" xlink:from="lbl12993"/>
    <link:loc xlink:type="locator" xlink:href="cl-ci_cor_2022-01-03.xsd#cl-ci_PagosPrestamosEntidadesRelacionadasActividadesFinanciacion" xlink:label="lbl12994"/>
    <link:reference xlink:type="resource" xlink:role="http://www.xbrl.org/2003/role/presentationRef" xlink:label="lbl12871" id="id7051">
      <ref:Name>IAS</ref:Name>
      <ref:Number>7</ref:Number>
      <ref:Paragraph>17</ref:Paragraph>
      <ref:Subparagraph>d</ref:Subparagraph>
      <ref:IssueDate>2011-01-01</ref:IssueDate>
    </link:reference>
    <link:referenceArc xlink:type="arc" xlink:arcrole="http://www.xbrl.org/2003/arcrole/concept-reference" xlink:to="lbl12871" xlink:from="lbl12994"/>
    <link:loc xlink:type="locator" xlink:href="cl-ci_cor_2022-01-03.xsd#cl-ci_PaisEmpresaDeudora" xlink:label="lbl12995"/>
    <link:reference xlink:type="resource" xlink:role="http://www.xbrl.org/2003/role/presentationRef" xlink:label="lbl12872" id="id7052">
      <ref:Name>OFC</ref:Name>
      <ref:Number>595</ref:Number>
      <ref:Paragraph>2</ref:Paragraph>
      <ref:IssueDate>2010-04-08</ref:IssueDate>
    </link:reference>
    <link:referenceArc xlink:type="arc" xlink:arcrole="http://www.xbrl.org/2003/arcrole/concept-reference" xlink:to="lbl12872" xlink:from="lbl12995"/>
    <link:loc xlink:type="locator" xlink:href="cl-ci_cor_2022-01-03.xsd#cl-ci_PaisOrigen" xlink:label="lbl12996"/>
    <link:reference xlink:type="resource" xlink:role="http://www.xbrl.org/2003/role/presentationRef" xlink:label="lbl12873" id="id7053">
      <ref:Name>OFC</ref:Name>
      <ref:Number>595</ref:Number>
      <ref:Paragraph>1</ref:Paragraph>
      <ref:IssueDate>2010-04-08</ref:IssueDate>
    </link:reference>
    <link:referenceArc xlink:type="arc" xlink:arcrole="http://www.xbrl.org/2003/arcrole/concept-reference" xlink:to="lbl12873" xlink:from="lbl12996"/>
    <link:loc xlink:type="locator" xlink:href="cl-ci_cor_2022-01-03.xsd#cl-ci_PasivosFinancierosSinopsis" xlink:label="lbl12997"/>
    <link:reference xlink:type="resource" xlink:role="http://www.xbrl.org/2003/role/presentationRef" xlink:label="lbl12874" id="id7054">
      <ref:Name>OFC</ref:Name>
      <ref:Number>595</ref:Number>
      <ref:Paragraph>2</ref:Paragraph>
      <ref:IssueDate>2010-04-08</ref:IssueDate>
    </link:reference>
    <link:referenceArc xlink:type="arc" xlink:arcrole="http://www.xbrl.org/2003/arcrole/concept-reference" xlink:to="lbl12874" xlink:from="lbl12997"/>
    <link:loc xlink:type="locator" xlink:href="cl-ci_cor_2022-01-03.xsd#cl-ci_PeriodicidadAmortizacion" xlink:label="lbl12998"/>
    <link:reference xlink:type="resource" xlink:role="http://www.xbrl.org/2003/role/presentationRef" xlink:label="lbl12875" id="id7055">
      <ref:Name>OFC</ref:Name>
      <ref:Number>595</ref:Number>
      <ref:Paragraph>2</ref:Paragraph>
      <ref:IssueDate>2010-04-08</ref:IssueDate>
    </link:reference>
    <link:referenceArc xlink:type="arc" xlink:arcrole="http://www.xbrl.org/2003/arcrole/concept-reference" xlink:to="lbl12875" xlink:from="lbl12998"/>
    <link:loc xlink:type="locator" xlink:href="cl-ci_cor_2022-01-03.xsd#cl-ci_PorcentajeParticipacionDirecta" xlink:label="lbl12999"/>
    <link:reference xlink:type="resource" xlink:role="http://www.xbrl.org/2003/role/presentationRef" xlink:label="lbl12876" id="id7056">
      <ref:Name>OFC</ref:Name>
      <ref:Number>595</ref:Number>
      <ref:Paragraph>4</ref:Paragraph>
      <ref:IssueDate>2010-04-08</ref:IssueDate>
    </link:reference>
    <link:referenceArc xlink:type="arc" xlink:arcrole="http://www.xbrl.org/2003/arcrole/concept-reference" xlink:to="lbl12876" xlink:from="lbl12999"/>
    <link:loc xlink:type="locator" xlink:href="cl-ci_cor_2022-01-03.xsd#cl-ci_PorcentajeParticipacionIndirecta" xlink:label="lbl13000"/>
    <link:reference xlink:type="resource" xlink:role="http://www.xbrl.org/2003/role/presentationRef" xlink:label="lbl12877" id="id7057">
      <ref:Name>OFC</ref:Name>
      <ref:Number>595</ref:Number>
      <ref:Paragraph>4</ref:Paragraph>
      <ref:IssueDate>2010-04-08</ref:IssueDate>
    </link:reference>
    <link:referenceArc xlink:type="arc" xlink:arcrole="http://www.xbrl.org/2003/arcrole/concept-reference" xlink:to="lbl12877" xlink:from="lbl13000"/>
    <link:loc xlink:type="locator" xlink:href="cl-ci_cor_2022-01-03.xsd#cl-ci_PrestamosBancarios" xlink:label="lbl13001"/>
    <link:reference xlink:type="resource" xlink:role="http://www.xbrl.org/2003/role/presentationRef" xlink:label="lbl12878" id="id7058">
      <ref:Name>OFC</ref:Name>
      <ref:Number>595</ref:Number>
      <ref:Paragraph>2</ref:Paragraph>
      <ref:IssueDate>2010-04-08</ref:IssueDate>
    </link:reference>
    <link:referenceArc xlink:type="arc" xlink:arcrole="http://www.xbrl.org/2003/arcrole/concept-reference" xlink:to="lbl12878" xlink:from="lbl13001"/>
    <link:loc xlink:type="locator" xlink:href="cl-ci_cor_2022-01-03.xsd#cl-ci_PrestamosBancariosCorrientes" xlink:label="lbl13002"/>
    <link:reference xlink:type="resource" xlink:role="http://www.xbrl.org/2003/role/presentationRef" xlink:label="lbl12879" id="id7059">
      <ref:Name>OFC</ref:Name>
      <ref:Number>595</ref:Number>
      <ref:Paragraph>2</ref:Paragraph>
      <ref:IssueDate>2010-04-08</ref:IssueDate>
    </link:reference>
    <link:referenceArc xlink:type="arc" xlink:arcrole="http://www.xbrl.org/2003/arcrole/concept-reference" xlink:to="lbl12879" xlink:from="lbl13002"/>
    <link:loc xlink:type="locator" xlink:href="cl-ci_cor_2022-01-03.xsd#cl-ci_PrestamosBancariosNoCorrientes" xlink:label="lbl13003"/>
    <link:reference xlink:type="resource" xlink:role="http://www.xbrl.org/2003/role/presentationRef" xlink:label="lbl12880" id="id7060">
      <ref:Name>OFC</ref:Name>
      <ref:Number>595</ref:Number>
      <ref:Paragraph>2</ref:Paragraph>
      <ref:IssueDate>2010-04-08</ref:IssueDate>
    </link:reference>
    <link:referenceArc xlink:type="arc" xlink:arcrole="http://www.xbrl.org/2003/arcrole/concept-reference" xlink:to="lbl12880" xlink:from="lbl13003"/>
    <link:loc xlink:type="locator" xlink:href="cl-ci_cor_2022-01-03.xsd#cl-ci_PrestamosBancariosPartidas" xlink:label="lbl13004"/>
    <link:reference xlink:type="resource" xlink:role="http://www.xbrl.org/2003/role/presentationRef" xlink:label="lbl12881" id="id7061">
      <ref:Name>OFC</ref:Name>
      <ref:Number>595</ref:Number>
      <ref:Paragraph>2</ref:Paragraph>
      <ref:IssueDate>2010-04-08</ref:IssueDate>
    </link:reference>
    <link:referenceArc xlink:type="arc" xlink:arcrole="http://www.xbrl.org/2003/arcrole/concept-reference" xlink:to="lbl12881" xlink:from="lbl13004"/>
    <link:loc xlink:type="locator" xlink:href="cl-ci_cor_2022-01-03.xsd#cl-ci_PrestamosBancariosTabla" xlink:label="lbl13005"/>
    <link:reference xlink:type="resource" xlink:role="http://www.xbrl.org/2003/role/presentationRef" xlink:label="lbl12882" id="id7062">
      <ref:Name>OFC</ref:Name>
      <ref:Number>595</ref:Number>
      <ref:Paragraph>2</ref:Paragraph>
      <ref:IssueDate>2010-04-08</ref:IssueDate>
    </link:reference>
    <link:referenceArc xlink:type="arc" xlink:arcrole="http://www.xbrl.org/2003/arcrole/concept-reference" xlink:to="lbl12882" xlink:from="lbl13005"/>
    <link:loc xlink:type="locator" xlink:href="cl-ci_cor_2022-01-03.xsd#cl-ci_PrestamosEje" xlink:label="lbl13006"/>
    <link:reference xlink:type="resource" xlink:role="http://www.xbrl.org/2003/role/presentationRef" xlink:label="lbl12883" id="id7063">
      <ref:Name>OFC</ref:Name>
      <ref:Number>595</ref:Number>
      <ref:Paragraph>2</ref:Paragraph>
      <ref:IssueDate>2010-04-08</ref:IssueDate>
    </link:reference>
    <link:referenceArc xlink:type="arc" xlink:arcrole="http://www.xbrl.org/2003/arcrole/concept-reference" xlink:to="lbl12883" xlink:from="lbl13006"/>
    <link:loc xlink:type="locator" xlink:href="cl-ci_cor_2022-01-03.xsd#cl-ci_PrestamosEntidadesRelacionadasActividadesFinanciacion" xlink:label="lbl13007"/>
    <link:reference xlink:type="resource" xlink:role="http://www.xbrl.org/2003/role/presentationRef" xlink:label="lbl12884" id="id7064">
      <ref:Name>IAS</ref:Name>
      <ref:Number>7</ref:Number>
      <ref:Paragraph>17</ref:Paragraph>
      <ref:Subparagraph>c</ref:Subparagraph>
      <ref:IssueDate>2011-01-01</ref:IssueDate>
    </link:reference>
    <link:referenceArc xlink:type="arc" xlink:arcrole="http://www.xbrl.org/2003/arcrole/concept-reference" xlink:to="lbl12884" xlink:from="lbl13007"/>
    <link:loc xlink:type="locator" xlink:href="cl-ci_cor_2022-01-03.xsd#cl-ci_PrestamosEntidadesRelacionadasActividadesInversion" xlink:label="lbl13008"/>
    <link:reference xlink:type="resource" xlink:role="http://www.xbrl.org/2003/role/presentationRef" xlink:label="lbl12885" id="id7065">
      <ref:Name>IAS</ref:Name>
      <ref:Number>7</ref:Number>
      <ref:Paragraph>16</ref:Paragraph>
      <ref:Subparagraph>e</ref:Subparagraph>
      <ref:IssueDate>2011-01-01</ref:IssueDate>
    </link:reference>
    <link:referenceArc xlink:type="arc" xlink:arcrole="http://www.xbrl.org/2003/arcrole/concept-reference" xlink:to="lbl12885" xlink:from="lbl13008"/>
    <link:loc xlink:type="locator" xlink:href="cl-ci_cor_2022-01-03.xsd#cl-ci_PrestamosMiembro" xlink:label="lbl13009"/>
    <link:reference xlink:type="resource" xlink:role="http://www.xbrl.org/2003/role/presentationRef" xlink:label="lbl12886" id="id7066">
      <ref:Name>OFC</ref:Name>
      <ref:Number>595</ref:Number>
      <ref:Paragraph>2</ref:Paragraph>
      <ref:IssueDate>2010-04-08</ref:IssueDate>
    </link:reference>
    <link:referenceArc xlink:type="arc" xlink:arcrole="http://www.xbrl.org/2003/arcrole/concept-reference" xlink:to="lbl12886" xlink:from="lbl13009"/>
    <link:loc xlink:type="locator" xlink:href="cl-ci_cor_2022-01-03.xsd#cl-ci_ResultadosUnidadesReajuste" xlink:label="lbl13010"/>
    <link:reference xlink:type="resource" xlink:role="http://www.xbrl.org/2003/role/presentationRef" xlink:label="lbl12887" id="id7067">
      <ref:Name>CL-CP</ref:Name>
      <ref:IssueDate>2011-01-01</ref:IssueDate>
    </link:reference>
    <link:referenceArc xlink:type="arc" xlink:arcrole="http://www.xbrl.org/2003/arcrole/concept-reference" xlink:to="lbl12887" xlink:from="lbl13010"/>
    <link:loc xlink:type="locator" xlink:href="cl-ci_cor_2022-01-03.xsd#cl-ci_RUTEntidadDeudora" xlink:label="lbl13011"/>
    <link:reference xlink:type="resource" xlink:role="http://www.xbrl.org/2003/role/presentationRef" xlink:label="lbl12888" id="id7068">
      <ref:Name>OFC</ref:Name>
      <ref:Number>595</ref:Number>
      <ref:Paragraph>2</ref:Paragraph>
      <ref:IssueDate>2010-04-08</ref:IssueDate>
    </link:reference>
    <link:referenceArc xlink:type="arc" xlink:arcrole="http://www.xbrl.org/2003/arcrole/concept-reference" xlink:to="lbl12888" xlink:from="lbl13011"/>
    <link:loc xlink:type="locator" xlink:href="cl-ci_cor_2022-01-03.xsd#cl-ci_RUTEntidadInforma" xlink:label="lbl13012"/>
    <link:reference xlink:type="resource" xlink:role="http://www.xbrl.org/2003/role/presentationRef" xlink:label="lbl12889" id="id7069">
      <ref:Name>IAS</ref:Name>
      <ref:Number>1</ref:Number>
      <ref:Paragraph>51</ref:Paragraph>
      <ref:Subparagraph>a</ref:Subparagraph>
      <ref:IssueDate>2011-01-01</ref:IssueDate>
    </link:reference>
    <link:referenceArc xlink:type="arc" xlink:arcrole="http://www.xbrl.org/2003/arcrole/concept-reference" xlink:to="lbl12889" xlink:from="lbl13012"/>
    <link:loc xlink:type="locator" xlink:href="cl-ci_cor_2022-01-03.xsd#cl-ci_RUTParteRelacionada" xlink:label="lbl13013"/>
    <link:reference xlink:type="resource" xlink:role="http://www.xbrl.org/2003/role/presentationRef" xlink:label="lbl12890" id="id7070">
      <ref:Name>OFC</ref:Name>
      <ref:Number>595</ref:Number>
      <ref:Paragraph>1</ref:Paragraph>
      <ref:IssueDate>2010-04-08</ref:IssueDate>
    </link:reference>
    <link:referenceArc xlink:type="arc" xlink:arcrole="http://www.xbrl.org/2003/arcrole/concept-reference" xlink:to="lbl12890" xlink:from="lbl13013"/>
    <link:loc xlink:type="locator" xlink:href="cl-ci_cor_2022-01-03.xsd#cl-ci_RutSubsidiaria" xlink:label="lbl13014"/>
    <link:reference xlink:type="resource" xlink:role="http://www.xbrl.org/2003/role/presentationRef" xlink:label="lbl12891" id="id7071">
      <ref:Name>OFC</ref:Name>
      <ref:Number>595</ref:Number>
      <ref:Paragraph>4</ref:Paragraph>
      <ref:IssueDate>2010-04-08</ref:IssueDate>
    </link:reference>
    <link:referenceArc xlink:type="arc" xlink:arcrole="http://www.xbrl.org/2003/arcrole/concept-reference" xlink:to="lbl12891" xlink:from="lbl13014"/>
    <link:loc xlink:type="locator" xlink:href="cl-ci_cor_2022-01-03.xsd#cl-ci_Series" xlink:label="lbl13015"/>
    <link:reference xlink:type="resource" xlink:role="http://www.xbrl.org/2003/role/presentationRef" xlink:label="lbl12892" id="id7072">
      <ref:Name>OFC</ref:Name>
      <ref:Number>595</ref:Number>
      <ref:Paragraph>2</ref:Paragraph>
      <ref:IssueDate>2010-04-08</ref:IssueDate>
    </link:reference>
    <link:referenceArc xlink:type="arc" xlink:arcrole="http://www.xbrl.org/2003/arcrole/concept-reference" xlink:to="lbl12892" xlink:from="lbl13015"/>
    <link:loc xlink:type="locator" xlink:href="cl-ci_cor_2022-01-03.xsd#cl-ci_TasaEfectiva" xlink:label="lbl13016"/>
    <link:reference xlink:type="resource" xlink:role="http://www.xbrl.org/2003/role/presentationRef" xlink:label="lbl12893" id="id7073">
      <ref:Name>OFC</ref:Name>
      <ref:Number>595</ref:Number>
      <ref:Paragraph>2</ref:Paragraph>
      <ref:IssueDate>2010-04-08</ref:IssueDate>
    </link:reference>
    <link:referenceArc xlink:type="arc" xlink:arcrole="http://www.xbrl.org/2003/arcrole/concept-reference" xlink:to="lbl12893" xlink:from="lbl13016"/>
    <link:loc xlink:type="locator" xlink:href="cl-ci_cor_2022-01-03.xsd#cl-ci_TasaNominal" xlink:label="lbl13017"/>
    <link:reference xlink:type="resource" xlink:role="http://www.xbrl.org/2003/role/presentationRef" xlink:label="lbl12894" id="id7074">
      <ref:Name>OFC</ref:Name>
      <ref:Number>595</ref:Number>
      <ref:Paragraph>2</ref:Paragraph>
      <ref:IssueDate>2010-04-08</ref:IssueDate>
    </link:reference>
    <link:referenceArc xlink:type="arc" xlink:arcrole="http://www.xbrl.org/2003/arcrole/concept-reference" xlink:to="lbl12894" xlink:from="lbl13017"/>
    <link:loc xlink:type="locator" xlink:href="cl-ci_cor_2022-01-03.xsd#cl-ci_TipoAmortizacion" xlink:label="lbl13018"/>
    <link:reference xlink:type="resource" xlink:role="http://www.xbrl.org/2003/role/presentationRef" xlink:label="lbl12895" id="id7075">
      <ref:Name>OFC</ref:Name>
      <ref:Number>595</ref:Number>
      <ref:Paragraph>2</ref:Paragraph>
      <ref:IssueDate>2010-04-08</ref:IssueDate>
    </link:reference>
    <link:referenceArc xlink:type="arc" xlink:arcrole="http://www.xbrl.org/2003/arcrole/concept-reference" xlink:to="lbl12895" xlink:from="lbl13018"/>
    <link:loc xlink:type="locator" xlink:href="cl-ci_cor_2022-01-03.xsd#cl-ci_TipoMonedaOUnidadReajuste" xlink:label="lbl13019"/>
    <link:reference xlink:type="resource" xlink:role="http://www.xbrl.org/2003/role/presentationRef" xlink:label="lbl12896" id="id7076">
      <ref:Name>OFC</ref:Name>
      <ref:Number>595</ref:Number>
      <ref:Paragraph>1</ref:Paragraph>
      <ref:IssueDate>2010-04-08</ref:IssueDate>
    </link:reference>
    <link:referenceArc xlink:type="arc" xlink:arcrole="http://www.xbrl.org/2003/arcrole/concept-reference" xlink:to="lbl12896" xlink:from="lbl13019"/>
    <link:loc xlink:type="locator" xlink:href="cl-ci_cor_2022-01-03.xsd#cl-ci_ValoresContablesLeasingSinopsis" xlink:label="lbl13020"/>
    <link:reference xlink:type="resource" xlink:role="http://www.xbrl.org/2003/role/presentationRef" xlink:label="lbl12897" id="id7077">
      <ref:Name>OFC</ref:Name>
      <ref:Number>595</ref:Number>
      <ref:Paragraph>2</ref:Paragraph>
      <ref:IssueDate>2010-04-08</ref:IssueDate>
    </link:reference>
    <link:referenceArc xlink:type="arc" xlink:arcrole="http://www.xbrl.org/2003/arcrole/concept-reference" xlink:to="lbl12897" xlink:from="lbl13020"/>
    <link:loc xlink:type="locator" xlink:href="cl-ci_cor_2022-01-03.xsd#cl-ci_ValoresContablesObligacionesPublicoSinopsis" xlink:label="lbl13021"/>
    <link:reference xlink:type="resource" xlink:role="http://www.xbrl.org/2003/role/presentationRef" xlink:label="lbl12898" id="id7078">
      <ref:Name>OFC</ref:Name>
      <ref:Number>595</ref:Number>
      <ref:Paragraph>2</ref:Paragraph>
      <ref:IssueDate>2010-04-08</ref:IssueDate>
    </link:reference>
    <link:referenceArc xlink:type="arc" xlink:arcrole="http://www.xbrl.org/2003/arcrole/concept-reference" xlink:to="lbl12898" xlink:from="lbl13021"/>
    <link:loc xlink:type="locator" xlink:href="cl-ci_cor_2022-01-03.xsd#cl-ci_ValoresContablesPrestamosSinopsis" xlink:label="lbl13022"/>
    <link:reference xlink:type="resource" xlink:role="http://www.xbrl.org/2003/role/presentationRef" xlink:label="lbl12899" id="id7079">
      <ref:Name>OFC</ref:Name>
      <ref:Number>595</ref:Number>
      <ref:Paragraph>2</ref:Paragraph>
      <ref:IssueDate>2010-04-08</ref:IssueDate>
    </link:reference>
    <link:referenceArc xlink:type="arc" xlink:arcrole="http://www.xbrl.org/2003/arcrole/concept-reference" xlink:to="lbl12899" xlink:from="lbl13022"/>
    <link:loc xlink:type="locator" xlink:href="cl-ci_cor_2022-01-03.xsd#cl-ci_InformacionARevelarSobreMedioAmbienteBloqueDeTexto" xlink:label="lbl13023"/>
    <link:reference xlink:type="resource" xlink:role="http://www.xbrl.org/2003/role/presentationRef" xlink:label="lbl12900" id="id7080">
      <ref:Name>CIRC</ref:Name>
      <ref:Number>1901</ref:Number>
      <ref:Paragraph>I</ref:Paragraph>
      <ref:IssueDate>2008-10-30</ref:IssueDate>
    </link:reference>
    <link:referenceArc xlink:type="arc" xlink:arcrole="http://www.xbrl.org/2003/arcrole/concept-reference" xlink:to="lbl12900" xlink:from="lbl13023"/>
    <link:loc xlink:type="locator" xlink:href="cl-ci_cor_2022-01-03.xsd#cl-ci_InformacionARevelarSobreOtrasNotasAdicionalesBloqueDeTexto" xlink:label="lbl13024"/>
    <link:reference xlink:type="resource" xlink:role="http://www.xbrl.org/2003/role/presentationRef" xlink:label="lbl12901" id="id7081">
      <ref:Name>CIRC</ref:Name>
      <ref:Number>1901</ref:Number>
      <ref:Paragraph>II</ref:Paragraph>
      <ref:IssueDate>2008-10-30</ref:IssueDate>
    </link:reference>
    <link:referenceArc xlink:type="arc" xlink:arcrole="http://www.xbrl.org/2003/arcrole/concept-reference" xlink:to="lbl12901" xlink:from="lbl13024"/>
    <link:loc xlink:type="locator" xlink:href="cl-ci_cor_2022-01-03.xsd#cl-ci_TipoEEFF" xlink:label="lbl13025"/>
    <link:reference xlink:type="resource" xlink:role="http://www.xbrl.org/2003/role/presentationRef" xlink:label="lbl12902" id="id7082">
      <ref:Name>IAS</ref:Name>
      <ref:Number>1</ref:Number>
      <ref:Paragraph>51</ref:Paragraph>
      <ref:Subparagraph>B</ref:Subparagraph>
      <ref:IssueDate>2016/01/01</ref:IssueDate>
    </link:reference>
    <link:referenceArc xlink:type="arc" xlink:arcrole="http://www.xbrl.org/2003/arcrole/concept-reference" xlink:to="lbl12902" xlink:from="lbl13025"/>
    <link:loc xlink:type="locator" xlink:href="cl-ci_cor_2022-01-03.xsd#cl-ci_CanalesDeVentas" xlink:label="lbl13026"/>
    <link:reference xlink:type="resource" xlink:role="http://www.xbrl.org/2003/role/presentationRef" xlink:label="lbl12903" id="id7083">
      <ref:Name>IFRS</ref:Name>
      <ref:Number>15</ref:Number>
      <ref:Paragraph>B89</ref:Paragraph>
      <ref:Subparagraph>g</ref:Subparagraph>
      <ref:IssueDate>2018/01/01</ref:IssueDate>
    </link:reference>
    <link:referenceArc xlink:type="arc" xlink:arcrole="http://www.xbrl.org/2003/arcrole/concept-reference" xlink:to="lbl12903" xlink:from="lbl13026"/>
    <link:loc xlink:type="locator" xlink:href="cl-ci_cor_2022-01-03.xsd#cl-ci_CalendarioTransferenciasBienesServicios" xlink:label="lbl13027"/>
    <link:reference xlink:type="resource" xlink:role="http://www.xbrl.org/2003/role/presentationRef" xlink:label="lbl12904" id="id7084">
      <ref:Name>IFRS</ref:Name>
      <ref:Number>15</ref:Number>
      <ref:Paragraph>B89</ref:Paragraph>
      <ref:Subparagraph>f</ref:Subparagraph>
      <ref:IssueDate>2018/01/01</ref:IssueDate>
    </link:reference>
    <link:referenceArc xlink:type="arc" xlink:arcrole="http://www.xbrl.org/2003/arcrole/concept-reference" xlink:to="lbl12904" xlink:from="lbl13027"/>
    <link:loc xlink:type="locator" xlink:href="cl-ci_cor_2022-01-03.xsd#cl-ci_DuracionContrato" xlink:label="lbl13028"/>
    <link:reference xlink:type="resource" xlink:role="http://www.xbrl.org/2003/role/presentationRef" xlink:label="lbl12905" id="id7085">
      <ref:Name>IFRS</ref:Name>
      <ref:Number>15</ref:Number>
      <ref:Paragraph>B89</ref:Paragraph>
      <ref:Subparagraph>e</ref:Subparagraph>
      <ref:IssueDate>2018/01/01</ref:IssueDate>
    </link:reference>
    <link:referenceArc xlink:type="arc" xlink:arcrole="http://www.xbrl.org/2003/arcrole/concept-reference" xlink:to="lbl12905" xlink:from="lbl13028"/>
    <link:loc xlink:type="locator" xlink:href="cl-ci_cor_2022-01-03.xsd#cl-ci_TiposContratos" xlink:label="lbl13029"/>
    <link:reference xlink:type="resource" xlink:role="http://www.xbrl.org/2003/role/presentationRef" xlink:label="lbl12906" id="id7086">
      <ref:Name>IFRS</ref:Name>
      <ref:Number>15</ref:Number>
      <ref:Paragraph>B89</ref:Paragraph>
      <ref:Subparagraph>d</ref:Subparagraph>
      <ref:IssueDate>2018/01/01</ref:IssueDate>
    </link:reference>
    <link:referenceArc xlink:type="arc" xlink:arcrole="http://www.xbrl.org/2003/arcrole/concept-reference" xlink:to="lbl12906" xlink:from="lbl13029"/>
    <link:loc xlink:type="locator" xlink:href="cl-ci_cor_2022-01-03.xsd#cl-ci_TiposClientes" xlink:label="lbl13030"/>
    <link:reference xlink:type="resource" xlink:role="http://www.xbrl.org/2003/role/presentationRef" xlink:label="lbl12907" id="id7087">
      <ref:Name>IFRS</ref:Name>
      <ref:Number>15</ref:Number>
      <ref:Paragraph>B89</ref:Paragraph>
      <ref:Subparagraph>c</ref:Subparagraph>
      <ref:IssueDate>2018/01/01</ref:IssueDate>
    </link:reference>
    <link:referenceArc xlink:type="arc" xlink:arcrole="http://www.xbrl.org/2003/arcrole/concept-reference" xlink:to="lbl12907" xlink:from="lbl13030"/>
    <link:loc xlink:type="locator" xlink:href="cl-ci_cor_2022-01-03.xsd#cl-ci_ActivoIndividualSubsidiariaDirecta" xlink:label="lbl13031"/>
    <link:reference xlink:type="resource" xlink:role="http://www.xbrl.org/2003/role/presentationRef" xlink:label="lbl12908" id="id7088">
      <ref:Name>LEY</ref:Name>
      <ref:Number>18.046</ref:Number>
      <ref:Paragraph>67</ref:Paragraph>
      <ref:Subparagraph>9</ref:Subparagraph>
      <ref:IssueDate>1981/10/22</ref:IssueDate>
    </link:reference>
    <link:referenceArc xlink:type="arc" xlink:arcrole="http://www.xbrl.org/2003/arcrole/concept-reference" xlink:to="lbl12908" xlink:from="lbl13031"/>
    <link:loc xlink:type="locator" xlink:href="http://xbrl.ifrs.org/taxonomy/2021-03-24/full_ifrs/full_ifrs-cor_2021-03-24.xsd#ifrs-full_IssuedCapital" xlink:label="lbl13032"/>
    <link:reference xlink:type="resource" xlink:role="http://www.xbrl.org/2003/role/presentationRef" xlink:label="lbl12909" id="id7089">
      <ref:Name>IAS</ref:Name>
      <ref:Number>1</ref:Number>
      <ref:Paragraph>106</ref:Paragraph>
      <ref:IssueDate>2022/01/01</ref:IssueDate>
    </link:reference>
    <link:referenceArc xlink:type="arc" xlink:arcrole="http://www.xbrl.org/2003/arcrole/concept-reference" xlink:to="lbl12909" xlink:from="lbl13032"/>
    <link:loc xlink:type="locator" xlink:href="http://xbrl.ifrs.org/taxonomy/2021-03-24/full_ifrs/full_ifrs-cor_2021-03-24.xsd#ifrs-full_Equity" xlink:label="lbl13033"/>
    <link:reference xlink:type="resource" xlink:role="http://www.xbrl.org/2003/role/presentationRef" xlink:label="lbl12910" id="id7090">
      <ref:Name>IFRS</ref:Name>
      <ref:Number>13</ref:Number>
      <ref:Paragraph>93</ref:Paragraph>
      <ref:Subparagraph>a, b</ref:Subparagraph>
      <ref:IssueDate>2022/01/01</ref:IssueDate>
    </link:reference>
    <link:referenceArc xlink:type="arc" xlink:arcrole="http://www.xbrl.org/2003/arcrole/concept-reference" xlink:to="lbl12910" xlink:from="lbl13033"/>
    <link:loc xlink:type="locator" xlink:href="cl-ci_cor_2022-01-03.xsd#cl-ci_UtilidadLiquidaDistribuible" xlink:label="lbl13034"/>
    <link:reference xlink:type="resource" xlink:role="http://www.xbrl.org/2003/role/presentationRef" xlink:label="lbl12911" id="id7091">
      <ref:Name>CIRC</ref:Name>
      <ref:Number>1945</ref:Number>
      <ref:IssueDate>2009/09/29</ref:IssueDate>
    </link:reference>
    <link:referenceArc xlink:type="arc" xlink:arcrole="http://www.xbrl.org/2003/arcrole/concept-reference" xlink:to="lbl12911" xlink:from="lbl13034"/>
  </link:referenceLink>
</link:linkbase>