<?xml version="1.0" encoding="UTF-8"?>
<!--
*******************************************************************************************
Copyright © 2022 Comisión para el Mercado Financiero de Chile (CMF) 
This material is copyright of the CMF Chile and all rights are reserved. 
No part of this material may be translated, reprinted, reproduced or utilised in 
any form or manner that is not expressly permitted by the CMF Chile 
IP Policy see: http://www.cmfchile.cl/sitio/pop/politica.html
*******************************************************************************************
-->
<!-- Generated with Reporting Standard S.L. XBRL Taxonomy builder version 3.7.1.1364 - http://www.reportingstandard.com -->
<!-- Generated with Reporting Standard S.L. XBRL Taxonomy builder version 3.7.1.1364 - http://www.reportingstandard.com -->
<link:linkbase xmlns:link="http://www.xbrl.org/2003/linkbase"
               xmlns:xs="http://www.w3.org/2001/XMLSchema"
               xmlns:xbrli="http://www.xbrl.org/2003/instance"
               xmlns:xfi="http://www.xbrl.org/2008/function/instance"
               xmlns:gen="http://xbrl.org/2008/generic"
               xmlns:xlink="http://www.w3.org/1999/xlink"
               xmlns:xsi="http://www.w3.org/2001/XMLSchema-instance"
               xmlns:va="http://xbrl.org/2008/assertion/value"
               xmlns:variable="http://xbrl.org/2008/variable"
               xmlns:cf="http://xbrl.org/2008/filter/concept"
               xmlns:ifrs-full="http://xbrl.ifrs.org/taxonomy/2021-03-24/ifrs-full"
               xmlns:df="http://xbrl.org/2008/filter/dimension"
               xmlns:label="http://xbrl.org/2008/label"
               xmlns:msg="http://xbrl.org/2010/message"
               xmlns:cl-ci="http://www.cmfchile.cl/cl/fr/ci/2022-01-03"
               xmlns:pf="http://xbrl.org/2008/filter/period"
               xmlns:mf="http://xbrl.org/2008/filter/match"
               xsi:schemaLocation="http://xbrl.org/2008/assertion/value http://www.xbrl.org/2008/value-assertion.xsd http://xbrl.org/2008/variable http://www.xbrl.org/2008/variable.xsd http://xbrl.org/2008/filter/concept http://www.xbrl.org/2008/concept-filter.xsd http://xbrl.org/2008/filter/dimension http://www.xbrl.org/2008/dimension-filter.xsd http://xbrl.org/2008/label http://www.xbrl.org/2008/generic-label.xsd http://xbrl.org/2010/message http://www.xbrl.org/2010/generic-message.xsd http://xbrl.org/2008/filter/period http://www.xbrl.org/2008/period-filter.xsd http://xbrl.org/2008/filter/match http://www.xbrl.org/2013/match-filter.xsd http://xbrl.org/2008/generic http://www.xbrl.org/2008/generic-link.xsd http://xbrl.ifrs.org/taxonomy/2021-03-24/ifrs-full http://xbrl.ifrs.org/taxonomy/2021-03-24/full_ifrs/full_ifrs-cor_2021-03-24.xsd http://www.cmfchile.cl/cl/fr/ci/2022-01-03 cl-ci_cor_2022-01-03.xsd">
  <link:roleRef xlink:type="simple" roleURI="http://www.cmfchile.cl/cl/fr/ci/role/formulasC_2022-01-03" xlink:href="cl-ci_cor_2022-01-03.xsd#FormulasC_2022-01-03"/>
  <link:roleRef xlink:type="simple" roleURI="http://www.xbrl.org/2010/role/message" xlink:href="http://www.xbrl.org/2010/generic-message.xsd#standard-message"/>
  <link:arcroleRef xlink:type="simple" arcroleURI="http://xbrl.org/arcrole/2008/variable-set" xlink:href="http://www.xbrl.org/2008/variable.xsd#variable-set"/>
  <link:arcroleRef xlink:type="simple" arcroleURI="http://xbrl.org/arcrole/2008/variable-filter" xlink:href="http://www.xbrl.org/2008/variable.xsd#variable-filter"/>
  <link:arcroleRef xlink:type="simple" arcroleURI="http://xbrl.org/arcrole/2008/element-label" xlink:href="http://www.xbrl.org/2008/generic-label.xsd#element-label"/>
  <link:arcroleRef xlink:type="simple" arcroleURI="http://xbrl.org/arcrole/2010/assertion-satisfied-message" xlink:href="http://www.xbrl.org/2010/validation-message.xsd#assertion-satisfied-message"/>
  <link:arcroleRef xlink:type="simple" arcroleURI="http://xbrl.org/arcrole/2010/assertion-unsatisfied-message" xlink:href="http://www.xbrl.org/2010/validation-message.xsd#assertion-unsatisfied-message"/>
  <gen:link xlink:type="extended" xlink:role="http://www.cmfchile.cl/cl/fr/ci/role/formulasC_2022-01-03">
    <va:valueAssertion xlink:type="resource" id="regla100001" aspectModel="dimensional" implicitFiltering="true" test="$ifrs-full:ImpairmentLossRecognisedInProfitOrLoss eq $ifrs-full:ImpairmentLossRecognisedInProfitOrLossPropertyPlantAndEquipment" xlink:label="lbl29393"/>
    <variable:factVariable xlink:type="resource" bindAsSequence="false" xlink:label="lbl29394" id="id15184"/>
    <variable:variableArc xlink:type="arc" xlink:arcrole="http://xbrl.org/arcrole/2008/variable-set" name="ifrs-full:ImpairmentLossRecognisedInProfitOrLoss" xlink:from="lbl29393" xlink:to="lbl29394"/>
    <variable:factVariable xlink:type="resource" bindAsSequence="false" xlink:label="lbl29397" id="id15185"/>
    <variable:variableArc xlink:type="arc" xlink:arcrole="http://xbrl.org/arcrole/2008/variable-set" name="ifrs-full:ImpairmentLossRecognisedInProfitOrLossPropertyPlantAndEquipment" xlink:from="lbl29393" xlink:to="lbl29397"/>
    <va:valueAssertion xlink:type="resource" id="regla100002" aspectModel="dimensional" implicitFiltering="true" test="$ifrs-full:ImpairmentLossRecognisedInProfitOrLoss eq $ifrs-full:ImpairmentLossRecognisedInProfitOrLossIntangibleAssetsOtherThanGoodwill" xlink:label="lbl29402"/>
    <variable:factVariable xlink:type="resource" bindAsSequence="false" xlink:label="lbl29403" id="id15186"/>
    <variable:variableArc xlink:type="arc" xlink:arcrole="http://xbrl.org/arcrole/2008/variable-set" name="ifrs-full:ImpairmentLossRecognisedInProfitOrLoss" xlink:from="lbl29402" xlink:to="lbl29403"/>
    <variable:factVariable xlink:type="resource" bindAsSequence="false" xlink:label="lbl29405" id="id15187"/>
    <variable:variableArc xlink:type="arc" xlink:arcrole="http://xbrl.org/arcrole/2008/variable-set" name="ifrs-full:ImpairmentLossRecognisedInProfitOrLossIntangibleAssetsOtherThanGoodwill" xlink:from="lbl29402" xlink:to="lbl29405"/>
    <va:valueAssertion xlink:type="resource" id="regla100003" aspectModel="dimensional" implicitFiltering="true" test="$ifrs-full:ImpairmentLossRecognisedInProfitOrLoss eq $ifrs-full:ImpairmentLossRecognisedInProfitOrLossGoodwill" xlink:label="lbl29410"/>
    <variable:factVariable xlink:type="resource" bindAsSequence="false" xlink:label="lbl29411" id="id15188"/>
    <variable:variableArc xlink:type="arc" xlink:arcrole="http://xbrl.org/arcrole/2008/variable-set" name="ifrs-full:ImpairmentLossRecognisedInProfitOrLoss" xlink:from="lbl29410" xlink:to="lbl29411"/>
    <variable:factVariable xlink:type="resource" bindAsSequence="false" xlink:label="lbl29413" id="id15189"/>
    <variable:variableArc xlink:type="arc" xlink:arcrole="http://xbrl.org/arcrole/2008/variable-set" name="ifrs-full:ImpairmentLossRecognisedInProfitOrLossGoodwill" xlink:from="lbl29410" xlink:to="lbl29413"/>
    <va:valueAssertion xlink:type="resource" id="regla100004" aspectModel="dimensional" implicitFiltering="true" test="$ifrs-full:ReversalOfImpairmentLossRecognisedInProfitOrLoss eq $ifrs-full:ReversalOfImpairmentLossRecognisedInProfitOrLossPropertyPlantAndEquipment" xlink:label="lbl29418"/>
    <variable:factVariable xlink:type="resource" bindAsSequence="false" xlink:label="lbl29419" id="id15190"/>
    <variable:variableArc xlink:type="arc" xlink:arcrole="http://xbrl.org/arcrole/2008/variable-set" name="ifrs-full:ReversalOfImpairmentLossRecognisedInProfitOrLoss" xlink:from="lbl29418" xlink:to="lbl29419"/>
    <variable:factVariable xlink:type="resource" bindAsSequence="false" xlink:label="lbl29421" id="id15191"/>
    <variable:variableArc xlink:type="arc" xlink:arcrole="http://xbrl.org/arcrole/2008/variable-set" name="ifrs-full:ReversalOfImpairmentLossRecognisedInProfitOrLossPropertyPlantAndEquipment" xlink:from="lbl29418" xlink:to="lbl29421"/>
    <va:valueAssertion xlink:type="resource" id="regla100005" aspectModel="dimensional" implicitFiltering="true" test="$ifrs-full:ReversalOfImpairmentLossRecognisedInProfitOrLoss eq $ifrs-full:ReversalOfImpairmentLossRecognisedInProfitOrLossIntangibleAssetsOtherThanGoodwill" xlink:label="lbl29426"/>
    <variable:factVariable xlink:type="resource" bindAsSequence="false" xlink:label="lbl29427" id="id15192"/>
    <variable:variableArc xlink:type="arc" xlink:arcrole="http://xbrl.org/arcrole/2008/variable-set" name="ifrs-full:ReversalOfImpairmentLossRecognisedInProfitOrLoss" xlink:from="lbl29426" xlink:to="lbl29427"/>
    <variable:factVariable xlink:type="resource" bindAsSequence="false" xlink:label="lbl29428" id="id15193"/>
    <variable:variableArc xlink:type="arc" xlink:arcrole="http://xbrl.org/arcrole/2008/variable-set" name="ifrs-full:ReversalOfImpairmentLossRecognisedInProfitOrLossIntangibleAssetsOtherThanGoodwill" xlink:from="lbl29426" xlink:to="lbl29428"/>
    <va:valueAssertion xlink:type="resource" id="regla100006" aspectModel="dimensional" implicitFiltering="true" test="$ifrs-full:ImpairmentLossRecognisedInOtherComprehensiveIncome eq $ifrs-full:ImpairmentLossRecognisedInOtherComprehensiveIncomePropertyPlantAndEquipment" xlink:label="lbl29433"/>
    <variable:factVariable xlink:type="resource" bindAsSequence="false" xlink:label="lbl29434" id="id15194"/>
    <variable:variableArc xlink:type="arc" xlink:arcrole="http://xbrl.org/arcrole/2008/variable-set" name="ifrs-full:ImpairmentLossRecognisedInOtherComprehensiveIncome" xlink:from="lbl29433" xlink:to="lbl29434"/>
    <variable:factVariable xlink:type="resource" bindAsSequence="false" xlink:label="lbl29436" id="id15195"/>
    <variable:variableArc xlink:type="arc" xlink:arcrole="http://xbrl.org/arcrole/2008/variable-set" name="ifrs-full:ImpairmentLossRecognisedInOtherComprehensiveIncomePropertyPlantAndEquipment" xlink:from="lbl29433" xlink:to="lbl29436"/>
    <va:valueAssertion xlink:type="resource" id="regla100007" aspectModel="dimensional" implicitFiltering="true" test="$ifrs-full:ImpairmentLossRecognisedInOtherComprehensiveIncome eq $ifrs-full:ImpairmentLossRecognisedInOtherComprehensiveIncomeIntangibleAssetsOtherThanGoodwill" xlink:label="lbl29441"/>
    <variable:factVariable xlink:type="resource" bindAsSequence="false" xlink:label="lbl29442" id="id15196"/>
    <variable:variableArc xlink:type="arc" xlink:arcrole="http://xbrl.org/arcrole/2008/variable-set" name="ifrs-full:ImpairmentLossRecognisedInOtherComprehensiveIncome" xlink:from="lbl29441" xlink:to="lbl29442"/>
    <variable:factVariable xlink:type="resource" bindAsSequence="false" xlink:label="lbl29443" id="id15197"/>
    <variable:variableArc xlink:type="arc" xlink:arcrole="http://xbrl.org/arcrole/2008/variable-set" name="ifrs-full:ImpairmentLossRecognisedInOtherComprehensiveIncomeIntangibleAssetsOtherThanGoodwill" xlink:from="lbl29441" xlink:to="lbl29443"/>
    <va:valueAssertion xlink:type="resource" id="regla100008" aspectModel="dimensional" implicitFiltering="true" test="$ifrs-full:ReversalOfImpairmentLossRecognisedInOtherComprehensiveIncome eq $ifrs-full:ReversalOfImpairmentLossRecognisedInOtherComprehensiveIncomePropertyPlantAndEquipment" xlink:label="lbl29448"/>
    <variable:factVariable xlink:type="resource" bindAsSequence="false" xlink:label="lbl29449" id="id15198"/>
    <variable:variableArc xlink:type="arc" xlink:arcrole="http://xbrl.org/arcrole/2008/variable-set" name="ifrs-full:ReversalOfImpairmentLossRecognisedInOtherComprehensiveIncome" xlink:from="lbl29448" xlink:to="lbl29449"/>
    <variable:factVariable xlink:type="resource" bindAsSequence="false" xlink:label="lbl29451" id="id15199"/>
    <variable:variableArc xlink:type="arc" xlink:arcrole="http://xbrl.org/arcrole/2008/variable-set" name="ifrs-full:ReversalOfImpairmentLossRecognisedInOtherComprehensiveIncomePropertyPlantAndEquipment" xlink:from="lbl29448" xlink:to="lbl29451"/>
    <va:valueAssertion xlink:type="resource" id="regla100009" aspectModel="dimensional" implicitFiltering="true" test="$ifrs-full:ReversalOfImpairmentLossRecognisedInOtherComprehensiveIncome eq $ifrs-full:ReversalOfImpairmentLossRecognisedInOtherComprehensiveIncomeIntangibleAssetsOtherThanGoodwill" xlink:label="lbl29456"/>
    <variable:factVariable xlink:type="resource" bindAsSequence="false" xlink:label="lbl29457" id="id15200"/>
    <variable:variableArc xlink:type="arc" xlink:arcrole="http://xbrl.org/arcrole/2008/variable-set" name="ifrs-full:ReversalOfImpairmentLossRecognisedInOtherComprehensiveIncome" xlink:from="lbl29456" xlink:to="lbl29457"/>
    <variable:factVariable xlink:type="resource" bindAsSequence="false" xlink:label="lbl29458" id="id15201"/>
    <variable:variableArc xlink:type="arc" xlink:arcrole="http://xbrl.org/arcrole/2008/variable-set" name="ifrs-full:ReversalOfImpairmentLossRecognisedInOtherComprehensiveIncomeIntangibleAssetsOtherThanGoodwill" xlink:from="lbl29456" xlink:to="lbl29458"/>
    <va:valueAssertion xlink:type="resource" id="regla100010" aspectModel="dimensional" implicitFiltering="true" test="$ifrs-full:ImpairmentLossReversalOfImpairmentLossRecognisedInProfitOrLoss = $ifrs-full:ImpairmentLossRecognisedInProfitOrLoss - $ifrs-full:ReversalOfImpairmentLossRecognisedInProfitOrLoss" xlink:label="lbl29463"/>
    <variable:factVariable xlink:type="resource" bindAsSequence="false" xlink:label="lbl29464" id="id15202"/>
    <variable:variableArc xlink:type="arc" xlink:arcrole="http://xbrl.org/arcrole/2008/variable-set" name="ifrs-full:ImpairmentLossReversalOfImpairmentLossRecognisedInProfitOrLoss" xlink:from="lbl29463" xlink:to="lbl29464"/>
    <variable:factVariable xlink:type="resource" bindAsSequence="false" xlink:label="lbl29466" id="id15203"/>
    <variable:variableArc xlink:type="arc" xlink:arcrole="http://xbrl.org/arcrole/2008/variable-set" name="ifrs-full:ImpairmentLossRecognisedInProfitOrLoss" xlink:from="lbl29463" xlink:to="lbl29466"/>
    <variable:factVariable xlink:type="resource" bindAsSequence="false" xlink:label="lbl29467" id="id15204"/>
    <variable:variableArc xlink:type="arc" xlink:arcrole="http://xbrl.org/arcrole/2008/variable-set" name="ifrs-full:ReversalOfImpairmentLossRecognisedInProfitOrLoss" xlink:from="lbl29463" xlink:to="lbl29467"/>
    <va:valueAssertion xlink:type="resource" id="regla100011" aspectModel="dimensional" implicitFiltering="true" test="$ifrs-full:ProfitLossAttributableToNoncontrollingInterests = $ifrs-full:ProfitLossFromContinuingOperationsAttributableToNoncontrollingInterests + $ifrs-full:ProfitLossFromDiscontinuedOperationsAttributableToNoncontrollingInterests" xlink:label="lbl29471"/>
    <variable:factVariable xlink:type="resource" bindAsSequence="false" xlink:label="lbl29472" id="id15205"/>
    <variable:variableArc xlink:type="arc" xlink:arcrole="http://xbrl.org/arcrole/2008/variable-set" name="ifrs-full:ProfitLossAttributableToNoncontrollingInterests" xlink:from="lbl29471" xlink:to="lbl29472"/>
    <variable:factVariable xlink:type="resource" bindAsSequence="false" xlink:label="lbl29474" id="id15206"/>
    <variable:variableArc xlink:type="arc" xlink:arcrole="http://xbrl.org/arcrole/2008/variable-set" name="ifrs-full:ProfitLossFromContinuingOperationsAttributableToNoncontrollingInterests" xlink:from="lbl29471" xlink:to="lbl29474"/>
    <variable:factVariable xlink:type="resource" bindAsSequence="false" xlink:label="lbl29476" id="id15207"/>
    <variable:variableArc xlink:type="arc" xlink:arcrole="http://xbrl.org/arcrole/2008/variable-set" name="ifrs-full:ProfitLossFromDiscontinuedOperationsAttributableToNoncontrollingInterests" xlink:from="lbl29471" xlink:to="lbl29476"/>
    <va:valueAssertion xlink:type="resource" id="regla100012" aspectModel="dimensional" implicitFiltering="true" test="$cl-ci:CarteraBruta eq $ifrs-full:CurrentTradeReceivables + $ifrs-full:NoncurrentTradeReceivables" xlink:label="lbl29481"/>
    <variable:factVariable xlink:type="resource" bindAsSequence="false" xlink:label="lbl29482" id="id15208"/>
    <variable:variableArc xlink:type="arc" xlink:arcrole="http://xbrl.org/arcrole/2008/variable-set" name="cl-ci:CarteraBruta" xlink:from="lbl29481" xlink:to="lbl29482"/>
    <variable:factVariable xlink:type="resource" bindAsSequence="false" xlink:label="lbl29484" id="id15209"/>
    <variable:variableArc xlink:type="arc" xlink:arcrole="http://xbrl.org/arcrole/2008/variable-set" name="ifrs-full:CurrentTradeReceivables" xlink:from="lbl29481" xlink:to="lbl29484"/>
    <variable:factVariable xlink:type="resource" bindAsSequence="false" xlink:label="lbl29488" id="id15210"/>
    <variable:variableArc xlink:type="arc" xlink:arcrole="http://xbrl.org/arcrole/2008/variable-set" name="ifrs-full:NoncurrentTradeReceivables" xlink:from="lbl29481" xlink:to="lbl29488"/>
    <va:valueAssertion xlink:type="resource" id="regla100013" aspectModel="dimensional" implicitFiltering="true" test="$ifrs-full:CurrentBiologicalAssets eq $ifrs-full:BiologicalAssets" xlink:label="lbl29494"/>
    <variable:factVariable xlink:type="resource" bindAsSequence="false" xlink:label="lbl29495" id="id15211"/>
    <variable:variableArc xlink:type="arc" xlink:arcrole="http://xbrl.org/arcrole/2008/variable-set" name="ifrs-full:CurrentBiologicalAssets" xlink:from="lbl29494" xlink:to="lbl29495"/>
    <variable:factVariable xlink:type="resource" bindAsSequence="false" xlink:label="lbl29497" id="id15212"/>
    <variable:variableArc xlink:type="arc" xlink:arcrole="http://xbrl.org/arcrole/2008/variable-set" name="ifrs-full:BiologicalAssets" xlink:from="lbl29494" xlink:to="lbl29497"/>
    <va:valueAssertion xlink:type="resource" id="regla100014" aspectModel="dimensional" implicitFiltering="true" test="$ifrs-full:NoncurrentBiologicalAssets eq $ifrs-full:BiologicalAssets" xlink:label="lbl29504"/>
    <variable:factVariable xlink:type="resource" bindAsSequence="false" xlink:label="lbl29505" id="id15213"/>
    <variable:variableArc xlink:type="arc" xlink:arcrole="http://xbrl.org/arcrole/2008/variable-set" name="ifrs-full:NoncurrentBiologicalAssets" xlink:from="lbl29504" xlink:to="lbl29505"/>
    <variable:factVariable xlink:type="resource" bindAsSequence="false" xlink:label="lbl29507" id="id15214"/>
    <variable:variableArc xlink:type="arc" xlink:arcrole="http://xbrl.org/arcrole/2008/variable-set" name="ifrs-full:BiologicalAssets" xlink:from="lbl29504" xlink:to="lbl29507"/>
    <cf:conceptName xlink:type="resource" xlink:label="lbl29395" id="id15215">
      <cf:concept>
        <cf:qname>ifrs-full:ImpairmentLossRecognisedInProfitOrLoss</cf:qname>
      </cf:concept>
    </cf:conceptName>
    <variable:variableFilterArc xlink:type="arc" xlink:arcrole="http://xbrl.org/arcrole/2008/variable-filter" complement="false" cover="true" xlink:from="lbl29394" xlink:to="lbl29395"/>
    <df:explicitDimension xlink:type="resource" xlink:label="lbl29396" id="id15216">
      <df:dimension>
        <df:qname>ifrs-full:ClassesOfAssetsAxis</df:qname>
      </df:dimension>
      <df:member>
        <df:qname>ifrs-full:PropertyPlantAndEquipmentMember</df:qname>
      </df:member>
    </df:explicitDimension>
    <variable:variableFilterArc xlink:type="arc" xlink:arcrole="http://xbrl.org/arcrole/2008/variable-filter" complement="false" cover="true" xlink:from="lbl29394" xlink:to="lbl29396"/>
    <cf:conceptName xlink:type="resource" xlink:label="lbl29398" id="id15217">
      <cf:concept>
        <cf:qname>ifrs-full:ImpairmentLossRecognisedInProfitOrLossPropertyPlantAndEquipment</cf:qname>
      </cf:concept>
    </cf:conceptName>
    <variable:variableFilterArc xlink:type="arc" xlink:arcrole="http://xbrl.org/arcrole/2008/variable-filter" complement="false" cover="true" xlink:from="lbl29397" xlink:to="lbl29398"/>
    <variable:variableFilterArc xlink:type="arc" xlink:arcrole="http://xbrl.org/arcrole/2008/variable-filter" complement="false" cover="true" xlink:from="lbl29403" xlink:to="lbl29395"/>
    <df:explicitDimension xlink:type="resource" xlink:label="lbl29404" id="id15218">
      <df:dimension>
        <df:qname>ifrs-full:ClassesOfAssetsAxis</df:qname>
      </df:dimension>
      <df:member>
        <df:qname>ifrs-full:IntangibleAssetsOtherThanGoodwillMember</df:qname>
      </df:member>
    </df:explicitDimension>
    <variable:variableFilterArc xlink:type="arc" xlink:arcrole="http://xbrl.org/arcrole/2008/variable-filter" complement="false" cover="true" xlink:from="lbl29403" xlink:to="lbl29404"/>
    <cf:conceptName xlink:type="resource" xlink:label="lbl29406" id="id15219">
      <cf:concept>
        <cf:qname>ifrs-full:ImpairmentLossRecognisedInProfitOrLossIntangibleAssetsOtherThanGoodwill</cf:qname>
      </cf:concept>
    </cf:conceptName>
    <variable:variableFilterArc xlink:type="arc" xlink:arcrole="http://xbrl.org/arcrole/2008/variable-filter" complement="false" cover="true" xlink:from="lbl29405" xlink:to="lbl29406"/>
    <variable:variableFilterArc xlink:type="arc" xlink:arcrole="http://xbrl.org/arcrole/2008/variable-filter" complement="false" cover="true" xlink:from="lbl29411" xlink:to="lbl29395"/>
    <df:explicitDimension xlink:type="resource" xlink:label="lbl29412" id="id15220">
      <df:dimension>
        <df:qname>ifrs-full:ClassesOfAssetsAxis</df:qname>
      </df:dimension>
      <df:member>
        <df:qname>ifrs-full:GoodwillMember</df:qname>
      </df:member>
    </df:explicitDimension>
    <variable:variableFilterArc xlink:type="arc" xlink:arcrole="http://xbrl.org/arcrole/2008/variable-filter" complement="false" cover="true" xlink:from="lbl29411" xlink:to="lbl29412"/>
    <cf:conceptName xlink:type="resource" xlink:label="lbl29414" id="id15221">
      <cf:concept>
        <cf:qname>ifrs-full:ImpairmentLossRecognisedInProfitOrLossGoodwill</cf:qname>
      </cf:concept>
    </cf:conceptName>
    <variable:variableFilterArc xlink:type="arc" xlink:arcrole="http://xbrl.org/arcrole/2008/variable-filter" complement="false" cover="true" xlink:from="lbl29413" xlink:to="lbl29414"/>
    <cf:conceptName xlink:type="resource" xlink:label="lbl29420" id="id15222">
      <cf:concept>
        <cf:qname>ifrs-full:ReversalOfImpairmentLossRecognisedInProfitOrLoss</cf:qname>
      </cf:concept>
    </cf:conceptName>
    <variable:variableFilterArc xlink:type="arc" xlink:arcrole="http://xbrl.org/arcrole/2008/variable-filter" complement="false" cover="true" xlink:from="lbl29419" xlink:to="lbl29420"/>
    <variable:variableFilterArc xlink:type="arc" xlink:arcrole="http://xbrl.org/arcrole/2008/variable-filter" complement="false" cover="true" xlink:from="lbl29419" xlink:to="lbl29396"/>
    <cf:conceptName xlink:type="resource" xlink:label="lbl29422" id="id15223">
      <cf:concept>
        <cf:qname>ifrs-full:ReversalOfImpairmentLossRecognisedInProfitOrLossPropertyPlantAndEquipment</cf:qname>
      </cf:concept>
    </cf:conceptName>
    <variable:variableFilterArc xlink:type="arc" xlink:arcrole="http://xbrl.org/arcrole/2008/variable-filter" complement="false" cover="true" xlink:from="lbl29421" xlink:to="lbl29422"/>
    <variable:variableFilterArc xlink:type="arc" xlink:arcrole="http://xbrl.org/arcrole/2008/variable-filter" complement="false" cover="true" xlink:from="lbl29427" xlink:to="lbl29420"/>
    <variable:variableFilterArc xlink:type="arc" xlink:arcrole="http://xbrl.org/arcrole/2008/variable-filter" complement="false" cover="true" xlink:from="lbl29427" xlink:to="lbl29404"/>
    <cf:conceptName xlink:type="resource" xlink:label="lbl29429" id="id15224">
      <cf:concept>
        <cf:qname>ifrs-full:ReversalOfImpairmentLossRecognisedInProfitOrLossIntangibleAssetsOtherThanGoodwill</cf:qname>
      </cf:concept>
    </cf:conceptName>
    <variable:variableFilterArc xlink:type="arc" xlink:arcrole="http://xbrl.org/arcrole/2008/variable-filter" complement="false" cover="true" xlink:from="lbl29428" xlink:to="lbl29429"/>
    <cf:conceptName xlink:type="resource" xlink:label="lbl29435" id="id15225">
      <cf:concept>
        <cf:qname>ifrs-full:ImpairmentLossRecognisedInOtherComprehensiveIncome</cf:qname>
      </cf:concept>
    </cf:conceptName>
    <variable:variableFilterArc xlink:type="arc" xlink:arcrole="http://xbrl.org/arcrole/2008/variable-filter" complement="false" cover="true" xlink:from="lbl29434" xlink:to="lbl29435"/>
    <variable:variableFilterArc xlink:type="arc" xlink:arcrole="http://xbrl.org/arcrole/2008/variable-filter" complement="false" cover="true" xlink:from="lbl29434" xlink:to="lbl29396"/>
    <cf:conceptName xlink:type="resource" xlink:label="lbl29437" id="id15226">
      <cf:concept>
        <cf:qname>ifrs-full:ImpairmentLossRecognisedInOtherComprehensiveIncomePropertyPlantAndEquipment</cf:qname>
      </cf:concept>
    </cf:conceptName>
    <variable:variableFilterArc xlink:type="arc" xlink:arcrole="http://xbrl.org/arcrole/2008/variable-filter" complement="false" cover="true" xlink:from="lbl29436" xlink:to="lbl29437"/>
    <variable:variableFilterArc xlink:type="arc" xlink:arcrole="http://xbrl.org/arcrole/2008/variable-filter" complement="false" cover="true" xlink:from="lbl29442" xlink:to="lbl29435"/>
    <variable:variableFilterArc xlink:type="arc" xlink:arcrole="http://xbrl.org/arcrole/2008/variable-filter" complement="false" cover="true" xlink:from="lbl29442" xlink:to="lbl29404"/>
    <cf:conceptName xlink:type="resource" xlink:label="lbl29444" id="id15227">
      <cf:concept>
        <cf:qname>ifrs-full:ImpairmentLossRecognisedInOtherComprehensiveIncomeIntangibleAssetsOtherThanGoodwill</cf:qname>
      </cf:concept>
    </cf:conceptName>
    <variable:variableFilterArc xlink:type="arc" xlink:arcrole="http://xbrl.org/arcrole/2008/variable-filter" complement="false" cover="true" xlink:from="lbl29443" xlink:to="lbl29444"/>
    <cf:conceptName xlink:type="resource" xlink:label="lbl29450" id="id15228">
      <cf:concept>
        <cf:qname>ifrs-full:ReversalOfImpairmentLossRecognisedInOtherComprehensiveIncome</cf:qname>
      </cf:concept>
    </cf:conceptName>
    <variable:variableFilterArc xlink:type="arc" xlink:arcrole="http://xbrl.org/arcrole/2008/variable-filter" complement="false" cover="true" xlink:from="lbl29449" xlink:to="lbl29450"/>
    <variable:variableFilterArc xlink:type="arc" xlink:arcrole="http://xbrl.org/arcrole/2008/variable-filter" complement="false" cover="true" xlink:from="lbl29449" xlink:to="lbl29396"/>
    <cf:conceptName xlink:type="resource" xlink:label="lbl29452" id="id15229">
      <cf:concept>
        <cf:qname>ifrs-full:ReversalOfImpairmentLossRecognisedInOtherComprehensiveIncomePropertyPlantAndEquipment</cf:qname>
      </cf:concept>
    </cf:conceptName>
    <variable:variableFilterArc xlink:type="arc" xlink:arcrole="http://xbrl.org/arcrole/2008/variable-filter" complement="false" cover="true" xlink:from="lbl29451" xlink:to="lbl29452"/>
    <variable:variableFilterArc xlink:type="arc" xlink:arcrole="http://xbrl.org/arcrole/2008/variable-filter" complement="false" cover="true" xlink:from="lbl29457" xlink:to="lbl29450"/>
    <variable:variableFilterArc xlink:type="arc" xlink:arcrole="http://xbrl.org/arcrole/2008/variable-filter" complement="false" cover="true" xlink:from="lbl29457" xlink:to="lbl29404"/>
    <cf:conceptName xlink:type="resource" xlink:label="lbl29459" id="id15230">
      <cf:concept>
        <cf:qname>ifrs-full:ReversalOfImpairmentLossRecognisedInOtherComprehensiveIncomeIntangibleAssetsOtherThanGoodwill</cf:qname>
      </cf:concept>
    </cf:conceptName>
    <variable:variableFilterArc xlink:type="arc" xlink:arcrole="http://xbrl.org/arcrole/2008/variable-filter" complement="false" cover="true" xlink:from="lbl29458" xlink:to="lbl29459"/>
    <cf:conceptName xlink:type="resource" xlink:label="lbl29465" id="id15231">
      <cf:concept>
        <cf:qname>ifrs-full:ImpairmentLossReversalOfImpairmentLossRecognisedInProfitOrLoss</cf:qname>
      </cf:concept>
    </cf:conceptName>
    <variable:variableFilterArc xlink:type="arc" xlink:arcrole="http://xbrl.org/arcrole/2008/variable-filter" complement="false" cover="true" xlink:from="lbl29464" xlink:to="lbl29465"/>
    <variable:variableFilterArc xlink:type="arc" xlink:arcrole="http://xbrl.org/arcrole/2008/variable-filter" complement="false" cover="true" xlink:from="lbl29466" xlink:to="lbl29395"/>
    <variable:variableFilterArc xlink:type="arc" xlink:arcrole="http://xbrl.org/arcrole/2008/variable-filter" complement="false" cover="true" xlink:from="lbl29467" xlink:to="lbl29420"/>
    <cf:conceptName xlink:type="resource" xlink:label="lbl29473" id="id15232">
      <cf:concept>
        <cf:qname>ifrs-full:ProfitLossAttributableToNoncontrollingInterests</cf:qname>
      </cf:concept>
    </cf:conceptName>
    <variable:variableFilterArc xlink:type="arc" xlink:arcrole="http://xbrl.org/arcrole/2008/variable-filter" complement="false" cover="true" xlink:from="lbl29472" xlink:to="lbl29473"/>
    <cf:conceptName xlink:type="resource" xlink:label="lbl29475" id="id15233">
      <cf:concept>
        <cf:qname>ifrs-full:ProfitLossFromContinuingOperationsAttributableToNoncontrollingInterests</cf:qname>
      </cf:concept>
    </cf:conceptName>
    <variable:variableFilterArc xlink:type="arc" xlink:arcrole="http://xbrl.org/arcrole/2008/variable-filter" complement="false" cover="true" xlink:from="lbl29474" xlink:to="lbl29475"/>
    <cf:conceptName xlink:type="resource" xlink:label="lbl29477" id="id15234">
      <cf:concept>
        <cf:qname>ifrs-full:ProfitLossFromDiscontinuedOperationsAttributableToNoncontrollingInterests</cf:qname>
      </cf:concept>
    </cf:conceptName>
    <variable:variableFilterArc xlink:type="arc" xlink:arcrole="http://xbrl.org/arcrole/2008/variable-filter" complement="false" cover="true" xlink:from="lbl29476" xlink:to="lbl29477"/>
    <cf:conceptName xlink:type="resource" xlink:label="lbl29483" id="id15235">
      <cf:concept>
        <cf:qname>cl-ci:CarteraBruta</cf:qname>
      </cf:concept>
    </cf:conceptName>
    <variable:variableFilterArc xlink:type="arc" xlink:arcrole="http://xbrl.org/arcrole/2008/variable-filter" complement="false" cover="true" xlink:from="lbl29482" xlink:to="lbl29483"/>
    <cf:conceptName xlink:type="resource" xlink:label="lbl29485" id="id15236">
      <cf:concept>
        <cf:qname>ifrs-full:CurrentTradeReceivables</cf:qname>
      </cf:concept>
    </cf:conceptName>
    <variable:variableFilterArc xlink:type="arc" xlink:arcrole="http://xbrl.org/arcrole/2008/variable-filter" complement="false" cover="true" xlink:from="lbl29484" xlink:to="lbl29485"/>
    <df:explicitDimension xlink:type="resource" xlink:label="lbl29486" id="id15237">
      <df:dimension>
        <df:qname>cl-ci:ActivosPorDeudoresComercialesEje</df:qname>
      </df:dimension>
      <df:member>
        <df:qname>cl-ci:ActivosAntesProvisionesMiembro</df:qname>
      </df:member>
    </df:explicitDimension>
    <variable:variableFilterArc xlink:type="arc" xlink:arcrole="http://xbrl.org/arcrole/2008/variable-filter" complement="false" cover="true" xlink:from="lbl29484" xlink:to="lbl29486"/>
    <pf:instantDuration xlink:type="resource" boundary="end" variable="cl-ci:CarteraBruta" xlink:label="lbl29487" id="id15238"/>
    <variable:variableFilterArc xlink:type="arc" xlink:arcrole="http://xbrl.org/arcrole/2008/variable-filter" complement="false" cover="true" xlink:from="lbl29484" xlink:to="lbl29487"/>
    <cf:conceptName xlink:type="resource" xlink:label="lbl29489" id="id15239">
      <cf:concept>
        <cf:qname>ifrs-full:NoncurrentTradeReceivables</cf:qname>
      </cf:concept>
    </cf:conceptName>
    <variable:variableFilterArc xlink:type="arc" xlink:arcrole="http://xbrl.org/arcrole/2008/variable-filter" complement="false" cover="true" xlink:from="lbl29488" xlink:to="lbl29489"/>
    <variable:variableFilterArc xlink:type="arc" xlink:arcrole="http://xbrl.org/arcrole/2008/variable-filter" complement="false" cover="true" xlink:from="lbl29488" xlink:to="lbl29486"/>
    <mf:matchPeriod xlink:type="resource" variable="ifrs-full:CurrentTradeReceivables" xlink:label="lbl29490" id="id15240"/>
    <variable:variableFilterArc xlink:type="arc" xlink:arcrole="http://xbrl.org/arcrole/2008/variable-filter" complement="false" cover="true" xlink:from="lbl29488" xlink:to="lbl29490"/>
    <cf:conceptName xlink:type="resource" xlink:label="lbl29496" id="id15241">
      <cf:concept>
        <cf:qname>ifrs-full:CurrentBiologicalAssets</cf:qname>
      </cf:concept>
    </cf:conceptName>
    <variable:variableFilterArc xlink:type="arc" xlink:arcrole="http://xbrl.org/arcrole/2008/variable-filter" complement="false" cover="true" xlink:from="lbl29495" xlink:to="lbl29496"/>
    <cf:conceptName xlink:type="resource" xlink:label="lbl29498" id="id15242">
      <cf:concept>
        <cf:qname>ifrs-full:BiologicalAssets</cf:qname>
      </cf:concept>
    </cf:conceptName>
    <variable:variableFilterArc xlink:type="arc" xlink:arcrole="http://xbrl.org/arcrole/2008/variable-filter" complement="false" cover="true" xlink:from="lbl29497" xlink:to="lbl29498"/>
    <df:explicitDimension xlink:type="resource" xlink:label="lbl29499" id="id15243">
      <df:dimension>
        <df:qname>ifrs-full:BiologicalAssetsAxis</df:qname>
      </df:dimension>
      <df:member>
        <df:qname>ifrs-full:CurrentBiologicalAssetsMember</df:qname>
      </df:member>
    </df:explicitDimension>
    <variable:variableFilterArc xlink:type="arc" xlink:arcrole="http://xbrl.org/arcrole/2008/variable-filter" complement="false" cover="true" xlink:from="lbl29497" xlink:to="lbl29499"/>
    <mf:matchPeriod xlink:type="resource" variable="ifrs-full:CurrentBiologicalAssets" xlink:label="lbl29500" id="id15244"/>
    <variable:variableFilterArc xlink:type="arc" xlink:arcrole="http://xbrl.org/arcrole/2008/variable-filter" complement="false" cover="true" xlink:from="lbl29497" xlink:to="lbl29500"/>
    <cf:conceptName xlink:type="resource" xlink:label="lbl29506" id="id15245">
      <cf:concept>
        <cf:qname>ifrs-full:NoncurrentBiologicalAssets</cf:qname>
      </cf:concept>
    </cf:conceptName>
    <variable:variableFilterArc xlink:type="arc" xlink:arcrole="http://xbrl.org/arcrole/2008/variable-filter" complement="false" cover="true" xlink:from="lbl29505" xlink:to="lbl29506"/>
    <variable:variableFilterArc xlink:type="arc" xlink:arcrole="http://xbrl.org/arcrole/2008/variable-filter" complement="false" cover="true" xlink:from="lbl29507" xlink:to="lbl29498"/>
    <df:explicitDimension xlink:type="resource" xlink:label="lbl29508" id="id15246">
      <df:dimension>
        <df:qname>ifrs-full:BiologicalAssetsAxis</df:qname>
      </df:dimension>
      <df:member>
        <df:qname>ifrs-full:NoncurrentBiologicalAssetsMember</df:qname>
      </df:member>
    </df:explicitDimension>
    <variable:variableFilterArc xlink:type="arc" xlink:arcrole="http://xbrl.org/arcrole/2008/variable-filter" complement="false" cover="true" xlink:from="lbl29507" xlink:to="lbl29508"/>
    <mf:matchPeriod xlink:type="resource" variable="ifrs-full:NoncurrentBiologicalAssets" xlink:label="lbl29509" id="id15247"/>
    <variable:variableFilterArc xlink:type="arc" xlink:arcrole="http://xbrl.org/arcrole/2008/variable-filter" complement="false" cover="true" xlink:from="lbl29507" xlink:to="lbl29509"/>
    <label:label xlink:type="resource" xml:lang="es" id="id15124" xlink:label="lbl29399">100001</label:label>
    <gen:arc xlink:type="arc" xlink:arcrole="http://xbrl.org/arcrole/2008/element-label" xlink:from="lbl29393" xlink:to="lbl29399"/>
    <label:label xlink:type="resource" xml:lang="es" id="id15127" xlink:label="lbl29407">100002</label:label>
    <gen:arc xlink:type="arc" xlink:arcrole="http://xbrl.org/arcrole/2008/element-label" xlink:from="lbl29402" xlink:to="lbl29407"/>
    <label:label xlink:type="resource" xml:lang="es" id="id15130" xlink:label="lbl29415">100003</label:label>
    <gen:arc xlink:type="arc" xlink:arcrole="http://xbrl.org/arcrole/2008/element-label" xlink:from="lbl29410" xlink:to="lbl29415"/>
    <label:label xlink:type="resource" xml:lang="es" id="id15133" xlink:label="lbl29423">100004</label:label>
    <gen:arc xlink:type="arc" xlink:arcrole="http://xbrl.org/arcrole/2008/element-label" xlink:from="lbl29418" xlink:to="lbl29423"/>
    <label:label xlink:type="resource" xml:lang="es" id="id15136" xlink:label="lbl29430">100005</label:label>
    <gen:arc xlink:type="arc" xlink:arcrole="http://xbrl.org/arcrole/2008/element-label" xlink:from="lbl29426" xlink:to="lbl29430"/>
    <label:label xlink:type="resource" xml:lang="es" id="id15139" xlink:label="lbl29438">100006</label:label>
    <gen:arc xlink:type="arc" xlink:arcrole="http://xbrl.org/arcrole/2008/element-label" xlink:from="lbl29433" xlink:to="lbl29438"/>
    <label:label xlink:type="resource" xml:lang="es" id="id15142" xlink:label="lbl29445">100007</label:label>
    <gen:arc xlink:type="arc" xlink:arcrole="http://xbrl.org/arcrole/2008/element-label" xlink:from="lbl29441" xlink:to="lbl29445"/>
    <label:label xlink:type="resource" xml:lang="es" id="id15145" xlink:label="lbl29453">100008</label:label>
    <gen:arc xlink:type="arc" xlink:arcrole="http://xbrl.org/arcrole/2008/element-label" xlink:from="lbl29448" xlink:to="lbl29453"/>
    <label:label xlink:type="resource" xml:lang="es" id="id15148" xlink:label="lbl29460">100009</label:label>
    <gen:arc xlink:type="arc" xlink:arcrole="http://xbrl.org/arcrole/2008/element-label" xlink:from="lbl29456" xlink:to="lbl29460"/>
    <label:label xlink:type="resource" xml:lang="es" id="id15151" xlink:label="lbl29468">100010</label:label>
    <gen:arc xlink:type="arc" xlink:arcrole="http://xbrl.org/arcrole/2008/element-label" xlink:from="lbl29463" xlink:to="lbl29468"/>
    <label:label xlink:type="resource" xml:lang="es" id="id15154" xlink:label="lbl29478">100011</label:label>
    <gen:arc xlink:type="arc" xlink:arcrole="http://xbrl.org/arcrole/2008/element-label" xlink:from="lbl29471" xlink:to="lbl29478"/>
    <label:label xlink:type="resource" xml:lang="es" id="id15157" xlink:label="lbl29491">100012</label:label>
    <gen:arc xlink:type="arc" xlink:arcrole="http://xbrl.org/arcrole/2008/element-label" xlink:from="lbl29481" xlink:to="lbl29491"/>
    <label:label xlink:type="resource" xml:lang="es" id="id15160" xlink:label="lbl29501">100013</label:label>
    <gen:arc xlink:type="arc" xlink:arcrole="http://xbrl.org/arcrole/2008/element-label" xlink:from="lbl29494" xlink:to="lbl29501"/>
    <label:label xlink:type="resource" xml:lang="es" id="id15163" xlink:label="lbl29510">100014</label:label>
    <gen:arc xlink:type="arc" xlink:arcrole="http://xbrl.org/arcrole/2008/element-label" xlink:from="lbl29504" xlink:to="lbl29510"/>
    <va:valueAssertion xlink:type="resource" id="regla100015" aspectModel="dimensional" implicitFiltering="true" test="if (count(//cl-ci:CuentasCobrarEntidadesRelacionadasCorrientes) eq 1) then (count(//cl-ci:CuentasCobrarEntidadesRelacionadas eq 1)) else true()" xlink:label="lbl29513"/>
    <label:label xlink:type="resource" xml:lang="es" id="id15166" xlink:label="lbl29514">100015</label:label>
    <gen:arc xlink:type="arc" xlink:arcrole="http://xbrl.org/arcrole/2008/element-label" xlink:from="lbl29513" xlink:to="lbl29514"/>
    <va:valueAssertion xlink:type="resource" id="regla100016" aspectModel="dimensional" implicitFiltering="true" test="if (count(//cl-ci:CuentasCobrarEntidadesRelacionadasNoCorrientes) eq 1) then (count(//cl-ci:CuentasCobrarEntidadesRelacionadas eq 1)) else true()" xlink:label="lbl29517"/>
    <label:label xlink:type="resource" xml:lang="es" id="id15169" xlink:label="lbl29518">100016</label:label>
    <gen:arc xlink:type="arc" xlink:arcrole="http://xbrl.org/arcrole/2008/element-label" xlink:from="lbl29517" xlink:to="lbl29518"/>
    <va:valueAssertion xlink:type="resource" id="regla100017" aspectModel="dimensional" implicitFiltering="true" test="if (count(//cl-ci:CuentasCobrarEntidadesRelacionadas) eq 1) then (count(//cl-ci:CuentasCobrarEntidadesRelacionadasNoCorrientes eq 1) or count(//cl-ci:CuentasCobrarEntidadesRelacionadasCorrientes eq 1)) else true()" xlink:label="lbl29521"/>
    <label:label xlink:type="resource" xml:lang="es" id="id15172" xlink:label="lbl29522">100017</label:label>
    <gen:arc xlink:type="arc" xlink:arcrole="http://xbrl.org/arcrole/2008/element-label" xlink:from="lbl29521" xlink:to="lbl29522"/>
    <va:valueAssertion xlink:type="resource" id="regla100018" aspectModel="dimensional" implicitFiltering="true" test="if (count(//cl-ci:CuentasPagarEntidadesRelacionadasCorrientes) eq 1) then (count(//cl-ci:CuentasPagarEntidadesRelacionadas eq 1)) else true()" xlink:label="lbl29525"/>
    <label:label xlink:type="resource" xml:lang="es" id="id15175" xlink:label="lbl29526">100018</label:label>
    <gen:arc xlink:type="arc" xlink:arcrole="http://xbrl.org/arcrole/2008/element-label" xlink:from="lbl29525" xlink:to="lbl29526"/>
    <va:valueAssertion xlink:type="resource" id="regla100019" aspectModel="dimensional" implicitFiltering="true" test="if (count(//cl-ci:CuentasPagarEntidadesRelacionadasNoCorrientes) eq 1) then (count(//cl-ci:CuentasPagarEntidadesRelacionadas eq 1)) else true()" xlink:label="lbl29529"/>
    <label:label xlink:type="resource" xml:lang="es" id="id15178" xlink:label="lbl29530">100019</label:label>
    <gen:arc xlink:type="arc" xlink:arcrole="http://xbrl.org/arcrole/2008/element-label" xlink:from="lbl29529" xlink:to="lbl29530"/>
    <va:valueAssertion xlink:type="resource" id="regla100020" aspectModel="dimensional" implicitFiltering="true" test="if (count(//cl-ci:CuentasPagarEntidadesRelacionadas) eq 1) then (count(//cl-ci:CuentasPagarEntidadesRelacionadasNoCorrientes eq 1) or count(//cl-ci:CuentasPagarEntidadesRelacionadasCorrientes eq 1)) else true()" xlink:label="lbl29533"/>
    <label:label xlink:type="resource" xml:lang="es" id="id15181" xlink:label="lbl29534">100020</label:label>
    <gen:arc xlink:type="arc" xlink:arcrole="http://xbrl.org/arcrole/2008/element-label" xlink:from="lbl29533" xlink:to="lbl29534"/>
    <msg:message xlink:type="resource" id="id15125" xml:lang="es" xlink:role="http://www.xbrl.org/2010/role/message" xlink:label="lbl29400">Regla100001 [rol 832410a]:  Pérdidas por deterioro de valor reconocidas en el resultado del periodo es igual a lo reportado en rol 822100 OK; contexto  {$ifrs-full:ImpairmentLossRecognisedInProfitOrLoss/@contextRef}</msg:message>
    <gen:arc xlink:type="arc" xlink:arcrole="http://xbrl.org/arcrole/2010/assertion-satisfied-message" xlink:from="lbl29393" xlink:to="lbl29400"/>
    <msg:message xlink:type="resource" id="id15128" xml:lang="es" xlink:role="http://www.xbrl.org/2010/role/message" xlink:label="lbl29408">Regla100002 [rol 832410a]: Pérdidas por deterioro de valor reconocidas en el resultado del periodo es igual a lo reportado en rol 823180 OK; contexto  {$ifrs-full:ImpairmentLossRecognisedInProfitOrLoss/@contextRef}</msg:message>
    <gen:arc xlink:type="arc" xlink:arcrole="http://xbrl.org/arcrole/2010/assertion-satisfied-message" xlink:from="lbl29402" xlink:to="lbl29408"/>
    <msg:message xlink:type="resource" id="id15131" xml:lang="es" xlink:role="http://www.xbrl.org/2010/role/message" xlink:label="lbl29416">Regla100003 [rol 832410a]: Pérdidas por deterioro de valor reconocidas en el resultado del periodo es igual a lo reportado en rol 817100 OK; contexto  {$ifrs-full:ImpairmentLossRecognisedInProfitOrLoss/@contextRef}</msg:message>
    <gen:arc xlink:type="arc" xlink:arcrole="http://xbrl.org/arcrole/2010/assertion-satisfied-message" xlink:from="lbl29410" xlink:to="lbl29416"/>
    <msg:message xlink:type="resource" id="id15134" xml:lang="es" xlink:role="http://www.xbrl.org/2010/role/message" xlink:label="lbl29424">Regla100004 [rol 832410a]: Reversión de pérdidas por deterioro de valor reconocidas en el resultado del periodo es igual a lo reportado en rol 822100 OK; contexto  {$ifrs-full:ReversalOfImpairmentLossRecognisedInProfitOrLoss/@contextRef}</msg:message>
    <gen:arc xlink:type="arc" xlink:arcrole="http://xbrl.org/arcrole/2010/assertion-satisfied-message" xlink:from="lbl29418" xlink:to="lbl29424"/>
    <msg:message xlink:type="resource" id="id15137" xml:lang="es" xlink:role="http://www.xbrl.org/2010/role/message" xlink:label="lbl29431">Regla100005 [rol 832410a]: Reversión de pérdidas por deterioro de valor reconocidas en el resultado del periodo es igual a lo reportado en rol 823180 OK; contexto  {$ifrs-full:ReversalOfImpairmentLossRecognisedInProfitOrLoss/@contextRef}</msg:message>
    <gen:arc xlink:type="arc" xlink:arcrole="http://xbrl.org/arcrole/2010/assertion-satisfied-message" xlink:from="lbl29426" xlink:to="lbl29431"/>
    <msg:message xlink:type="resource" id="id15140" xml:lang="es" xlink:role="http://www.xbrl.org/2010/role/message" xlink:label="lbl29439">Regla100006 [rol 832410a]: Pérdidas por deterioro de valor reconocidas en otro resultado integral es igual a lo reportado en rol 822100 OK; contexto  {$ifrs-full:ImpairmentLossRecognisedInOtherComprehensiveIncome/@contextRef}</msg:message>
    <gen:arc xlink:type="arc" xlink:arcrole="http://xbrl.org/arcrole/2010/assertion-satisfied-message" xlink:from="lbl29433" xlink:to="lbl29439"/>
    <msg:message xlink:type="resource" id="id15143" xml:lang="es" xlink:role="http://www.xbrl.org/2010/role/message" xlink:label="lbl29446">Regla100007 [rol 832410a]: Pérdidas por deterioro de valor reconocidas en otro resultado integral es igual a lo reportado en rol 823180 OK; contexto  {$ifrs-full:ImpairmentLossRecognisedInOtherComprehensiveIncome/@contextRef}</msg:message>
    <gen:arc xlink:type="arc" xlink:arcrole="http://xbrl.org/arcrole/2010/assertion-satisfied-message" xlink:from="lbl29441" xlink:to="lbl29446"/>
    <msg:message xlink:type="resource" id="id15146" xml:lang="es" xlink:role="http://www.xbrl.org/2010/role/message" xlink:label="lbl29454">Regla100008 [rol 832410a]: Reversión de pérdidas por deterioro de valor reconocidas en otro resultado integral es igual a lo reportado en rol 822100 OK; contexto  {$ifrs-full:ReversalOfImpairmentLossRecognisedInOtherComprehensiveIncome/@contextRef}</msg:message>
    <gen:arc xlink:type="arc" xlink:arcrole="http://xbrl.org/arcrole/2010/assertion-satisfied-message" xlink:from="lbl29448" xlink:to="lbl29454"/>
    <msg:message xlink:type="resource" id="id15149" xml:lang="es" xlink:role="http://www.xbrl.org/2010/role/message" xlink:label="lbl29461">Regla100009 [rol 832410a]: Reversión de pérdidas por deterioro de valor reconocidas en otro resultado integral es igual a lo reportado en rol 823180 OK; contexto  {$ifrs-full:ReversalOfImpairmentLossRecognisedInOtherComprehensiveIncome/@contextRef}</msg:message>
    <gen:arc xlink:type="arc" xlink:arcrole="http://xbrl.org/arcrole/2010/assertion-satisfied-message" xlink:from="lbl29456" xlink:to="lbl29461"/>
    <msg:message xlink:type="resource" id="id15152" xml:lang="es" xlink:role="http://www.xbrl.org/2010/role/message" xlink:label="lbl29469">Regla100010: Pérdidas por deterioro de valor (reversiones de pérdidas por deterioro de valor) reconocidas en el resultado del periodo [rol 320000] es igual a lo reportado en [rol 832410a] OK; contexto {$ifrs-full:ImpairmentLossReversalOfImpairmentLossRecognisedInProfitOrLoss/@contextRef}</msg:message>
    <gen:arc xlink:type="arc" xlink:arcrole="http://xbrl.org/arcrole/2010/assertion-satisfied-message" xlink:from="lbl29463" xlink:to="lbl29469"/>
    <msg:message xlink:type="resource" id="id15155" xml:lang="es" xlink:role="http://www.xbrl.org/2010/role/message" xlink:label="lbl29479">Regla100011: Ganancia (pérdida), atribuible a participaciones no controladoras [rol 310000 o 320000] es igual a lo reportado en [rol 825900] OK; contexto {$ifrs-full:ProfitLossAttributableToNoncontrollingInterests/@contextRef}</msg:message>
    <gen:arc xlink:type="arc" xlink:arcrole="http://xbrl.org/arcrole/2010/assertion-satisfied-message" xlink:from="lbl29471" xlink:to="lbl29479"/>
    <msg:message xlink:type="resource" id="id15158" xml:lang="es" xlink:role="http://www.xbrl.org/2010/role/message" xlink:label="lbl29492">Regla100012: Total cartera bruta [rol 822400d] es igual a lo reportado en rol 822400c OK; contextos { string-join((if ($ifrs-full:CurrentTradeReceivables instance of node()) then $ifrs-full:CurrentTradeReceivables/@contextRef else (),if ($ifrs-full:NoncurrentTradeReceivables instance of node()) then $ifrs-full:NoncurrentTradeReceivables/@contextRef else (), if ($cl-ci:CarteraBruta instance of node()) then $cl-ci:CarteraBruta/@contextRef else ()),',') }</msg:message>
    <gen:arc xlink:type="arc" xlink:arcrole="http://xbrl.org/arcrole/2010/assertion-satisfied-message" xlink:from="lbl29481" xlink:to="lbl29492"/>
    <msg:message xlink:type="resource" id="id15161" xml:lang="es" xlink:role="http://www.xbrl.org/2010/role/message" xlink:label="lbl29502">Regla100013: Activos biológicos corrientes [rol 210000] es igual a lo reportado en rol 824180c OK; contexto {ifrs-full:CurrentBiologicalAssets /@contextRef}</msg:message>
    <gen:arc xlink:type="arc" xlink:arcrole="http://xbrl.org/arcrole/2010/assertion-satisfied-message" xlink:from="lbl29494" xlink:to="lbl29502"/>
    <msg:message xlink:type="resource" id="id15164" xml:lang="es" xlink:role="http://www.xbrl.org/2010/role/message" xlink:label="lbl29511">Regla100014: Activos biológicos no corrientes [rol 210000] es igual a lo reportado en rol 824180c OK; contexto {ifrs-full:NoncurrentBiologicalAssets /@contextRef}</msg:message>
    <gen:arc xlink:type="arc" xlink:arcrole="http://xbrl.org/arcrole/2010/assertion-satisfied-message" xlink:from="lbl29504" xlink:to="lbl29511"/>
    <msg:message xlink:type="resource" id="id15167" xml:lang="es" xlink:role="http://www.xbrl.org/2010/role/message" xlink:label="lbl29515">Rol[818000] Regla100015: OK, valida si se debe informar Cuentas por cobrar a entidades relacionadas</msg:message>
    <gen:arc xlink:type="arc" xlink:arcrole="http://xbrl.org/arcrole/2010/assertion-satisfied-message" xlink:from="lbl29513" xlink:to="lbl29515"/>
    <msg:message xlink:type="resource" id="id15170" xml:lang="es" xlink:role="http://www.xbrl.org/2010/role/message" xlink:label="lbl29519">Rol[818000] Regla100016: OK, valida si se debe informar Cuentas por cobrar a entidades relacionadas</msg:message>
    <gen:arc xlink:type="arc" xlink:arcrole="http://xbrl.org/arcrole/2010/assertion-satisfied-message" xlink:from="lbl29517" xlink:to="lbl29519"/>
    <msg:message xlink:type="resource" id="id15173" xml:lang="es" xlink:role="http://www.xbrl.org/2010/role/message" xlink:label="lbl29523">Rol[818000] Regla100017: OK, valida si se debe informar Cuentas por cobrar a entidades relacionadas, corrientes o Cuentas por cobrar a entidades relacionadas, no corrientes</msg:message>
    <gen:arc xlink:type="arc" xlink:arcrole="http://xbrl.org/arcrole/2010/assertion-satisfied-message" xlink:from="lbl29521" xlink:to="lbl29523"/>
    <msg:message xlink:type="resource" id="id15176" xml:lang="es" xlink:role="http://www.xbrl.org/2010/role/message" xlink:label="lbl29527">Rol[818000] Regla100018: OK, valida si se debe informar Cuentas por pagar a entidades relacionadas</msg:message>
    <gen:arc xlink:type="arc" xlink:arcrole="http://xbrl.org/arcrole/2010/assertion-satisfied-message" xlink:from="lbl29525" xlink:to="lbl29527"/>
    <msg:message xlink:type="resource" id="id15179" xml:lang="es" xlink:role="http://www.xbrl.org/2010/role/message" xlink:label="lbl29531">Rol[818000] Regla100019: OK, valida si se debe informar Cuentas por pagar a entidades relacionadas</msg:message>
    <gen:arc xlink:type="arc" xlink:arcrole="http://xbrl.org/arcrole/2010/assertion-satisfied-message" xlink:from="lbl29529" xlink:to="lbl29531"/>
    <msg:message xlink:type="resource" id="id15182" xml:lang="es" xlink:role="http://www.xbrl.org/2010/role/message" xlink:label="lbl29535">Rol[818000] Regla100020: OK, valida si se debe informar Cuentas por pagar a entidades relacionadas, corrientes o Cuentas por pagar a entidades relacionadas, no corrientes</msg:message>
    <gen:arc xlink:type="arc" xlink:arcrole="http://xbrl.org/arcrole/2010/assertion-satisfied-message" xlink:from="lbl29533" xlink:to="lbl29535"/>
    <msg:message xlink:type="resource" id="id15126" xml:lang="es" xlink:role="http://www.xbrl.org/2010/role/message" xlink:label="lbl29401">Regla100001 [rol 832410a]: Error información Pérdidas por deterioro de valor reconocidas en el resultado del periodo no es igual a lo reportado en rol 822100; contexto  {$ifrs-full:ImpairmentLossRecognisedInProfitOrLoss/@contextRef}</msg:message>
    <gen:arc xlink:type="arc" xlink:arcrole="http://xbrl.org/arcrole/2010/assertion-unsatisfied-message" xlink:from="lbl29393" xlink:to="lbl29401"/>
    <msg:message xlink:type="resource" id="id15129" xml:lang="es" xlink:role="http://www.xbrl.org/2010/role/message" xlink:label="lbl29409">Regla100002 [rol 832410a]: Error información Pérdidas por deterioro de valor reconocidas en el resultado del periodo no es igual a lo reportado en rol 823180; contexto  {$ifrs-full:ImpairmentLossRecognisedInProfitOrLoss/@contextRef}</msg:message>
    <gen:arc xlink:type="arc" xlink:arcrole="http://xbrl.org/arcrole/2010/assertion-unsatisfied-message" xlink:from="lbl29402" xlink:to="lbl29409"/>
    <msg:message xlink:type="resource" id="id15132" xml:lang="es" xlink:role="http://www.xbrl.org/2010/role/message" xlink:label="lbl29417">Regla100003 [rol 832410a]: Error información Pérdidas por deterioro de valor reconocidas en el resultado del periodo no es igual a lo reportado en rol 817100; contexto  {$ifrs-full:ImpairmentLossRecognisedInProfitOrLoss/@contextRef}</msg:message>
    <gen:arc xlink:type="arc" xlink:arcrole="http://xbrl.org/arcrole/2010/assertion-unsatisfied-message" xlink:from="lbl29410" xlink:to="lbl29417"/>
    <msg:message xlink:type="resource" id="id15135" xml:lang="es" xlink:role="http://www.xbrl.org/2010/role/message" xlink:label="lbl29425">Regla100004 [rol 832410a]: Error información Reversión de pérdidas por deterioro de valor reconocidas en el resultado del periodo no es igual a lo reportado en rol 822100; contexto  {$ifrs-full:ReversalOfImpairmentLossRecognisedInProfitOrLoss/@contextRef}</msg:message>
    <gen:arc xlink:type="arc" xlink:arcrole="http://xbrl.org/arcrole/2010/assertion-unsatisfied-message" xlink:from="lbl29418" xlink:to="lbl29425"/>
    <msg:message xlink:type="resource" id="id15138" xml:lang="es" xlink:role="http://www.xbrl.org/2010/role/message" xlink:label="lbl29432">Regla100005 [rol 832410a]: Error información Reversión de pérdidas por deterioro de valor reconocidas en el resultado del periodo no es igual a lo reportado en rol 823180; contexto  {$ifrs-full:ReversalOfImpairmentLossRecognisedInProfitOrLoss/@contextRef}</msg:message>
    <gen:arc xlink:type="arc" xlink:arcrole="http://xbrl.org/arcrole/2010/assertion-unsatisfied-message" xlink:from="lbl29426" xlink:to="lbl29432"/>
    <msg:message xlink:type="resource" id="id15141" xml:lang="es" xlink:role="http://www.xbrl.org/2010/role/message" xlink:label="lbl29440">Regla100006 [rol 832410a]: Error información Pérdidas por deterioro de valor reconocidas en otro resultado integral no es igual a lo reportado en rol 822100; contexto  {$ifrs-full:ImpairmentLossRecognisedInOtherComprehensiveIncome/@contextRef}</msg:message>
    <gen:arc xlink:type="arc" xlink:arcrole="http://xbrl.org/arcrole/2010/assertion-unsatisfied-message" xlink:from="lbl29433" xlink:to="lbl29440"/>
    <msg:message xlink:type="resource" id="id15144" xml:lang="es" xlink:role="http://www.xbrl.org/2010/role/message" xlink:label="lbl29447">Regla100007 [rol 832410a]: Error información Pérdidas por deterioro de valor reconocidas en otro resultado integral no es igual a lo reportado en rol 823180; contexto  {$ifrs-full:ImpairmentLossRecognisedInOtherComprehensiveIncome/@contextRef}</msg:message>
    <gen:arc xlink:type="arc" xlink:arcrole="http://xbrl.org/arcrole/2010/assertion-unsatisfied-message" xlink:from="lbl29441" xlink:to="lbl29447"/>
    <msg:message xlink:type="resource" id="id15147" xml:lang="es" xlink:role="http://www.xbrl.org/2010/role/message" xlink:label="lbl29455">Regla100008 [rol 832410a]: Error información Reversión de pérdidas por deterioro de valor reconocidas en otro resultado integral no es igual a lo reportado en rol 822100; contexto  {$ifrs-full:ReversalOfImpairmentLossRecognisedInOtherComprehensiveIncome/@contextRef}</msg:message>
    <gen:arc xlink:type="arc" xlink:arcrole="http://xbrl.org/arcrole/2010/assertion-unsatisfied-message" xlink:from="lbl29448" xlink:to="lbl29455"/>
    <msg:message xlink:type="resource" id="id15150" xml:lang="es" xlink:role="http://www.xbrl.org/2010/role/message" xlink:label="lbl29462">Regla100009 [rol 832410a]: Error información Reversión de pérdidas por deterioro de valor reconocidas en otro resultado integral no es igual a lo reportado en rol 823180; contexto  {$ifrs-full:ReversalOfImpairmentLossRecognisedInOtherComprehensiveIncome/@contextRef}</msg:message>
    <gen:arc xlink:type="arc" xlink:arcrole="http://xbrl.org/arcrole/2010/assertion-unsatisfied-message" xlink:from="lbl29456" xlink:to="lbl29462"/>
    <msg:message xlink:type="resource" id="id15153" xml:lang="es" xlink:role="http://www.xbrl.org/2010/role/message" xlink:label="lbl29470">Regla100010: Error información Pérdidas por deterioro de valor (reversiones de pérdidas por deterioro de valor) reconocidas en el resultado del periodo [rol 320000] no es igual a lo reportado en [rol 832410a] ; contexto {$ifrs-full:ImpairmentLossReversalOfImpairmentLossRecognisedInProfitOrLoss/@contextRef}</msg:message>
    <gen:arc xlink:type="arc" xlink:arcrole="http://xbrl.org/arcrole/2010/assertion-unsatisfied-message" xlink:from="lbl29463" xlink:to="lbl29470"/>
    <msg:message xlink:type="resource" id="id15156" xml:lang="es" xlink:role="http://www.xbrl.org/2010/role/message" xlink:label="lbl29480">Regla100011: Error información Ganancia (pérdida), atribuible a participaciones no controladoras rol [ 310000 o 320000] no es igual a Ganancia (pérdida) por operaciones continuadas atribuible a participaciones no controladoras + Ganancia (pérdida) por operaciones discontinuadas atribuible a participaciones no controladoras reportado en [rol 825900] ; contexto {$ifrs-full:ProfitLossAttributableToNoncontrollingInterests/@contextRef}</msg:message>
    <gen:arc xlink:type="arc" xlink:arcrole="http://xbrl.org/arcrole/2010/assertion-unsatisfied-message" xlink:from="lbl29471" xlink:to="lbl29480"/>
    <msg:message xlink:type="resource" id="id15159" xml:lang="es" xlink:role="http://www.xbrl.org/2010/role/message" xlink:label="lbl29493">Regla100012: Error información Total cartera bruta [rol 822400d] no es igual a lo reportado en rol [822400c] ; no se cumple: {if ($cl-ci:CarteraBruta instance of node()) then concat($cl-ci:CarteraBruta,'[',$cl-ci:CarteraBruta/@contextRef,']') else ('nada')} = {if ($ifrs-full:CurrentTradeReceivables instance of node()) then concat($ifrs-full:CurrentTradeReceivables,'[',$ifrs-full:CurrentTradeReceivables/@contextRef,']') else ('nada')} + {if ($ifrs-full:NoncurrentTradeReceivables instance of node()) then concat($ifrs-full:NoncurrentTradeReceivables,'[',$ifrs-full:NoncurrentTradeReceivables/@contextRef,']') else ('nada')}</msg:message>
    <gen:arc xlink:type="arc" xlink:arcrole="http://xbrl.org/arcrole/2010/assertion-unsatisfied-message" xlink:from="lbl29481" xlink:to="lbl29493"/>
    <msg:message xlink:type="resource" id="id15162" xml:lang="es" xlink:role="http://www.xbrl.org/2010/role/message" xlink:label="lbl29503">Regla100013: Activos biológicos corrientes [rol 210000] no es igual a lo reportado en rol 824180c OK; contexto {ifrs-full:CurrentBiologicalAssets /@contextRef}</msg:message>
    <gen:arc xlink:type="arc" xlink:arcrole="http://xbrl.org/arcrole/2010/assertion-unsatisfied-message" xlink:from="lbl29494" xlink:to="lbl29503"/>
    <msg:message xlink:type="resource" id="id15165" xml:lang="es" xlink:role="http://www.xbrl.org/2010/role/message" xlink:label="lbl29512">Regla100014: Activos biológicos no corrientes [rol 210000] no es igual a lo reportado en rol 824180c OK; contexto {ifrs-full:NoncurrentBiologicalAssets /@contextRef}</msg:message>
    <gen:arc xlink:type="arc" xlink:arcrole="http://xbrl.org/arcrole/2010/assertion-unsatisfied-message" xlink:from="lbl29504" xlink:to="lbl29512"/>
    <msg:message xlink:type="resource" id="id15168" xml:lang="es" xlink:role="http://www.xbrl.org/2010/role/message" xlink:label="lbl29516">Rol[818000] Regla100015: Error Cuentas por cobrar a entidades relacionadas, no está informado</msg:message>
    <gen:arc xlink:type="arc" xlink:arcrole="http://xbrl.org/arcrole/2010/assertion-unsatisfied-message" xlink:from="lbl29513" xlink:to="lbl29516"/>
    <msg:message xlink:type="resource" id="id15171" xml:lang="es" xlink:role="http://www.xbrl.org/2010/role/message" xlink:label="lbl29520">Rol[818000] Regla100016: Error Cuentas por cobrar a entidades relacionadas, no está informado</msg:message>
    <gen:arc xlink:type="arc" xlink:arcrole="http://xbrl.org/arcrole/2010/assertion-unsatisfied-message" xlink:from="lbl29517" xlink:to="lbl29520"/>
    <msg:message xlink:type="resource" id="id15174" xml:lang="es" xlink:role="http://www.xbrl.org/2010/role/message" xlink:label="lbl29524">Rol[818000] Regla100017: Error Cuentas por cobrar a entidades relacionadas, corrientes o Cuentas por cobrar a entidades relacionadas, no corrientes, no está informado</msg:message>
    <gen:arc xlink:type="arc" xlink:arcrole="http://xbrl.org/arcrole/2010/assertion-unsatisfied-message" xlink:from="lbl29521" xlink:to="lbl29524"/>
    <msg:message xlink:type="resource" id="id15177" xml:lang="es" xlink:role="http://www.xbrl.org/2010/role/message" xlink:label="lbl29528">Rol[818000] Regla100018: Error Cuentas por pagar a entidades relacionadas, no está informado</msg:message>
    <gen:arc xlink:type="arc" xlink:arcrole="http://xbrl.org/arcrole/2010/assertion-unsatisfied-message" xlink:from="lbl29525" xlink:to="lbl29528"/>
    <msg:message xlink:type="resource" id="id15180" xml:lang="es" xlink:role="http://www.xbrl.org/2010/role/message" xlink:label="lbl29532">Rol[818000] Regla100019: Error Cuentas por pagar a entidades relacionadas, no está informado</msg:message>
    <gen:arc xlink:type="arc" xlink:arcrole="http://xbrl.org/arcrole/2010/assertion-unsatisfied-message" xlink:from="lbl29529" xlink:to="lbl29532"/>
    <msg:message xlink:type="resource" id="id15183" xml:lang="es" xlink:role="http://www.xbrl.org/2010/role/message" xlink:label="lbl29536">Rol[818000] Regla100020: Error Cuentas por pagar a entidades relacionadas, corrientes o Cuentas por pagar a entidades relacionadas, no corrientes, no está informado</msg:message>
    <gen:arc xlink:type="arc" xlink:arcrole="http://xbrl.org/arcrole/2010/assertion-unsatisfied-message" xlink:from="lbl29533" xlink:to="lbl29536"/>
  </gen:link>
</link:linkbase>