﻿<?xml version="1.0" encoding="utf-8"?>
<?taxonomy-version 1.0.0.0 ?>  <?taxonomy-set-overall-version 3.3.0.0 ?>
<!--(C) EBA-->
<link:linkbase xmlns:xsi="http://www.w3.org/2001/XMLSchema-instance" xmlns:xlink="http://www.w3.org/1999/xlink" xmlns:link="http://www.xbrl.org/2003/linkbase" xmlns:gen="http://xbrl.org/2008/generic" xmlns:label="http://xbrl.org/2008/label" xsi:schemaLocation="http://www.xbrl.org/2003/linkbase http://www.xbrl.org/2003/xbrl-linkbase-2003-12-31.xsd http://xbrl.org/2008/generic http://www.xbrl.org/2008/generic-link.xsd http://xbrl.org/2008/label http://www.xbrl.org/2008/generic-label.xsd">
  <link:arcroleRef arcroleURI="http://xbrl.org/arcrole/2008/element-label" xlink:type="simple" xlink:href="http://www.xbrl.org/2008/generic-label.xsd#element-label" />
  <link:roleRef roleURI="http://www.eba.europa.eu/xbrl/role/dpm-db-id" xlink:type="simple" xlink:href="http://www.eba.europa.eu/eu/fr/xbrl/ext/model.xsd#dpm-db-id" />
  <link:roleRef roleURI="http://www.eurofiling.info/xbrl/role/filing-indicator-code" xlink:type="simple" xlink:href="http://www.eurofiling.info/eu/fr/xbrl/ext/model.xsd#filing-indicator-code" />
  <link:roleRef roleURI="http://www.eurofiling.info/xbrl/role/rc-code" xlink:type="simple" xlink:href="http://www.eurofiling.info/eu/fr/xbrl/ext/model.xsd#rc-code" />
  <gen:link xlink:type="extended" xlink:role="http://www.xbrl.org/2003/role/link">
    <link:loc xlink:type="locator" xlink:href="d_05.00.b-rend.xml#eba_tD_05.00.b" xlink:label="loc_eba_tD_05.00.b" />
    <label:label xlink:type="resource" xlink:label="label_eba_tD_05.00.b" xml:lang="en" xlink:role="http://www.eurofiling.info/xbrl/role/rc-code">D 05.00.b</label:label>
    <gen:arc xlink:type="arc" xlink:arcrole="http://xbrl.org/arcrole/2008/element-label" xlink:from="loc_eba_tD_05.00.b" xlink:to="label_eba_tD_05.00.b" />
    <link:loc xlink:type="locator" xlink:href="d_05.00.b-rend.xml#eba_c86480" xlink:label="loc_eba_c86480" />
    <label:label xlink:type="resource" xlink:label="label_eba_c86480" xml:lang="en" xlink:role="http://www.eurofiling.info/xbrl/role/rc-code">0010</label:label>
    <gen:arc xlink:type="arc" xlink:arcrole="http://xbrl.org/arcrole/2008/element-label" xlink:from="loc_eba_c86480" xlink:to="label_eba_c86480" />
    <link:loc xlink:type="locator" xlink:href="d_05.00.b-rend.xml#eba_c86481" xlink:label="loc_eba_c86481" />
    <label:label xlink:type="resource" xlink:label="label_eba_c86481" xml:lang="en" xlink:role="http://www.eurofiling.info/xbrl/role/rc-code">0018</label:label>
    <gen:arc xlink:type="arc" xlink:arcrole="http://xbrl.org/arcrole/2008/element-label" xlink:from="loc_eba_c86481" xlink:to="label_eba_c86481" />
    <link:loc xlink:type="locator" xlink:href="d_05.00.b-rend.xml#eba_c86482" xlink:label="loc_eba_c86482" />
    <label:label xlink:type="resource" xlink:label="label_eba_c86482" xml:lang="en" xlink:role="http://www.eurofiling.info/xbrl/role/rc-code">0019</label:label>
    <gen:arc xlink:type="arc" xlink:arcrole="http://xbrl.org/arcrole/2008/element-label" xlink:from="loc_eba_c86482" xlink:to="label_eba_c86482" />
    <link:loc xlink:type="locator" xlink:href="d_05.00.b-rend.xml#eba_c86483" xlink:label="loc_eba_c86483" />
    <label:label xlink:type="resource" xlink:label="label_eba_c86483" xml:lang="en" xlink:role="http://www.eurofiling.info/xbrl/role/rc-code">0020</label:label>
    <gen:arc xlink:type="arc" xlink:arcrole="http://xbrl.org/arcrole/2008/element-label" xlink:from="loc_eba_c86483" xlink:to="label_eba_c86483" />
    <link:loc xlink:type="locator" xlink:href="d_05.00.b-rend.xml#eba_c86484" xlink:label="loc_eba_c86484" />
    <label:label xlink:type="resource" xlink:label="label_eba_c86484" xml:lang="en" xlink:role="http://www.eurofiling.info/xbrl/role/rc-code">0030</label:label>
    <gen:arc xlink:type="arc" xlink:arcrole="http://xbrl.org/arcrole/2008/element-label" xlink:from="loc_eba_c86484" xlink:to="label_eba_c86484" />
    <link:loc xlink:type="locator" xlink:href="d_05.00.b-rend.xml#eba_c86485" xlink:label="loc_eba_c86485" />
    <label:label xlink:type="resource" xlink:label="label_eba_c86485" xml:lang="en" xlink:role="http://www.eurofiling.info/xbrl/role/rc-code">0040</label:label>
    <gen:arc xlink:type="arc" xlink:arcrole="http://xbrl.org/arcrole/2008/element-label" xlink:from="loc_eba_c86485" xlink:to="label_eba_c86485" />
    <link:loc xlink:type="locator" xlink:href="d_05.00.b-rend.xml#eba_c86486" xlink:label="loc_eba_c86486" />
    <label:label xlink:type="resource" xlink:label="label_eba_c86486" xml:lang="en" xlink:role="http://www.eurofiling.info/xbrl/role/rc-code">0050</label:label>
    <gen:arc xlink:type="arc" xlink:arcrole="http://xbrl.org/arcrole/2008/element-label" xlink:from="loc_eba_c86486" xlink:to="label_eba_c86486" />
    <link:loc xlink:type="locator" xlink:href="d_05.00.b-rend.xml#eba_c86487" xlink:label="loc_eba_c86487" />
    <label:label xlink:type="resource" xlink:label="label_eba_c86487" xml:lang="en" xlink:role="http://www.eurofiling.info/xbrl/role/rc-code">0060</label:label>
    <gen:arc xlink:type="arc" xlink:arcrole="http://xbrl.org/arcrole/2008/element-label" xlink:from="loc_eba_c86487" xlink:to="label_eba_c86487" />
    <link:loc xlink:type="locator" xlink:href="d_05.00.b-rend.xml#eba_c86488" xlink:label="loc_eba_c86488" />
    <label:label xlink:type="resource" xlink:label="label_eba_c86488" xml:lang="en" xlink:role="http://www.eurofiling.info/xbrl/role/rc-code">0070</label:label>
    <gen:arc xlink:type="arc" xlink:arcrole="http://xbrl.org/arcrole/2008/element-label" xlink:from="loc_eba_c86488" xlink:to="label_eba_c86488" />
    <link:loc xlink:type="locator" xlink:href="d_05.00.b-rend.xml#eba_c86489" xlink:label="loc_eba_c86489" />
    <label:label xlink:type="resource" xlink:label="label_eba_c86489" xml:lang="en" xlink:role="http://www.eurofiling.info/xbrl/role/rc-code">0080</label:label>
    <gen:arc xlink:type="arc" xlink:arcrole="http://xbrl.org/arcrole/2008/element-label" xlink:from="loc_eba_c86489" xlink:to="label_eba_c86489" />
    <link:loc xlink:type="locator" xlink:href="d_05.00.b-rend.xml#eba_c86490" xlink:label="loc_eba_c86490" />
    <label:label xlink:type="resource" xlink:label="label_eba_c86490" xml:lang="en" xlink:role="http://www.eurofiling.info/xbrl/role/rc-code">0090</label:label>
    <gen:arc xlink:type="arc" xlink:arcrole="http://xbrl.org/arcrole/2008/element-label" xlink:from="loc_eba_c86490" xlink:to="label_eba_c86490" />
    <link:loc xlink:type="locator" xlink:href="d_05.00.b-rend.xml#eba_c86491" xlink:label="loc_eba_c86491" />
    <label:label xlink:type="resource" xlink:label="label_eba_c86491" xml:lang="en" xlink:role="http://www.eurofiling.info/xbrl/role/rc-code">0100</label:label>
    <gen:arc xlink:type="arc" xlink:arcrole="http://xbrl.org/arcrole/2008/element-label" xlink:from="loc_eba_c86491" xlink:to="label_eba_c86491" />
    <link:loc xlink:type="locator" xlink:href="d_05.00.b-rend.xml#eba_c86492" xlink:label="loc_eba_c86492" />
    <label:label xlink:type="resource" xlink:label="label_eba_c86492" xml:lang="en" xlink:role="http://www.eurofiling.info/xbrl/role/rc-code">0110</label:label>
    <gen:arc xlink:type="arc" xlink:arcrole="http://xbrl.org/arcrole/2008/element-label" xlink:from="loc_eba_c86492" xlink:to="label_eba_c86492" />
    <link:loc xlink:type="locator" xlink:href="d_05.00.b-rend.xml#eba_c86493" xlink:label="loc_eba_c86493" />
    <label:label xlink:type="resource" xlink:label="label_eba_c86493" xml:lang="en" xlink:role="http://www.eurofiling.info/xbrl/role/rc-code">0120</label:label>
    <gen:arc xlink:type="arc" xlink:arcrole="http://xbrl.org/arcrole/2008/element-label" xlink:from="loc_eba_c86493" xlink:to="label_eba_c86493" />
    <link:loc xlink:type="locator" xlink:href="d_05.00.b-rend.xml#eba_c86494" xlink:label="loc_eba_c86494" />
    <label:label xlink:type="resource" xlink:label="label_eba_c86494" xml:lang="en" xlink:role="http://www.eurofiling.info/xbrl/role/rc-code">0130</label:label>
    <gen:arc xlink:type="arc" xlink:arcrole="http://xbrl.org/arcrole/2008/element-label" xlink:from="loc_eba_c86494" xlink:to="label_eba_c86494" />
    <link:loc xlink:type="locator" xlink:href="d_05.00.b-rend.xml#eba_c86495" xlink:label="loc_eba_c86495" />
    <label:label xlink:type="resource" xlink:label="label_eba_c86495" xml:lang="en" xlink:role="http://www.eurofiling.info/xbrl/role/rc-code">0140</label:label>
    <gen:arc xlink:type="arc" xlink:arcrole="http://xbrl.org/arcrole/2008/element-label" xlink:from="loc_eba_c86495" xlink:to="label_eba_c86495" />
    <link:loc xlink:type="locator" xlink:href="d_05.00.b-rend.xml#eba_a2" xlink:label="loc_eba_a2" />
    <label:label xlink:type="resource" xlink:label="label_eba_a2" xml:lang="en" xlink:role="http://www.eurofiling.info/xbrl/role/rc-code">0005</label:label>
    <gen:arc xlink:type="arc" xlink:arcrole="http://xbrl.org/arcrole/2008/element-label" xlink:from="loc_eba_a2" xlink:to="label_eba_a2" />
    <label:label xlink:type="resource" xlink:label="label_eba_tD_05.00.b_1" xml:lang="en" xlink:role="http://www.eurofiling.info/xbrl/role/filing-indicator-code">D_05.00</label:label>
    <gen:arc xlink:type="arc" xlink:arcrole="http://xbrl.org/arcrole/2008/element-label" xlink:from="loc_eba_tD_05.00.b" xlink:to="label_eba_tD_05.00.b_1" />
    <label:label xlink:type="resource" xlink:label="label_eba_tD_05.00.b_2" xml:lang="en" xlink:role="http://www.eba.europa.eu/xbrl/role/dpm-db-id">805.2302</label:label>
    <gen:arc xlink:type="arc" xlink:arcrole="http://xbrl.org/arcrole/2008/element-label" xlink:from="loc_eba_tD_05.00.b" xlink:to="label_eba_tD_05.00.b_2" />
    <label:label xlink:type="resource" xlink:label="label_eba_c86480_1" xml:lang="en" xlink:role="http://www.eba.europa.eu/xbrl/role/dpm-db-id">86480</label:label>
    <gen:arc xlink:type="arc" xlink:arcrole="http://xbrl.org/arcrole/2008/element-label" xlink:from="loc_eba_c86480" xlink:to="label_eba_c86480_1" />
    <label:label xlink:type="resource" xlink:label="label_eba_c86481_1" xml:lang="en" xlink:role="http://www.eba.europa.eu/xbrl/role/dpm-db-id">86481</label:label>
    <gen:arc xlink:type="arc" xlink:arcrole="http://xbrl.org/arcrole/2008/element-label" xlink:from="loc_eba_c86481" xlink:to="label_eba_c86481_1" />
    <label:label xlink:type="resource" xlink:label="label_eba_c86482_1" xml:lang="en" xlink:role="http://www.eba.europa.eu/xbrl/role/dpm-db-id">86482</label:label>
    <gen:arc xlink:type="arc" xlink:arcrole="http://xbrl.org/arcrole/2008/element-label" xlink:from="loc_eba_c86482" xlink:to="label_eba_c86482_1" />
    <label:label xlink:type="resource" xlink:label="label_eba_c86483_1" xml:lang="en" xlink:role="http://www.eba.europa.eu/xbrl/role/dpm-db-id">86483</label:label>
    <gen:arc xlink:type="arc" xlink:arcrole="http://xbrl.org/arcrole/2008/element-label" xlink:from="loc_eba_c86483" xlink:to="label_eba_c86483_1" />
    <label:label xlink:type="resource" xlink:label="label_eba_c86484_1" xml:lang="en" xlink:role="http://www.eba.europa.eu/xbrl/role/dpm-db-id">86484</label:label>
    <gen:arc xlink:type="arc" xlink:arcrole="http://xbrl.org/arcrole/2008/element-label" xlink:from="loc_eba_c86484" xlink:to="label_eba_c86484_1" />
    <label:label xlink:type="resource" xlink:label="label_eba_c86485_1" xml:lang="en" xlink:role="http://www.eba.europa.eu/xbrl/role/dpm-db-id">86485</label:label>
    <gen:arc xlink:type="arc" xlink:arcrole="http://xbrl.org/arcrole/2008/element-label" xlink:from="loc_eba_c86485" xlink:to="label_eba_c86485_1" />
    <label:label xlink:type="resource" xlink:label="label_eba_c86486_1" xml:lang="en" xlink:role="http://www.eba.europa.eu/xbrl/role/dpm-db-id">86486</label:label>
    <gen:arc xlink:type="arc" xlink:arcrole="http://xbrl.org/arcrole/2008/element-label" xlink:from="loc_eba_c86486" xlink:to="label_eba_c86486_1" />
    <label:label xlink:type="resource" xlink:label="label_eba_c86487_1" xml:lang="en" xlink:role="http://www.eba.europa.eu/xbrl/role/dpm-db-id">86487</label:label>
    <gen:arc xlink:type="arc" xlink:arcrole="http://xbrl.org/arcrole/2008/element-label" xlink:from="loc_eba_c86487" xlink:to="label_eba_c86487_1" />
    <label:label xlink:type="resource" xlink:label="label_eba_c86488_1" xml:lang="en" xlink:role="http://www.eba.europa.eu/xbrl/role/dpm-db-id">86488</label:label>
    <gen:arc xlink:type="arc" xlink:arcrole="http://xbrl.org/arcrole/2008/element-label" xlink:from="loc_eba_c86488" xlink:to="label_eba_c86488_1" />
    <label:label xlink:type="resource" xlink:label="label_eba_c86489_1" xml:lang="en" xlink:role="http://www.eba.europa.eu/xbrl/role/dpm-db-id">86489</label:label>
    <gen:arc xlink:type="arc" xlink:arcrole="http://xbrl.org/arcrole/2008/element-label" xlink:from="loc_eba_c86489" xlink:to="label_eba_c86489_1" />
    <label:label xlink:type="resource" xlink:label="label_eba_c86490_1" xml:lang="en" xlink:role="http://www.eba.europa.eu/xbrl/role/dpm-db-id">86490</label:label>
    <gen:arc xlink:type="arc" xlink:arcrole="http://xbrl.org/arcrole/2008/element-label" xlink:from="loc_eba_c86490" xlink:to="label_eba_c86490_1" />
    <label:label xlink:type="resource" xlink:label="label_eba_c86491_1" xml:lang="en" xlink:role="http://www.eba.europa.eu/xbrl/role/dpm-db-id">86491</label:label>
    <gen:arc xlink:type="arc" xlink:arcrole="http://xbrl.org/arcrole/2008/element-label" xlink:from="loc_eba_c86491" xlink:to="label_eba_c86491_1" />
    <label:label xlink:type="resource" xlink:label="label_eba_c86492_1" xml:lang="en" xlink:role="http://www.eba.europa.eu/xbrl/role/dpm-db-id">86492</label:label>
    <gen:arc xlink:type="arc" xlink:arcrole="http://xbrl.org/arcrole/2008/element-label" xlink:from="loc_eba_c86492" xlink:to="label_eba_c86492_1" />
    <label:label xlink:type="resource" xlink:label="label_eba_c86493_1" xml:lang="en" xlink:role="http://www.eba.europa.eu/xbrl/role/dpm-db-id">86493</label:label>
    <gen:arc xlink:type="arc" xlink:arcrole="http://xbrl.org/arcrole/2008/element-label" xlink:from="loc_eba_c86493" xlink:to="label_eba_c86493_1" />
    <label:label xlink:type="resource" xlink:label="label_eba_c86494_1" xml:lang="en" xlink:role="http://www.eba.europa.eu/xbrl/role/dpm-db-id">86494</label:label>
    <gen:arc xlink:type="arc" xlink:arcrole="http://xbrl.org/arcrole/2008/element-label" xlink:from="loc_eba_c86494" xlink:to="label_eba_c86494_1" />
    <label:label xlink:type="resource" xlink:label="label_eba_c86495_1" xml:lang="en" xlink:role="http://www.eba.europa.eu/xbrl/role/dpm-db-id">86495</label:label>
    <gen:arc xlink:type="arc" xlink:arcrole="http://xbrl.org/arcrole/2008/element-label" xlink:from="loc_eba_c86495" xlink:to="label_eba_c86495_1" />
    <label:label xlink:type="resource" xlink:label="label_eba_a2_1" xml:lang="en" xlink:role="http://www.eba.europa.eu/xbrl/role/dpm-db-id">87253</label:label>
    <gen:arc xlink:type="arc" xlink:arcrole="http://xbrl.org/arcrole/2008/element-label" xlink:from="loc_eba_a2" xlink:to="label_eba_a2_1" />
  </gen:link>
</link:linkbase>