{
    "documentInfo": {
        "documentType": "https://xbrl.org/CR/2021-02-03/xbrl-csv",
        "namespaces": {
            "eba": "http://www.eba.europa.eu",
            "eba_BA": "http://www.eba.europa.eu/xbrl/crr/dict/dom/BA",
            "eba_EA": "http://www.eba.europa.eu/xbrl/crr/dict/dom/EA",
            "eba_IM": "http://www.eba.europa.eu/xbrl/crr/dict/dom/IM",
            "eba_IS": "http://www.eba.europa.eu/xbrl/crr/dict/dom/IS",
            "eba_MC": "http://www.eba.europa.eu/xbrl/crr/dict/dom/MC",
            "eba_NC": "http://www.eba.europa.eu/xbrl/crr/dict/dom/NC",
            "eba_PL": "http://www.eba.europa.eu/xbrl/crr/dict/dom/PL",
            "eba_TI": "http://www.eba.europa.eu/xbrl/crr/dict/dom/TI",
            "eba_dim": "http://www.eba.europa.eu/xbrl/crr/dict/dim",
            "eba_met": "http://www.eba.europa.eu/xbrl/crr/dict/met"
        }
    },
    "tableTemplates": {
        "D_05-00-b": {
            "columns": {
                "GPR": {},
                "NAC": {},
                "datapoint": {
                    "propertyGroups": {
                        "dp471859": {
                            "decimals": "$decimalsMonetary",
                            "dimensions": {
                                "concept": "eba_met:mi136",
                                "eba_dim:APL": "eba_PL:x772",
                                "eba_dim:BAS": "eba_BA:x6",
                                "eba_dim:IMS": "eba_IM:x34",
                                "eba_dim:MCY": "eba_MC:x143",
                                "eba_dim:PFS": "eba_IM:x17",
                                "eba_dim:SCP": "eba_EA:x31",
                                "unit": "$baseCurrency"
                            },
                            "eba:documentation": {
                                "CellCode": "{D 05.00.b, r999, c0100, s999}",
                                "DataPointVersionId": "471859"
                            }
                        },
                        "dp471878": {
                            "decimals": "$decimalsMonetary",
                            "dimensions": {
                                "concept": "eba_met:mi136",
                                "eba_dim:APL": "eba_PL:x772",
                                "eba_dim:BAS": "eba_BA:x6",
                                "eba_dim:MCY": "eba_MC:x143",
                                "unit": "$baseCurrency"
                            },
                            "eba:documentation": {
                                "CellCode": "{D 05.00.b, r999, c0010, s999}",
                                "DataPointVersionId": "471878"
                            }
                        },
                        "dp471879": {
                            "decimals": "$decimalsMonetary",
                            "dimensions": {
                                "concept": "eba_met:mi136",
                                "eba_dim:APL": "eba_PL:x772",
                                "eba_dim:BAS": "eba_BA:x6",
                                "eba_dim:MCY": "eba_MC:x143",
                                "eba_dim:PFS": "eba_IM:x16",
                                "eba_dim:SCP": "eba_EA:x31",
                                "unit": "$baseCurrency"
                            },
                            "eba:documentation": {
                                "CellCode": "{D 05.00.b, r999, c0110, s999}",
                                "DataPointVersionId": "471879"
                            }
                        },
                        "dp471880": {
                            "decimals": "$decimalsMonetary",
                            "dimensions": {
                                "concept": "eba_met:mi136",
                                "eba_dim:APL": "eba_PL:x772",
                                "eba_dim:BAS": "eba_BA:x6",
                                "eba_dim:MCY": "eba_MC:x143",
                                "eba_dim:RES": "eba_TI:x55",
                                "eba_dim:SCP": "eba_EA:x31",
                                "unit": "$baseCurrency"
                            },
                            "eba:documentation": {
                                "CellCode": "{D 05.00.b, r999, c0030, s999}",
                                "DataPointVersionId": "471880"
                            }
                        },
                        "dp471881": {
                            "decimals": "$decimalsMonetary",
                            "dimensions": {
                                "concept": "eba_met:mi136",
                                "eba_dim:APL": "eba_PL:x772",
                                "eba_dim:BAS": "eba_BA:x6",
                                "eba_dim:MCY": "eba_MC:x143",
                                "eba_dim:RES": "eba_TI:x120",
                                "eba_dim:SCP": "eba_EA:x31",
                                "unit": "$baseCurrency"
                            },
                            "eba:documentation": {
                                "CellCode": "{D 05.00.b, r999, c0020, s999}",
                                "DataPointVersionId": "471881"
                            }
                        },
                        "dp471882": {
                            "decimals": "$decimalsMonetary",
                            "dimensions": {
                                "concept": "eba_met:mi136",
                                "eba_dim:APL": "eba_PL:x772",
                                "eba_dim:BAS": "eba_BA:x6",
                                "eba_dim:MCY": "eba_MC:x143",
                                "eba_dim:RES": "eba_TI:x218",
                                "eba_dim:SCP": "eba_EA:x31",
                                "unit": "$baseCurrency"
                            },
                            "eba:documentation": {
                                "CellCode": "{D 05.00.b, r999, c0040, s999}",
                                "DataPointVersionId": "471882"
                            }
                        },
                        "dp471883": {
                            "decimals": "$decimalsMonetary",
                            "dimensions": {
                                "concept": "eba_met:mi136",
                                "eba_dim:APL": "eba_PL:x772",
                                "eba_dim:BAS": "eba_BA:x6",
                                "eba_dim:MCY": "eba_MC:x143",
                                "eba_dim:RES": "eba_TI:x219",
                                "eba_dim:SCP": "eba_EA:x31",
                                "unit": "$baseCurrency"
                            },
                            "eba:documentation": {
                                "CellCode": "{D 05.00.b, r999, c0050, s999}",
                                "DataPointVersionId": "471883"
                            }
                        },
                        "dp471884": {
                            "decimals": "$decimalsMonetary",
                            "dimensions": {
                                "concept": "eba_met:mi136",
                                "eba_dim:APL": "eba_PL:x772",
                                "eba_dim:BAS": "eba_BA:x6",
                                "eba_dim:MCY": "eba_MC:x143",
                                "eba_dim:SCP": "eba_EA:x28",
                                "unit": "$baseCurrency"
                            },
                            "eba:documentation": {
                                "CellCode": "{D 05.00.b, r999, c0070, s999}",
                                "DataPointVersionId": "471884"
                            }
                        },
                        "dp471885": {
                            "decimals": "$decimalsMonetary",
                            "dimensions": {
                                "concept": "eba_met:mi136",
                                "eba_dim:APL": "eba_PL:x772",
                                "eba_dim:BAS": "eba_BA:x6",
                                "eba_dim:MCY": "eba_MC:x143",
                                "eba_dim:SCP": "eba_EA:x29",
                                "unit": "$baseCurrency"
                            },
                            "eba:documentation": {
                                "CellCode": "{D 05.00.b, r999, c0080, s999}",
                                "DataPointVersionId": "471885"
                            }
                        },
                        "dp471886": {
                            "decimals": "$decimalsMonetary",
                            "dimensions": {
                                "concept": "eba_met:mi136",
                                "eba_dim:APL": "eba_PL:x772",
                                "eba_dim:BAS": "eba_BA:x6",
                                "eba_dim:MCY": "eba_MC:x143",
                                "eba_dim:SCP": "eba_EA:x30",
                                "unit": "$baseCurrency"
                            },
                            "eba:documentation": {
                                "CellCode": "{D 05.00.b, r999, c0090, s999}",
                                "DataPointVersionId": "471886"
                            }
                        },
                        "dp472079": {
                            "decimals": "$decimalsMonetary",
                            "dimensions": {
                                "concept": "eba_met:mi504",
                                "eba_dim:APL": "eba_PL:x772",
                                "eba_dim:BAS": "eba_BA:x6",
                                "eba_dim:IMS": "eba_IM:x34",
                                "eba_dim:MCY": "eba_MC:x143",
                                "eba_dim:PFS": "eba_IM:x17",
                                "eba_dim:SCP": "eba_EA:x31",
                                "unit": "$baseCurrency"
                            },
                            "eba:documentation": {
                                "CellCode": "{D 05.00.b, r999, c0130, s999}",
                                "DataPointVersionId": "472079"
                            }
                        },
                        "dp472084": {
                            "decimals": "$decimalsMonetary",
                            "dimensions": {
                                "concept": "eba_met:mi504",
                                "eba_dim:APL": "eba_PL:x772",
                                "eba_dim:BAS": "eba_BA:x6",
                                "eba_dim:MCY": "eba_MC:x143",
                                "eba_dim:PFS": "eba_IM:x16",
                                "eba_dim:SCP": "eba_EA:x31",
                                "unit": "$baseCurrency"
                            },
                            "eba:documentation": {
                                "CellCode": "{D 05.00.b, r999, c0140, s999}",
                                "DataPointVersionId": "472084"
                            }
                        },
                        "dp472085": {
                            "decimals": "$decimalsMonetary",
                            "dimensions": {
                                "concept": "eba_met:mi504",
                                "eba_dim:APL": "eba_PL:x772",
                                "eba_dim:BAS": "eba_BA:x6",
                                "eba_dim:MCY": "eba_MC:x143",
                                "eba_dim:SCP": "eba_EA:x31",
                                "unit": "$baseCurrency"
                            },
                            "eba:documentation": {
                                "CellCode": "{D 05.00.b, r999, c0120, s999}",
                                "DataPointVersionId": "472085"
                            }
                        },
                        "dp472307": {
                            "decimals": "$decimalsInteger",
                            "dimensions": {
                                "concept": "eba_met:ii948",
                                "eba_dim:APL": "eba_PL:x772",
                                "eba_dim:BAS": "eba_BA:x17",
                                "eba_dim:MCY": "eba_MC:x143",
                                "eba_dim:SCP": "eba_EA:x31"
                            },
                            "eba:documentation": {
                                "CellCode": "{D 05.00.b, r999, c0060, s999}",
                                "DataPointVersionId": "472307"
                            }
                        }
                    }
                },
                "factValue": {
                    "dimensions": {
                        "eba_dim:GPR": "$GPR",
                        "eba_dim:NAC": "$NAC"
                    },
                    "propertiesFrom": [
                        "datapoint"
                    ]
                }
            }
        }
    }
}