﻿<?xml version="1.0" encoding="utf-8"?>
<?taxonomy-version 1.0.0.0 ?>  <?taxonomy-set-overall-version 3.3.0.0 ?>
<!--(C) EBA-->
<link:linkbase xmlns:xsi="http://www.w3.org/2001/XMLSchema-instance" xmlns:xlink="http://www.w3.org/1999/xlink" xmlns:link="http://www.xbrl.org/2003/linkbase" xmlns:gen="http://xbrl.org/2008/generic" xmlns:label="http://xbrl.org/2008/label" xsi:schemaLocation="http://www.xbrl.org/2003/linkbase http://www.xbrl.org/2003/xbrl-linkbase-2003-12-31.xsd http://xbrl.org/2008/generic http://www.xbrl.org/2008/generic-link.xsd http://xbrl.org/2008/label http://www.xbrl.org/2008/generic-label.xsd">
  <link:arcroleRef arcroleURI="http://xbrl.org/arcrole/2008/element-label" xlink:type="simple" xlink:href="http://www.xbrl.org/2008/generic-label.xsd#element-label" />
  <link:roleRef roleURI="http://www.xbrl.org/2008/role/label" xlink:type="simple" xlink:href="http://www.xbrl.org/2008/generic-label.xsd#standard-label" />
  <link:roleRef roleURI="http://www.xbrl.org/2008/role/verboseLabel" xlink:type="simple" xlink:href="http://www.xbrl.org/2008/generic-label.xsd#verbose-label" />
  <gen:link xlink:type="extended" xlink:role="http://www.xbrl.org/2003/role/link">
    <link:loc xlink:type="locator" xlink:href="d_05.00.b-rend.xml#eba_tD_05.00.b" xlink:label="loc_eba_tD_05.00.b" />
    <label:label xlink:type="resource" xlink:label="label_eba_tD_05.00.b" xml:lang="en" xlink:role="http://www.xbrl.org/2008/role/label">D 05.00.b</label:label>
    <gen:arc xlink:type="arc" xlink:arcrole="http://xbrl.org/arcrole/2008/element-label" xlink:from="loc_eba_tD_05.00.b" xlink:to="label_eba_tD_05.00.b" />
    <label:label xlink:type="resource" xlink:label="label_eba_tD_05.00.b_1" xml:lang="en" xlink:role="http://www.xbrl.org/2008/role/verboseLabel">D 05.00.b Banking book - Indicators of potential climate change physical risk: Exposures subject to physical risk (II)</label:label>
    <gen:arc xlink:type="arc" xlink:arcrole="http://xbrl.org/arcrole/2008/element-label" xlink:from="loc_eba_tD_05.00.b" xlink:to="label_eba_tD_05.00.b_1" />
    <link:loc xlink:type="locator" xlink:href="d_05.00.b-rend.xml#eba_a1" xlink:label="loc_eba_a1" />
    <label:label xlink:type="resource" xlink:label="label_eba_a1" xml:lang="en" xlink:role="http://www.xbrl.org/2008/role/label">Columns</label:label>
    <gen:arc xlink:type="arc" xlink:arcrole="http://xbrl.org/arcrole/2008/element-label" xlink:from="loc_eba_a1" xlink:to="label_eba_a1" />
    <link:loc xlink:type="locator" xlink:href="d_05.00.b-rend.xml#eba_c86480" xlink:label="loc_eba_c86480" />
    <label:label xlink:type="resource" xlink:label="label_eba_c86480" xml:lang="en" xlink:role="http://www.xbrl.org/2008/role/label">Gross carrying amount (Mln EUR)</label:label>
    <gen:arc xlink:type="arc" xlink:arcrole="http://xbrl.org/arcrole/2008/element-label" xlink:from="loc_eba_c86480" xlink:to="label_eba_c86480" />
    <link:loc xlink:type="locator" xlink:href="d_05.00.b-rend.xml#eba_c86481" xlink:label="loc_eba_c86481" />
    <label:label xlink:type="resource" xlink:label="label_eba_c86481" xml:lang="en" xlink:role="http://www.xbrl.org/2008/role/label">Of which exposures sensitive to impact from climate change physical events</label:label>
    <gen:arc xlink:type="arc" xlink:arcrole="http://xbrl.org/arcrole/2008/element-label" xlink:from="loc_eba_c86481" xlink:to="label_eba_c86481" />
    <link:loc xlink:type="locator" xlink:href="d_05.00.b-rend.xml#eba_c86482" xlink:label="loc_eba_c86482" />
    <label:label xlink:type="resource" xlink:label="label_eba_c86482" xml:lang="en" xlink:role="http://www.xbrl.org/2008/role/label">Breakdown by maturity bucket</label:label>
    <gen:arc xlink:type="arc" xlink:arcrole="http://xbrl.org/arcrole/2008/element-label" xlink:from="loc_eba_c86482" xlink:to="label_eba_c86482" />
    <link:loc xlink:type="locator" xlink:href="d_05.00.b-rend.xml#eba_c86483" xlink:label="loc_eba_c86483" />
    <label:label xlink:type="resource" xlink:label="label_eba_c86483" xml:lang="en" xlink:role="http://www.xbrl.org/2008/role/label">&lt;= 5 years</label:label>
    <gen:arc xlink:type="arc" xlink:arcrole="http://xbrl.org/arcrole/2008/element-label" xlink:from="loc_eba_c86483" xlink:to="label_eba_c86483" />
    <link:loc xlink:type="locator" xlink:href="d_05.00.b-rend.xml#eba_c86484" xlink:label="loc_eba_c86484" />
    <label:label xlink:type="resource" xlink:label="label_eba_c86484" xml:lang="en" xlink:role="http://www.xbrl.org/2008/role/label">&gt; 5 year &lt;= 10 years</label:label>
    <gen:arc xlink:type="arc" xlink:arcrole="http://xbrl.org/arcrole/2008/element-label" xlink:from="loc_eba_c86484" xlink:to="label_eba_c86484" />
    <link:loc xlink:type="locator" xlink:href="d_05.00.b-rend.xml#eba_c86485" xlink:label="loc_eba_c86485" />
    <label:label xlink:type="resource" xlink:label="label_eba_c86485" xml:lang="en" xlink:role="http://www.xbrl.org/2008/role/label">&gt; 10 year &lt;= 20 years</label:label>
    <gen:arc xlink:type="arc" xlink:arcrole="http://xbrl.org/arcrole/2008/element-label" xlink:from="loc_eba_c86485" xlink:to="label_eba_c86485" />
    <link:loc xlink:type="locator" xlink:href="d_05.00.b-rend.xml#eba_c86486" xlink:label="loc_eba_c86486" />
    <label:label xlink:type="resource" xlink:label="label_eba_c86486" xml:lang="en" xlink:role="http://www.xbrl.org/2008/role/label">&gt; 20 years</label:label>
    <gen:arc xlink:type="arc" xlink:arcrole="http://xbrl.org/arcrole/2008/element-label" xlink:from="loc_eba_c86486" xlink:to="label_eba_c86486" />
    <link:loc xlink:type="locator" xlink:href="d_05.00.b-rend.xml#eba_c86487" xlink:label="loc_eba_c86487" />
    <label:label xlink:type="resource" xlink:label="label_eba_c86487" xml:lang="en" xlink:role="http://www.xbrl.org/2008/role/label">Average weighted maturity</label:label>
    <gen:arc xlink:type="arc" xlink:arcrole="http://xbrl.org/arcrole/2008/element-label" xlink:from="loc_eba_c86487" xlink:to="label_eba_c86487" />
    <link:loc xlink:type="locator" xlink:href="d_05.00.b-rend.xml#eba_c86488" xlink:label="loc_eba_c86488" />
    <label:label xlink:type="resource" xlink:label="label_eba_c86488" xml:lang="en" xlink:role="http://www.xbrl.org/2008/role/label">Of which exposures sensitive to impact from chronic climate change events</label:label>
    <gen:arc xlink:type="arc" xlink:arcrole="http://xbrl.org/arcrole/2008/element-label" xlink:from="loc_eba_c86488" xlink:to="label_eba_c86488" />
    <link:loc xlink:type="locator" xlink:href="d_05.00.b-rend.xml#eba_c86489" xlink:label="loc_eba_c86489" />
    <label:label xlink:type="resource" xlink:label="label_eba_c86489" xml:lang="en" xlink:role="http://www.xbrl.org/2008/role/label">Of which exposures sensitive to impact from acute climate change events</label:label>
    <gen:arc xlink:type="arc" xlink:arcrole="http://xbrl.org/arcrole/2008/element-label" xlink:from="loc_eba_c86489" xlink:to="label_eba_c86489" />
    <link:loc xlink:type="locator" xlink:href="d_05.00.b-rend.xml#eba_c86490" xlink:label="loc_eba_c86490" />
    <label:label xlink:type="resource" xlink:label="label_eba_c86490" xml:lang="en" xlink:role="http://www.xbrl.org/2008/role/label">Of which exposures sensitive to impact both from chronic and acute climate change events</label:label>
    <gen:arc xlink:type="arc" xlink:arcrole="http://xbrl.org/arcrole/2008/element-label" xlink:from="loc_eba_c86490" xlink:to="label_eba_c86490" />
    <link:loc xlink:type="locator" xlink:href="d_05.00.b-rend.xml#eba_c86491" xlink:label="loc_eba_c86491" />
    <label:label xlink:type="resource" xlink:label="label_eba_c86491" xml:lang="en" xlink:role="http://www.xbrl.org/2008/role/label">Of which Stage 2 exposures</label:label>
    <gen:arc xlink:type="arc" xlink:arcrole="http://xbrl.org/arcrole/2008/element-label" xlink:from="loc_eba_c86491" xlink:to="label_eba_c86491" />
    <link:loc xlink:type="locator" xlink:href="d_05.00.b-rend.xml#eba_c86492" xlink:label="loc_eba_c86492" />
    <label:label xlink:type="resource" xlink:label="label_eba_c86492" xml:lang="en" xlink:role="http://www.xbrl.org/2008/role/label">Of which non-performing exposures</label:label>
    <gen:arc xlink:type="arc" xlink:arcrole="http://xbrl.org/arcrole/2008/element-label" xlink:from="loc_eba_c86492" xlink:to="label_eba_c86492" />
    <link:loc xlink:type="locator" xlink:href="d_05.00.b-rend.xml#eba_c86493" xlink:label="loc_eba_c86493" />
    <label:label xlink:type="resource" xlink:label="label_eba_c86493" xml:lang="en" xlink:role="http://www.xbrl.org/2008/role/label">Accumulated impairment, accumulated negative changes in fair value due to credit risk and provisions</label:label>
    <gen:arc xlink:type="arc" xlink:arcrole="http://xbrl.org/arcrole/2008/element-label" xlink:from="loc_eba_c86493" xlink:to="label_eba_c86493" />
    <link:loc xlink:type="locator" xlink:href="d_05.00.b-rend.xml#eba_c86494" xlink:label="loc_eba_c86494" />
    <label:label xlink:type="resource" xlink:label="label_eba_c86494" xml:lang="en" xlink:role="http://www.xbrl.org/2008/role/label">Of which Stage 2 exposures</label:label>
    <gen:arc xlink:type="arc" xlink:arcrole="http://xbrl.org/arcrole/2008/element-label" xlink:from="loc_eba_c86494" xlink:to="label_eba_c86494" />
    <link:loc xlink:type="locator" xlink:href="d_05.00.b-rend.xml#eba_c86495" xlink:label="loc_eba_c86495" />
    <label:label xlink:type="resource" xlink:label="label_eba_c86495" xml:lang="en" xlink:role="http://www.xbrl.org/2008/role/label">Of which non-performing exposures</label:label>
    <gen:arc xlink:type="arc" xlink:arcrole="http://xbrl.org/arcrole/2008/element-label" xlink:from="loc_eba_c86495" xlink:to="label_eba_c86495" />
    <link:loc xlink:type="locator" xlink:href="d_05.00.b-rend.xml#eba_a2" xlink:label="loc_eba_a2" />
    <label:label xlink:type="resource" xlink:label="label_eba_a2" xml:lang="en" xlink:role="http://www.xbrl.org/2008/role/label">Relevant NACE codes</label:label>
    <gen:arc xlink:type="arc" xlink:arcrole="http://xbrl.org/arcrole/2008/element-label" xlink:from="loc_eba_a2" xlink:to="label_eba_a2" />
    <link:loc xlink:type="locator" xlink:href="d_05.00.b-rend.xml#eba_a3" xlink:label="loc_eba_a3" />
    <label:label xlink:type="resource" xlink:label="label_eba_a3" xml:lang="en" xlink:role="http://www.xbrl.org/2008/role/label">Geographical area subject to climate change physical risk - acute and chronic events</label:label>
    <gen:arc xlink:type="arc" xlink:arcrole="http://xbrl.org/arcrole/2008/element-label" xlink:from="loc_eba_a3" xlink:to="label_eba_a3" />
  </gen:link>
</link:linkbase>