﻿<?xml version="1.0" encoding="utf-8"?>
<?taxonomy-version 1.0.0.0 ?>  <?taxonomy-set-overall-version 3.3.0.0 ?>
<!--(C) EBA-->
<link:linkbase xmlns:xsi="http://www.w3.org/2001/XMLSchema-instance" xmlns:xlink="http://www.w3.org/1999/xlink" xmlns:link="http://www.xbrl.org/2003/linkbase" xmlns:gen="http://xbrl.org/2008/generic" xmlns:label="http://xbrl.org/2008/label" xsi:schemaLocation="http://www.xbrl.org/2003/linkbase http://www.xbrl.org/2003/xbrl-linkbase-2003-12-31.xsd http://xbrl.org/2008/generic http://www.xbrl.org/2008/generic-link.xsd http://xbrl.org/2008/label http://www.xbrl.org/2008/generic-label.xsd">
  <link:arcroleRef arcroleURI="http://www.eurofiling.info/xbrl/arcrole/group-table" xlink:type="simple" xlink:href="http://www.eurofiling.info/eu/fr/xbrl/ext/model.xsd#group-table" />
  <gen:link xlink:type="extended" xlink:role="http://www.xbrl.org/2003/role/link">
    <link:loc xlink:type="locator" xlink:href="ipu.xsd#eba_IPU" xlink:label="loc_eba_IPU" />
    <link:loc xlink:type="locator" xlink:href="../tab/tab.xsd#eba_tgIntermediate_Parent_Undertaking" xlink:label="loc_eba_tgIntermediate_Parent_Undertaking" />
    <gen:arc xlink:type="arc" xlink:arcrole="http://www.eurofiling.info/xbrl/arcrole/group-table" xlink:from="loc_eba_IPU" xlink:to="loc_eba_tgIntermediate_Parent_Undertaking" order="1" />
    <link:loc xlink:type="locator" xlink:href="../tab/tab.xsd#eba_tgU_01.00" xlink:label="loc_eba_tgU_01.00" />
    <gen:arc xlink:type="arc" xlink:arcrole="http://www.eurofiling.info/xbrl/arcrole/group-table" xlink:from="loc_eba_tgIntermediate_Parent_Undertaking" xlink:to="loc_eba_tgU_01.00" order="1" />
    <link:loc xlink:type="locator" xlink:href="../tab/u_01.00/u_01.00-rend.xml#eba_tU_01.00" xlink:label="loc_eba_tU_01.00" />
    <gen:arc xlink:type="arc" xlink:arcrole="http://www.eurofiling.info/xbrl/arcrole/group-table" xlink:from="loc_eba_tgU_01.00" xlink:to="loc_eba_tU_01.00" order="1" />
    <link:loc xlink:type="locator" xlink:href="../tab/tab.xsd#eba_tgU_02.00" xlink:label="loc_eba_tgU_02.00" />
    <gen:arc xlink:type="arc" xlink:arcrole="http://www.eurofiling.info/xbrl/arcrole/group-table" xlink:from="loc_eba_tgIntermediate_Parent_Undertaking" xlink:to="loc_eba_tgU_02.00" order="2" />
    <link:loc xlink:type="locator" xlink:href="../tab/u_02.00/u_02.00-rend.xml#eba_tU_02.00" xlink:label="loc_eba_tU_02.00" />
    <gen:arc xlink:type="arc" xlink:arcrole="http://www.eurofiling.info/xbrl/arcrole/group-table" xlink:from="loc_eba_tgU_02.00" xlink:to="loc_eba_tU_02.00" order="1" />
  </gen:link>
</link:linkbase>