{
    "dimensions": {
        "entity": "$entityID",
        "language": "$baseLanguage",
        "period": "$refPeriod@end"
    },
    "documentInfo": {
        "documentType": "https://xbrl.org/CR/2021-02-03/xbrl-csv",
        "extends": [
            "http://www.eba.europa.eu/eu/fr/xbrl/ext/2020/FilingIndicators.json",
            "http://www.eba.europa.eu/eu/fr/xbrl/ext/2020/FootNotes.json",
            "../tab/u_01.00/u_01.00.json",
            "../tab/u_02.00/u_02.00.json"
        ],
        "features": {
            "xbrl:allowedDuplicates": "complete"
        },
        "final": {
            "dimensions": true,
            "linkGroups": true,
            "linkTypes": true,
            "namespaces": true,
            "parameters": true,
            "tableTemplates": true,
            "tables": true,
            "taxonomy": true
        },
        "linkGroups": {
            "_": "http://www.xbrl.org/2003/role/link"
        },
        "linkTypes": {
            "footnote": "http://www.xbrl.org/2003/arcrole/fact-footnote"
        },
        "namespaces": {
            "eba": "http://www.eba.europa.eu",
            "iso4217": "http://www.xbrl.org/2003/iso4217",
            "lei": "http://standards.iso.org/iso/17442",
            "rs": "https://eurofiling.info/eu/rs",
            "xbrl": "https://xbrl.org/CR/2021-02-03"
        },
        "taxonomy": [
            "http://www.eba.europa.eu/eu/fr/xbrl/crr/fws/ipu/dc-2022-441/2023-05-30/mod/ipu.xsd"
        ]
    },
    "parameterURL": "parameters.csv",
    "parameters": {
        "baseLanguage": "en"
    },
    "tables": {
        "tFI": {
            "template": "FilingIndicators",
            "url": "FilingIndicators.csv"
        },
        "tFootNotes": {
            "optional": true,
            "template": "FootNotes",
            "url": "FootNotes.csv"
        },
        "tU_01-00": {
            "optional": true,
            "template": "U_01-00",
            "url": "u_01.00.csv"
        },
        "tU_02-00": {
            "optional": true,
            "template": "U_02-00",
            "url": "u_02.00.csv"
        }
    }
}