{
    "dimensions": {
        "entity": "$entityID",
        "language": "$baseLanguage",
        "period": "$refPeriod@end"
    },
    "documentInfo": {
        "documentType": "https://xbrl.org/CR/2021-02-03/xbrl-csv",
        "extends": [
            "http://www.eba.europa.eu/eu/fr/xbrl/ext/2020/FilingIndicators.json",
            "http://www.eba.europa.eu/eu/fr/xbrl/ext/2020/FootNotes.json",
            "../tab/k_04.00.a/k_04.00.a.json",
            "../tab/k_04.00.b/k_04.00.b.json",
            "../tab/k_05.00.a/k_05.00.a.json",
            "../tab/k_05.00.b/k_05.00.b.json",
            "../tab/k_06.00/k_06.00.json",
            "../tab/k_07.00/k_07.00.json",
            "../tab/k_08.00/k_08.00.json",
            "../tab/k_26.00.a/k_26.00.a.json",
            "../tab/k_26.00.b/k_26.00.b.json",
            "../tab/k_26.01/k_26.01.json",
            "../tab/k_28.00/k_28.00.json",
            "../tab/k_29.00/k_29.00.json",
            "../tab/k_29.01.a/k_29.01.a.json",
            "../tab/k_29.01.b/k_29.01.b.json",
            "../tab/k_60.00.a/k_60.00.a.json",
            "../tab/k_60.00.b/k_60.00.b.json",
            "../tab/k_60.00.c/k_60.00.c.json",
            "../tab/k_61.00/k_61.00.json"
        ],
        "features": {
            "xbrl:allowedDuplicates": "complete"
        },
        "final": {
            "dimensions": true,
            "linkGroups": true,
            "linkTypes": true,
            "namespaces": true,
            "parameters": true,
            "tableTemplates": true,
            "tables": true,
            "taxonomy": true
        },
        "linkGroups": {
            "_": "http://www.xbrl.org/2003/role/link"
        },
        "linkTypes": {
            "footnote": "http://www.xbrl.org/2003/arcrole/fact-footnote"
        },
        "namespaces": {
            "eba": "http://www.eba.europa.eu",
            "iso4217": "http://www.xbrl.org/2003/iso4217",
            "lei": "http://standards.iso.org/iso/17442",
            "rs": "https://eurofiling.info/eu/rs",
            "xbrl": "https://xbrl.org/CR/2021-02-03"
        },
        "taxonomy": [
            "http://www.eba.europa.eu/eu/fr/xbrl/crr/fws/pillar3/its-2021-637/2023-05-30/mod/condis.xsd"
        ]
    },
    "parameterURL": "parameters.csv",
    "parameters": {
        "baseLanguage": "en"
    },
    "tables": {
        "tFI": {
            "template": "FilingIndicators",
            "url": "FilingIndicators.csv"
        },
        "tFootNotes": {
            "optional": true,
            "template": "FootNotes",
            "url": "FootNotes.csv"
        },
        "tK_04-00-a": {
            "optional": true,
            "template": "K_04-00-a",
            "url": "k_04.00.a.csv"
        },
        "tK_04-00-b": {
            "optional": true,
            "template": "K_04-00-b",
            "url": "k_04.00.b.csv"
        },
        "tK_05-00-a": {
            "optional": true,
            "template": "K_05-00-a",
            "url": "k_05.00.a.csv"
        },
        "tK_05-00-b": {
            "optional": true,
            "template": "K_05-00-b",
            "url": "k_05.00.b.csv"
        },
        "tK_06-00": {
            "optional": true,
            "template": "K_06-00",
            "url": "k_06.00.csv"
        },
        "tK_07-00": {
            "optional": true,
            "template": "K_07-00",
            "url": "k_07.00.csv"
        },
        "tK_08-00": {
            "optional": true,
            "template": "K_08-00",
            "url": "k_08.00.csv"
        },
        "tK_26-00-a": {
            "optional": true,
            "template": "K_26-00-a",
            "url": "k_26.00.a.csv"
        },
        "tK_26-00-b": {
            "optional": true,
            "template": "K_26-00-b",
            "url": "k_26.00.b.csv"
        },
        "tK_26-01": {
            "optional": true,
            "template": "K_26-01",
            "url": "k_26.01.csv"
        },
        "tK_28-00": {
            "optional": true,
            "template": "K_28-00",
            "url": "k_28.00.csv"
        },
        "tK_29-00": {
            "optional": true,
            "template": "K_29-00",
            "url": "k_29.00.csv"
        },
        "tK_29-01-a": {
            "optional": true,
            "template": "K_29-01-a",
            "url": "k_29.01.a.csv"
        },
        "tK_29-01-b": {
            "optional": true,
            "template": "K_29-01-b",
            "url": "k_29.01.b.csv"
        },
        "tK_60-00-a": {
            "optional": true,
            "template": "K_60-00-a",
            "url": "k_60.00.a.csv"
        },
        "tK_60-00-b": {
            "optional": true,
            "template": "K_60-00-b",
            "url": "k_60.00.b.csv"
        },
        "tK_60-00-c": {
            "optional": true,
            "template": "K_60-00-c",
            "url": "k_60.00.c.csv"
        },
        "tK_61-00": {
            "optional": true,
            "template": "K_61-00",
            "url": "k_61.00.csv"
        }
    }
}