{
    "dimensions": {
        "entity": "$entityID",
        "language": "$baseLanguage",
        "period": "$refPeriod@end"
    },
    "documentInfo": {
        "documentType": "https://xbrl.org/CR/2021-02-03/xbrl-csv",
        "extends": [
            "http://www.eba.europa.eu/eu/fr/xbrl/ext/2020/FilingIndicators.json",
            "http://www.eba.europa.eu/eu/fr/xbrl/ext/2020/FootNotes.json",
            "../tab/k_41.00/k_41.00.json",
            "../tab/k_42.00.a/k_42.00.a.json",
            "../tab/k_42.00.b/k_42.00.b.json",
            "../tab/k_43.01/k_43.01.json",
            "../tab/k_43.02/k_43.02.json",
            "../tab/k_44.00/k_44.00.json",
            "../tab/k_45.00.a/k_45.00.a.json",
            "../tab/k_45.00.b/k_45.00.b.json",
            "../tab/k_46.00.a/k_46.00.a.json",
            "../tab/k_46.00.b/k_46.00.b.json",
            "../tab/k_47.00.a/k_47.00.a.json",
            "../tab/k_47.00.b/k_47.00.b.json",
            "../tab/k_48.00.a/k_48.00.a.json",
            "../tab/k_48.00.b/k_48.00.b.json",
            "../tab/k_48.00.c/k_48.00.c.json",
            "../tab/k_48.00.d/k_48.00.d.json",
            "../tab/k_48.00.e/k_48.00.e.json",
            "../tab/k_49.01/k_49.01.json",
            "../tab/k_49.02.a/k_49.02.a.json",
            "../tab/k_49.02.b/k_49.02.b.json",
            "../tab/k_49.02.c/k_49.02.c.json",
            "../tab/k_49.02.d/k_49.02.d.json",
            "../tab/k_49.03.a/k_49.03.a.json",
            "../tab/k_49.03.b/k_49.03.b.json",
            "../tab/k_50.00/k_50.00.json"
        ],
        "features": {
            "xbrl:allowedDuplicates": "complete"
        },
        "final": {
            "dimensions": true,
            "linkGroups": true,
            "linkTypes": true,
            "namespaces": true,
            "parameters": true,
            "tableTemplates": true,
            "tables": true,
            "taxonomy": true
        },
        "linkGroups": {
            "_": "http://www.xbrl.org/2003/role/link"
        },
        "linkTypes": {
            "footnote": "http://www.xbrl.org/2003/arcrole/fact-footnote"
        },
        "namespaces": {
            "eba": "http://www.eba.europa.eu",
            "iso4217": "http://www.xbrl.org/2003/iso4217",
            "lei": "http://standards.iso.org/iso/17442",
            "rs": "https://eurofiling.info/eu/rs",
            "xbrl": "https://xbrl.org/CR/2021-02-03"
        },
        "taxonomy": [
            "http://www.eba.europa.eu/eu/fr/xbrl/crr/fws/pillar3/its-2021-637/2023-05-30/mod/esgdis.xsd"
        ]
    },
    "parameterURL": "parameters.csv",
    "parameters": {
        "baseLanguage": "en"
    },
    "tables": {
        "tFI": {
            "template": "FilingIndicators",
            "url": "FilingIndicators.csv"
        },
        "tFootNotes": {
            "optional": true,
            "template": "FootNotes",
            "url": "FootNotes.csv"
        },
        "tK_41-00": {
            "optional": true,
            "template": "K_41-00",
            "url": "k_41.00.csv"
        },
        "tK_42-00-a": {
            "optional": true,
            "template": "K_42-00-a",
            "url": "k_42.00.a.csv"
        },
        "tK_42-00-b": {
            "optional": true,
            "template": "K_42-00-b",
            "url": "k_42.00.b.csv"
        },
        "tK_43-01": {
            "optional": true,
            "template": "K_43-01",
            "url": "k_43.01.csv"
        },
        "tK_43-02": {
            "optional": true,
            "template": "K_43-02",
            "url": "k_43.02.csv"
        },
        "tK_44-00": {
            "optional": true,
            "template": "K_44-00",
            "url": "k_44.00.csv"
        },
        "tK_45-00-a": {
            "optional": true,
            "template": "K_45-00-a",
            "url": "k_45.00.a.csv"
        },
        "tK_45-00-b": {
            "optional": true,
            "template": "K_45-00-b",
            "url": "k_45.00.b.csv"
        },
        "tK_46-00-a": {
            "optional": true,
            "template": "K_46-00-a",
            "url": "k_46.00.a.csv"
        },
        "tK_46-00-b": {
            "optional": true,
            "template": "K_46-00-b",
            "url": "k_46.00.b.csv"
        },
        "tK_47-00-a": {
            "optional": true,
            "template": "K_47-00-a",
            "url": "k_47.00.a.csv"
        },
        "tK_47-00-b": {
            "optional": true,
            "template": "K_47-00-b",
            "url": "k_47.00.b.csv"
        },
        "tK_48-00-a": {
            "optional": true,
            "template": "K_48-00-a",
            "url": "k_48.00.a.csv"
        },
        "tK_48-00-b": {
            "optional": true,
            "template": "K_48-00-b",
            "url": "k_48.00.b.csv"
        },
        "tK_48-00-c": {
            "optional": true,
            "template": "K_48-00-c",
            "url": "k_48.00.c.csv"
        },
        "tK_48-00-d": {
            "optional": true,
            "template": "K_48-00-d",
            "url": "k_48.00.d.csv"
        },
        "tK_48-00-e": {
            "optional": true,
            "template": "K_48-00-e",
            "url": "k_48.00.e.csv"
        },
        "tK_49-01": {
            "optional": true,
            "template": "K_49-01",
            "url": "k_49.01.csv"
        },
        "tK_49-02-a": {
            "optional": true,
            "template": "K_49-02-a",
            "url": "k_49.02.a.csv"
        },
        "tK_49-02-b": {
            "optional": true,
            "template": "K_49-02-b",
            "url": "k_49.02.b.csv"
        },
        "tK_49-02-c": {
            "optional": true,
            "template": "K_49-02-c",
            "url": "k_49.02.c.csv"
        },
        "tK_49-02-d": {
            "optional": true,
            "template": "K_49-02-d",
            "url": "k_49.02.d.csv"
        },
        "tK_49-03-a": {
            "optional": true,
            "template": "K_49-03-a",
            "url": "k_49.03.a.csv"
        },
        "tK_49-03-b": {
            "optional": true,
            "template": "K_49-03-b",
            "url": "k_49.03.b.csv"
        },
        "tK_50-00": {
            "optional": true,
            "template": "K_50-00",
            "url": "k_50.00.csv"
        }
    }
}