﻿<?xml version="1.0" encoding="utf-8"?>
<?taxonomy-version 1.0.0.0 ?>  <?taxonomy-set-overall-version 3.3.0.0 ?>
<!--(C) EBA-->
<link:linkbase xmlns:xsi="http://www.w3.org/2001/XMLSchema-instance" xmlns:xlink="http://www.w3.org/1999/xlink" xmlns:link="http://www.xbrl.org/2003/linkbase" xmlns:gen="http://xbrl.org/2008/generic" xmlns:label="http://xbrl.org/2008/label" xsi:schemaLocation="http://www.xbrl.org/2003/linkbase http://www.xbrl.org/2003/xbrl-linkbase-2003-12-31.xsd http://xbrl.org/2008/generic http://www.xbrl.org/2008/generic-link.xsd http://xbrl.org/2008/label http://www.xbrl.org/2008/generic-label.xsd">
  <link:arcroleRef arcroleURI="http://www.eurofiling.info/xbrl/arcrole/group-table" xlink:type="simple" xlink:href="http://www.eurofiling.info/eu/fr/xbrl/ext/model.xsd#group-table" />
  <gen:link xlink:type="extended" xlink:role="http://www.xbrl.org/2003/role/link">
    <link:loc xlink:type="locator" xlink:href="esgdis.xsd#eba_ESGDIS" xlink:label="loc_eba_ESGDIS" />
    <link:loc xlink:type="locator" xlink:href="../tab/tab.xsd#eba_tgDisclosures_ESG" xlink:label="loc_eba_tgDisclosures_ESG" />
    <gen:arc xlink:type="arc" xlink:arcrole="http://www.eurofiling.info/xbrl/arcrole/group-table" xlink:from="loc_eba_ESGDIS" xlink:to="loc_eba_tgDisclosures_ESG" order="1" />
    <link:loc xlink:type="locator" xlink:href="../tab/tab.xsd#eba_tgK_41.00" xlink:label="loc_eba_tgK_41.00" />
    <gen:arc xlink:type="arc" xlink:arcrole="http://www.eurofiling.info/xbrl/arcrole/group-table" xlink:from="loc_eba_tgDisclosures_ESG" xlink:to="loc_eba_tgK_41.00" order="1" />
    <link:loc xlink:type="locator" xlink:href="../tab/k_41.00/k_41.00-rend.xml#eba_tK_41.00" xlink:label="loc_eba_tK_41.00" />
    <gen:arc xlink:type="arc" xlink:arcrole="http://www.eurofiling.info/xbrl/arcrole/group-table" xlink:from="loc_eba_tgK_41.00" xlink:to="loc_eba_tK_41.00" order="1" />
    <link:loc xlink:type="locator" xlink:href="../tab/tab.xsd#eba_tgK_42.00" xlink:label="loc_eba_tgK_42.00" />
    <gen:arc xlink:type="arc" xlink:arcrole="http://www.eurofiling.info/xbrl/arcrole/group-table" xlink:from="loc_eba_tgDisclosures_ESG" xlink:to="loc_eba_tgK_42.00" order="2" />
    <link:loc xlink:type="locator" xlink:href="../tab/k_42.00.a/k_42.00.a-rend.xml#eba_tK_42.00.a" xlink:label="loc_eba_tK_42.00.a" />
    <gen:arc xlink:type="arc" xlink:arcrole="http://www.eurofiling.info/xbrl/arcrole/group-table" xlink:from="loc_eba_tgK_42.00" xlink:to="loc_eba_tK_42.00.a" order="1" />
    <link:loc xlink:type="locator" xlink:href="../tab/k_42.00.b/k_42.00.b-rend.xml#eba_tK_42.00.b" xlink:label="loc_eba_tK_42.00.b" />
    <gen:arc xlink:type="arc" xlink:arcrole="http://www.eurofiling.info/xbrl/arcrole/group-table" xlink:from="loc_eba_tgK_42.00" xlink:to="loc_eba_tK_42.00.b" order="2" />
    <link:loc xlink:type="locator" xlink:href="../tab/tab.xsd#eba_tgK_43.01" xlink:label="loc_eba_tgK_43.01" />
    <gen:arc xlink:type="arc" xlink:arcrole="http://www.eurofiling.info/xbrl/arcrole/group-table" xlink:from="loc_eba_tgDisclosures_ESG" xlink:to="loc_eba_tgK_43.01" order="3" />
    <link:loc xlink:type="locator" xlink:href="../tab/k_43.01/k_43.01-rend.xml#eba_tK_43.01" xlink:label="loc_eba_tK_43.01" />
    <gen:arc xlink:type="arc" xlink:arcrole="http://www.eurofiling.info/xbrl/arcrole/group-table" xlink:from="loc_eba_tgK_43.01" xlink:to="loc_eba_tK_43.01" order="1" />
    <link:loc xlink:type="locator" xlink:href="../tab/tab.xsd#eba_tgK_43.02" xlink:label="loc_eba_tgK_43.02" />
    <gen:arc xlink:type="arc" xlink:arcrole="http://www.eurofiling.info/xbrl/arcrole/group-table" xlink:from="loc_eba_tgDisclosures_ESG" xlink:to="loc_eba_tgK_43.02" order="4" />
    <link:loc xlink:type="locator" xlink:href="../tab/k_43.02/k_43.02-rend.xml#eba_tK_43.02" xlink:label="loc_eba_tK_43.02" />
    <gen:arc xlink:type="arc" xlink:arcrole="http://www.eurofiling.info/xbrl/arcrole/group-table" xlink:from="loc_eba_tgK_43.02" xlink:to="loc_eba_tK_43.02" order="1" />
    <link:loc xlink:type="locator" xlink:href="../tab/tab.xsd#eba_tgK_44.00" xlink:label="loc_eba_tgK_44.00" />
    <gen:arc xlink:type="arc" xlink:arcrole="http://www.eurofiling.info/xbrl/arcrole/group-table" xlink:from="loc_eba_tgDisclosures_ESG" xlink:to="loc_eba_tgK_44.00" order="5" />
    <link:loc xlink:type="locator" xlink:href="../tab/k_44.00/k_44.00-rend.xml#eba_tK_44.00" xlink:label="loc_eba_tK_44.00" />
    <gen:arc xlink:type="arc" xlink:arcrole="http://www.eurofiling.info/xbrl/arcrole/group-table" xlink:from="loc_eba_tgK_44.00" xlink:to="loc_eba_tK_44.00" order="1" />
    <link:loc xlink:type="locator" xlink:href="../tab/tab.xsd#eba_tgK_45.00" xlink:label="loc_eba_tgK_45.00" />
    <gen:arc xlink:type="arc" xlink:arcrole="http://www.eurofiling.info/xbrl/arcrole/group-table" xlink:from="loc_eba_tgDisclosures_ESG" xlink:to="loc_eba_tgK_45.00" order="6" />
    <link:loc xlink:type="locator" xlink:href="../tab/k_45.00.a/k_45.00.a-rend.xml#eba_tK_45.00.a" xlink:label="loc_eba_tK_45.00.a" />
    <gen:arc xlink:type="arc" xlink:arcrole="http://www.eurofiling.info/xbrl/arcrole/group-table" xlink:from="loc_eba_tgK_45.00" xlink:to="loc_eba_tK_45.00.a" order="1" />
    <link:loc xlink:type="locator" xlink:href="../tab/k_45.00.b/k_45.00.b-rend.xml#eba_tK_45.00.b" xlink:label="loc_eba_tK_45.00.b" />
    <gen:arc xlink:type="arc" xlink:arcrole="http://www.eurofiling.info/xbrl/arcrole/group-table" xlink:from="loc_eba_tgK_45.00" xlink:to="loc_eba_tK_45.00.b" order="2" />
    <link:loc xlink:type="locator" xlink:href="../tab/tab.xsd#eba_tgK_46.00" xlink:label="loc_eba_tgK_46.00" />
    <gen:arc xlink:type="arc" xlink:arcrole="http://www.eurofiling.info/xbrl/arcrole/group-table" xlink:from="loc_eba_tgDisclosures_ESG" xlink:to="loc_eba_tgK_46.00" order="7" />
    <link:loc xlink:type="locator" xlink:href="../tab/k_46.00.a/k_46.00.a-rend.xml#eba_tK_46.00.a" xlink:label="loc_eba_tK_46.00.a" />
    <gen:arc xlink:type="arc" xlink:arcrole="http://www.eurofiling.info/xbrl/arcrole/group-table" xlink:from="loc_eba_tgK_46.00" xlink:to="loc_eba_tK_46.00.a" order="1" />
    <link:loc xlink:type="locator" xlink:href="../tab/k_46.00.b/k_46.00.b-rend.xml#eba_tK_46.00.b" xlink:label="loc_eba_tK_46.00.b" />
    <gen:arc xlink:type="arc" xlink:arcrole="http://www.eurofiling.info/xbrl/arcrole/group-table" xlink:from="loc_eba_tgK_46.00" xlink:to="loc_eba_tK_46.00.b" order="2" />
    <link:loc xlink:type="locator" xlink:href="../tab/tab.xsd#eba_tgK_47.00" xlink:label="loc_eba_tgK_47.00" />
    <gen:arc xlink:type="arc" xlink:arcrole="http://www.eurofiling.info/xbrl/arcrole/group-table" xlink:from="loc_eba_tgDisclosures_ESG" xlink:to="loc_eba_tgK_47.00" order="8" />
    <link:loc xlink:type="locator" xlink:href="../tab/k_47.00.a/k_47.00.a-rend.xml#eba_tK_47.00.a" xlink:label="loc_eba_tK_47.00.a" />
    <gen:arc xlink:type="arc" xlink:arcrole="http://www.eurofiling.info/xbrl/arcrole/group-table" xlink:from="loc_eba_tgK_47.00" xlink:to="loc_eba_tK_47.00.a" order="1" />
    <link:loc xlink:type="locator" xlink:href="../tab/k_47.00.b/k_47.00.b-rend.xml#eba_tK_47.00.b" xlink:label="loc_eba_tK_47.00.b" />
    <gen:arc xlink:type="arc" xlink:arcrole="http://www.eurofiling.info/xbrl/arcrole/group-table" xlink:from="loc_eba_tgK_47.00" xlink:to="loc_eba_tK_47.00.b" order="2" />
    <link:loc xlink:type="locator" xlink:href="../tab/tab.xsd#eba_tgK_48.00" xlink:label="loc_eba_tgK_48.00" />
    <gen:arc xlink:type="arc" xlink:arcrole="http://www.eurofiling.info/xbrl/arcrole/group-table" xlink:from="loc_eba_tgDisclosures_ESG" xlink:to="loc_eba_tgK_48.00" order="9" />
    <link:loc xlink:type="locator" xlink:href="../tab/k_48.00.a/k_48.00.a-rend.xml#eba_tK_48.00.a" xlink:label="loc_eba_tK_48.00.a" />
    <gen:arc xlink:type="arc" xlink:arcrole="http://www.eurofiling.info/xbrl/arcrole/group-table" xlink:from="loc_eba_tgK_48.00" xlink:to="loc_eba_tK_48.00.a" order="1" />
    <link:loc xlink:type="locator" xlink:href="../tab/k_48.00.b/k_48.00.b-rend.xml#eba_tK_48.00.b" xlink:label="loc_eba_tK_48.00.b" />
    <gen:arc xlink:type="arc" xlink:arcrole="http://www.eurofiling.info/xbrl/arcrole/group-table" xlink:from="loc_eba_tgK_48.00" xlink:to="loc_eba_tK_48.00.b" order="2" />
    <link:loc xlink:type="locator" xlink:href="../tab/k_48.00.c/k_48.00.c-rend.xml#eba_tK_48.00.c" xlink:label="loc_eba_tK_48.00.c" />
    <gen:arc xlink:type="arc" xlink:arcrole="http://www.eurofiling.info/xbrl/arcrole/group-table" xlink:from="loc_eba_tgK_48.00" xlink:to="loc_eba_tK_48.00.c" order="3" />
    <link:loc xlink:type="locator" xlink:href="../tab/k_48.00.d/k_48.00.d-rend.xml#eba_tK_48.00.d" xlink:label="loc_eba_tK_48.00.d" />
    <gen:arc xlink:type="arc" xlink:arcrole="http://www.eurofiling.info/xbrl/arcrole/group-table" xlink:from="loc_eba_tgK_48.00" xlink:to="loc_eba_tK_48.00.d" order="4" />
    <link:loc xlink:type="locator" xlink:href="../tab/k_48.00.e/k_48.00.e-rend.xml#eba_tK_48.00.e" xlink:label="loc_eba_tK_48.00.e" />
    <gen:arc xlink:type="arc" xlink:arcrole="http://www.eurofiling.info/xbrl/arcrole/group-table" xlink:from="loc_eba_tgK_48.00" xlink:to="loc_eba_tK_48.00.e" order="5" />
    <link:loc xlink:type="locator" xlink:href="../tab/tab.xsd#eba_tgK_49.01" xlink:label="loc_eba_tgK_49.01" />
    <gen:arc xlink:type="arc" xlink:arcrole="http://www.eurofiling.info/xbrl/arcrole/group-table" xlink:from="loc_eba_tgDisclosures_ESG" xlink:to="loc_eba_tgK_49.01" order="10" />
    <link:loc xlink:type="locator" xlink:href="../tab/k_49.01/k_49.01-rend.xml#eba_tK_49.01" xlink:label="loc_eba_tK_49.01" />
    <gen:arc xlink:type="arc" xlink:arcrole="http://www.eurofiling.info/xbrl/arcrole/group-table" xlink:from="loc_eba_tgK_49.01" xlink:to="loc_eba_tK_49.01" order="1" />
    <link:loc xlink:type="locator" xlink:href="../tab/tab.xsd#eba_tgK_49.02" xlink:label="loc_eba_tgK_49.02" />
    <gen:arc xlink:type="arc" xlink:arcrole="http://www.eurofiling.info/xbrl/arcrole/group-table" xlink:from="loc_eba_tgDisclosures_ESG" xlink:to="loc_eba_tgK_49.02" order="11" />
    <link:loc xlink:type="locator" xlink:href="../tab/k_49.02.a/k_49.02.a-rend.xml#eba_tK_49.02.a" xlink:label="loc_eba_tK_49.02.a" />
    <gen:arc xlink:type="arc" xlink:arcrole="http://www.eurofiling.info/xbrl/arcrole/group-table" xlink:from="loc_eba_tgK_49.02" xlink:to="loc_eba_tK_49.02.a" order="1" />
    <link:loc xlink:type="locator" xlink:href="../tab/k_49.02.b/k_49.02.b-rend.xml#eba_tK_49.02.b" xlink:label="loc_eba_tK_49.02.b" />
    <gen:arc xlink:type="arc" xlink:arcrole="http://www.eurofiling.info/xbrl/arcrole/group-table" xlink:from="loc_eba_tgK_49.02" xlink:to="loc_eba_tK_49.02.b" order="2" />
    <link:loc xlink:type="locator" xlink:href="../tab/k_49.02.c/k_49.02.c-rend.xml#eba_tK_49.02.c" xlink:label="loc_eba_tK_49.02.c" />
    <gen:arc xlink:type="arc" xlink:arcrole="http://www.eurofiling.info/xbrl/arcrole/group-table" xlink:from="loc_eba_tgK_49.02" xlink:to="loc_eba_tK_49.02.c" order="3" />
    <link:loc xlink:type="locator" xlink:href="../tab/k_49.02.d/k_49.02.d-rend.xml#eba_tK_49.02.d" xlink:label="loc_eba_tK_49.02.d" />
    <gen:arc xlink:type="arc" xlink:arcrole="http://www.eurofiling.info/xbrl/arcrole/group-table" xlink:from="loc_eba_tgK_49.02" xlink:to="loc_eba_tK_49.02.d" order="4" />
    <link:loc xlink:type="locator" xlink:href="../tab/tab.xsd#eba_tgK_49.03" xlink:label="loc_eba_tgK_49.03" />
    <gen:arc xlink:type="arc" xlink:arcrole="http://www.eurofiling.info/xbrl/arcrole/group-table" xlink:from="loc_eba_tgDisclosures_ESG" xlink:to="loc_eba_tgK_49.03" order="12" />
    <link:loc xlink:type="locator" xlink:href="../tab/k_49.03.a/k_49.03.a-rend.xml#eba_tK_49.03.a" xlink:label="loc_eba_tK_49.03.a" />
    <gen:arc xlink:type="arc" xlink:arcrole="http://www.eurofiling.info/xbrl/arcrole/group-table" xlink:from="loc_eba_tgK_49.03" xlink:to="loc_eba_tK_49.03.a" order="1" />
    <link:loc xlink:type="locator" xlink:href="../tab/k_49.03.b/k_49.03.b-rend.xml#eba_tK_49.03.b" xlink:label="loc_eba_tK_49.03.b" />
    <gen:arc xlink:type="arc" xlink:arcrole="http://www.eurofiling.info/xbrl/arcrole/group-table" xlink:from="loc_eba_tgK_49.03" xlink:to="loc_eba_tK_49.03.b" order="2" />
    <link:loc xlink:type="locator" xlink:href="../tab/tab.xsd#eba_tgK_50.00" xlink:label="loc_eba_tgK_50.00" />
    <gen:arc xlink:type="arc" xlink:arcrole="http://www.eurofiling.info/xbrl/arcrole/group-table" xlink:from="loc_eba_tgDisclosures_ESG" xlink:to="loc_eba_tgK_50.00" order="13" />
    <link:loc xlink:type="locator" xlink:href="../tab/k_50.00/k_50.00-rend.xml#eba_tK_50.00" xlink:label="loc_eba_tK_50.00" />
    <gen:arc xlink:type="arc" xlink:arcrole="http://www.eurofiling.info/xbrl/arcrole/group-table" xlink:from="loc_eba_tgK_50.00" xlink:to="loc_eba_tK_50.00" order="1" />
  </gen:link>
</link:linkbase>