﻿<?xml version="1.0" encoding="utf-8"?>
<?taxonomy-version 1.0.0.0 ?>  <?taxonomy-set-overall-version 3.3.0.0 ?>
<!--(C) EBA-->
<link:linkbase xmlns:xsi="http://www.w3.org/2001/XMLSchema-instance" xmlns:xlink="http://www.w3.org/1999/xlink" xmlns:link="http://www.xbrl.org/2003/linkbase" xmlns:gen="http://xbrl.org/2008/generic" xmlns:label="http://xbrl.org/2008/label" xsi:schemaLocation="http://www.xbrl.org/2003/linkbase http://www.xbrl.org/2003/xbrl-linkbase-2003-12-31.xsd http://xbrl.org/2008/generic http://www.xbrl.org/2008/generic-link.xsd http://xbrl.org/2008/label http://www.xbrl.org/2008/generic-label.xsd">
  <link:arcroleRef arcroleURI="http://www.eurofiling.info/xbrl/arcrole/group-table" xlink:type="simple" xlink:href="http://www.eurofiling.info/eu/fr/xbrl/ext/model.xsd#group-table" />
  <gen:link xlink:type="extended" xlink:role="http://www.xbrl.org/2003/role/link">
    <link:loc xlink:type="locator" xlink:href="findis.xsd#eba_FINDIS" xlink:label="loc_eba_FINDIS" />
    <link:loc xlink:type="locator" xlink:href="../tab/tab.xsd#eba_tgDisclosures_AE" xlink:label="loc_eba_tgDisclosures_AE" />
    <gen:arc xlink:type="arc" xlink:arcrole="http://www.eurofiling.info/xbrl/arcrole/group-table" xlink:from="loc_eba_FINDIS" xlink:to="loc_eba_tgDisclosures_AE" order="1" />
    <link:loc xlink:type="locator" xlink:href="../tab/tab.xsd#eba_tgK_20.01" xlink:label="loc_eba_tgK_20.01" />
    <gen:arc xlink:type="arc" xlink:arcrole="http://www.eurofiling.info/xbrl/arcrole/group-table" xlink:from="loc_eba_tgDisclosures_AE" xlink:to="loc_eba_tgK_20.01" order="1" />
    <link:loc xlink:type="locator" xlink:href="../tab/k_20.01/k_20.01-rend.xml#eba_tK_20.01" xlink:label="loc_eba_tK_20.01" />
    <gen:arc xlink:type="arc" xlink:arcrole="http://www.eurofiling.info/xbrl/arcrole/group-table" xlink:from="loc_eba_tgK_20.01" xlink:to="loc_eba_tK_20.01" order="1" />
    <link:loc xlink:type="locator" xlink:href="../tab/tab.xsd#eba_tgK_20.02" xlink:label="loc_eba_tgK_20.02" />
    <gen:arc xlink:type="arc" xlink:arcrole="http://www.eurofiling.info/xbrl/arcrole/group-table" xlink:from="loc_eba_tgDisclosures_AE" xlink:to="loc_eba_tgK_20.02" order="2" />
    <link:loc xlink:type="locator" xlink:href="../tab/k_20.02/k_20.02-rend.xml#eba_tK_20.02" xlink:label="loc_eba_tK_20.02" />
    <gen:arc xlink:type="arc" xlink:arcrole="http://www.eurofiling.info/xbrl/arcrole/group-table" xlink:from="loc_eba_tgK_20.02" xlink:to="loc_eba_tK_20.02" order="1" />
    <link:loc xlink:type="locator" xlink:href="../tab/tab.xsd#eba_tgK_20.03" xlink:label="loc_eba_tgK_20.03" />
    <gen:arc xlink:type="arc" xlink:arcrole="http://www.eurofiling.info/xbrl/arcrole/group-table" xlink:from="loc_eba_tgDisclosures_AE" xlink:to="loc_eba_tgK_20.03" order="3" />
    <link:loc xlink:type="locator" xlink:href="../tab/k_20.03/k_20.03-rend.xml#eba_tK_20.03" xlink:label="loc_eba_tK_20.03" />
    <gen:arc xlink:type="arc" xlink:arcrole="http://www.eurofiling.info/xbrl/arcrole/group-table" xlink:from="loc_eba_tgK_20.03" xlink:to="loc_eba_tK_20.03" order="1" />
  </gen:link>
</link:linkbase>