﻿<?xml version="1.0" encoding="utf-8"?>
<?taxonomy-version 1.0.0.0 ?>  <?taxonomy-set-overall-version 3.3.0.0 ?>
<!--(C) EBA-->
<link:linkbase xmlns:xsi="http://www.w3.org/2001/XMLSchema-instance" xmlns:xlink="http://www.w3.org/1999/xlink" xmlns:link="http://www.xbrl.org/2003/linkbase" xmlns:gen="http://xbrl.org/2008/generic" xmlns:label="http://xbrl.org/2008/label" xsi:schemaLocation="http://www.xbrl.org/2003/linkbase http://www.xbrl.org/2003/xbrl-linkbase-2003-12-31.xsd http://xbrl.org/2008/generic http://www.xbrl.org/2008/generic-link.xsd http://xbrl.org/2008/label http://www.xbrl.org/2008/generic-label.xsd">
  <link:arcroleRef arcroleURI="http://www.eurofiling.info/xbrl/arcrole/group-table" xlink:type="simple" xlink:href="http://www.eurofiling.info/eu/fr/xbrl/ext/model.xsd#group-table" />
  <gen:link xlink:type="extended" xlink:role="http://www.xbrl.org/2003/role/link">
    <link:loc xlink:type="locator" xlink:href="remdis.xsd#eba_REMDIS" xlink:label="loc_eba_REMDIS" />
    <link:loc xlink:type="locator" xlink:href="../tab/tab.xsd#eba_tgDisclosures_REM" xlink:label="loc_eba_tgDisclosures_REM" />
    <gen:arc xlink:type="arc" xlink:arcrole="http://www.eurofiling.info/xbrl/arcrole/group-table" xlink:from="loc_eba_REMDIS" xlink:to="loc_eba_tgDisclosures_REM" order="1" />
    <link:loc xlink:type="locator" xlink:href="../tab/tab.xsd#eba_tgK_30.01" xlink:label="loc_eba_tgK_30.01" />
    <gen:arc xlink:type="arc" xlink:arcrole="http://www.eurofiling.info/xbrl/arcrole/group-table" xlink:from="loc_eba_tgDisclosures_REM" xlink:to="loc_eba_tgK_30.01" order="1" />
    <link:loc xlink:type="locator" xlink:href="../tab/k_30.01/k_30.01-rend.xml#eba_tK_30.01" xlink:label="loc_eba_tK_30.01" />
    <gen:arc xlink:type="arc" xlink:arcrole="http://www.eurofiling.info/xbrl/arcrole/group-table" xlink:from="loc_eba_tgK_30.01" xlink:to="loc_eba_tK_30.01" order="1" />
    <link:loc xlink:type="locator" xlink:href="../tab/tab.xsd#eba_tgK_30.02" xlink:label="loc_eba_tgK_30.02" />
    <gen:arc xlink:type="arc" xlink:arcrole="http://www.eurofiling.info/xbrl/arcrole/group-table" xlink:from="loc_eba_tgDisclosures_REM" xlink:to="loc_eba_tgK_30.02" order="2" />
    <link:loc xlink:type="locator" xlink:href="../tab/k_30.02/k_30.02-rend.xml#eba_tK_30.02" xlink:label="loc_eba_tK_30.02" />
    <gen:arc xlink:type="arc" xlink:arcrole="http://www.eurofiling.info/xbrl/arcrole/group-table" xlink:from="loc_eba_tgK_30.02" xlink:to="loc_eba_tK_30.02" order="1" />
    <link:loc xlink:type="locator" xlink:href="../tab/tab.xsd#eba_tgK_30.03" xlink:label="loc_eba_tgK_30.03" />
    <gen:arc xlink:type="arc" xlink:arcrole="http://www.eurofiling.info/xbrl/arcrole/group-table" xlink:from="loc_eba_tgDisclosures_REM" xlink:to="loc_eba_tgK_30.03" order="3" />
    <link:loc xlink:type="locator" xlink:href="../tab/k_30.03/k_30.03-rend.xml#eba_tK_30.03" xlink:label="loc_eba_tK_30.03" />
    <gen:arc xlink:type="arc" xlink:arcrole="http://www.eurofiling.info/xbrl/arcrole/group-table" xlink:from="loc_eba_tgK_30.03" xlink:to="loc_eba_tK_30.03" order="1" />
    <link:loc xlink:type="locator" xlink:href="../tab/tab.xsd#eba_tgK_30.04" xlink:label="loc_eba_tgK_30.04" />
    <gen:arc xlink:type="arc" xlink:arcrole="http://www.eurofiling.info/xbrl/arcrole/group-table" xlink:from="loc_eba_tgDisclosures_REM" xlink:to="loc_eba_tgK_30.04" order="4" />
    <link:loc xlink:type="locator" xlink:href="../tab/k_30.04/k_30.04-rend.xml#eba_tK_30.04" xlink:label="loc_eba_tK_30.04" />
    <gen:arc xlink:type="arc" xlink:arcrole="http://www.eurofiling.info/xbrl/arcrole/group-table" xlink:from="loc_eba_tgK_30.04" xlink:to="loc_eba_tK_30.04" order="1" />
    <link:loc xlink:type="locator" xlink:href="../tab/tab.xsd#eba_tgK_30.05" xlink:label="loc_eba_tgK_30.05" />
    <gen:arc xlink:type="arc" xlink:arcrole="http://www.eurofiling.info/xbrl/arcrole/group-table" xlink:from="loc_eba_tgDisclosures_REM" xlink:to="loc_eba_tgK_30.05" order="5" />
    <link:loc xlink:type="locator" xlink:href="../tab/k_30.05.a/k_30.05.a-rend.xml#eba_tK_30.05.a" xlink:label="loc_eba_tK_30.05.a" />
    <gen:arc xlink:type="arc" xlink:arcrole="http://www.eurofiling.info/xbrl/arcrole/group-table" xlink:from="loc_eba_tgK_30.05" xlink:to="loc_eba_tK_30.05.a" order="1" />
    <link:loc xlink:type="locator" xlink:href="../tab/k_30.05.b/k_30.05.b-rend.xml#eba_tK_30.05.b" xlink:label="loc_eba_tK_30.05.b" />
    <gen:arc xlink:type="arc" xlink:arcrole="http://www.eurofiling.info/xbrl/arcrole/group-table" xlink:from="loc_eba_tgK_30.05" xlink:to="loc_eba_tK_30.05.b" order="2" />
  </gen:link>
</link:linkbase>