{
    "dimensions": {
        "entity": "$entityID",
        "language": "$baseLanguage",
        "period": "$refPeriod@end"
    },
    "documentInfo": {
        "documentType": "https://xbrl.org/CR/2021-02-03/xbrl-csv",
        "extends": [
            "http://www.eba.europa.eu/eu/fr/xbrl/ext/2020/FilingIndicators.json",
            "http://www.eba.europa.eu/eu/fr/xbrl/ext/2020/FootNotes.json",
            "../tab/k_30.01/k_30.01.json",
            "../tab/k_30.02/k_30.02.json",
            "../tab/k_30.03/k_30.03.json",
            "../tab/k_30.04/k_30.04.json",
            "../tab/k_30.05.a/k_30.05.a.json",
            "../tab/k_30.05.b/k_30.05.b.json"
        ],
        "features": {
            "xbrl:allowedDuplicates": "complete"
        },
        "final": {
            "dimensions": true,
            "linkGroups": true,
            "linkTypes": true,
            "namespaces": true,
            "parameters": true,
            "tableTemplates": true,
            "tables": true,
            "taxonomy": true
        },
        "linkGroups": {
            "_": "http://www.xbrl.org/2003/role/link"
        },
        "linkTypes": {
            "footnote": "http://www.xbrl.org/2003/arcrole/fact-footnote"
        },
        "namespaces": {
            "eba": "http://www.eba.europa.eu",
            "iso4217": "http://www.xbrl.org/2003/iso4217",
            "lei": "http://standards.iso.org/iso/17442",
            "rs": "https://eurofiling.info/eu/rs",
            "xbrl": "https://xbrl.org/CR/2021-02-03"
        },
        "taxonomy": [
            "http://www.eba.europa.eu/eu/fr/xbrl/crr/fws/pillar3/its-2021-637/2023-05-30/mod/remdis.xsd"
        ]
    },
    "parameterURL": "parameters.csv",
    "parameters": {
        "baseLanguage": "en"
    },
    "tables": {
        "tFI": {
            "template": "FilingIndicators",
            "url": "FilingIndicators.csv"
        },
        "tFootNotes": {
            "optional": true,
            "template": "FootNotes",
            "url": "FootNotes.csv"
        },
        "tK_30-01": {
            "optional": true,
            "template": "K_30-01",
            "url": "k_30.01.csv"
        },
        "tK_30-02": {
            "optional": true,
            "template": "K_30-02",
            "url": "k_30.02.csv"
        },
        "tK_30-03": {
            "optional": true,
            "template": "K_30-03",
            "url": "k_30.03.csv"
        },
        "tK_30-04": {
            "optional": true,
            "template": "K_30-04",
            "url": "k_30.04.csv"
        },
        "tK_30-05-a": {
            "optional": true,
            "template": "K_30-05-a",
            "url": "k_30.05.a.csv"
        },
        "tK_30-05-b": {
            "optional": true,
            "template": "K_30-05-b",
            "url": "k_30.05.b.csv"
        }
    }
}