{
    "documentInfo": {
        "documentType": "https://xbrl.org/CR/2021-02-03/xbrl-csv",
        "namespaces": {
            "eba": "http://www.eba.europa.eu",
            "eba_BA": "http://www.eba.europa.eu/xbrl/crr/dict/dom/BA",
            "eba_BT": "http://www.eba.europa.eu/xbrl/crr/dict/dom/BT",
            "eba_CT": "http://www.eba.europa.eu/xbrl/crr/dict/dom/CT",
            "eba_MC": "http://www.eba.europa.eu/xbrl/crr/dict/dom/MC",
            "eba_PL": "http://www.eba.europa.eu/xbrl/crr/dict/dom/PL",
            "eba_TR": "http://www.eba.europa.eu/xbrl/crr/dict/dom/TR",
            "eba_dim": "http://www.eba.europa.eu/xbrl/crr/dict/dim",
            "eba_met": "http://www.eba.europa.eu/xbrl/crr/dict/met"
        }
    },
    "tableTemplates": {
        "K_05-00-b": {
            "columns": {
                "datapoint": {
                    "propertyGroups": {
                        "dp475239": {
                            "decimals": "$decimalsMonetary",
                            "dimensions": {
                                "concept": "eba_met:mi129",
                                "eba_dim:BAS": "eba_BA:x17",
                                "eba_dim:CDN": "eba_BT:x6",
                                "eba_dim:CPS": "eba_CT:x216",
                                "eba_dim:MCC": "eba_MC:x58",
                                "eba_dim:MCJ": "eba_MC:x306",
                                "eba_dim:PRP": "eba_PL:x10",
                                "eba_dim:TAN": "eba_MC:x1023",
                                "eba_dim:TRI": "eba_TR:x1",
                                "unit": "$baseCurrency"
                            },
                            "eba:documentation": {
                                "CellCode": "{K 05.00.b, r0030, c0070}",
                                "DataPointVersionId": "475239"
                            }
                        },
                        "dp475240": {
                            "decimals": "$decimalsMonetary",
                            "dimensions": {
                                "concept": "eba_met:mi129",
                                "eba_dim:BAS": "eba_BA:x17",
                                "eba_dim:CDN": "eba_BT:x6",
                                "eba_dim:CPS": "eba_CT:x216",
                                "eba_dim:MCC": "eba_MC:x58",
                                "eba_dim:MCJ": "eba_MC:x306",
                                "eba_dim:PRP": "eba_PL:x10",
                                "eba_dim:TAN": "eba_MC:x1024",
                                "eba_dim:TRI": "eba_TR:x1",
                                "unit": "$baseCurrency"
                            },
                            "eba:documentation": {
                                "CellCode": "{K 05.00.b, r0030, c0080}",
                                "DataPointVersionId": "475240"
                            }
                        },
                        "dp475241": {
                            "decimals": "$decimalsMonetary",
                            "dimensions": {
                                "concept": "eba_met:mi129",
                                "eba_dim:BAS": "eba_BA:x17",
                                "eba_dim:CDN": "eba_BT:x6",
                                "eba_dim:CPS": "eba_CT:x216",
                                "eba_dim:MCC": "eba_MC:x58",
                                "eba_dim:MCJ": "eba_MC:x1021",
                                "eba_dim:PRP": "eba_PL:x10",
                                "eba_dim:TAN": "eba_MC:x1023",
                                "eba_dim:TRI": "eba_TR:x1",
                                "unit": "$baseCurrency"
                            },
                            "eba:documentation": {
                                "CellCode": "{K 05.00.b, r0030, c0030}",
                                "DataPointVersionId": "475241"
                            }
                        },
                        "dp475242": {
                            "decimals": "$decimalsMonetary",
                            "dimensions": {
                                "concept": "eba_met:mi129",
                                "eba_dim:BAS": "eba_BA:x17",
                                "eba_dim:CDN": "eba_BT:x6",
                                "eba_dim:CPS": "eba_CT:x216",
                                "eba_dim:MCC": "eba_MC:x58",
                                "eba_dim:MCJ": "eba_MC:x1021",
                                "eba_dim:PRP": "eba_PL:x10",
                                "eba_dim:TAN": "eba_MC:x1024",
                                "eba_dim:TRI": "eba_TR:x1",
                                "unit": "$baseCurrency"
                            },
                            "eba:documentation": {
                                "CellCode": "{K 05.00.b, r0030, c0040}",
                                "DataPointVersionId": "475242"
                            }
                        },
                        "dp475247": {
                            "decimals": "$decimalsMonetary",
                            "dimensions": {
                                "concept": "eba_met:mi129",
                                "eba_dim:BAS": "eba_BA:x17",
                                "eba_dim:CDN": "eba_BT:x6",
                                "eba_dim:MCC": "eba_MC:x44",
                                "eba_dim:MCJ": "eba_MC:x306",
                                "eba_dim:PRP": "eba_PL:x10",
                                "eba_dim:TAN": "eba_MC:x1023",
                                "eba_dim:TRI": "eba_TR:x1",
                                "unit": "$baseCurrency"
                            },
                            "eba:documentation": {
                                "CellCode": "{K 05.00.b, r0010, c0070}",
                                "DataPointVersionId": "475247"
                            }
                        },
                        "dp475248": {
                            "decimals": "$decimalsMonetary",
                            "dimensions": {
                                "concept": "eba_met:mi129",
                                "eba_dim:BAS": "eba_BA:x17",
                                "eba_dim:CDN": "eba_BT:x6",
                                "eba_dim:MCC": "eba_MC:x44",
                                "eba_dim:MCJ": "eba_MC:x306",
                                "eba_dim:PRP": "eba_PL:x10",
                                "eba_dim:TAN": "eba_MC:x1024",
                                "eba_dim:TRI": "eba_TR:x1",
                                "unit": "$baseCurrency"
                            },
                            "eba:documentation": {
                                "CellCode": "{K 05.00.b, r0010, c0080}",
                                "DataPointVersionId": "475248"
                            }
                        },
                        "dp475249": {
                            "decimals": "$decimalsMonetary",
                            "dimensions": {
                                "concept": "eba_met:mi129",
                                "eba_dim:BAS": "eba_BA:x17",
                                "eba_dim:CDN": "eba_BT:x6",
                                "eba_dim:MCC": "eba_MC:x44",
                                "eba_dim:MCJ": "eba_MC:x1021",
                                "eba_dim:PRP": "eba_PL:x10",
                                "eba_dim:TAN": "eba_MC:x1023",
                                "eba_dim:TRI": "eba_TR:x1",
                                "unit": "$baseCurrency"
                            },
                            "eba:documentation": {
                                "CellCode": "{K 05.00.b, r0010, c0030}",
                                "DataPointVersionId": "475249"
                            }
                        },
                        "dp475250": {
                            "decimals": "$decimalsMonetary",
                            "dimensions": {
                                "concept": "eba_met:mi129",
                                "eba_dim:BAS": "eba_BA:x17",
                                "eba_dim:CDN": "eba_BT:x6",
                                "eba_dim:MCC": "eba_MC:x44",
                                "eba_dim:MCJ": "eba_MC:x1021",
                                "eba_dim:PRP": "eba_PL:x10",
                                "eba_dim:TAN": "eba_MC:x1024",
                                "eba_dim:TRI": "eba_TR:x1",
                                "unit": "$baseCurrency"
                            },
                            "eba:documentation": {
                                "CellCode": "{K 05.00.b, r0010, c0040}",
                                "DataPointVersionId": "475250"
                            }
                        },
                        "dp475255": {
                            "decimals": "$decimalsMonetary",
                            "dimensions": {
                                "concept": "eba_met:mi129",
                                "eba_dim:BAS": "eba_BA:x17",
                                "eba_dim:CDN": "eba_BT:x7",
                                "eba_dim:CPS": "eba_CT:x216",
                                "eba_dim:MCC": "eba_MC:x58",
                                "eba_dim:MCJ": "eba_MC:x306",
                                "eba_dim:PRP": "eba_PL:x10",
                                "eba_dim:TAN": "eba_MC:x1023",
                                "eba_dim:TRI": "eba_TR:x1",
                                "unit": "$baseCurrency"
                            },
                            "eba:documentation": {
                                "CellCode": "{K 05.00.b, r0040, c0070}",
                                "DataPointVersionId": "475255"
                            }
                        },
                        "dp475256": {
                            "decimals": "$decimalsMonetary",
                            "dimensions": {
                                "concept": "eba_met:mi129",
                                "eba_dim:BAS": "eba_BA:x17",
                                "eba_dim:CDN": "eba_BT:x7",
                                "eba_dim:CPS": "eba_CT:x216",
                                "eba_dim:MCC": "eba_MC:x58",
                                "eba_dim:MCJ": "eba_MC:x306",
                                "eba_dim:PRP": "eba_PL:x10",
                                "eba_dim:TAN": "eba_MC:x1024",
                                "eba_dim:TRI": "eba_TR:x1",
                                "unit": "$baseCurrency"
                            },
                            "eba:documentation": {
                                "CellCode": "{K 05.00.b, r0040, c0080}",
                                "DataPointVersionId": "475256"
                            }
                        },
                        "dp475257": {
                            "decimals": "$decimalsMonetary",
                            "dimensions": {
                                "concept": "eba_met:mi129",
                                "eba_dim:BAS": "eba_BA:x17",
                                "eba_dim:CDN": "eba_BT:x7",
                                "eba_dim:CPS": "eba_CT:x216",
                                "eba_dim:MCC": "eba_MC:x58",
                                "eba_dim:MCJ": "eba_MC:x1021",
                                "eba_dim:PRP": "eba_PL:x10",
                                "eba_dim:TAN": "eba_MC:x1023",
                                "eba_dim:TRI": "eba_TR:x1",
                                "unit": "$baseCurrency"
                            },
                            "eba:documentation": {
                                "CellCode": "{K 05.00.b, r0040, c0030}",
                                "DataPointVersionId": "475257"
                            }
                        },
                        "dp475258": {
                            "decimals": "$decimalsMonetary",
                            "dimensions": {
                                "concept": "eba_met:mi129",
                                "eba_dim:BAS": "eba_BA:x17",
                                "eba_dim:CDN": "eba_BT:x7",
                                "eba_dim:CPS": "eba_CT:x216",
                                "eba_dim:MCC": "eba_MC:x58",
                                "eba_dim:MCJ": "eba_MC:x1021",
                                "eba_dim:PRP": "eba_PL:x10",
                                "eba_dim:TAN": "eba_MC:x1024",
                                "eba_dim:TRI": "eba_TR:x1",
                                "unit": "$baseCurrency"
                            },
                            "eba:documentation": {
                                "CellCode": "{K 05.00.b, r0040, c0040}",
                                "DataPointVersionId": "475258"
                            }
                        },
                        "dp475263": {
                            "decimals": "$decimalsMonetary",
                            "dimensions": {
                                "concept": "eba_met:mi129",
                                "eba_dim:BAS": "eba_BA:x17",
                                "eba_dim:CDN": "eba_BT:x7",
                                "eba_dim:MCC": "eba_MC:x44",
                                "eba_dim:MCJ": "eba_MC:x306",
                                "eba_dim:PRP": "eba_PL:x10",
                                "eba_dim:TAN": "eba_MC:x1023",
                                "eba_dim:TRI": "eba_TR:x1",
                                "unit": "$baseCurrency"
                            },
                            "eba:documentation": {
                                "CellCode": "{K 05.00.b, r0020, c0070}",
                                "DataPointVersionId": "475263"
                            }
                        },
                        "dp475264": {
                            "decimals": "$decimalsMonetary",
                            "dimensions": {
                                "concept": "eba_met:mi129",
                                "eba_dim:BAS": "eba_BA:x17",
                                "eba_dim:CDN": "eba_BT:x7",
                                "eba_dim:MCC": "eba_MC:x44",
                                "eba_dim:MCJ": "eba_MC:x306",
                                "eba_dim:PRP": "eba_PL:x10",
                                "eba_dim:TAN": "eba_MC:x1024",
                                "eba_dim:TRI": "eba_TR:x1",
                                "unit": "$baseCurrency"
                            },
                            "eba:documentation": {
                                "CellCode": "{K 05.00.b, r0020, c0080}",
                                "DataPointVersionId": "475264"
                            }
                        },
                        "dp475265": {
                            "decimals": "$decimalsMonetary",
                            "dimensions": {
                                "concept": "eba_met:mi129",
                                "eba_dim:BAS": "eba_BA:x17",
                                "eba_dim:CDN": "eba_BT:x7",
                                "eba_dim:MCC": "eba_MC:x44",
                                "eba_dim:MCJ": "eba_MC:x1021",
                                "eba_dim:PRP": "eba_PL:x10",
                                "eba_dim:TAN": "eba_MC:x1023",
                                "eba_dim:TRI": "eba_TR:x1",
                                "unit": "$baseCurrency"
                            },
                            "eba:documentation": {
                                "CellCode": "{K 05.00.b, r0020, c0030}",
                                "DataPointVersionId": "475265"
                            }
                        },
                        "dp475266": {
                            "decimals": "$decimalsMonetary",
                            "dimensions": {
                                "concept": "eba_met:mi129",
                                "eba_dim:BAS": "eba_BA:x17",
                                "eba_dim:CDN": "eba_BT:x7",
                                "eba_dim:MCC": "eba_MC:x44",
                                "eba_dim:MCJ": "eba_MC:x1021",
                                "eba_dim:PRP": "eba_PL:x10",
                                "eba_dim:TAN": "eba_MC:x1024",
                                "eba_dim:TRI": "eba_TR:x1",
                                "unit": "$baseCurrency"
                            },
                            "eba:documentation": {
                                "CellCode": "{K 05.00.b, r0020, c0040}",
                                "DataPointVersionId": "475266"
                            }
                        },
                        "dp475277": {
                            "decimals": "$decimalsMonetary",
                            "dimensions": {
                                "concept": "eba_met:mi129",
                                "eba_dim:BAS": "eba_BA:x17",
                                "eba_dim:CPS": "eba_CT:x51",
                                "eba_dim:MCC": "eba_MC:x58",
                                "eba_dim:MCJ": "eba_MC:x306",
                                "eba_dim:PRP": "eba_PL:x10",
                                "eba_dim:TAN": "eba_MC:x1023",
                                "eba_dim:TRI": "eba_TR:x1",
                                "unit": "$baseCurrency"
                            },
                            "eba:documentation": {
                                "CellCode": "{K 05.00.b, r0060, c0070}",
                                "DataPointVersionId": "475277"
                            }
                        },
                        "dp475278": {
                            "decimals": "$decimalsMonetary",
                            "dimensions": {
                                "concept": "eba_met:mi129",
                                "eba_dim:BAS": "eba_BA:x17",
                                "eba_dim:CPS": "eba_CT:x51",
                                "eba_dim:MCC": "eba_MC:x58",
                                "eba_dim:MCJ": "eba_MC:x306",
                                "eba_dim:PRP": "eba_PL:x10",
                                "eba_dim:TAN": "eba_MC:x1024",
                                "eba_dim:TRI": "eba_TR:x1",
                                "unit": "$baseCurrency"
                            },
                            "eba:documentation": {
                                "CellCode": "{K 05.00.b, r0060, c0080}",
                                "DataPointVersionId": "475278"
                            }
                        },
                        "dp475279": {
                            "decimals": "$decimalsMonetary",
                            "dimensions": {
                                "concept": "eba_met:mi129",
                                "eba_dim:BAS": "eba_BA:x17",
                                "eba_dim:CPS": "eba_CT:x51",
                                "eba_dim:MCC": "eba_MC:x58",
                                "eba_dim:MCJ": "eba_MC:x1021",
                                "eba_dim:PRP": "eba_PL:x10",
                                "eba_dim:TAN": "eba_MC:x1023",
                                "eba_dim:TRI": "eba_TR:x1",
                                "unit": "$baseCurrency"
                            },
                            "eba:documentation": {
                                "CellCode": "{K 05.00.b, r0060, c0030}",
                                "DataPointVersionId": "475279"
                            }
                        },
                        "dp475280": {
                            "decimals": "$decimalsMonetary",
                            "dimensions": {
                                "concept": "eba_met:mi129",
                                "eba_dim:BAS": "eba_BA:x17",
                                "eba_dim:CPS": "eba_CT:x51",
                                "eba_dim:MCC": "eba_MC:x58",
                                "eba_dim:MCJ": "eba_MC:x1021",
                                "eba_dim:PRP": "eba_PL:x10",
                                "eba_dim:TAN": "eba_MC:x1024",
                                "eba_dim:TRI": "eba_TR:x1",
                                "unit": "$baseCurrency"
                            },
                            "eba:documentation": {
                                "CellCode": "{K 05.00.b, r0060, c0040}",
                                "DataPointVersionId": "475280"
                            }
                        },
                        "dp475285": {
                            "decimals": "$decimalsMonetary",
                            "dimensions": {
                                "concept": "eba_met:mi129",
                                "eba_dim:BAS": "eba_BA:x17",
                                "eba_dim:CPS": "eba_CT:x217",
                                "eba_dim:MCC": "eba_MC:x58",
                                "eba_dim:MCJ": "eba_MC:x306",
                                "eba_dim:PRP": "eba_PL:x10",
                                "eba_dim:TAN": "eba_MC:x1023",
                                "eba_dim:TRI": "eba_TR:x1",
                                "unit": "$baseCurrency"
                            },
                            "eba:documentation": {
                                "CellCode": "{K 05.00.b, r0050, c0070}",
                                "DataPointVersionId": "475285"
                            }
                        },
                        "dp475286": {
                            "decimals": "$decimalsMonetary",
                            "dimensions": {
                                "concept": "eba_met:mi129",
                                "eba_dim:BAS": "eba_BA:x17",
                                "eba_dim:CPS": "eba_CT:x217",
                                "eba_dim:MCC": "eba_MC:x58",
                                "eba_dim:MCJ": "eba_MC:x306",
                                "eba_dim:PRP": "eba_PL:x10",
                                "eba_dim:TAN": "eba_MC:x1024",
                                "eba_dim:TRI": "eba_TR:x1",
                                "unit": "$baseCurrency"
                            },
                            "eba:documentation": {
                                "CellCode": "{K 05.00.b, r0050, c0080}",
                                "DataPointVersionId": "475286"
                            }
                        },
                        "dp475287": {
                            "decimals": "$decimalsMonetary",
                            "dimensions": {
                                "concept": "eba_met:mi129",
                                "eba_dim:BAS": "eba_BA:x17",
                                "eba_dim:CPS": "eba_CT:x217",
                                "eba_dim:MCC": "eba_MC:x58",
                                "eba_dim:MCJ": "eba_MC:x1021",
                                "eba_dim:PRP": "eba_PL:x10",
                                "eba_dim:TAN": "eba_MC:x1023",
                                "eba_dim:TRI": "eba_TR:x1",
                                "unit": "$baseCurrency"
                            },
                            "eba:documentation": {
                                "CellCode": "{K 05.00.b, r0050, c0030}",
                                "DataPointVersionId": "475287"
                            }
                        },
                        "dp475288": {
                            "decimals": "$decimalsMonetary",
                            "dimensions": {
                                "concept": "eba_met:mi129",
                                "eba_dim:BAS": "eba_BA:x17",
                                "eba_dim:CPS": "eba_CT:x217",
                                "eba_dim:MCC": "eba_MC:x58",
                                "eba_dim:MCJ": "eba_MC:x1021",
                                "eba_dim:PRP": "eba_PL:x10",
                                "eba_dim:TAN": "eba_MC:x1024",
                                "eba_dim:TRI": "eba_TR:x1",
                                "unit": "$baseCurrency"
                            },
                            "eba:documentation": {
                                "CellCode": "{K 05.00.b, r0050, c0040}",
                                "DataPointVersionId": "475288"
                            }
                        },
                        "dp475315": {
                            "decimals": "$decimalsMonetary",
                            "dimensions": {
                                "concept": "eba_met:mi129",
                                "eba_dim:BAS": "eba_BA:x17",
                                "eba_dim:MCC": "eba_MC:x130",
                                "eba_dim:MCJ": "eba_MC:x306",
                                "eba_dim:PRP": "eba_PL:x10",
                                "eba_dim:TAN": "eba_MC:x1023",
                                "eba_dim:TRI": "eba_TR:x1",
                                "unit": "$baseCurrency"
                            },
                            "eba:documentation": {
                                "CellCode": "{K 05.00.b, r0070, c0070}",
                                "DataPointVersionId": "475315"
                            }
                        },
                        "dp475316": {
                            "decimals": "$decimalsMonetary",
                            "dimensions": {
                                "concept": "eba_met:mi129",
                                "eba_dim:BAS": "eba_BA:x17",
                                "eba_dim:MCC": "eba_MC:x130",
                                "eba_dim:MCJ": "eba_MC:x306",
                                "eba_dim:PRP": "eba_PL:x10",
                                "eba_dim:TAN": "eba_MC:x1024",
                                "eba_dim:TRI": "eba_TR:x1",
                                "unit": "$baseCurrency"
                            },
                            "eba:documentation": {
                                "CellCode": "{K 05.00.b, r0070, c0080}",
                                "DataPointVersionId": "475316"
                            }
                        },
                        "dp475317": {
                            "decimals": "$decimalsMonetary",
                            "dimensions": {
                                "concept": "eba_met:mi129",
                                "eba_dim:BAS": "eba_BA:x17",
                                "eba_dim:MCC": "eba_MC:x130",
                                "eba_dim:MCJ": "eba_MC:x1021",
                                "eba_dim:PRP": "eba_PL:x10",
                                "eba_dim:TAN": "eba_MC:x1023",
                                "eba_dim:TRI": "eba_TR:x1",
                                "unit": "$baseCurrency"
                            },
                            "eba:documentation": {
                                "CellCode": "{K 05.00.b, r0070, c0030}",
                                "DataPointVersionId": "475317"
                            }
                        },
                        "dp475318": {
                            "decimals": "$decimalsMonetary",
                            "dimensions": {
                                "concept": "eba_met:mi129",
                                "eba_dim:BAS": "eba_BA:x17",
                                "eba_dim:MCC": "eba_MC:x130",
                                "eba_dim:MCJ": "eba_MC:x1021",
                                "eba_dim:PRP": "eba_PL:x10",
                                "eba_dim:TAN": "eba_MC:x1024",
                                "eba_dim:TRI": "eba_TR:x1",
                                "unit": "$baseCurrency"
                            },
                            "eba:documentation": {
                                "CellCode": "{K 05.00.b, r0070, c0040}",
                                "DataPointVersionId": "475318"
                            }
                        },
                        "dp475319": {
                            "decimals": "$decimalsMonetary",
                            "dimensions": {
                                "concept": "eba_met:mi129",
                                "eba_dim:BAS": "eba_BA:x17",
                                "eba_dim:MCC": "eba_MC:x415",
                                "eba_dim:MCJ": "eba_MC:x306",
                                "eba_dim:PRP": "eba_PL:x10",
                                "eba_dim:TAN": "eba_MC:x1023",
                                "eba_dim:TRI": "eba_TR:x1",
                                "unit": "$baseCurrency"
                            },
                            "eba:documentation": {
                                "CellCode": "{K 05.00.b, r0090, c0070}",
                                "DataPointVersionId": "475319"
                            }
                        },
                        "dp475320": {
                            "decimals": "$decimalsMonetary",
                            "dimensions": {
                                "concept": "eba_met:mi129",
                                "eba_dim:BAS": "eba_BA:x17",
                                "eba_dim:MCC": "eba_MC:x415",
                                "eba_dim:MCJ": "eba_MC:x306",
                                "eba_dim:PRP": "eba_PL:x10",
                                "eba_dim:TAN": "eba_MC:x1024",
                                "eba_dim:TRI": "eba_TR:x1",
                                "unit": "$baseCurrency"
                            },
                            "eba:documentation": {
                                "CellCode": "{K 05.00.b, r0090, c0080}",
                                "DataPointVersionId": "475320"
                            }
                        },
                        "dp475321": {
                            "decimals": "$decimalsMonetary",
                            "dimensions": {
                                "concept": "eba_met:mi129",
                                "eba_dim:BAS": "eba_BA:x17",
                                "eba_dim:MCC": "eba_MC:x415",
                                "eba_dim:MCJ": "eba_MC:x1021",
                                "eba_dim:PRP": "eba_PL:x10",
                                "eba_dim:TAN": "eba_MC:x1023",
                                "eba_dim:TRI": "eba_TR:x1",
                                "unit": "$baseCurrency"
                            },
                            "eba:documentation": {
                                "CellCode": "{K 05.00.b, r0090, c0030}",
                                "DataPointVersionId": "475321"
                            }
                        },
                        "dp475322": {
                            "decimals": "$decimalsMonetary",
                            "dimensions": {
                                "concept": "eba_met:mi129",
                                "eba_dim:BAS": "eba_BA:x17",
                                "eba_dim:MCC": "eba_MC:x415",
                                "eba_dim:MCJ": "eba_MC:x1021",
                                "eba_dim:PRP": "eba_PL:x10",
                                "eba_dim:TAN": "eba_MC:x1024",
                                "eba_dim:TRI": "eba_TR:x1",
                                "unit": "$baseCurrency"
                            },
                            "eba:documentation": {
                                "CellCode": "{K 05.00.b, r0090, c0040}",
                                "DataPointVersionId": "475322"
                            }
                        },
                        "dp475323": {
                            "decimals": "$decimalsMonetary",
                            "dimensions": {
                                "concept": "eba_met:mi129",
                                "eba_dim:BAS": "eba_BA:x17",
                                "eba_dim:MCC": "eba_MC:x1022",
                                "eba_dim:MCJ": "eba_MC:x306",
                                "eba_dim:PRP": "eba_PL:x10",
                                "eba_dim:TAN": "eba_MC:x1023",
                                "eba_dim:TRI": "eba_TR:x1",
                                "unit": "$baseCurrency"
                            },
                            "eba:documentation": {
                                "CellCode": "{K 05.00.b, r0080, c0070}",
                                "DataPointVersionId": "475323"
                            }
                        },
                        "dp475324": {
                            "decimals": "$decimalsMonetary",
                            "dimensions": {
                                "concept": "eba_met:mi129",
                                "eba_dim:BAS": "eba_BA:x17",
                                "eba_dim:MCC": "eba_MC:x1022",
                                "eba_dim:MCJ": "eba_MC:x306",
                                "eba_dim:PRP": "eba_PL:x10",
                                "eba_dim:TAN": "eba_MC:x1024",
                                "eba_dim:TRI": "eba_TR:x1",
                                "unit": "$baseCurrency"
                            },
                            "eba:documentation": {
                                "CellCode": "{K 05.00.b, r0080, c0080}",
                                "DataPointVersionId": "475324"
                            }
                        },
                        "dp475325": {
                            "decimals": "$decimalsMonetary",
                            "dimensions": {
                                "concept": "eba_met:mi129",
                                "eba_dim:BAS": "eba_BA:x17",
                                "eba_dim:MCC": "eba_MC:x1022",
                                "eba_dim:MCJ": "eba_MC:x1021",
                                "eba_dim:PRP": "eba_PL:x10",
                                "eba_dim:TAN": "eba_MC:x1023",
                                "eba_dim:TRI": "eba_TR:x1",
                                "unit": "$baseCurrency"
                            },
                            "eba:documentation": {
                                "CellCode": "{K 05.00.b, r0080, c0030}",
                                "DataPointVersionId": "475325"
                            }
                        },
                        "dp475326": {
                            "decimals": "$decimalsMonetary",
                            "dimensions": {
                                "concept": "eba_met:mi129",
                                "eba_dim:BAS": "eba_BA:x17",
                                "eba_dim:MCC": "eba_MC:x1022",
                                "eba_dim:MCJ": "eba_MC:x1021",
                                "eba_dim:PRP": "eba_PL:x10",
                                "eba_dim:TAN": "eba_MC:x1024",
                                "eba_dim:TRI": "eba_TR:x1",
                                "unit": "$baseCurrency"
                            },
                            "eba:documentation": {
                                "CellCode": "{K 05.00.b, r0080, c0040}",
                                "DataPointVersionId": "475326"
                            }
                        }
                    }
                },
                "factValue": {
                    "dimensions": {},
                    "propertiesFrom": [
                        "datapoint"
                    ]
                }
            }
        }
    }
}