﻿<?xml version="1.0" encoding="utf-8"?>
<?taxonomy-version 1.0.0.0 ?>  <?taxonomy-set-overall-version 3.3.0.0 ?>
<!--(C) EBA-->
<link:linkbase xmlns:xsi="http://www.w3.org/2001/XMLSchema-instance" xmlns:xlink="http://www.w3.org/1999/xlink" xmlns:link="http://www.xbrl.org/2003/linkbase" xmlns:gen="http://xbrl.org/2008/generic" xmlns:label="http://xbrl.org/2008/label" xmlns:formula="http://xbrl.org/2008/formula" xmlns:df="http://xbrl.org/2008/filter/dimension" xmlns:table="http://xbrl.org/2014/table" xmlns:model="http://www.eurofiling.info/xbrl/ext/model" xmlns:eba_dim="http://www.eba.europa.eu/xbrl/crr/dict/dim" xmlns:eba_BA="http://www.eba.europa.eu/xbrl/crr/dict/dom/BA" xmlns:eba_TR="http://www.eba.europa.eu/xbrl/crr/dict/dom/TR" xmlns:eba_PL="http://www.eba.europa.eu/xbrl/crr/dict/dom/PL" xmlns:eba_MC="http://www.eba.europa.eu/xbrl/crr/dict/dom/MC" xmlns:eba_met="http://www.eba.europa.eu/xbrl/crr/dict/met" xmlns:eba_BT="http://www.eba.europa.eu/xbrl/crr/dict/dom/BT" xmlns:eba_CT="http://www.eba.europa.eu/xbrl/crr/dict/dom/CT" xsi:schemaLocation="http://www.xbrl.org/2003/linkbase http://www.xbrl.org/2003/xbrl-linkbase-2003-12-31.xsd http://xbrl.org/2008/generic http://www.xbrl.org/2008/generic-link.xsd http://xbrl.org/2008/label http://www.xbrl.org/2008/generic-label.xsd http://xbrl.org/2008/formula http://www.xbrl.org/2008/formula.xsd http://xbrl.org/2008/filter/dimension http://www.xbrl.org/2008/dimension-filter.xsd http://xbrl.org/2014/table http://www.xbrl.org/2014/table.xsd http://www.eurofiling.info/xbrl/ext/model http://www.eurofiling.info/eu/fr/xbrl/ext/model.xsd">
  <link:arcroleRef arcroleURI="http://xbrl.org/arcrole/2014/breakdown-tree" xlink:type="simple" xlink:href="http://www.xbrl.org/2014/table.xsd#breakdown-tree" />
  <link:arcroleRef arcroleURI="http://xbrl.org/arcrole/2014/definition-node-subtree" xlink:type="simple" xlink:href="http://www.xbrl.org/2014/table.xsd#definition-node-subtree" />
  <link:arcroleRef arcroleURI="http://xbrl.org/arcrole/2014/table-breakdown" xlink:type="simple" xlink:href="http://www.xbrl.org/2014/table.xsd#table-breakdown" />
  <link:roleRef roleURI="http://www.eba.europa.eu/xbrl/crr/role/fws/PILLAR3/its-2021-637/2023-05-30/tab/K_05.00.b" xlink:type="simple" xlink:href="k_05.00.b.xsd#role" />
  <gen:link xlink:type="extended" xlink:role="http://www.eba.europa.eu/xbrl/crr/role/fws/PILLAR3/its-2021-637/2023-05-30/tab/K_05.00.b">
    <table:table xlink:type="resource" xlink:label="eba_tK_05.00.b" id="eba_tK_05.00.b" />
    <table:breakdown xlink:type="resource" xlink:label="eba_a1" parentChildOrder="parent-first" id="eba_a1" />
    <table:ruleNode xlink:type="resource" xlink:label="eba_a1.root" abstract="true" merge="true" id="eba_a1.root">
      <formula:explicitDimension dimension="eba_dim:BAS">
        <formula:member>
          <formula:qname>eba_BA:x17</formula:qname>
        </formula:member>
      </formula:explicitDimension>
      <formula:explicitDimension dimension="eba_dim:TRI">
        <formula:member>
          <formula:qname>eba_TR:x1</formula:qname>
        </formula:member>
      </formula:explicitDimension>
      <formula:explicitDimension dimension="eba_dim:PRP">
        <formula:member>
          <formula:qname>eba_PL:x10</formula:qname>
        </formula:member>
      </formula:explicitDimension>
    </table:ruleNode>
    <table:breakdownTreeArc xlink:type="arc" xlink:arcrole="http://xbrl.org/arcrole/2014/breakdown-tree" xlink:from="eba_a1" xlink:to="eba_a1.root" order="0" />
    <table:ruleNode xlink:type="resource" xlink:label="eba_c87008" abstract="true" id="eba_c87008">
      <formula:explicitDimension dimension="eba_dim:MCJ">
        <formula:member>
          <formula:qname>eba_MC:x1021</formula:qname>
        </formula:member>
      </formula:explicitDimension>
    </table:ruleNode>
    <table:ruleNode xlink:type="resource" xlink:label="eba_c87009" abstract="true" id="eba_c87009" />
    <table:ruleNode xlink:type="resource" xlink:label="eba_c87010" id="eba_c87010">
      <formula:concept>
        <formula:qname>eba_met:mi129</formula:qname>
      </formula:concept>
      <formula:explicitDimension dimension="eba_dim:TAN">
        <formula:member>
          <formula:qname>eba_MC:x1023</formula:qname>
        </formula:member>
      </formula:explicitDimension>
    </table:ruleNode>
    <table:definitionNodeSubtreeArc xlink:type="arc" xlink:arcrole="http://xbrl.org/arcrole/2014/definition-node-subtree" xlink:from="eba_c87009" xlink:to="eba_c87010" order="1" />
    <table:ruleNode xlink:type="resource" xlink:label="eba_c87013" id="eba_c87013">
      <formula:concept>
        <formula:qname>eba_met:mi129</formula:qname>
      </formula:concept>
      <formula:explicitDimension dimension="eba_dim:TAN">
        <formula:member>
          <formula:qname>eba_MC:x1024</formula:qname>
        </formula:member>
      </formula:explicitDimension>
    </table:ruleNode>
    <table:definitionNodeSubtreeArc xlink:type="arc" xlink:arcrole="http://xbrl.org/arcrole/2014/definition-node-subtree" xlink:from="eba_c87009" xlink:to="eba_c87013" order="2" />
    <table:definitionNodeSubtreeArc xlink:type="arc" xlink:arcrole="http://xbrl.org/arcrole/2014/definition-node-subtree" xlink:from="eba_c87008" xlink:to="eba_c87009" order="1" />
    <table:definitionNodeSubtreeArc xlink:type="arc" xlink:arcrole="http://xbrl.org/arcrole/2014/definition-node-subtree" xlink:from="eba_a1.root" xlink:to="eba_c87008" order="1" />
    <table:ruleNode xlink:type="resource" xlink:label="eba_c87016" abstract="true" id="eba_c87016">
      <formula:explicitDimension dimension="eba_dim:MCJ">
        <formula:member>
          <formula:qname>eba_MC:x306</formula:qname>
        </formula:member>
      </formula:explicitDimension>
    </table:ruleNode>
    <table:ruleNode xlink:type="resource" xlink:label="eba_c87017" abstract="true" id="eba_c87017" />
    <table:ruleNode xlink:type="resource" xlink:label="eba_c87018" id="eba_c87018">
      <formula:concept>
        <formula:qname>eba_met:mi129</formula:qname>
      </formula:concept>
      <formula:explicitDimension dimension="eba_dim:TAN">
        <formula:member>
          <formula:qname>eba_MC:x1023</formula:qname>
        </formula:member>
      </formula:explicitDimension>
    </table:ruleNode>
    <table:definitionNodeSubtreeArc xlink:type="arc" xlink:arcrole="http://xbrl.org/arcrole/2014/definition-node-subtree" xlink:from="eba_c87017" xlink:to="eba_c87018" order="1" />
    <table:ruleNode xlink:type="resource" xlink:label="eba_c87021" id="eba_c87021">
      <formula:concept>
        <formula:qname>eba_met:mi129</formula:qname>
      </formula:concept>
      <formula:explicitDimension dimension="eba_dim:TAN">
        <formula:member>
          <formula:qname>eba_MC:x1024</formula:qname>
        </formula:member>
      </formula:explicitDimension>
    </table:ruleNode>
    <table:definitionNodeSubtreeArc xlink:type="arc" xlink:arcrole="http://xbrl.org/arcrole/2014/definition-node-subtree" xlink:from="eba_c87017" xlink:to="eba_c87021" order="2" />
    <table:definitionNodeSubtreeArc xlink:type="arc" xlink:arcrole="http://xbrl.org/arcrole/2014/definition-node-subtree" xlink:from="eba_c87016" xlink:to="eba_c87017" order="1" />
    <table:definitionNodeSubtreeArc xlink:type="arc" xlink:arcrole="http://xbrl.org/arcrole/2014/definition-node-subtree" xlink:from="eba_a1.root" xlink:to="eba_c87016" order="2" />
    <table:tableBreakdownArc xlink:type="arc" xlink:arcrole="http://xbrl.org/arcrole/2014/table-breakdown" xlink:from="eba_tK_05.00.b" xlink:to="eba_a1" axis="x" order="1" />
    <table:breakdown xlink:type="resource" xlink:label="eba_a2" parentChildOrder="parent-first" id="eba_a2" />
    <table:ruleNode xlink:type="resource" xlink:label="eba_a2.root" abstract="true" merge="true" id="eba_a2.root">
      <formula:explicitDimension dimension="eba_dim:MCC">
        <formula:member>
          <formula:qname>eba_MC:x415</formula:qname>
        </formula:member>
      </formula:explicitDimension>
    </table:ruleNode>
    <table:breakdownTreeArc xlink:type="arc" xlink:arcrole="http://xbrl.org/arcrole/2014/breakdown-tree" xlink:from="eba_a2" xlink:to="eba_a2.root" order="0" />
    <table:ruleNode xlink:type="resource" xlink:label="eba_c87033" parentChildOrder="children-first" id="eba_c87033" />
    <table:ruleNode xlink:type="resource" xlink:label="eba_c87025" parentChildOrder="parent-first" id="eba_c87025">
      <formula:explicitDimension dimension="eba_dim:MCC">
        <formula:member>
          <formula:qname>eba_MC:x44</formula:qname>
        </formula:member>
      </formula:explicitDimension>
      <formula:explicitDimension dimension="eba_dim:CDN">
        <formula:member>
          <formula:qname>eba_BT:x6</formula:qname>
        </formula:member>
      </formula:explicitDimension>
    </table:ruleNode>
    <table:definitionNodeSubtreeArc xlink:type="arc" xlink:arcrole="http://xbrl.org/arcrole/2014/definition-node-subtree" xlink:from="eba_c87033" xlink:to="eba_c87025" order="1" />
    <table:ruleNode xlink:type="resource" xlink:label="eba_c87026" parentChildOrder="parent-first" id="eba_c87026">
      <formula:explicitDimension dimension="eba_dim:MCC">
        <formula:member>
          <formula:qname>eba_MC:x44</formula:qname>
        </formula:member>
      </formula:explicitDimension>
      <formula:explicitDimension dimension="eba_dim:CDN">
        <formula:member>
          <formula:qname>eba_BT:x7</formula:qname>
        </formula:member>
      </formula:explicitDimension>
    </table:ruleNode>
    <table:definitionNodeSubtreeArc xlink:type="arc" xlink:arcrole="http://xbrl.org/arcrole/2014/definition-node-subtree" xlink:from="eba_c87033" xlink:to="eba_c87026" order="2" />
    <table:ruleNode xlink:type="resource" xlink:label="eba_c87027" parentChildOrder="parent-first" id="eba_c87027">
      <formula:explicitDimension dimension="eba_dim:MCC">
        <formula:member>
          <formula:qname>eba_MC:x58</formula:qname>
        </formula:member>
      </formula:explicitDimension>
      <formula:explicitDimension dimension="eba_dim:CPS">
        <formula:member>
          <formula:qname>eba_CT:x216</formula:qname>
        </formula:member>
      </formula:explicitDimension>
      <formula:explicitDimension dimension="eba_dim:CDN">
        <formula:member>
          <formula:qname>eba_BT:x6</formula:qname>
        </formula:member>
      </formula:explicitDimension>
    </table:ruleNode>
    <table:definitionNodeSubtreeArc xlink:type="arc" xlink:arcrole="http://xbrl.org/arcrole/2014/definition-node-subtree" xlink:from="eba_c87033" xlink:to="eba_c87027" order="3" />
    <table:ruleNode xlink:type="resource" xlink:label="eba_c87028" parentChildOrder="parent-first" id="eba_c87028">
      <formula:explicitDimension dimension="eba_dim:MCC">
        <formula:member>
          <formula:qname>eba_MC:x58</formula:qname>
        </formula:member>
      </formula:explicitDimension>
      <formula:explicitDimension dimension="eba_dim:CPS">
        <formula:member>
          <formula:qname>eba_CT:x216</formula:qname>
        </formula:member>
      </formula:explicitDimension>
      <formula:explicitDimension dimension="eba_dim:CDN">
        <formula:member>
          <formula:qname>eba_BT:x7</formula:qname>
        </formula:member>
      </formula:explicitDimension>
    </table:ruleNode>
    <table:definitionNodeSubtreeArc xlink:type="arc" xlink:arcrole="http://xbrl.org/arcrole/2014/definition-node-subtree" xlink:from="eba_c87033" xlink:to="eba_c87028" order="4" />
    <table:ruleNode xlink:type="resource" xlink:label="eba_c87029" parentChildOrder="parent-first" id="eba_c87029">
      <formula:explicitDimension dimension="eba_dim:MCC">
        <formula:member>
          <formula:qname>eba_MC:x58</formula:qname>
        </formula:member>
      </formula:explicitDimension>
      <formula:explicitDimension dimension="eba_dim:CPS">
        <formula:member>
          <formula:qname>eba_CT:x217</formula:qname>
        </formula:member>
      </formula:explicitDimension>
    </table:ruleNode>
    <table:definitionNodeSubtreeArc xlink:type="arc" xlink:arcrole="http://xbrl.org/arcrole/2014/definition-node-subtree" xlink:from="eba_c87033" xlink:to="eba_c87029" order="5" />
    <table:ruleNode xlink:type="resource" xlink:label="eba_c87030" parentChildOrder="parent-first" id="eba_c87030">
      <formula:explicitDimension dimension="eba_dim:MCC">
        <formula:member>
          <formula:qname>eba_MC:x58</formula:qname>
        </formula:member>
      </formula:explicitDimension>
      <formula:explicitDimension dimension="eba_dim:CPS">
        <formula:member>
          <formula:qname>eba_CT:x51</formula:qname>
        </formula:member>
      </formula:explicitDimension>
    </table:ruleNode>
    <table:definitionNodeSubtreeArc xlink:type="arc" xlink:arcrole="http://xbrl.org/arcrole/2014/definition-node-subtree" xlink:from="eba_c87033" xlink:to="eba_c87030" order="6" />
    <table:ruleNode xlink:type="resource" xlink:label="eba_c87031" parentChildOrder="parent-first" id="eba_c87031">
      <formula:explicitDimension dimension="eba_dim:MCC">
        <formula:member>
          <formula:qname>eba_MC:x130</formula:qname>
        </formula:member>
      </formula:explicitDimension>
    </table:ruleNode>
    <table:definitionNodeSubtreeArc xlink:type="arc" xlink:arcrole="http://xbrl.org/arcrole/2014/definition-node-subtree" xlink:from="eba_c87033" xlink:to="eba_c87031" order="7" />
    <table:ruleNode xlink:type="resource" xlink:label="eba_c87032" parentChildOrder="parent-first" id="eba_c87032">
      <formula:explicitDimension dimension="eba_dim:MCC">
        <formula:member>
          <formula:qname>eba_MC:x1022</formula:qname>
        </formula:member>
      </formula:explicitDimension>
    </table:ruleNode>
    <table:definitionNodeSubtreeArc xlink:type="arc" xlink:arcrole="http://xbrl.org/arcrole/2014/definition-node-subtree" xlink:from="eba_c87033" xlink:to="eba_c87032" order="8" />
    <table:definitionNodeSubtreeArc xlink:type="arc" xlink:arcrole="http://xbrl.org/arcrole/2014/definition-node-subtree" xlink:from="eba_a2.root" xlink:to="eba_c87033" order="1" />
    <table:tableBreakdownArc xlink:type="arc" xlink:arcrole="http://xbrl.org/arcrole/2014/table-breakdown" xlink:from="eba_tK_05.00.b" xlink:to="eba_a2" axis="y" order="2" />
  </gen:link>
</link:linkbase>