﻿<?xml version="1.0" encoding="utf-8"?>
<?taxonomy-version 1.0.0.0 ?>  <?taxonomy-set-overall-version 3.3.0.0 ?>
<!--(C) EBA-->
<link:linkbase xmlns:xsi="http://www.w3.org/2001/XMLSchema-instance" xmlns:xlink="http://www.w3.org/1999/xlink" xmlns:link="http://www.xbrl.org/2003/linkbase" xmlns:gen="http://xbrl.org/2008/generic" xmlns:label="http://xbrl.org/2008/label" xsi:schemaLocation="http://www.xbrl.org/2003/linkbase http://www.xbrl.org/2003/xbrl-linkbase-2003-12-31.xsd http://xbrl.org/2008/generic http://www.xbrl.org/2008/generic-link.xsd http://xbrl.org/2008/label http://www.xbrl.org/2008/generic-label.xsd">
  <link:arcroleRef arcroleURI="http://xbrl.org/arcrole/2008/element-label" xlink:type="simple" xlink:href="http://www.xbrl.org/2008/generic-label.xsd#element-label" />
  <link:roleRef roleURI="http://www.xbrl.org/2008/role/label" xlink:type="simple" xlink:href="http://www.xbrl.org/2008/generic-label.xsd#standard-label" />
  <link:roleRef roleURI="http://www.xbrl.org/2008/role/verboseLabel" xlink:type="simple" xlink:href="http://www.xbrl.org/2008/generic-label.xsd#verbose-label" />
  <gen:link xlink:type="extended" xlink:role="http://www.xbrl.org/2003/role/link">
    <link:loc xlink:type="locator" xlink:href="k_05.00.b-rend.xml#eba_tK_05.00.b" xlink:label="loc_eba_tK_05.00.b" />
    <label:label xlink:type="resource" xlink:label="label_eba_tK_05.00.b" xml:lang="en" xlink:role="http://www.xbrl.org/2008/role/label">K 05.00.b</label:label>
    <gen:arc xlink:type="arc" xlink:arcrole="http://xbrl.org/arcrole/2008/element-label" xlink:from="loc_eba_tK_05.00.b" xlink:to="label_eba_tK_05.00.b" />
    <label:label xlink:type="resource" xlink:label="label_eba_tK_05.00.b_1" xml:lang="en" xlink:role="http://www.xbrl.org/2008/role/verboseLabel">K 05.00.b EU CCR5 – Composition of collateral for CCR exposures (II)</label:label>
    <gen:arc xlink:type="arc" xlink:arcrole="http://xbrl.org/arcrole/2008/element-label" xlink:from="loc_eba_tK_05.00.b" xlink:to="label_eba_tK_05.00.b_1" />
    <link:loc xlink:type="locator" xlink:href="k_05.00.b-rend.xml#eba_a1" xlink:label="loc_eba_a1" />
    <label:label xlink:type="resource" xlink:label="label_eba_a1" xml:lang="en" xlink:role="http://www.xbrl.org/2008/role/label">Columns</label:label>
    <gen:arc xlink:type="arc" xlink:arcrole="http://xbrl.org/arcrole/2008/element-label" xlink:from="loc_eba_a1" xlink:to="label_eba_a1" />
    <link:loc xlink:type="locator" xlink:href="k_05.00.b-rend.xml#eba_c87008" xlink:label="loc_eba_c87008" />
    <label:label xlink:type="resource" xlink:label="label_eba_c87008" xml:lang="en" xlink:role="http://www.xbrl.org/2008/role/label">Collateral used in derivative transactions</label:label>
    <gen:arc xlink:type="arc" xlink:arcrole="http://xbrl.org/arcrole/2008/element-label" xlink:from="loc_eba_c87008" xlink:to="label_eba_c87008" />
    <link:loc xlink:type="locator" xlink:href="k_05.00.b-rend.xml#eba_c87009" xlink:label="loc_eba_c87009" />
    <label:label xlink:type="resource" xlink:label="label_eba_c87009" xml:lang="en" xlink:role="http://www.xbrl.org/2008/role/label">Fair value of posted collateral</label:label>
    <gen:arc xlink:type="arc" xlink:arcrole="http://xbrl.org/arcrole/2008/element-label" xlink:from="loc_eba_c87009" xlink:to="label_eba_c87009" />
    <link:loc xlink:type="locator" xlink:href="k_05.00.b-rend.xml#eba_c87010" xlink:label="loc_eba_c87010" />
    <label:label xlink:type="resource" xlink:label="label_eba_c87010" xml:lang="en" xlink:role="http://www.xbrl.org/2008/role/label">c. Segregated</label:label>
    <gen:arc xlink:type="arc" xlink:arcrole="http://xbrl.org/arcrole/2008/element-label" xlink:from="loc_eba_c87010" xlink:to="label_eba_c87010" />
    <link:loc xlink:type="locator" xlink:href="k_05.00.b-rend.xml#eba_c87013" xlink:label="loc_eba_c87013" />
    <label:label xlink:type="resource" xlink:label="label_eba_c87013" xml:lang="en" xlink:role="http://www.xbrl.org/2008/role/label">d. Unsegregated</label:label>
    <gen:arc xlink:type="arc" xlink:arcrole="http://xbrl.org/arcrole/2008/element-label" xlink:from="loc_eba_c87013" xlink:to="label_eba_c87013" />
    <link:loc xlink:type="locator" xlink:href="k_05.00.b-rend.xml#eba_c87016" xlink:label="loc_eba_c87016" />
    <label:label xlink:type="resource" xlink:label="label_eba_c87016" xml:lang="en" xlink:role="http://www.xbrl.org/2008/role/label">Collateral used in SFTs</label:label>
    <gen:arc xlink:type="arc" xlink:arcrole="http://xbrl.org/arcrole/2008/element-label" xlink:from="loc_eba_c87016" xlink:to="label_eba_c87016" />
    <link:loc xlink:type="locator" xlink:href="k_05.00.b-rend.xml#eba_c87017" xlink:label="loc_eba_c87017" />
    <label:label xlink:type="resource" xlink:label="label_eba_c87017" xml:lang="en" xlink:role="http://www.xbrl.org/2008/role/label">Fair value of posted collateral</label:label>
    <gen:arc xlink:type="arc" xlink:arcrole="http://xbrl.org/arcrole/2008/element-label" xlink:from="loc_eba_c87017" xlink:to="label_eba_c87017" />
    <link:loc xlink:type="locator" xlink:href="k_05.00.b-rend.xml#eba_c87018" xlink:label="loc_eba_c87018" />
    <label:label xlink:type="resource" xlink:label="label_eba_c87018" xml:lang="en" xlink:role="http://www.xbrl.org/2008/role/label">g. Segregated</label:label>
    <gen:arc xlink:type="arc" xlink:arcrole="http://xbrl.org/arcrole/2008/element-label" xlink:from="loc_eba_c87018" xlink:to="label_eba_c87018" />
    <link:loc xlink:type="locator" xlink:href="k_05.00.b-rend.xml#eba_c87021" xlink:label="loc_eba_c87021" />
    <label:label xlink:type="resource" xlink:label="label_eba_c87021" xml:lang="en" xlink:role="http://www.xbrl.org/2008/role/label">h. Unsegregated</label:label>
    <gen:arc xlink:type="arc" xlink:arcrole="http://xbrl.org/arcrole/2008/element-label" xlink:from="loc_eba_c87021" xlink:to="label_eba_c87021" />
    <link:loc xlink:type="locator" xlink:href="k_05.00.b-rend.xml#eba_a2" xlink:label="loc_eba_a2" />
    <label:label xlink:type="resource" xlink:label="label_eba_a2" xml:lang="en" xlink:role="http://www.xbrl.org/2008/role/label">Rows</label:label>
    <gen:arc xlink:type="arc" xlink:arcrole="http://xbrl.org/arcrole/2008/element-label" xlink:from="loc_eba_a2" xlink:to="label_eba_a2" />
    <link:loc xlink:type="locator" xlink:href="k_05.00.b-rend.xml#eba_c87033" xlink:label="loc_eba_c87033" />
    <label:label xlink:type="resource" xlink:label="label_eba_c87033" xml:lang="en" xlink:role="http://www.xbrl.org/2008/role/label">9. Total</label:label>
    <gen:arc xlink:type="arc" xlink:arcrole="http://xbrl.org/arcrole/2008/element-label" xlink:from="loc_eba_c87033" xlink:to="label_eba_c87033" />
    <link:loc xlink:type="locator" xlink:href="k_05.00.b-rend.xml#eba_c87025" xlink:label="loc_eba_c87025" />
    <label:label xlink:type="resource" xlink:label="label_eba_c87025" xml:lang="en" xlink:role="http://www.xbrl.org/2008/role/label">1. Cash – domestic currency</label:label>
    <gen:arc xlink:type="arc" xlink:arcrole="http://xbrl.org/arcrole/2008/element-label" xlink:from="loc_eba_c87025" xlink:to="label_eba_c87025" />
    <link:loc xlink:type="locator" xlink:href="k_05.00.b-rend.xml#eba_c87026" xlink:label="loc_eba_c87026" />
    <label:label xlink:type="resource" xlink:label="label_eba_c87026" xml:lang="en" xlink:role="http://www.xbrl.org/2008/role/label">2. Cash – other currencies</label:label>
    <gen:arc xlink:type="arc" xlink:arcrole="http://xbrl.org/arcrole/2008/element-label" xlink:from="loc_eba_c87026" xlink:to="label_eba_c87026" />
    <link:loc xlink:type="locator" xlink:href="k_05.00.b-rend.xml#eba_c87027" xlink:label="loc_eba_c87027" />
    <label:label xlink:type="resource" xlink:label="label_eba_c87027" xml:lang="en" xlink:role="http://www.xbrl.org/2008/role/label">3. Domestic sovereign debt</label:label>
    <gen:arc xlink:type="arc" xlink:arcrole="http://xbrl.org/arcrole/2008/element-label" xlink:from="loc_eba_c87027" xlink:to="label_eba_c87027" />
    <link:loc xlink:type="locator" xlink:href="k_05.00.b-rend.xml#eba_c87028" xlink:label="loc_eba_c87028" />
    <label:label xlink:type="resource" xlink:label="label_eba_c87028" xml:lang="en" xlink:role="http://www.xbrl.org/2008/role/label">4. Other sovereign debt</label:label>
    <gen:arc xlink:type="arc" xlink:arcrole="http://xbrl.org/arcrole/2008/element-label" xlink:from="loc_eba_c87028" xlink:to="label_eba_c87028" />
    <link:loc xlink:type="locator" xlink:href="k_05.00.b-rend.xml#eba_c87029" xlink:label="loc_eba_c87029" />
    <label:label xlink:type="resource" xlink:label="label_eba_c87029" xml:lang="en" xlink:role="http://www.xbrl.org/2008/role/label">5. Government agency debt</label:label>
    <gen:arc xlink:type="arc" xlink:arcrole="http://xbrl.org/arcrole/2008/element-label" xlink:from="loc_eba_c87029" xlink:to="label_eba_c87029" />
    <link:loc xlink:type="locator" xlink:href="k_05.00.b-rend.xml#eba_c87030" xlink:label="loc_eba_c87030" />
    <label:label xlink:type="resource" xlink:label="label_eba_c87030" xml:lang="en" xlink:role="http://www.xbrl.org/2008/role/label">6. Corporate bonds</label:label>
    <gen:arc xlink:type="arc" xlink:arcrole="http://xbrl.org/arcrole/2008/element-label" xlink:from="loc_eba_c87030" xlink:to="label_eba_c87030" />
    <link:loc xlink:type="locator" xlink:href="k_05.00.b-rend.xml#eba_c87031" xlink:label="loc_eba_c87031" />
    <label:label xlink:type="resource" xlink:label="label_eba_c87031" xml:lang="en" xlink:role="http://www.xbrl.org/2008/role/label">7. Equity securities</label:label>
    <gen:arc xlink:type="arc" xlink:arcrole="http://xbrl.org/arcrole/2008/element-label" xlink:from="loc_eba_c87031" xlink:to="label_eba_c87031" />
    <link:loc xlink:type="locator" xlink:href="k_05.00.b-rend.xml#eba_c87032" xlink:label="loc_eba_c87032" />
    <label:label xlink:type="resource" xlink:label="label_eba_c87032" xml:lang="en" xlink:role="http://www.xbrl.org/2008/role/label">8. Other collateral</label:label>
    <gen:arc xlink:type="arc" xlink:arcrole="http://xbrl.org/arcrole/2008/element-label" xlink:from="loc_eba_c87032" xlink:to="label_eba_c87032" />
  </gen:link>
</link:linkbase>