{
    "documentInfo": {
        "documentType": "https://xbrl.org/CR/2021-02-03/xbrl-csv",
        "namespaces": {
            "eba": "http://www.eba.europa.eu",
            "eba_BA": "http://www.eba.europa.eu/xbrl/crr/dict/dom/BA",
            "eba_BT": "http://www.eba.europa.eu/xbrl/crr/dict/dom/BT",
            "eba_CT": "http://www.eba.europa.eu/xbrl/crr/dict/dom/CT",
            "eba_MC": "http://www.eba.europa.eu/xbrl/crr/dict/dom/MC",
            "eba_PL": "http://www.eba.europa.eu/xbrl/crr/dict/dom/PL",
            "eba_TR": "http://www.eba.europa.eu/xbrl/crr/dict/dom/TR",
            "eba_dim": "http://www.eba.europa.eu/xbrl/crr/dict/dim",
            "eba_met": "http://www.eba.europa.eu/xbrl/crr/dict/met"
        }
    },
    "tableTemplates": {
        "K_05-00-a": {
            "columns": {
                "datapoint": {
                    "propertyGroups": {
                        "dp475243": {
                            "decimals": "$decimalsMonetary",
                            "dimensions": {
                                "concept": "eba_met:mi129",
                                "eba_dim:BAS": "eba_BA:x17",
                                "eba_dim:CDN": "eba_BT:x6",
                                "eba_dim:CPS": "eba_CT:x216",
                                "eba_dim:MCG": "eba_MC:x58",
                                "eba_dim:MCJ": "eba_MC:x306",
                                "eba_dim:PRP": "eba_PL:x10",
                                "eba_dim:TAN": "eba_MC:x1023",
                                "eba_dim:TRI": "eba_TR:x1",
                                "unit": "$baseCurrency"
                            },
                            "eba:documentation": {
                                "CellCode": "{K 05.00.a, r0030, c0050}",
                                "DataPointVersionId": "475243"
                            }
                        },
                        "dp475244": {
                            "decimals": "$decimalsMonetary",
                            "dimensions": {
                                "concept": "eba_met:mi129",
                                "eba_dim:BAS": "eba_BA:x17",
                                "eba_dim:CDN": "eba_BT:x6",
                                "eba_dim:CPS": "eba_CT:x216",
                                "eba_dim:MCG": "eba_MC:x58",
                                "eba_dim:MCJ": "eba_MC:x306",
                                "eba_dim:PRP": "eba_PL:x10",
                                "eba_dim:TAN": "eba_MC:x1024",
                                "eba_dim:TRI": "eba_TR:x1",
                                "unit": "$baseCurrency"
                            },
                            "eba:documentation": {
                                "CellCode": "{K 05.00.a, r0030, c0060}",
                                "DataPointVersionId": "475244"
                            }
                        },
                        "dp475245": {
                            "decimals": "$decimalsMonetary",
                            "dimensions": {
                                "concept": "eba_met:mi129",
                                "eba_dim:BAS": "eba_BA:x17",
                                "eba_dim:CDN": "eba_BT:x6",
                                "eba_dim:CPS": "eba_CT:x216",
                                "eba_dim:MCG": "eba_MC:x58",
                                "eba_dim:MCJ": "eba_MC:x1021",
                                "eba_dim:PRP": "eba_PL:x10",
                                "eba_dim:TAN": "eba_MC:x1023",
                                "eba_dim:TRI": "eba_TR:x1",
                                "unit": "$baseCurrency"
                            },
                            "eba:documentation": {
                                "CellCode": "{K 05.00.a, r0030, c0010}",
                                "DataPointVersionId": "475245"
                            }
                        },
                        "dp475246": {
                            "decimals": "$decimalsMonetary",
                            "dimensions": {
                                "concept": "eba_met:mi129",
                                "eba_dim:BAS": "eba_BA:x17",
                                "eba_dim:CDN": "eba_BT:x6",
                                "eba_dim:CPS": "eba_CT:x216",
                                "eba_dim:MCG": "eba_MC:x58",
                                "eba_dim:MCJ": "eba_MC:x1021",
                                "eba_dim:PRP": "eba_PL:x10",
                                "eba_dim:TAN": "eba_MC:x1024",
                                "eba_dim:TRI": "eba_TR:x1",
                                "unit": "$baseCurrency"
                            },
                            "eba:documentation": {
                                "CellCode": "{K 05.00.a, r0030, c0020}",
                                "DataPointVersionId": "475246"
                            }
                        },
                        "dp475251": {
                            "decimals": "$decimalsMonetary",
                            "dimensions": {
                                "concept": "eba_met:mi129",
                                "eba_dim:BAS": "eba_BA:x17",
                                "eba_dim:CDN": "eba_BT:x6",
                                "eba_dim:MCG": "eba_MC:x44",
                                "eba_dim:MCJ": "eba_MC:x306",
                                "eba_dim:PRP": "eba_PL:x10",
                                "eba_dim:TAN": "eba_MC:x1023",
                                "eba_dim:TRI": "eba_TR:x1",
                                "unit": "$baseCurrency"
                            },
                            "eba:documentation": {
                                "CellCode": "{K 05.00.a, r0010, c0050}",
                                "DataPointVersionId": "475251"
                            }
                        },
                        "dp475252": {
                            "decimals": "$decimalsMonetary",
                            "dimensions": {
                                "concept": "eba_met:mi129",
                                "eba_dim:BAS": "eba_BA:x17",
                                "eba_dim:CDN": "eba_BT:x6",
                                "eba_dim:MCG": "eba_MC:x44",
                                "eba_dim:MCJ": "eba_MC:x306",
                                "eba_dim:PRP": "eba_PL:x10",
                                "eba_dim:TAN": "eba_MC:x1024",
                                "eba_dim:TRI": "eba_TR:x1",
                                "unit": "$baseCurrency"
                            },
                            "eba:documentation": {
                                "CellCode": "{K 05.00.a, r0010, c0060}",
                                "DataPointVersionId": "475252"
                            }
                        },
                        "dp475253": {
                            "decimals": "$decimalsMonetary",
                            "dimensions": {
                                "concept": "eba_met:mi129",
                                "eba_dim:BAS": "eba_BA:x17",
                                "eba_dim:CDN": "eba_BT:x6",
                                "eba_dim:MCG": "eba_MC:x44",
                                "eba_dim:MCJ": "eba_MC:x1021",
                                "eba_dim:PRP": "eba_PL:x10",
                                "eba_dim:TAN": "eba_MC:x1023",
                                "eba_dim:TRI": "eba_TR:x1",
                                "unit": "$baseCurrency"
                            },
                            "eba:documentation": {
                                "CellCode": "{K 05.00.a, r0010, c0010}",
                                "DataPointVersionId": "475253"
                            }
                        },
                        "dp475254": {
                            "decimals": "$decimalsMonetary",
                            "dimensions": {
                                "concept": "eba_met:mi129",
                                "eba_dim:BAS": "eba_BA:x17",
                                "eba_dim:CDN": "eba_BT:x6",
                                "eba_dim:MCG": "eba_MC:x44",
                                "eba_dim:MCJ": "eba_MC:x1021",
                                "eba_dim:PRP": "eba_PL:x10",
                                "eba_dim:TAN": "eba_MC:x1024",
                                "eba_dim:TRI": "eba_TR:x1",
                                "unit": "$baseCurrency"
                            },
                            "eba:documentation": {
                                "CellCode": "{K 05.00.a, r0010, c0020}",
                                "DataPointVersionId": "475254"
                            }
                        },
                        "dp475259": {
                            "decimals": "$decimalsMonetary",
                            "dimensions": {
                                "concept": "eba_met:mi129",
                                "eba_dim:BAS": "eba_BA:x17",
                                "eba_dim:CDN": "eba_BT:x7",
                                "eba_dim:CPS": "eba_CT:x216",
                                "eba_dim:MCG": "eba_MC:x58",
                                "eba_dim:MCJ": "eba_MC:x306",
                                "eba_dim:PRP": "eba_PL:x10",
                                "eba_dim:TAN": "eba_MC:x1023",
                                "eba_dim:TRI": "eba_TR:x1",
                                "unit": "$baseCurrency"
                            },
                            "eba:documentation": {
                                "CellCode": "{K 05.00.a, r0040, c0050}",
                                "DataPointVersionId": "475259"
                            }
                        },
                        "dp475260": {
                            "decimals": "$decimalsMonetary",
                            "dimensions": {
                                "concept": "eba_met:mi129",
                                "eba_dim:BAS": "eba_BA:x17",
                                "eba_dim:CDN": "eba_BT:x7",
                                "eba_dim:CPS": "eba_CT:x216",
                                "eba_dim:MCG": "eba_MC:x58",
                                "eba_dim:MCJ": "eba_MC:x306",
                                "eba_dim:PRP": "eba_PL:x10",
                                "eba_dim:TAN": "eba_MC:x1024",
                                "eba_dim:TRI": "eba_TR:x1",
                                "unit": "$baseCurrency"
                            },
                            "eba:documentation": {
                                "CellCode": "{K 05.00.a, r0040, c0060}",
                                "DataPointVersionId": "475260"
                            }
                        },
                        "dp475261": {
                            "decimals": "$decimalsMonetary",
                            "dimensions": {
                                "concept": "eba_met:mi129",
                                "eba_dim:BAS": "eba_BA:x17",
                                "eba_dim:CDN": "eba_BT:x7",
                                "eba_dim:CPS": "eba_CT:x216",
                                "eba_dim:MCG": "eba_MC:x58",
                                "eba_dim:MCJ": "eba_MC:x1021",
                                "eba_dim:PRP": "eba_PL:x10",
                                "eba_dim:TAN": "eba_MC:x1023",
                                "eba_dim:TRI": "eba_TR:x1",
                                "unit": "$baseCurrency"
                            },
                            "eba:documentation": {
                                "CellCode": "{K 05.00.a, r0040, c0010}",
                                "DataPointVersionId": "475261"
                            }
                        },
                        "dp475262": {
                            "decimals": "$decimalsMonetary",
                            "dimensions": {
                                "concept": "eba_met:mi129",
                                "eba_dim:BAS": "eba_BA:x17",
                                "eba_dim:CDN": "eba_BT:x7",
                                "eba_dim:CPS": "eba_CT:x216",
                                "eba_dim:MCG": "eba_MC:x58",
                                "eba_dim:MCJ": "eba_MC:x1021",
                                "eba_dim:PRP": "eba_PL:x10",
                                "eba_dim:TAN": "eba_MC:x1024",
                                "eba_dim:TRI": "eba_TR:x1",
                                "unit": "$baseCurrency"
                            },
                            "eba:documentation": {
                                "CellCode": "{K 05.00.a, r0040, c0020}",
                                "DataPointVersionId": "475262"
                            }
                        },
                        "dp475267": {
                            "decimals": "$decimalsMonetary",
                            "dimensions": {
                                "concept": "eba_met:mi129",
                                "eba_dim:BAS": "eba_BA:x17",
                                "eba_dim:CDN": "eba_BT:x7",
                                "eba_dim:MCG": "eba_MC:x44",
                                "eba_dim:MCJ": "eba_MC:x306",
                                "eba_dim:PRP": "eba_PL:x10",
                                "eba_dim:TAN": "eba_MC:x1023",
                                "eba_dim:TRI": "eba_TR:x1",
                                "unit": "$baseCurrency"
                            },
                            "eba:documentation": {
                                "CellCode": "{K 05.00.a, r0020, c0050}",
                                "DataPointVersionId": "475267"
                            }
                        },
                        "dp475268": {
                            "decimals": "$decimalsMonetary",
                            "dimensions": {
                                "concept": "eba_met:mi129",
                                "eba_dim:BAS": "eba_BA:x17",
                                "eba_dim:CDN": "eba_BT:x7",
                                "eba_dim:MCG": "eba_MC:x44",
                                "eba_dim:MCJ": "eba_MC:x306",
                                "eba_dim:PRP": "eba_PL:x10",
                                "eba_dim:TAN": "eba_MC:x1024",
                                "eba_dim:TRI": "eba_TR:x1",
                                "unit": "$baseCurrency"
                            },
                            "eba:documentation": {
                                "CellCode": "{K 05.00.a, r0020, c0060}",
                                "DataPointVersionId": "475268"
                            }
                        },
                        "dp475269": {
                            "decimals": "$decimalsMonetary",
                            "dimensions": {
                                "concept": "eba_met:mi129",
                                "eba_dim:BAS": "eba_BA:x17",
                                "eba_dim:CDN": "eba_BT:x7",
                                "eba_dim:MCG": "eba_MC:x44",
                                "eba_dim:MCJ": "eba_MC:x1021",
                                "eba_dim:PRP": "eba_PL:x10",
                                "eba_dim:TAN": "eba_MC:x1023",
                                "eba_dim:TRI": "eba_TR:x1",
                                "unit": "$baseCurrency"
                            },
                            "eba:documentation": {
                                "CellCode": "{K 05.00.a, r0020, c0010}",
                                "DataPointVersionId": "475269"
                            }
                        },
                        "dp475270": {
                            "decimals": "$decimalsMonetary",
                            "dimensions": {
                                "concept": "eba_met:mi129",
                                "eba_dim:BAS": "eba_BA:x17",
                                "eba_dim:CDN": "eba_BT:x7",
                                "eba_dim:MCG": "eba_MC:x44",
                                "eba_dim:MCJ": "eba_MC:x1021",
                                "eba_dim:PRP": "eba_PL:x10",
                                "eba_dim:TAN": "eba_MC:x1024",
                                "eba_dim:TRI": "eba_TR:x1",
                                "unit": "$baseCurrency"
                            },
                            "eba:documentation": {
                                "CellCode": "{K 05.00.a, r0020, c0020}",
                                "DataPointVersionId": "475270"
                            }
                        },
                        "dp475281": {
                            "decimals": "$decimalsMonetary",
                            "dimensions": {
                                "concept": "eba_met:mi129",
                                "eba_dim:BAS": "eba_BA:x17",
                                "eba_dim:CPS": "eba_CT:x51",
                                "eba_dim:MCG": "eba_MC:x60",
                                "eba_dim:MCJ": "eba_MC:x306",
                                "eba_dim:PRP": "eba_PL:x10",
                                "eba_dim:TAN": "eba_MC:x1023",
                                "eba_dim:TRI": "eba_TR:x1",
                                "unit": "$baseCurrency"
                            },
                            "eba:documentation": {
                                "CellCode": "{K 05.00.a, r0060, c0050}",
                                "DataPointVersionId": "475281"
                            }
                        },
                        "dp475282": {
                            "decimals": "$decimalsMonetary",
                            "dimensions": {
                                "concept": "eba_met:mi129",
                                "eba_dim:BAS": "eba_BA:x17",
                                "eba_dim:CPS": "eba_CT:x51",
                                "eba_dim:MCG": "eba_MC:x60",
                                "eba_dim:MCJ": "eba_MC:x306",
                                "eba_dim:PRP": "eba_PL:x10",
                                "eba_dim:TAN": "eba_MC:x1024",
                                "eba_dim:TRI": "eba_TR:x1",
                                "unit": "$baseCurrency"
                            },
                            "eba:documentation": {
                                "CellCode": "{K 05.00.a, r0060, c0060}",
                                "DataPointVersionId": "475282"
                            }
                        },
                        "dp475283": {
                            "decimals": "$decimalsMonetary",
                            "dimensions": {
                                "concept": "eba_met:mi129",
                                "eba_dim:BAS": "eba_BA:x17",
                                "eba_dim:CPS": "eba_CT:x51",
                                "eba_dim:MCG": "eba_MC:x60",
                                "eba_dim:MCJ": "eba_MC:x1021",
                                "eba_dim:PRP": "eba_PL:x10",
                                "eba_dim:TAN": "eba_MC:x1023",
                                "eba_dim:TRI": "eba_TR:x1",
                                "unit": "$baseCurrency"
                            },
                            "eba:documentation": {
                                "CellCode": "{K 05.00.a, r0060, c0010}",
                                "DataPointVersionId": "475283"
                            }
                        },
                        "dp475284": {
                            "decimals": "$decimalsMonetary",
                            "dimensions": {
                                "concept": "eba_met:mi129",
                                "eba_dim:BAS": "eba_BA:x17",
                                "eba_dim:CPS": "eba_CT:x51",
                                "eba_dim:MCG": "eba_MC:x60",
                                "eba_dim:MCJ": "eba_MC:x1021",
                                "eba_dim:PRP": "eba_PL:x10",
                                "eba_dim:TAN": "eba_MC:x1024",
                                "eba_dim:TRI": "eba_TR:x1",
                                "unit": "$baseCurrency"
                            },
                            "eba:documentation": {
                                "CellCode": "{K 05.00.a, r0060, c0020}",
                                "DataPointVersionId": "475284"
                            }
                        },
                        "dp475289": {
                            "decimals": "$decimalsMonetary",
                            "dimensions": {
                                "concept": "eba_met:mi129",
                                "eba_dim:BAS": "eba_BA:x17",
                                "eba_dim:CPS": "eba_CT:x217",
                                "eba_dim:MCG": "eba_MC:x58",
                                "eba_dim:MCJ": "eba_MC:x306",
                                "eba_dim:PRP": "eba_PL:x10",
                                "eba_dim:TAN": "eba_MC:x1023",
                                "eba_dim:TRI": "eba_TR:x1",
                                "unit": "$baseCurrency"
                            },
                            "eba:documentation": {
                                "CellCode": "{K 05.00.a, r0050, c0050}",
                                "DataPointVersionId": "475289"
                            }
                        },
                        "dp475290": {
                            "decimals": "$decimalsMonetary",
                            "dimensions": {
                                "concept": "eba_met:mi129",
                                "eba_dim:BAS": "eba_BA:x17",
                                "eba_dim:CPS": "eba_CT:x217",
                                "eba_dim:MCG": "eba_MC:x58",
                                "eba_dim:MCJ": "eba_MC:x306",
                                "eba_dim:PRP": "eba_PL:x10",
                                "eba_dim:TAN": "eba_MC:x1024",
                                "eba_dim:TRI": "eba_TR:x1",
                                "unit": "$baseCurrency"
                            },
                            "eba:documentation": {
                                "CellCode": "{K 05.00.a, r0050, c0060}",
                                "DataPointVersionId": "475290"
                            }
                        },
                        "dp475291": {
                            "decimals": "$decimalsMonetary",
                            "dimensions": {
                                "concept": "eba_met:mi129",
                                "eba_dim:BAS": "eba_BA:x17",
                                "eba_dim:CPS": "eba_CT:x217",
                                "eba_dim:MCG": "eba_MC:x58",
                                "eba_dim:MCJ": "eba_MC:x1021",
                                "eba_dim:PRP": "eba_PL:x10",
                                "eba_dim:TAN": "eba_MC:x1023",
                                "eba_dim:TRI": "eba_TR:x1",
                                "unit": "$baseCurrency"
                            },
                            "eba:documentation": {
                                "CellCode": "{K 05.00.a, r0050, c0010}",
                                "DataPointVersionId": "475291"
                            }
                        },
                        "dp475292": {
                            "decimals": "$decimalsMonetary",
                            "dimensions": {
                                "concept": "eba_met:mi129",
                                "eba_dim:BAS": "eba_BA:x17",
                                "eba_dim:CPS": "eba_CT:x217",
                                "eba_dim:MCG": "eba_MC:x58",
                                "eba_dim:MCJ": "eba_MC:x1021",
                                "eba_dim:PRP": "eba_PL:x10",
                                "eba_dim:TAN": "eba_MC:x1024",
                                "eba_dim:TRI": "eba_TR:x1",
                                "unit": "$baseCurrency"
                            },
                            "eba:documentation": {
                                "CellCode": "{K 05.00.a, r0050, c0020}",
                                "DataPointVersionId": "475292"
                            }
                        },
                        "dp475327": {
                            "decimals": "$decimalsMonetary",
                            "dimensions": {
                                "concept": "eba_met:mi129",
                                "eba_dim:BAS": "eba_BA:x17",
                                "eba_dim:MCG": "eba_MC:x409",
                                "eba_dim:MCJ": "eba_MC:x306",
                                "eba_dim:PRP": "eba_PL:x10",
                                "eba_dim:TAN": "eba_MC:x1023",
                                "eba_dim:TRI": "eba_TR:x1",
                                "unit": "$baseCurrency"
                            },
                            "eba:documentation": {
                                "CellCode": "{K 05.00.a, r0090, c0050}",
                                "DataPointVersionId": "475327"
                            }
                        },
                        "dp475328": {
                            "decimals": "$decimalsMonetary",
                            "dimensions": {
                                "concept": "eba_met:mi129",
                                "eba_dim:BAS": "eba_BA:x17",
                                "eba_dim:MCG": "eba_MC:x409",
                                "eba_dim:MCJ": "eba_MC:x306",
                                "eba_dim:PRP": "eba_PL:x10",
                                "eba_dim:TAN": "eba_MC:x1024",
                                "eba_dim:TRI": "eba_TR:x1",
                                "unit": "$baseCurrency"
                            },
                            "eba:documentation": {
                                "CellCode": "{K 05.00.a, r0090, c0060}",
                                "DataPointVersionId": "475328"
                            }
                        },
                        "dp475329": {
                            "decimals": "$decimalsMonetary",
                            "dimensions": {
                                "concept": "eba_met:mi129",
                                "eba_dim:BAS": "eba_BA:x17",
                                "eba_dim:MCG": "eba_MC:x409",
                                "eba_dim:MCJ": "eba_MC:x1021",
                                "eba_dim:PRP": "eba_PL:x10",
                                "eba_dim:TAN": "eba_MC:x1023",
                                "eba_dim:TRI": "eba_TR:x1",
                                "unit": "$baseCurrency"
                            },
                            "eba:documentation": {
                                "CellCode": "{K 05.00.a, r0090, c0010}",
                                "DataPointVersionId": "475329"
                            }
                        },
                        "dp475330": {
                            "decimals": "$decimalsMonetary",
                            "dimensions": {
                                "concept": "eba_met:mi129",
                                "eba_dim:BAS": "eba_BA:x17",
                                "eba_dim:MCG": "eba_MC:x409",
                                "eba_dim:MCJ": "eba_MC:x1021",
                                "eba_dim:PRP": "eba_PL:x10",
                                "eba_dim:TAN": "eba_MC:x1024",
                                "eba_dim:TRI": "eba_TR:x1",
                                "unit": "$baseCurrency"
                            },
                            "eba:documentation": {
                                "CellCode": "{K 05.00.a, r0090, c0020}",
                                "DataPointVersionId": "475330"
                            }
                        },
                        "dp475331": {
                            "decimals": "$decimalsMonetary",
                            "dimensions": {
                                "concept": "eba_met:mi129",
                                "eba_dim:BAS": "eba_BA:x17",
                                "eba_dim:MCG": "eba_MC:x130",
                                "eba_dim:MCJ": "eba_MC:x306",
                                "eba_dim:PRP": "eba_PL:x10",
                                "eba_dim:TAN": "eba_MC:x1023",
                                "eba_dim:TRI": "eba_TR:x1",
                                "unit": "$baseCurrency"
                            },
                            "eba:documentation": {
                                "CellCode": "{K 05.00.a, r0070, c0050}",
                                "DataPointVersionId": "475331"
                            }
                        },
                        "dp475332": {
                            "decimals": "$decimalsMonetary",
                            "dimensions": {
                                "concept": "eba_met:mi129",
                                "eba_dim:BAS": "eba_BA:x17",
                                "eba_dim:MCG": "eba_MC:x130",
                                "eba_dim:MCJ": "eba_MC:x306",
                                "eba_dim:PRP": "eba_PL:x10",
                                "eba_dim:TAN": "eba_MC:x1024",
                                "eba_dim:TRI": "eba_TR:x1",
                                "unit": "$baseCurrency"
                            },
                            "eba:documentation": {
                                "CellCode": "{K 05.00.a, r0070, c0060}",
                                "DataPointVersionId": "475332"
                            }
                        },
                        "dp475333": {
                            "decimals": "$decimalsMonetary",
                            "dimensions": {
                                "concept": "eba_met:mi129",
                                "eba_dim:BAS": "eba_BA:x17",
                                "eba_dim:MCG": "eba_MC:x130",
                                "eba_dim:MCJ": "eba_MC:x1021",
                                "eba_dim:PRP": "eba_PL:x10",
                                "eba_dim:TAN": "eba_MC:x1023",
                                "eba_dim:TRI": "eba_TR:x1",
                                "unit": "$baseCurrency"
                            },
                            "eba:documentation": {
                                "CellCode": "{K 05.00.a, r0070, c0010}",
                                "DataPointVersionId": "475333"
                            }
                        },
                        "dp475334": {
                            "decimals": "$decimalsMonetary",
                            "dimensions": {
                                "concept": "eba_met:mi129",
                                "eba_dim:BAS": "eba_BA:x17",
                                "eba_dim:MCG": "eba_MC:x130",
                                "eba_dim:MCJ": "eba_MC:x1021",
                                "eba_dim:PRP": "eba_PL:x10",
                                "eba_dim:TAN": "eba_MC:x1024",
                                "eba_dim:TRI": "eba_TR:x1",
                                "unit": "$baseCurrency"
                            },
                            "eba:documentation": {
                                "CellCode": "{K 05.00.a, r0070, c0020}",
                                "DataPointVersionId": "475334"
                            }
                        },
                        "dp475335": {
                            "decimals": "$decimalsMonetary",
                            "dimensions": {
                                "concept": "eba_met:mi129",
                                "eba_dim:BAS": "eba_BA:x17",
                                "eba_dim:MCG": "eba_MC:x1022",
                                "eba_dim:MCJ": "eba_MC:x306",
                                "eba_dim:PRP": "eba_PL:x10",
                                "eba_dim:TAN": "eba_MC:x1023",
                                "eba_dim:TRI": "eba_TR:x1",
                                "unit": "$baseCurrency"
                            },
                            "eba:documentation": {
                                "CellCode": "{K 05.00.a, r0080, c0050}",
                                "DataPointVersionId": "475335"
                            }
                        },
                        "dp475336": {
                            "decimals": "$decimalsMonetary",
                            "dimensions": {
                                "concept": "eba_met:mi129",
                                "eba_dim:BAS": "eba_BA:x17",
                                "eba_dim:MCG": "eba_MC:x1022",
                                "eba_dim:MCJ": "eba_MC:x306",
                                "eba_dim:PRP": "eba_PL:x10",
                                "eba_dim:TAN": "eba_MC:x1024",
                                "eba_dim:TRI": "eba_TR:x1",
                                "unit": "$baseCurrency"
                            },
                            "eba:documentation": {
                                "CellCode": "{K 05.00.a, r0080, c0060}",
                                "DataPointVersionId": "475336"
                            }
                        },
                        "dp475337": {
                            "decimals": "$decimalsMonetary",
                            "dimensions": {
                                "concept": "eba_met:mi129",
                                "eba_dim:BAS": "eba_BA:x17",
                                "eba_dim:MCG": "eba_MC:x1022",
                                "eba_dim:MCJ": "eba_MC:x1021",
                                "eba_dim:PRP": "eba_PL:x10",
                                "eba_dim:TAN": "eba_MC:x1023",
                                "eba_dim:TRI": "eba_TR:x1",
                                "unit": "$baseCurrency"
                            },
                            "eba:documentation": {
                                "CellCode": "{K 05.00.a, r0080, c0010}",
                                "DataPointVersionId": "475337"
                            }
                        },
                        "dp475338": {
                            "decimals": "$decimalsMonetary",
                            "dimensions": {
                                "concept": "eba_met:mi129",
                                "eba_dim:BAS": "eba_BA:x17",
                                "eba_dim:MCG": "eba_MC:x1022",
                                "eba_dim:MCJ": "eba_MC:x1021",
                                "eba_dim:PRP": "eba_PL:x10",
                                "eba_dim:TAN": "eba_MC:x1024",
                                "eba_dim:TRI": "eba_TR:x1",
                                "unit": "$baseCurrency"
                            },
                            "eba:documentation": {
                                "CellCode": "{K 05.00.a, r0080, c0020}",
                                "DataPointVersionId": "475338"
                            }
                        }
                    }
                },
                "factValue": {
                    "dimensions": {},
                    "propertiesFrom": [
                        "datapoint"
                    ]
                }
            }
        }
    }
}