﻿<?xml version="1.0" encoding="utf-8"?>
<?taxonomy-version 1.0.0.0 ?>  <?taxonomy-set-overall-version 3.3.0.0 ?>
<!--(C) EBA-->
<link:linkbase xmlns:xsi="http://www.w3.org/2001/XMLSchema-instance" xmlns:xlink="http://www.w3.org/1999/xlink" xmlns:link="http://www.xbrl.org/2003/linkbase" xmlns:gen="http://xbrl.org/2008/generic" xmlns:label="http://xbrl.org/2008/label" xsi:schemaLocation="http://www.xbrl.org/2003/linkbase http://www.xbrl.org/2003/xbrl-linkbase-2003-12-31.xsd http://xbrl.org/2008/generic http://www.xbrl.org/2008/generic-link.xsd http://xbrl.org/2008/label http://www.xbrl.org/2008/generic-label.xsd">
  <link:arcroleRef arcroleURI="http://xbrl.org/arcrole/2008/element-label" xlink:type="simple" xlink:href="http://www.xbrl.org/2008/generic-label.xsd#element-label" />
  <link:roleRef roleURI="http://www.eba.europa.eu/xbrl/role/dpm-db-id" xlink:type="simple" xlink:href="http://www.eba.europa.eu/eu/fr/xbrl/ext/model.xsd#dpm-db-id" />
  <link:roleRef roleURI="http://www.eurofiling.info/xbrl/role/filing-indicator-code" xlink:type="simple" xlink:href="http://www.eurofiling.info/eu/fr/xbrl/ext/model.xsd#filing-indicator-code" />
  <link:roleRef roleURI="http://www.eurofiling.info/xbrl/role/rc-code" xlink:type="simple" xlink:href="http://www.eurofiling.info/eu/fr/xbrl/ext/model.xsd#rc-code" />
  <gen:link xlink:type="extended" xlink:role="http://www.xbrl.org/2003/role/link">
    <link:loc xlink:type="locator" xlink:href="k_05.00.a-rend.xml#eba_tK_05.00.a" xlink:label="loc_eba_tK_05.00.a" />
    <label:label xlink:type="resource" xlink:label="label_eba_tK_05.00.a" xml:lang="en" xlink:role="http://www.eurofiling.info/xbrl/role/rc-code">K 05.00.a</label:label>
    <gen:arc xlink:type="arc" xlink:arcrole="http://xbrl.org/arcrole/2008/element-label" xlink:from="loc_eba_tK_05.00.a" xlink:to="label_eba_tK_05.00.a" />
    <link:loc xlink:type="locator" xlink:href="k_05.00.a-rend.xml#eba_c86982" xlink:label="loc_eba_c86982" />
    <label:label xlink:type="resource" xlink:label="label_eba_c86982" xml:lang="en" xlink:role="http://www.eurofiling.info/xbrl/role/rc-code">0001</label:label>
    <gen:arc xlink:type="arc" xlink:arcrole="http://xbrl.org/arcrole/2008/element-label" xlink:from="loc_eba_c86982" xlink:to="label_eba_c86982" />
    <link:loc xlink:type="locator" xlink:href="k_05.00.a-rend.xml#eba_c86983" xlink:label="loc_eba_c86983" />
    <label:label xlink:type="resource" xlink:label="label_eba_c86983" xml:lang="en" xlink:role="http://www.eurofiling.info/xbrl/role/rc-code">0002</label:label>
    <gen:arc xlink:type="arc" xlink:arcrole="http://xbrl.org/arcrole/2008/element-label" xlink:from="loc_eba_c86983" xlink:to="label_eba_c86983" />
    <link:loc xlink:type="locator" xlink:href="k_05.00.a-rend.xml#eba_c86984" xlink:label="loc_eba_c86984" />
    <label:label xlink:type="resource" xlink:label="label_eba_c86984" xml:lang="en" xlink:role="http://www.eurofiling.info/xbrl/role/rc-code">0010</label:label>
    <gen:arc xlink:type="arc" xlink:arcrole="http://xbrl.org/arcrole/2008/element-label" xlink:from="loc_eba_c86984" xlink:to="label_eba_c86984" />
    <link:loc xlink:type="locator" xlink:href="k_05.00.a-rend.xml#eba_c86987" xlink:label="loc_eba_c86987" />
    <label:label xlink:type="resource" xlink:label="label_eba_c86987" xml:lang="en" xlink:role="http://www.eurofiling.info/xbrl/role/rc-code">0020</label:label>
    <gen:arc xlink:type="arc" xlink:arcrole="http://xbrl.org/arcrole/2008/element-label" xlink:from="loc_eba_c86987" xlink:to="label_eba_c86987" />
    <link:loc xlink:type="locator" xlink:href="k_05.00.a-rend.xml#eba_c86990" xlink:label="loc_eba_c86990" />
    <label:label xlink:type="resource" xlink:label="label_eba_c86990" xml:lang="en" xlink:role="http://www.eurofiling.info/xbrl/role/rc-code">0041</label:label>
    <gen:arc xlink:type="arc" xlink:arcrole="http://xbrl.org/arcrole/2008/element-label" xlink:from="loc_eba_c86990" xlink:to="label_eba_c86990" />
    <link:loc xlink:type="locator" xlink:href="k_05.00.a-rend.xml#eba_c86991" xlink:label="loc_eba_c86991" />
    <label:label xlink:type="resource" xlink:label="label_eba_c86991" xml:lang="en" xlink:role="http://www.eurofiling.info/xbrl/role/rc-code">0042</label:label>
    <gen:arc xlink:type="arc" xlink:arcrole="http://xbrl.org/arcrole/2008/element-label" xlink:from="loc_eba_c86991" xlink:to="label_eba_c86991" />
    <link:loc xlink:type="locator" xlink:href="k_05.00.a-rend.xml#eba_c86992" xlink:label="loc_eba_c86992" />
    <label:label xlink:type="resource" xlink:label="label_eba_c86992" xml:lang="en" xlink:role="http://www.eurofiling.info/xbrl/role/rc-code">0050</label:label>
    <gen:arc xlink:type="arc" xlink:arcrole="http://xbrl.org/arcrole/2008/element-label" xlink:from="loc_eba_c86992" xlink:to="label_eba_c86992" />
    <link:loc xlink:type="locator" xlink:href="k_05.00.a-rend.xml#eba_c86995" xlink:label="loc_eba_c86995" />
    <label:label xlink:type="resource" xlink:label="label_eba_c86995" xml:lang="en" xlink:role="http://www.eurofiling.info/xbrl/role/rc-code">0060</label:label>
    <gen:arc xlink:type="arc" xlink:arcrole="http://xbrl.org/arcrole/2008/element-label" xlink:from="loc_eba_c86995" xlink:to="label_eba_c86995" />
    <link:loc xlink:type="locator" xlink:href="k_05.00.a-rend.xml#eba_c87007" xlink:label="loc_eba_c87007" />
    <label:label xlink:type="resource" xlink:label="label_eba_c87007" xml:lang="en" xlink:role="http://www.eurofiling.info/xbrl/role/rc-code">0090</label:label>
    <gen:arc xlink:type="arc" xlink:arcrole="http://xbrl.org/arcrole/2008/element-label" xlink:from="loc_eba_c87007" xlink:to="label_eba_c87007" />
    <link:loc xlink:type="locator" xlink:href="k_05.00.a-rend.xml#eba_c86999" xlink:label="loc_eba_c86999" />
    <label:label xlink:type="resource" xlink:label="label_eba_c86999" xml:lang="en" xlink:role="http://www.eurofiling.info/xbrl/role/rc-code">0010</label:label>
    <gen:arc xlink:type="arc" xlink:arcrole="http://xbrl.org/arcrole/2008/element-label" xlink:from="loc_eba_c86999" xlink:to="label_eba_c86999" />
    <link:loc xlink:type="locator" xlink:href="k_05.00.a-rend.xml#eba_c87000" xlink:label="loc_eba_c87000" />
    <label:label xlink:type="resource" xlink:label="label_eba_c87000" xml:lang="en" xlink:role="http://www.eurofiling.info/xbrl/role/rc-code">0020</label:label>
    <gen:arc xlink:type="arc" xlink:arcrole="http://xbrl.org/arcrole/2008/element-label" xlink:from="loc_eba_c87000" xlink:to="label_eba_c87000" />
    <link:loc xlink:type="locator" xlink:href="k_05.00.a-rend.xml#eba_c87001" xlink:label="loc_eba_c87001" />
    <label:label xlink:type="resource" xlink:label="label_eba_c87001" xml:lang="en" xlink:role="http://www.eurofiling.info/xbrl/role/rc-code">0030</label:label>
    <gen:arc xlink:type="arc" xlink:arcrole="http://xbrl.org/arcrole/2008/element-label" xlink:from="loc_eba_c87001" xlink:to="label_eba_c87001" />
    <link:loc xlink:type="locator" xlink:href="k_05.00.a-rend.xml#eba_c87002" xlink:label="loc_eba_c87002" />
    <label:label xlink:type="resource" xlink:label="label_eba_c87002" xml:lang="en" xlink:role="http://www.eurofiling.info/xbrl/role/rc-code">0040</label:label>
    <gen:arc xlink:type="arc" xlink:arcrole="http://xbrl.org/arcrole/2008/element-label" xlink:from="loc_eba_c87002" xlink:to="label_eba_c87002" />
    <link:loc xlink:type="locator" xlink:href="k_05.00.a-rend.xml#eba_c87003" xlink:label="loc_eba_c87003" />
    <label:label xlink:type="resource" xlink:label="label_eba_c87003" xml:lang="en" xlink:role="http://www.eurofiling.info/xbrl/role/rc-code">0050</label:label>
    <gen:arc xlink:type="arc" xlink:arcrole="http://xbrl.org/arcrole/2008/element-label" xlink:from="loc_eba_c87003" xlink:to="label_eba_c87003" />
    <link:loc xlink:type="locator" xlink:href="k_05.00.a-rend.xml#eba_c87004" xlink:label="loc_eba_c87004" />
    <label:label xlink:type="resource" xlink:label="label_eba_c87004" xml:lang="en" xlink:role="http://www.eurofiling.info/xbrl/role/rc-code">0060</label:label>
    <gen:arc xlink:type="arc" xlink:arcrole="http://xbrl.org/arcrole/2008/element-label" xlink:from="loc_eba_c87004" xlink:to="label_eba_c87004" />
    <link:loc xlink:type="locator" xlink:href="k_05.00.a-rend.xml#eba_c87005" xlink:label="loc_eba_c87005" />
    <label:label xlink:type="resource" xlink:label="label_eba_c87005" xml:lang="en" xlink:role="http://www.eurofiling.info/xbrl/role/rc-code">0070</label:label>
    <gen:arc xlink:type="arc" xlink:arcrole="http://xbrl.org/arcrole/2008/element-label" xlink:from="loc_eba_c87005" xlink:to="label_eba_c87005" />
    <link:loc xlink:type="locator" xlink:href="k_05.00.a-rend.xml#eba_c87006" xlink:label="loc_eba_c87006" />
    <label:label xlink:type="resource" xlink:label="label_eba_c87006" xml:lang="en" xlink:role="http://www.eurofiling.info/xbrl/role/rc-code">0080</label:label>
    <gen:arc xlink:type="arc" xlink:arcrole="http://xbrl.org/arcrole/2008/element-label" xlink:from="loc_eba_c87006" xlink:to="label_eba_c87006" />
    <label:label xlink:type="resource" xlink:label="label_eba_tK_05.00.a_1" xml:lang="en" xlink:role="http://www.eurofiling.info/xbrl/role/filing-indicator-code">K_05.00</label:label>
    <gen:arc xlink:type="arc" xlink:arcrole="http://xbrl.org/arcrole/2008/element-label" xlink:from="loc_eba_tK_05.00.a" xlink:to="label_eba_tK_05.00.a_1" />
    <label:label xlink:type="resource" xlink:label="label_eba_tK_05.00.a_2" xml:lang="en" xlink:role="http://www.eba.europa.eu/xbrl/role/dpm-db-id">826.2323</label:label>
    <gen:arc xlink:type="arc" xlink:arcrole="http://xbrl.org/arcrole/2008/element-label" xlink:from="loc_eba_tK_05.00.a" xlink:to="label_eba_tK_05.00.a_2" />
    <label:label xlink:type="resource" xlink:label="label_eba_c86982_1" xml:lang="en" xlink:role="http://www.eba.europa.eu/xbrl/role/dpm-db-id">86982</label:label>
    <gen:arc xlink:type="arc" xlink:arcrole="http://xbrl.org/arcrole/2008/element-label" xlink:from="loc_eba_c86982" xlink:to="label_eba_c86982_1" />
    <label:label xlink:type="resource" xlink:label="label_eba_c86983_1" xml:lang="en" xlink:role="http://www.eba.europa.eu/xbrl/role/dpm-db-id">86983</label:label>
    <gen:arc xlink:type="arc" xlink:arcrole="http://xbrl.org/arcrole/2008/element-label" xlink:from="loc_eba_c86983" xlink:to="label_eba_c86983_1" />
    <label:label xlink:type="resource" xlink:label="label_eba_c86984_1" xml:lang="en" xlink:role="http://www.eba.europa.eu/xbrl/role/dpm-db-id">86984</label:label>
    <gen:arc xlink:type="arc" xlink:arcrole="http://xbrl.org/arcrole/2008/element-label" xlink:from="loc_eba_c86984" xlink:to="label_eba_c86984_1" />
    <label:label xlink:type="resource" xlink:label="label_eba_c86987_1" xml:lang="en" xlink:role="http://www.eba.europa.eu/xbrl/role/dpm-db-id">86987</label:label>
    <gen:arc xlink:type="arc" xlink:arcrole="http://xbrl.org/arcrole/2008/element-label" xlink:from="loc_eba_c86987" xlink:to="label_eba_c86987_1" />
    <label:label xlink:type="resource" xlink:label="label_eba_c86990_1" xml:lang="en" xlink:role="http://www.eba.europa.eu/xbrl/role/dpm-db-id">86990</label:label>
    <gen:arc xlink:type="arc" xlink:arcrole="http://xbrl.org/arcrole/2008/element-label" xlink:from="loc_eba_c86990" xlink:to="label_eba_c86990_1" />
    <label:label xlink:type="resource" xlink:label="label_eba_c86991_1" xml:lang="en" xlink:role="http://www.eba.europa.eu/xbrl/role/dpm-db-id">86991</label:label>
    <gen:arc xlink:type="arc" xlink:arcrole="http://xbrl.org/arcrole/2008/element-label" xlink:from="loc_eba_c86991" xlink:to="label_eba_c86991_1" />
    <label:label xlink:type="resource" xlink:label="label_eba_c86992_1" xml:lang="en" xlink:role="http://www.eba.europa.eu/xbrl/role/dpm-db-id">86992</label:label>
    <gen:arc xlink:type="arc" xlink:arcrole="http://xbrl.org/arcrole/2008/element-label" xlink:from="loc_eba_c86992" xlink:to="label_eba_c86992_1" />
    <label:label xlink:type="resource" xlink:label="label_eba_c86995_1" xml:lang="en" xlink:role="http://www.eba.europa.eu/xbrl/role/dpm-db-id">86995</label:label>
    <gen:arc xlink:type="arc" xlink:arcrole="http://xbrl.org/arcrole/2008/element-label" xlink:from="loc_eba_c86995" xlink:to="label_eba_c86995_1" />
    <label:label xlink:type="resource" xlink:label="label_eba_c87007_1" xml:lang="en" xlink:role="http://www.eba.europa.eu/xbrl/role/dpm-db-id">87007</label:label>
    <gen:arc xlink:type="arc" xlink:arcrole="http://xbrl.org/arcrole/2008/element-label" xlink:from="loc_eba_c87007" xlink:to="label_eba_c87007_1" />
    <label:label xlink:type="resource" xlink:label="label_eba_c86999_1" xml:lang="en" xlink:role="http://www.eba.europa.eu/xbrl/role/dpm-db-id">86999</label:label>
    <gen:arc xlink:type="arc" xlink:arcrole="http://xbrl.org/arcrole/2008/element-label" xlink:from="loc_eba_c86999" xlink:to="label_eba_c86999_1" />
    <label:label xlink:type="resource" xlink:label="label_eba_c87000_1" xml:lang="en" xlink:role="http://www.eba.europa.eu/xbrl/role/dpm-db-id">87000</label:label>
    <gen:arc xlink:type="arc" xlink:arcrole="http://xbrl.org/arcrole/2008/element-label" xlink:from="loc_eba_c87000" xlink:to="label_eba_c87000_1" />
    <label:label xlink:type="resource" xlink:label="label_eba_c87001_1" xml:lang="en" xlink:role="http://www.eba.europa.eu/xbrl/role/dpm-db-id">87001</label:label>
    <gen:arc xlink:type="arc" xlink:arcrole="http://xbrl.org/arcrole/2008/element-label" xlink:from="loc_eba_c87001" xlink:to="label_eba_c87001_1" />
    <label:label xlink:type="resource" xlink:label="label_eba_c87002_1" xml:lang="en" xlink:role="http://www.eba.europa.eu/xbrl/role/dpm-db-id">87002</label:label>
    <gen:arc xlink:type="arc" xlink:arcrole="http://xbrl.org/arcrole/2008/element-label" xlink:from="loc_eba_c87002" xlink:to="label_eba_c87002_1" />
    <label:label xlink:type="resource" xlink:label="label_eba_c87003_1" xml:lang="en" xlink:role="http://www.eba.europa.eu/xbrl/role/dpm-db-id">87003</label:label>
    <gen:arc xlink:type="arc" xlink:arcrole="http://xbrl.org/arcrole/2008/element-label" xlink:from="loc_eba_c87003" xlink:to="label_eba_c87003_1" />
    <label:label xlink:type="resource" xlink:label="label_eba_c87004_1" xml:lang="en" xlink:role="http://www.eba.europa.eu/xbrl/role/dpm-db-id">87004</label:label>
    <gen:arc xlink:type="arc" xlink:arcrole="http://xbrl.org/arcrole/2008/element-label" xlink:from="loc_eba_c87004" xlink:to="label_eba_c87004_1" />
    <label:label xlink:type="resource" xlink:label="label_eba_c87005_1" xml:lang="en" xlink:role="http://www.eba.europa.eu/xbrl/role/dpm-db-id">87005</label:label>
    <gen:arc xlink:type="arc" xlink:arcrole="http://xbrl.org/arcrole/2008/element-label" xlink:from="loc_eba_c87005" xlink:to="label_eba_c87005_1" />
    <label:label xlink:type="resource" xlink:label="label_eba_c87006_1" xml:lang="en" xlink:role="http://www.eba.europa.eu/xbrl/role/dpm-db-id">87006</label:label>
    <gen:arc xlink:type="arc" xlink:arcrole="http://xbrl.org/arcrole/2008/element-label" xlink:from="loc_eba_c87006" xlink:to="label_eba_c87006_1" />
  </gen:link>
</link:linkbase>