﻿<?xml version="1.0" encoding="utf-8"?>
<?taxonomy-version 1.0.0.0 ?>  <?taxonomy-set-overall-version 3.3.0.0 ?>
<!--(C) EBA-->
<link:linkbase xmlns:xsi="http://www.w3.org/2001/XMLSchema-instance" xmlns:xlink="http://www.w3.org/1999/xlink" xmlns:link="http://www.xbrl.org/2003/linkbase" xmlns:gen="http://xbrl.org/2008/generic" xmlns:label="http://xbrl.org/2008/label" xsi:schemaLocation="http://www.xbrl.org/2003/linkbase http://www.xbrl.org/2003/xbrl-linkbase-2003-12-31.xsd http://xbrl.org/2008/generic http://www.xbrl.org/2008/generic-link.xsd http://xbrl.org/2008/label http://www.xbrl.org/2008/generic-label.xsd">
  <link:arcroleRef arcroleURI="http://xbrl.org/arcrole/2008/element-label" xlink:type="simple" xlink:href="http://www.xbrl.org/2008/generic-label.xsd#element-label" />
  <link:roleRef roleURI="http://www.xbrl.org/2008/role/label" xlink:type="simple" xlink:href="http://www.xbrl.org/2008/generic-label.xsd#standard-label" />
  <link:roleRef roleURI="http://www.xbrl.org/2008/role/verboseLabel" xlink:type="simple" xlink:href="http://www.xbrl.org/2008/generic-label.xsd#verbose-label" />
  <gen:link xlink:type="extended" xlink:role="http://www.xbrl.org/2003/role/link">
    <link:loc xlink:type="locator" xlink:href="k_05.00.a-rend.xml#eba_tK_05.00.a" xlink:label="loc_eba_tK_05.00.a" />
    <label:label xlink:type="resource" xlink:label="label_eba_tK_05.00.a" xml:lang="en" xlink:role="http://www.xbrl.org/2008/role/label">K 05.00.a</label:label>
    <gen:arc xlink:type="arc" xlink:arcrole="http://xbrl.org/arcrole/2008/element-label" xlink:from="loc_eba_tK_05.00.a" xlink:to="label_eba_tK_05.00.a" />
    <label:label xlink:type="resource" xlink:label="label_eba_tK_05.00.a_1" xml:lang="en" xlink:role="http://www.xbrl.org/2008/role/verboseLabel">K 05.00.a EU CCR5 – Composition of collateral for CCR exposures (I)</label:label>
    <gen:arc xlink:type="arc" xlink:arcrole="http://xbrl.org/arcrole/2008/element-label" xlink:from="loc_eba_tK_05.00.a" xlink:to="label_eba_tK_05.00.a_1" />
    <link:loc xlink:type="locator" xlink:href="k_05.00.a-rend.xml#eba_a1" xlink:label="loc_eba_a1" />
    <label:label xlink:type="resource" xlink:label="label_eba_a1" xml:lang="en" xlink:role="http://www.xbrl.org/2008/role/label">Columns</label:label>
    <gen:arc xlink:type="arc" xlink:arcrole="http://xbrl.org/arcrole/2008/element-label" xlink:from="loc_eba_a1" xlink:to="label_eba_a1" />
    <link:loc xlink:type="locator" xlink:href="k_05.00.a-rend.xml#eba_c86982" xlink:label="loc_eba_c86982" />
    <label:label xlink:type="resource" xlink:label="label_eba_c86982" xml:lang="en" xlink:role="http://www.xbrl.org/2008/role/label">Collateral used in derivative transactions</label:label>
    <gen:arc xlink:type="arc" xlink:arcrole="http://xbrl.org/arcrole/2008/element-label" xlink:from="loc_eba_c86982" xlink:to="label_eba_c86982" />
    <link:loc xlink:type="locator" xlink:href="k_05.00.a-rend.xml#eba_c86983" xlink:label="loc_eba_c86983" />
    <label:label xlink:type="resource" xlink:label="label_eba_c86983" xml:lang="en" xlink:role="http://www.xbrl.org/2008/role/label">Fair value of collateral received</label:label>
    <gen:arc xlink:type="arc" xlink:arcrole="http://xbrl.org/arcrole/2008/element-label" xlink:from="loc_eba_c86983" xlink:to="label_eba_c86983" />
    <link:loc xlink:type="locator" xlink:href="k_05.00.a-rend.xml#eba_c86984" xlink:label="loc_eba_c86984" />
    <label:label xlink:type="resource" xlink:label="label_eba_c86984" xml:lang="en" xlink:role="http://www.xbrl.org/2008/role/label">a. Segregated</label:label>
    <gen:arc xlink:type="arc" xlink:arcrole="http://xbrl.org/arcrole/2008/element-label" xlink:from="loc_eba_c86984" xlink:to="label_eba_c86984" />
    <link:loc xlink:type="locator" xlink:href="k_05.00.a-rend.xml#eba_c86987" xlink:label="loc_eba_c86987" />
    <label:label xlink:type="resource" xlink:label="label_eba_c86987" xml:lang="en" xlink:role="http://www.xbrl.org/2008/role/label">b. Unsegregated</label:label>
    <gen:arc xlink:type="arc" xlink:arcrole="http://xbrl.org/arcrole/2008/element-label" xlink:from="loc_eba_c86987" xlink:to="label_eba_c86987" />
    <link:loc xlink:type="locator" xlink:href="k_05.00.a-rend.xml#eba_c86990" xlink:label="loc_eba_c86990" />
    <label:label xlink:type="resource" xlink:label="label_eba_c86990" xml:lang="en" xlink:role="http://www.xbrl.org/2008/role/label">Collateral used in SFTs</label:label>
    <gen:arc xlink:type="arc" xlink:arcrole="http://xbrl.org/arcrole/2008/element-label" xlink:from="loc_eba_c86990" xlink:to="label_eba_c86990" />
    <link:loc xlink:type="locator" xlink:href="k_05.00.a-rend.xml#eba_c86991" xlink:label="loc_eba_c86991" />
    <label:label xlink:type="resource" xlink:label="label_eba_c86991" xml:lang="en" xlink:role="http://www.xbrl.org/2008/role/label">Fair value of collateral received</label:label>
    <gen:arc xlink:type="arc" xlink:arcrole="http://xbrl.org/arcrole/2008/element-label" xlink:from="loc_eba_c86991" xlink:to="label_eba_c86991" />
    <link:loc xlink:type="locator" xlink:href="k_05.00.a-rend.xml#eba_c86992" xlink:label="loc_eba_c86992" />
    <label:label xlink:type="resource" xlink:label="label_eba_c86992" xml:lang="en" xlink:role="http://www.xbrl.org/2008/role/label">e. Segregated</label:label>
    <gen:arc xlink:type="arc" xlink:arcrole="http://xbrl.org/arcrole/2008/element-label" xlink:from="loc_eba_c86992" xlink:to="label_eba_c86992" />
    <link:loc xlink:type="locator" xlink:href="k_05.00.a-rend.xml#eba_c86995" xlink:label="loc_eba_c86995" />
    <label:label xlink:type="resource" xlink:label="label_eba_c86995" xml:lang="en" xlink:role="http://www.xbrl.org/2008/role/label">f. Unsegregated</label:label>
    <gen:arc xlink:type="arc" xlink:arcrole="http://xbrl.org/arcrole/2008/element-label" xlink:from="loc_eba_c86995" xlink:to="label_eba_c86995" />
    <link:loc xlink:type="locator" xlink:href="k_05.00.a-rend.xml#eba_a2" xlink:label="loc_eba_a2" />
    <label:label xlink:type="resource" xlink:label="label_eba_a2" xml:lang="en" xlink:role="http://www.xbrl.org/2008/role/label">Rows</label:label>
    <gen:arc xlink:type="arc" xlink:arcrole="http://xbrl.org/arcrole/2008/element-label" xlink:from="loc_eba_a2" xlink:to="label_eba_a2" />
    <link:loc xlink:type="locator" xlink:href="k_05.00.a-rend.xml#eba_c87007" xlink:label="loc_eba_c87007" />
    <label:label xlink:type="resource" xlink:label="label_eba_c87007" xml:lang="en" xlink:role="http://www.xbrl.org/2008/role/label">9. Total</label:label>
    <gen:arc xlink:type="arc" xlink:arcrole="http://xbrl.org/arcrole/2008/element-label" xlink:from="loc_eba_c87007" xlink:to="label_eba_c87007" />
    <link:loc xlink:type="locator" xlink:href="k_05.00.a-rend.xml#eba_c86999" xlink:label="loc_eba_c86999" />
    <label:label xlink:type="resource" xlink:label="label_eba_c86999" xml:lang="en" xlink:role="http://www.xbrl.org/2008/role/label">1. Cash – domestic currency</label:label>
    <gen:arc xlink:type="arc" xlink:arcrole="http://xbrl.org/arcrole/2008/element-label" xlink:from="loc_eba_c86999" xlink:to="label_eba_c86999" />
    <link:loc xlink:type="locator" xlink:href="k_05.00.a-rend.xml#eba_c87000" xlink:label="loc_eba_c87000" />
    <label:label xlink:type="resource" xlink:label="label_eba_c87000" xml:lang="en" xlink:role="http://www.xbrl.org/2008/role/label">2. Cash – other currencies</label:label>
    <gen:arc xlink:type="arc" xlink:arcrole="http://xbrl.org/arcrole/2008/element-label" xlink:from="loc_eba_c87000" xlink:to="label_eba_c87000" />
    <link:loc xlink:type="locator" xlink:href="k_05.00.a-rend.xml#eba_c87001" xlink:label="loc_eba_c87001" />
    <label:label xlink:type="resource" xlink:label="label_eba_c87001" xml:lang="en" xlink:role="http://www.xbrl.org/2008/role/label">3. Domestic sovereign debt</label:label>
    <gen:arc xlink:type="arc" xlink:arcrole="http://xbrl.org/arcrole/2008/element-label" xlink:from="loc_eba_c87001" xlink:to="label_eba_c87001" />
    <link:loc xlink:type="locator" xlink:href="k_05.00.a-rend.xml#eba_c87002" xlink:label="loc_eba_c87002" />
    <label:label xlink:type="resource" xlink:label="label_eba_c87002" xml:lang="en" xlink:role="http://www.xbrl.org/2008/role/label">4. Other sovereign debt</label:label>
    <gen:arc xlink:type="arc" xlink:arcrole="http://xbrl.org/arcrole/2008/element-label" xlink:from="loc_eba_c87002" xlink:to="label_eba_c87002" />
    <link:loc xlink:type="locator" xlink:href="k_05.00.a-rend.xml#eba_c87003" xlink:label="loc_eba_c87003" />
    <label:label xlink:type="resource" xlink:label="label_eba_c87003" xml:lang="en" xlink:role="http://www.xbrl.org/2008/role/label">5. Government agency debt</label:label>
    <gen:arc xlink:type="arc" xlink:arcrole="http://xbrl.org/arcrole/2008/element-label" xlink:from="loc_eba_c87003" xlink:to="label_eba_c87003" />
    <link:loc xlink:type="locator" xlink:href="k_05.00.a-rend.xml#eba_c87004" xlink:label="loc_eba_c87004" />
    <label:label xlink:type="resource" xlink:label="label_eba_c87004" xml:lang="en" xlink:role="http://www.xbrl.org/2008/role/label">6. Corporate bonds</label:label>
    <gen:arc xlink:type="arc" xlink:arcrole="http://xbrl.org/arcrole/2008/element-label" xlink:from="loc_eba_c87004" xlink:to="label_eba_c87004" />
    <link:loc xlink:type="locator" xlink:href="k_05.00.a-rend.xml#eba_c87005" xlink:label="loc_eba_c87005" />
    <label:label xlink:type="resource" xlink:label="label_eba_c87005" xml:lang="en" xlink:role="http://www.xbrl.org/2008/role/label">7. Equity securities</label:label>
    <gen:arc xlink:type="arc" xlink:arcrole="http://xbrl.org/arcrole/2008/element-label" xlink:from="loc_eba_c87005" xlink:to="label_eba_c87005" />
    <link:loc xlink:type="locator" xlink:href="k_05.00.a-rend.xml#eba_c87006" xlink:label="loc_eba_c87006" />
    <label:label xlink:type="resource" xlink:label="label_eba_c87006" xml:lang="en" xlink:role="http://www.xbrl.org/2008/role/label">8. Other collateral</label:label>
    <gen:arc xlink:type="arc" xlink:arcrole="http://xbrl.org/arcrole/2008/element-label" xlink:from="loc_eba_c87006" xlink:to="label_eba_c87006" />
  </gen:link>
</link:linkbase>