﻿<?xml version="1.0" encoding="utf-8"?>
<?taxonomy-version 1.0.0.0 ?>  <?taxonomy-set-overall-version 3.3.0.0 ?>
<!--(C) EBA-->
<link:linkbase xmlns:xsi="http://www.w3.org/2001/XMLSchema-instance" xmlns:xlink="http://www.w3.org/1999/xlink" xmlns:link="http://www.xbrl.org/2003/linkbase" xmlns:gen="http://xbrl.org/2008/generic" xmlns:label="http://xbrl.org/2008/label" xmlns:formula="http://xbrl.org/2008/formula" xmlns:df="http://xbrl.org/2008/filter/dimension" xmlns:table="http://xbrl.org/2014/table" xmlns:model="http://www.eurofiling.info/xbrl/ext/model" xmlns:eba_dim="http://www.eba.europa.eu/xbrl/crr/dict/dim" xmlns:eba_BA="http://www.eba.europa.eu/xbrl/crr/dict/dom/BA" xmlns:eba_TR="http://www.eba.europa.eu/xbrl/crr/dict/dom/TR" xmlns:eba_PL="http://www.eba.europa.eu/xbrl/crr/dict/dom/PL" xmlns:eba_MC="http://www.eba.europa.eu/xbrl/crr/dict/dom/MC" xmlns:eba_met="http://www.eba.europa.eu/xbrl/crr/dict/met" xmlns:eba_BT="http://www.eba.europa.eu/xbrl/crr/dict/dom/BT" xmlns:eba_CT="http://www.eba.europa.eu/xbrl/crr/dict/dom/CT" xsi:schemaLocation="http://www.xbrl.org/2003/linkbase http://www.xbrl.org/2003/xbrl-linkbase-2003-12-31.xsd http://xbrl.org/2008/generic http://www.xbrl.org/2008/generic-link.xsd http://xbrl.org/2008/label http://www.xbrl.org/2008/generic-label.xsd http://xbrl.org/2008/formula http://www.xbrl.org/2008/formula.xsd http://xbrl.org/2008/filter/dimension http://www.xbrl.org/2008/dimension-filter.xsd http://xbrl.org/2014/table http://www.xbrl.org/2014/table.xsd http://www.eurofiling.info/xbrl/ext/model http://www.eurofiling.info/eu/fr/xbrl/ext/model.xsd">
  <link:arcroleRef arcroleURI="http://xbrl.org/arcrole/2014/breakdown-tree" xlink:type="simple" xlink:href="http://www.xbrl.org/2014/table.xsd#breakdown-tree" />
  <link:arcroleRef arcroleURI="http://xbrl.org/arcrole/2014/definition-node-subtree" xlink:type="simple" xlink:href="http://www.xbrl.org/2014/table.xsd#definition-node-subtree" />
  <link:arcroleRef arcroleURI="http://xbrl.org/arcrole/2014/table-breakdown" xlink:type="simple" xlink:href="http://www.xbrl.org/2014/table.xsd#table-breakdown" />
  <link:roleRef roleURI="http://www.eba.europa.eu/xbrl/crr/role/fws/PILLAR3/its-2021-637/2023-05-30/tab/K_05.00.a" xlink:type="simple" xlink:href="k_05.00.a.xsd#role" />
  <gen:link xlink:type="extended" xlink:role="http://www.eba.europa.eu/xbrl/crr/role/fws/PILLAR3/its-2021-637/2023-05-30/tab/K_05.00.a">
    <table:table xlink:type="resource" xlink:label="eba_tK_05.00.a" id="eba_tK_05.00.a" />
    <table:breakdown xlink:type="resource" xlink:label="eba_a1" parentChildOrder="parent-first" id="eba_a1" />
    <table:ruleNode xlink:type="resource" xlink:label="eba_a1.root" abstract="true" merge="true" id="eba_a1.root">
      <formula:explicitDimension dimension="eba_dim:BAS">
        <formula:member>
          <formula:qname>eba_BA:x17</formula:qname>
        </formula:member>
      </formula:explicitDimension>
      <formula:explicitDimension dimension="eba_dim:TRI">
        <formula:member>
          <formula:qname>eba_TR:x1</formula:qname>
        </formula:member>
      </formula:explicitDimension>
      <formula:explicitDimension dimension="eba_dim:PRP">
        <formula:member>
          <formula:qname>eba_PL:x10</formula:qname>
        </formula:member>
      </formula:explicitDimension>
    </table:ruleNode>
    <table:breakdownTreeArc xlink:type="arc" xlink:arcrole="http://xbrl.org/arcrole/2014/breakdown-tree" xlink:from="eba_a1" xlink:to="eba_a1.root" order="0" />
    <table:ruleNode xlink:type="resource" xlink:label="eba_c86982" abstract="true" id="eba_c86982">
      <formula:explicitDimension dimension="eba_dim:MCJ">
        <formula:member>
          <formula:qname>eba_MC:x1021</formula:qname>
        </formula:member>
      </formula:explicitDimension>
    </table:ruleNode>
    <table:ruleNode xlink:type="resource" xlink:label="eba_c86983" abstract="true" id="eba_c86983" />
    <table:ruleNode xlink:type="resource" xlink:label="eba_c86984" id="eba_c86984">
      <formula:concept>
        <formula:qname>eba_met:mi129</formula:qname>
      </formula:concept>
      <formula:explicitDimension dimension="eba_dim:TAN">
        <formula:member>
          <formula:qname>eba_MC:x1023</formula:qname>
        </formula:member>
      </formula:explicitDimension>
    </table:ruleNode>
    <table:definitionNodeSubtreeArc xlink:type="arc" xlink:arcrole="http://xbrl.org/arcrole/2014/definition-node-subtree" xlink:from="eba_c86983" xlink:to="eba_c86984" order="1" />
    <table:ruleNode xlink:type="resource" xlink:label="eba_c86987" id="eba_c86987">
      <formula:concept>
        <formula:qname>eba_met:mi129</formula:qname>
      </formula:concept>
      <formula:explicitDimension dimension="eba_dim:TAN">
        <formula:member>
          <formula:qname>eba_MC:x1024</formula:qname>
        </formula:member>
      </formula:explicitDimension>
    </table:ruleNode>
    <table:definitionNodeSubtreeArc xlink:type="arc" xlink:arcrole="http://xbrl.org/arcrole/2014/definition-node-subtree" xlink:from="eba_c86983" xlink:to="eba_c86987" order="2" />
    <table:definitionNodeSubtreeArc xlink:type="arc" xlink:arcrole="http://xbrl.org/arcrole/2014/definition-node-subtree" xlink:from="eba_c86982" xlink:to="eba_c86983" order="1" />
    <table:definitionNodeSubtreeArc xlink:type="arc" xlink:arcrole="http://xbrl.org/arcrole/2014/definition-node-subtree" xlink:from="eba_a1.root" xlink:to="eba_c86982" order="1" />
    <table:ruleNode xlink:type="resource" xlink:label="eba_c86990" abstract="true" id="eba_c86990">
      <formula:explicitDimension dimension="eba_dim:MCJ">
        <formula:member>
          <formula:qname>eba_MC:x306</formula:qname>
        </formula:member>
      </formula:explicitDimension>
    </table:ruleNode>
    <table:ruleNode xlink:type="resource" xlink:label="eba_c86991" abstract="true" id="eba_c86991" />
    <table:ruleNode xlink:type="resource" xlink:label="eba_c86992" id="eba_c86992">
      <formula:concept>
        <formula:qname>eba_met:mi129</formula:qname>
      </formula:concept>
      <formula:explicitDimension dimension="eba_dim:TAN">
        <formula:member>
          <formula:qname>eba_MC:x1023</formula:qname>
        </formula:member>
      </formula:explicitDimension>
    </table:ruleNode>
    <table:definitionNodeSubtreeArc xlink:type="arc" xlink:arcrole="http://xbrl.org/arcrole/2014/definition-node-subtree" xlink:from="eba_c86991" xlink:to="eba_c86992" order="1" />
    <table:ruleNode xlink:type="resource" xlink:label="eba_c86995" id="eba_c86995">
      <formula:concept>
        <formula:qname>eba_met:mi129</formula:qname>
      </formula:concept>
      <formula:explicitDimension dimension="eba_dim:TAN">
        <formula:member>
          <formula:qname>eba_MC:x1024</formula:qname>
        </formula:member>
      </formula:explicitDimension>
    </table:ruleNode>
    <table:definitionNodeSubtreeArc xlink:type="arc" xlink:arcrole="http://xbrl.org/arcrole/2014/definition-node-subtree" xlink:from="eba_c86991" xlink:to="eba_c86995" order="2" />
    <table:definitionNodeSubtreeArc xlink:type="arc" xlink:arcrole="http://xbrl.org/arcrole/2014/definition-node-subtree" xlink:from="eba_c86990" xlink:to="eba_c86991" order="1" />
    <table:definitionNodeSubtreeArc xlink:type="arc" xlink:arcrole="http://xbrl.org/arcrole/2014/definition-node-subtree" xlink:from="eba_a1.root" xlink:to="eba_c86990" order="2" />
    <table:tableBreakdownArc xlink:type="arc" xlink:arcrole="http://xbrl.org/arcrole/2014/table-breakdown" xlink:from="eba_tK_05.00.a" xlink:to="eba_a1" axis="x" order="1" />
    <table:breakdown xlink:type="resource" xlink:label="eba_a2" parentChildOrder="parent-first" id="eba_a2" />
    <table:ruleNode xlink:type="resource" xlink:label="eba_a2.root" abstract="true" merge="true" id="eba_a2.root">
      <formula:explicitDimension dimension="eba_dim:MCG">
        <formula:member>
          <formula:qname>eba_MC:x409</formula:qname>
        </formula:member>
      </formula:explicitDimension>
    </table:ruleNode>
    <table:breakdownTreeArc xlink:type="arc" xlink:arcrole="http://xbrl.org/arcrole/2014/breakdown-tree" xlink:from="eba_a2" xlink:to="eba_a2.root" order="0" />
    <table:ruleNode xlink:type="resource" xlink:label="eba_c87007" parentChildOrder="children-first" id="eba_c87007" />
    <table:ruleNode xlink:type="resource" xlink:label="eba_c86999" parentChildOrder="parent-first" id="eba_c86999">
      <formula:explicitDimension dimension="eba_dim:MCG">
        <formula:member>
          <formula:qname>eba_MC:x44</formula:qname>
        </formula:member>
      </formula:explicitDimension>
      <formula:explicitDimension dimension="eba_dim:CDN">
        <formula:member>
          <formula:qname>eba_BT:x6</formula:qname>
        </formula:member>
      </formula:explicitDimension>
    </table:ruleNode>
    <table:definitionNodeSubtreeArc xlink:type="arc" xlink:arcrole="http://xbrl.org/arcrole/2014/definition-node-subtree" xlink:from="eba_c87007" xlink:to="eba_c86999" order="1" />
    <table:ruleNode xlink:type="resource" xlink:label="eba_c87000" parentChildOrder="parent-first" id="eba_c87000">
      <formula:explicitDimension dimension="eba_dim:MCG">
        <formula:member>
          <formula:qname>eba_MC:x44</formula:qname>
        </formula:member>
      </formula:explicitDimension>
      <formula:explicitDimension dimension="eba_dim:CDN">
        <formula:member>
          <formula:qname>eba_BT:x7</formula:qname>
        </formula:member>
      </formula:explicitDimension>
    </table:ruleNode>
    <table:definitionNodeSubtreeArc xlink:type="arc" xlink:arcrole="http://xbrl.org/arcrole/2014/definition-node-subtree" xlink:from="eba_c87007" xlink:to="eba_c87000" order="2" />
    <table:ruleNode xlink:type="resource" xlink:label="eba_c87001" parentChildOrder="parent-first" id="eba_c87001">
      <formula:explicitDimension dimension="eba_dim:CPS">
        <formula:member>
          <formula:qname>eba_CT:x216</formula:qname>
        </formula:member>
      </formula:explicitDimension>
      <formula:explicitDimension dimension="eba_dim:MCG">
        <formula:member>
          <formula:qname>eba_MC:x58</formula:qname>
        </formula:member>
      </formula:explicitDimension>
      <formula:explicitDimension dimension="eba_dim:CDN">
        <formula:member>
          <formula:qname>eba_BT:x6</formula:qname>
        </formula:member>
      </formula:explicitDimension>
    </table:ruleNode>
    <table:definitionNodeSubtreeArc xlink:type="arc" xlink:arcrole="http://xbrl.org/arcrole/2014/definition-node-subtree" xlink:from="eba_c87007" xlink:to="eba_c87001" order="3" />
    <table:ruleNode xlink:type="resource" xlink:label="eba_c87002" parentChildOrder="parent-first" id="eba_c87002">
      <formula:explicitDimension dimension="eba_dim:CPS">
        <formula:member>
          <formula:qname>eba_CT:x216</formula:qname>
        </formula:member>
      </formula:explicitDimension>
      <formula:explicitDimension dimension="eba_dim:MCG">
        <formula:member>
          <formula:qname>eba_MC:x58</formula:qname>
        </formula:member>
      </formula:explicitDimension>
      <formula:explicitDimension dimension="eba_dim:CDN">
        <formula:member>
          <formula:qname>eba_BT:x7</formula:qname>
        </formula:member>
      </formula:explicitDimension>
    </table:ruleNode>
    <table:definitionNodeSubtreeArc xlink:type="arc" xlink:arcrole="http://xbrl.org/arcrole/2014/definition-node-subtree" xlink:from="eba_c87007" xlink:to="eba_c87002" order="4" />
    <table:ruleNode xlink:type="resource" xlink:label="eba_c87003" parentChildOrder="parent-first" id="eba_c87003">
      <formula:explicitDimension dimension="eba_dim:CPS">
        <formula:member>
          <formula:qname>eba_CT:x217</formula:qname>
        </formula:member>
      </formula:explicitDimension>
      <formula:explicitDimension dimension="eba_dim:MCG">
        <formula:member>
          <formula:qname>eba_MC:x58</formula:qname>
        </formula:member>
      </formula:explicitDimension>
    </table:ruleNode>
    <table:definitionNodeSubtreeArc xlink:type="arc" xlink:arcrole="http://xbrl.org/arcrole/2014/definition-node-subtree" xlink:from="eba_c87007" xlink:to="eba_c87003" order="5" />
    <table:ruleNode xlink:type="resource" xlink:label="eba_c87004" parentChildOrder="parent-first" id="eba_c87004">
      <formula:explicitDimension dimension="eba_dim:CPS">
        <formula:member>
          <formula:qname>eba_CT:x51</formula:qname>
        </formula:member>
      </formula:explicitDimension>
      <formula:explicitDimension dimension="eba_dim:MCG">
        <formula:member>
          <formula:qname>eba_MC:x60</formula:qname>
        </formula:member>
      </formula:explicitDimension>
    </table:ruleNode>
    <table:definitionNodeSubtreeArc xlink:type="arc" xlink:arcrole="http://xbrl.org/arcrole/2014/definition-node-subtree" xlink:from="eba_c87007" xlink:to="eba_c87004" order="6" />
    <table:ruleNode xlink:type="resource" xlink:label="eba_c87005" parentChildOrder="parent-first" id="eba_c87005">
      <formula:explicitDimension dimension="eba_dim:MCG">
        <formula:member>
          <formula:qname>eba_MC:x130</formula:qname>
        </formula:member>
      </formula:explicitDimension>
    </table:ruleNode>
    <table:definitionNodeSubtreeArc xlink:type="arc" xlink:arcrole="http://xbrl.org/arcrole/2014/definition-node-subtree" xlink:from="eba_c87007" xlink:to="eba_c87005" order="7" />
    <table:ruleNode xlink:type="resource" xlink:label="eba_c87006" parentChildOrder="parent-first" id="eba_c87006">
      <formula:explicitDimension dimension="eba_dim:MCG">
        <formula:member>
          <formula:qname>eba_MC:x1022</formula:qname>
        </formula:member>
      </formula:explicitDimension>
    </table:ruleNode>
    <table:definitionNodeSubtreeArc xlink:type="arc" xlink:arcrole="http://xbrl.org/arcrole/2014/definition-node-subtree" xlink:from="eba_c87007" xlink:to="eba_c87006" order="8" />
    <table:definitionNodeSubtreeArc xlink:type="arc" xlink:arcrole="http://xbrl.org/arcrole/2014/definition-node-subtree" xlink:from="eba_a2.root" xlink:to="eba_c87007" order="1" />
    <table:tableBreakdownArc xlink:type="arc" xlink:arcrole="http://xbrl.org/arcrole/2014/table-breakdown" xlink:from="eba_tK_05.00.a" xlink:to="eba_a2" axis="y" order="2" />
  </gen:link>
</link:linkbase>