﻿<?xml version="1.0" encoding="utf-8"?>
<?taxonomy-version 1.0.0.0 ?>  <?taxonomy-set-overall-version 3.3.0.0 ?>
<!--(C) EBA-->
<link:linkbase xmlns:xsi="http://www.w3.org/2001/XMLSchema-instance" xmlns:xlink="http://www.w3.org/1999/xlink" xmlns:link="http://www.xbrl.org/2003/linkbase" xmlns:gen="http://xbrl.org/2008/generic" xmlns:label="http://xbrl.org/2008/label" xsi:schemaLocation="http://www.xbrl.org/2003/linkbase http://www.xbrl.org/2003/xbrl-linkbase-2003-12-31.xsd http://xbrl.org/2008/generic http://www.xbrl.org/2008/generic-link.xsd http://xbrl.org/2008/label http://www.xbrl.org/2008/generic-label.xsd">
  <link:arcroleRef arcroleURI="http://xbrl.org/arcrole/2008/element-label" xlink:type="simple" xlink:href="http://www.xbrl.org/2008/generic-label.xsd#element-label" />
  <link:roleRef roleURI="http://www.xbrl.org/2008/role/label" xlink:type="simple" xlink:href="http://www.xbrl.org/2008/generic-label.xsd#standard-label" />
  <link:roleRef roleURI="http://www.xbrl.org/2008/role/verboseLabel" xlink:type="simple" xlink:href="http://www.xbrl.org/2008/generic-label.xsd#verbose-label" />
  <gen:link xlink:type="extended" xlink:role="http://www.xbrl.org/2003/role/link">
    <link:loc xlink:type="locator" xlink:href="d_09.03.b-rend.xml#eba_tD_09.03.b" xlink:label="loc_eba_tD_09.03.b" />
    <label:label xlink:type="resource" xlink:label="label_eba_tD_09.03.b" xml:lang="en" xlink:role="http://www.xbrl.org/2008/role/label">D 09.03.b</label:label>
    <gen:arc xlink:type="arc" xlink:arcrole="http://xbrl.org/arcrole/2008/element-label" xlink:from="loc_eba_tD_09.03.b" xlink:to="label_eba_tD_09.03.b" />
    <label:label xlink:type="resource" xlink:label="label_eba_tD_09.03.b_1" xml:lang="en" xlink:role="http://www.xbrl.org/2008/role/verboseLabel">D 09.03.b Summary table - BTAR % (cov) (II)</label:label>
    <gen:arc xlink:type="arc" xlink:arcrole="http://xbrl.org/arcrole/2008/element-label" xlink:from="loc_eba_tD_09.03.b" xlink:to="label_eba_tD_09.03.b_1" />
    <link:loc xlink:type="locator" xlink:href="d_09.03.b-rend.xml#eba_a1" xlink:label="loc_eba_a1" />
    <label:label xlink:type="resource" xlink:label="label_eba_a1" xml:lang="en" xlink:role="http://www.xbrl.org/2008/role/label">Columns</label:label>
    <gen:arc xlink:type="arc" xlink:arcrole="http://xbrl.org/arcrole/2008/element-label" xlink:from="loc_eba_a1" xlink:to="label_eba_a1" />
    <link:loc xlink:type="locator" xlink:href="d_09.03.b-rend.xml#eba_c86783" xlink:label="loc_eba_c86783" />
    <label:label xlink:type="resource" xlink:label="label_eba_c86783" xml:lang="en" xlink:role="http://www.xbrl.org/2008/role/label">KPI</label:label>
    <gen:arc xlink:type="arc" xlink:arcrole="http://xbrl.org/arcrole/2008/element-label" xlink:from="loc_eba_c86783" xlink:to="label_eba_c86783" />
    <link:loc xlink:type="locator" xlink:href="d_09.03.b-rend.xml#eba_c86784" xlink:label="loc_eba_c86784" />
    <label:label xlink:type="resource" xlink:label="label_eba_c86784" xml:lang="en" xlink:role="http://www.xbrl.org/2008/role/label">% coverage (over total assets)*</label:label>
    <gen:arc xlink:type="arc" xlink:arcrole="http://xbrl.org/arcrole/2008/element-label" xlink:from="loc_eba_c86784" xlink:to="label_eba_c86784" />
    <link:loc xlink:type="locator" xlink:href="d_09.03.b-rend.xml#eba_a2" xlink:label="loc_eba_a2" />
    <label:label xlink:type="resource" xlink:label="label_eba_a2" xml:lang="en" xlink:role="http://www.xbrl.org/2008/role/label">Rows</label:label>
    <gen:arc xlink:type="arc" xlink:arcrole="http://xbrl.org/arcrole/2008/element-label" xlink:from="loc_eba_a2" xlink:to="label_eba_a2" />
    <link:loc xlink:type="locator" xlink:href="d_09.03.b-rend.xml#eba_c86781" xlink:label="loc_eba_c86781" />
    <label:label xlink:type="resource" xlink:label="label_eba_c86781" xml:lang="en" xlink:role="http://www.xbrl.org/2008/role/label">BTAR stock</label:label>
    <gen:arc xlink:type="arc" xlink:arcrole="http://xbrl.org/arcrole/2008/element-label" xlink:from="loc_eba_c86781" xlink:to="label_eba_c86781" />
    <link:loc xlink:type="locator" xlink:href="d_09.03.b-rend.xml#eba_c86782" xlink:label="loc_eba_c86782" />
    <label:label xlink:type="resource" xlink:label="label_eba_c86782" xml:lang="en" xlink:role="http://www.xbrl.org/2008/role/label">BTAR flow</label:label>
    <gen:arc xlink:type="arc" xlink:arcrole="http://xbrl.org/arcrole/2008/element-label" xlink:from="loc_eba_c86782" xlink:to="label_eba_c86782" />
  </gen:link>
</link:linkbase>