﻿<?xml version="1.0" encoding="utf-8"?>
<?taxonomy-version 1.0.0.0 ?>  <?taxonomy-set-overall-version 3.3.0.0 ?>
<!--(C) EBA-->
<link:linkbase xmlns:xsi="http://www.w3.org/2001/XMLSchema-instance" xmlns:xlink="http://www.w3.org/1999/xlink" xmlns:link="http://www.xbrl.org/2003/linkbase" xmlns:gen="http://xbrl.org/2008/generic" xmlns:label="http://xbrl.org/2008/label" xsi:schemaLocation="http://www.xbrl.org/2003/linkbase http://www.xbrl.org/2003/xbrl-linkbase-2003-12-31.xsd http://xbrl.org/2008/generic http://www.xbrl.org/2008/generic-link.xsd http://xbrl.org/2008/label http://www.xbrl.org/2008/generic-label.xsd">
  <link:arcroleRef arcroleURI="http://xbrl.org/arcrole/2008/element-label" xlink:type="simple" xlink:href="http://www.xbrl.org/2008/generic-label.xsd#element-label" />
  <link:roleRef roleURI="http://www.eba.europa.eu/xbrl/role/dpm-db-id" xlink:type="simple" xlink:href="http://www.eba.europa.eu/eu/fr/xbrl/ext/model.xsd#dpm-db-id" />
  <link:roleRef roleURI="http://www.eurofiling.info/xbrl/role/filing-indicator-code" xlink:type="simple" xlink:href="http://www.eurofiling.info/eu/fr/xbrl/ext/model.xsd#filing-indicator-code" />
  <link:roleRef roleURI="http://www.eurofiling.info/xbrl/role/rc-code" xlink:type="simple" xlink:href="http://www.eurofiling.info/eu/fr/xbrl/ext/model.xsd#rc-code" />
  <gen:link xlink:type="extended" xlink:role="http://www.xbrl.org/2003/role/link">
    <link:loc xlink:type="locator" xlink:href="d_09.03.b-rend.xml#eba_tD_09.03.b" xlink:label="loc_eba_tD_09.03.b" />
    <label:label xlink:type="resource" xlink:label="label_eba_tD_09.03.b" xml:lang="en" xlink:role="http://www.eurofiling.info/xbrl/role/rc-code">D 09.03.b</label:label>
    <gen:arc xlink:type="arc" xlink:arcrole="http://xbrl.org/arcrole/2008/element-label" xlink:from="loc_eba_tD_09.03.b" xlink:to="label_eba_tD_09.03.b" />
    <link:loc xlink:type="locator" xlink:href="d_09.03.b-rend.xml#eba_c86783" xlink:label="loc_eba_c86783" />
    <label:label xlink:type="resource" xlink:label="label_eba_c86783" xml:lang="en" xlink:role="http://www.eurofiling.info/xbrl/role/rc-code">0009</label:label>
    <gen:arc xlink:type="arc" xlink:arcrole="http://xbrl.org/arcrole/2008/element-label" xlink:from="loc_eba_c86783" xlink:to="label_eba_c86783" />
    <link:loc xlink:type="locator" xlink:href="d_09.03.b-rend.xml#eba_c86784" xlink:label="loc_eba_c86784" />
    <label:label xlink:type="resource" xlink:label="label_eba_c86784" xml:lang="en" xlink:role="http://www.eurofiling.info/xbrl/role/rc-code">0040</label:label>
    <gen:arc xlink:type="arc" xlink:arcrole="http://xbrl.org/arcrole/2008/element-label" xlink:from="loc_eba_c86784" xlink:to="label_eba_c86784" />
    <link:loc xlink:type="locator" xlink:href="d_09.03.b-rend.xml#eba_c86781" xlink:label="loc_eba_c86781" />
    <label:label xlink:type="resource" xlink:label="label_eba_c86781" xml:lang="en" xlink:role="http://www.eurofiling.info/xbrl/role/rc-code">0010</label:label>
    <gen:arc xlink:type="arc" xlink:arcrole="http://xbrl.org/arcrole/2008/element-label" xlink:from="loc_eba_c86781" xlink:to="label_eba_c86781" />
    <link:loc xlink:type="locator" xlink:href="d_09.03.b-rend.xml#eba_c86782" xlink:label="loc_eba_c86782" />
    <label:label xlink:type="resource" xlink:label="label_eba_c86782" xml:lang="en" xlink:role="http://www.eurofiling.info/xbrl/role/rc-code">0020</label:label>
    <gen:arc xlink:type="arc" xlink:arcrole="http://xbrl.org/arcrole/2008/element-label" xlink:from="loc_eba_c86782" xlink:to="label_eba_c86782" />
    <label:label xlink:type="resource" xlink:label="label_eba_tD_09.03.b_1" xml:lang="en" xlink:role="http://www.eurofiling.info/xbrl/role/filing-indicator-code">D_09.03</label:label>
    <gen:arc xlink:type="arc" xlink:arcrole="http://xbrl.org/arcrole/2008/element-label" xlink:from="loc_eba_tD_09.03.b" xlink:to="label_eba_tD_09.03.b_1" />
    <label:label xlink:type="resource" xlink:label="label_eba_tD_09.03.b_2" xml:lang="en" xlink:role="http://www.eba.europa.eu/xbrl/role/dpm-db-id">821.2318</label:label>
    <gen:arc xlink:type="arc" xlink:arcrole="http://xbrl.org/arcrole/2008/element-label" xlink:from="loc_eba_tD_09.03.b" xlink:to="label_eba_tD_09.03.b_2" />
    <label:label xlink:type="resource" xlink:label="label_eba_c86783_1" xml:lang="en" xlink:role="http://www.eba.europa.eu/xbrl/role/dpm-db-id">86783</label:label>
    <gen:arc xlink:type="arc" xlink:arcrole="http://xbrl.org/arcrole/2008/element-label" xlink:from="loc_eba_c86783" xlink:to="label_eba_c86783_1" />
    <label:label xlink:type="resource" xlink:label="label_eba_c86784_1" xml:lang="en" xlink:role="http://www.eba.europa.eu/xbrl/role/dpm-db-id">86784</label:label>
    <gen:arc xlink:type="arc" xlink:arcrole="http://xbrl.org/arcrole/2008/element-label" xlink:from="loc_eba_c86784" xlink:to="label_eba_c86784_1" />
    <label:label xlink:type="resource" xlink:label="label_eba_c86781_1" xml:lang="en" xlink:role="http://www.eba.europa.eu/xbrl/role/dpm-db-id">86781</label:label>
    <gen:arc xlink:type="arc" xlink:arcrole="http://xbrl.org/arcrole/2008/element-label" xlink:from="loc_eba_c86781" xlink:to="label_eba_c86781_1" />
    <label:label xlink:type="resource" xlink:label="label_eba_c86782_1" xml:lang="en" xlink:role="http://www.eba.europa.eu/xbrl/role/dpm-db-id">86782</label:label>
    <gen:arc xlink:type="arc" xlink:arcrole="http://xbrl.org/arcrole/2008/element-label" xlink:from="loc_eba_c86782" xlink:to="label_eba_c86782_1" />
  </gen:link>
</link:linkbase>