{
    "documentInfo": {
        "documentType": "https://xbrl.org/CR/2021-02-03/xbrl-csv",
        "namespaces": {
            "eba": "http://www.eba.europa.eu",
            "eba_AP": "http://www.eba.europa.eu/xbrl/crr/dict/dom/AP",
            "eba_BA": "http://www.eba.europa.eu/xbrl/crr/dict/dom/BA",
            "eba_CT": "http://www.eba.europa.eu/xbrl/crr/dict/dom/CT",
            "eba_EC": "http://www.eba.europa.eu/xbrl/crr/dict/dom/EC",
            "eba_MC": "http://www.eba.europa.eu/xbrl/crr/dict/dom/MC",
            "eba_PC": "http://www.eba.europa.eu/xbrl/crr/dict/dom/PC",
            "eba_PL": "http://www.eba.europa.eu/xbrl/crr/dict/dom/PL",
            "eba_TR": "http://www.eba.europa.eu/xbrl/crr/dict/dom/TR",
            "eba_dim": "http://www.eba.europa.eu/xbrl/crr/dict/dim",
            "eba_met": "http://www.eba.europa.eu/xbrl/crr/dict/met"
        }
    },
    "tableTemplates": {
        "K_04-00-b": {
            "columns": {
                "datapoint": {
                    "propertyGroups": {
                        "dp472936": {
                            "decimals": "$decimalsMonetary",
                            "dimensions": {
                                "concept": "eba_met:mi119",
                                "eba_dim:APR": "eba_AP:x66",
                                "eba_dim:BAS": "eba_BA:x9",
                                "eba_dim:CPS": "eba_CT:x6",
                                "eba_dim:CPY": "eba_CT:x637",
                                "eba_dim:EXC": "eba_EC:x4",
                                "eba_dim:MCY": "eba_MC:x309",
                                "eba_dim:PDR": "eba_PC:x416",
                                "eba_dim:PRP": "eba_PL:x10",
                                "eba_dim:TRI": "eba_TR:x1",
                                "unit": "$baseCurrency"
                            },
                            "eba:documentation": {
                                "CellCode": "{K 04.00.b, r0100, c0010, s0003}",
                                "DataPointVersionId": "472936"
                            }
                        },
                        "dp472940": {
                            "decimals": "$decimalsMonetary",
                            "dimensions": {
                                "concept": "eba_met:mi119",
                                "eba_dim:APR": "eba_AP:x66",
                                "eba_dim:BAS": "eba_BA:x9",
                                "eba_dim:CPS": "eba_CT:x22",
                                "eba_dim:CPY": "eba_CT:x637",
                                "eba_dim:EXC": "eba_EC:x4",
                                "eba_dim:MCY": "eba_MC:x309",
                                "eba_dim:PDR": "eba_PC:x416",
                                "eba_dim:PRP": "eba_PL:x10",
                                "eba_dim:TRI": "eba_TR:x1",
                                "unit": "$baseCurrency"
                            },
                            "eba:documentation": {
                                "CellCode": "{K 04.00.b, r0100, c0010, s0007}",
                                "DataPointVersionId": "472940"
                            }
                        },
                        "dp472955": {
                            "decimals": "$decimalsMonetary",
                            "dimensions": {
                                "concept": "eba_met:mi119",
                                "eba_dim:APR": "eba_AP:x66",
                                "eba_dim:BAS": "eba_BA:x9",
                                "eba_dim:CPS": "eba_CT:x24",
                                "eba_dim:CPY": "eba_CT:x637",
                                "eba_dim:EXC": "eba_EC:x4",
                                "eba_dim:MCY": "eba_MC:x309",
                                "eba_dim:PDR": "eba_PC:x416",
                                "eba_dim:PRP": "eba_PL:x10",
                                "eba_dim:TRI": "eba_TR:x1",
                                "unit": "$baseCurrency"
                            },
                            "eba:documentation": {
                                "CellCode": "{K 04.00.b, r0100, c0010, s0001}",
                                "DataPointVersionId": "472955"
                            }
                        },
                        "dp472959": {
                            "decimals": "$decimalsMonetary",
                            "dimensions": {
                                "concept": "eba_met:mi119",
                                "eba_dim:APR": "eba_AP:x66",
                                "eba_dim:BAS": "eba_BA:x9",
                                "eba_dim:CPS": "eba_CT:x51",
                                "eba_dim:CPY": "eba_CT:x637",
                                "eba_dim:EXC": "eba_EC:x4",
                                "eba_dim:MCY": "eba_MC:x309",
                                "eba_dim:PDR": "eba_PC:x416",
                                "eba_dim:PRP": "eba_PL:x10",
                                "eba_dim:TRI": "eba_TR:x1",
                                "unit": "$baseCurrency"
                            },
                            "eba:documentation": {
                                "CellCode": "{K 04.00.b, r0100, c0010, s0005}",
                                "DataPointVersionId": "472959"
                            }
                        },
                        "dp472973": {
                            "decimals": "$decimalsPercentage",
                            "dimensions": {
                                "concept": "eba_met:pi128",
                                "eba_dim:APR": "eba_AP:x66",
                                "eba_dim:BAS": "eba_BA:x17",
                                "eba_dim:CPS": "eba_CT:x6",
                                "eba_dim:CPY": "eba_CT:x637",
                                "eba_dim:EXC": "eba_EC:x4",
                                "eba_dim:MCY": "eba_MC:x309",
                                "eba_dim:PDR": "eba_PC:x416",
                                "eba_dim:PRP": "eba_PL:x10",
                                "eba_dim:TRI": "eba_TR:x1"
                            },
                            "eba:documentation": {
                                "CellCode": "{K 04.00.b, r0100, c0040, s0003}",
                                "DataPointVersionId": "472973"
                            }
                        },
                        "dp472977": {
                            "decimals": "$decimalsPercentage",
                            "dimensions": {
                                "concept": "eba_met:pi128",
                                "eba_dim:APR": "eba_AP:x66",
                                "eba_dim:BAS": "eba_BA:x17",
                                "eba_dim:CPS": "eba_CT:x22",
                                "eba_dim:CPY": "eba_CT:x637",
                                "eba_dim:EXC": "eba_EC:x4",
                                "eba_dim:MCY": "eba_MC:x309",
                                "eba_dim:PDR": "eba_PC:x416",
                                "eba_dim:PRP": "eba_PL:x10",
                                "eba_dim:TRI": "eba_TR:x1"
                            },
                            "eba:documentation": {
                                "CellCode": "{K 04.00.b, r0100, c0040, s0007}",
                                "DataPointVersionId": "472977"
                            }
                        },
                        "dp472992": {
                            "decimals": "$decimalsPercentage",
                            "dimensions": {
                                "concept": "eba_met:pi128",
                                "eba_dim:APR": "eba_AP:x66",
                                "eba_dim:BAS": "eba_BA:x17",
                                "eba_dim:CPS": "eba_CT:x24",
                                "eba_dim:CPY": "eba_CT:x637",
                                "eba_dim:EXC": "eba_EC:x4",
                                "eba_dim:MCY": "eba_MC:x309",
                                "eba_dim:PDR": "eba_PC:x416",
                                "eba_dim:PRP": "eba_PL:x10",
                                "eba_dim:TRI": "eba_TR:x1"
                            },
                            "eba:documentation": {
                                "CellCode": "{K 04.00.b, r0100, c0040, s0001}",
                                "DataPointVersionId": "472992"
                            }
                        },
                        "dp472996": {
                            "decimals": "$decimalsPercentage",
                            "dimensions": {
                                "concept": "eba_met:pi128",
                                "eba_dim:APR": "eba_AP:x66",
                                "eba_dim:BAS": "eba_BA:x17",
                                "eba_dim:CPS": "eba_CT:x51",
                                "eba_dim:CPY": "eba_CT:x637",
                                "eba_dim:EXC": "eba_EC:x4",
                                "eba_dim:MCY": "eba_MC:x309",
                                "eba_dim:PDR": "eba_PC:x416",
                                "eba_dim:PRP": "eba_PL:x10",
                                "eba_dim:TRI": "eba_TR:x1"
                            },
                            "eba:documentation": {
                                "CellCode": "{K 04.00.b, r0100, c0040, s0005}",
                                "DataPointVersionId": "472996"
                            }
                        },
                        "dp473010": {
                            "decimals": "$decimalsInteger",
                            "dimensions": {
                                "concept": "eba_met:ii177",
                                "eba_dim:APR": "eba_AP:x66",
                                "eba_dim:BAS": "eba_BA:x17",
                                "eba_dim:CPS": "eba_CT:x6",
                                "eba_dim:CPY": "eba_CT:x637",
                                "eba_dim:EXC": "eba_EC:x4",
                                "eba_dim:MCY": "eba_MC:x309",
                                "eba_dim:PDR": "eba_PC:x416",
                                "eba_dim:PRP": "eba_PL:x10",
                                "eba_dim:TRI": "eba_TR:x1"
                            },
                            "eba:documentation": {
                                "CellCode": "{K 04.00.b, r0100, c0030, s0003}",
                                "DataPointVersionId": "473010"
                            }
                        },
                        "dp473031": {
                            "decimals": "$decimalsInteger",
                            "dimensions": {
                                "concept": "eba_met:ii177",
                                "eba_dim:APR": "eba_AP:x66",
                                "eba_dim:BAS": "eba_BA:x17",
                                "eba_dim:CPS": "eba_CT:x22",
                                "eba_dim:CPY": "eba_CT:x637",
                                "eba_dim:EXC": "eba_EC:x4",
                                "eba_dim:MCY": "eba_MC:x309",
                                "eba_dim:PDR": "eba_PC:x416",
                                "eba_dim:PRP": "eba_PL:x10",
                                "eba_dim:TRI": "eba_TR:x1"
                            },
                            "eba:documentation": {
                                "CellCode": "{K 04.00.b, r0100, c0030, s0007}",
                                "DataPointVersionId": "473031"
                            }
                        },
                        "dp473131": {
                            "decimals": "$decimalsInteger",
                            "dimensions": {
                                "concept": "eba_met:ii177",
                                "eba_dim:APR": "eba_AP:x66",
                                "eba_dim:BAS": "eba_BA:x17",
                                "eba_dim:CPS": "eba_CT:x24",
                                "eba_dim:CPY": "eba_CT:x637",
                                "eba_dim:EXC": "eba_EC:x4",
                                "eba_dim:MCY": "eba_MC:x309",
                                "eba_dim:PDR": "eba_PC:x416",
                                "eba_dim:PRP": "eba_PL:x10",
                                "eba_dim:TRI": "eba_TR:x1"
                            },
                            "eba:documentation": {
                                "CellCode": "{K 04.00.b, r0100, c0030, s0001}",
                                "DataPointVersionId": "473131"
                            }
                        },
                        "dp473152": {
                            "decimals": "$decimalsInteger",
                            "dimensions": {
                                "concept": "eba_met:ii177",
                                "eba_dim:APR": "eba_AP:x66",
                                "eba_dim:BAS": "eba_BA:x17",
                                "eba_dim:CPS": "eba_CT:x51",
                                "eba_dim:CPY": "eba_CT:x637",
                                "eba_dim:EXC": "eba_EC:x4",
                                "eba_dim:MCY": "eba_MC:x309",
                                "eba_dim:PDR": "eba_PC:x416",
                                "eba_dim:PRP": "eba_PL:x10",
                                "eba_dim:TRI": "eba_TR:x1"
                            },
                            "eba:documentation": {
                                "CellCode": "{K 04.00.b, r0100, c0030, s0005}",
                                "DataPointVersionId": "473152"
                            }
                        },
                        "dp473218": {
                            "decimals": "$decimalsPercentage",
                            "dimensions": {
                                "concept": "eba_met:pi187",
                                "eba_dim:APR": "eba_AP:x66",
                                "eba_dim:BAS": "eba_BA:x17",
                                "eba_dim:CPS": "eba_CT:x6",
                                "eba_dim:CPY": "eba_CT:x637",
                                "eba_dim:EXC": "eba_EC:x4",
                                "eba_dim:MCY": "eba_MC:x309",
                                "eba_dim:PDR": "eba_PC:x416",
                                "eba_dim:PRP": "eba_PL:x10",
                                "eba_dim:TRI": "eba_TR:x1"
                            },
                            "eba:documentation": {
                                "CellCode": "{K 04.00.b, r0100, c0020, s0003}",
                                "DataPointVersionId": "473218"
                            }
                        },
                        "dp473239": {
                            "decimals": "$decimalsPercentage",
                            "dimensions": {
                                "concept": "eba_met:pi187",
                                "eba_dim:APR": "eba_AP:x66",
                                "eba_dim:BAS": "eba_BA:x17",
                                "eba_dim:CPS": "eba_CT:x22",
                                "eba_dim:CPY": "eba_CT:x637",
                                "eba_dim:EXC": "eba_EC:x4",
                                "eba_dim:MCY": "eba_MC:x309",
                                "eba_dim:PDR": "eba_PC:x416",
                                "eba_dim:PRP": "eba_PL:x10",
                                "eba_dim:TRI": "eba_TR:x1"
                            },
                            "eba:documentation": {
                                "CellCode": "{K 04.00.b, r0100, c0020, s0007}",
                                "DataPointVersionId": "473239"
                            }
                        },
                        "dp473339": {
                            "decimals": "$decimalsPercentage",
                            "dimensions": {
                                "concept": "eba_met:pi187",
                                "eba_dim:APR": "eba_AP:x66",
                                "eba_dim:BAS": "eba_BA:x17",
                                "eba_dim:CPS": "eba_CT:x24",
                                "eba_dim:CPY": "eba_CT:x637",
                                "eba_dim:EXC": "eba_EC:x4",
                                "eba_dim:MCY": "eba_MC:x309",
                                "eba_dim:PDR": "eba_PC:x416",
                                "eba_dim:PRP": "eba_PL:x10",
                                "eba_dim:TRI": "eba_TR:x1"
                            },
                            "eba:documentation": {
                                "CellCode": "{K 04.00.b, r0100, c0020, s0001}",
                                "DataPointVersionId": "473339"
                            }
                        },
                        "dp473360": {
                            "decimals": "$decimalsPercentage",
                            "dimensions": {
                                "concept": "eba_met:pi187",
                                "eba_dim:APR": "eba_AP:x66",
                                "eba_dim:BAS": "eba_BA:x17",
                                "eba_dim:CPS": "eba_CT:x51",
                                "eba_dim:CPY": "eba_CT:x637",
                                "eba_dim:EXC": "eba_EC:x4",
                                "eba_dim:MCY": "eba_MC:x309",
                                "eba_dim:PDR": "eba_PC:x416",
                                "eba_dim:PRP": "eba_PL:x10",
                                "eba_dim:TRI": "eba_TR:x1"
                            },
                            "eba:documentation": {
                                "CellCode": "{K 04.00.b, r0100, c0020, s0005}",
                                "DataPointVersionId": "473360"
                            }
                        },
                        "dp473608": {
                            "decimals": "$decimalsInteger",
                            "dimensions": {
                                "concept": "eba_met:ii791",
                                "eba_dim:APR": "eba_AP:x66",
                                "eba_dim:BAS": "eba_BA:x17",
                                "eba_dim:CPS": "eba_CT:x6",
                                "eba_dim:CPY": "eba_CT:x637",
                                "eba_dim:EXC": "eba_EC:x4",
                                "eba_dim:MCY": "eba_MC:x309",
                                "eba_dim:PDR": "eba_PC:x416",
                                "eba_dim:PRP": "eba_PL:x10",
                                "eba_dim:TRI": "eba_TR:x1"
                            },
                            "eba:documentation": {
                                "CellCode": "{K 04.00.b, r0100, c0050, s0003}",
                                "DataPointVersionId": "473608"
                            }
                        },
                        "dp473611": {
                            "decimals": "$decimalsInteger",
                            "dimensions": {
                                "concept": "eba_met:ii791",
                                "eba_dim:APR": "eba_AP:x66",
                                "eba_dim:BAS": "eba_BA:x17",
                                "eba_dim:CPS": "eba_CT:x22",
                                "eba_dim:CPY": "eba_CT:x637",
                                "eba_dim:EXC": "eba_EC:x4",
                                "eba_dim:MCY": "eba_MC:x309",
                                "eba_dim:PDR": "eba_PC:x416",
                                "eba_dim:PRP": "eba_PL:x10",
                                "eba_dim:TRI": "eba_TR:x1"
                            },
                            "eba:documentation": {
                                "CellCode": "{K 04.00.b, r0100, c0050, s0007}",
                                "DataPointVersionId": "473611"
                            }
                        },
                        "dp473621": {
                            "decimals": "$decimalsInteger",
                            "dimensions": {
                                "concept": "eba_met:ii791",
                                "eba_dim:APR": "eba_AP:x66",
                                "eba_dim:BAS": "eba_BA:x17",
                                "eba_dim:CPS": "eba_CT:x24",
                                "eba_dim:CPY": "eba_CT:x637",
                                "eba_dim:EXC": "eba_EC:x4",
                                "eba_dim:MCY": "eba_MC:x309",
                                "eba_dim:PDR": "eba_PC:x416",
                                "eba_dim:PRP": "eba_PL:x10",
                                "eba_dim:TRI": "eba_TR:x1"
                            },
                            "eba:documentation": {
                                "CellCode": "{K 04.00.b, r0100, c0050, s0001}",
                                "DataPointVersionId": "473621"
                            }
                        },
                        "dp473624": {
                            "decimals": "$decimalsInteger",
                            "dimensions": {
                                "concept": "eba_met:ii791",
                                "eba_dim:APR": "eba_AP:x66",
                                "eba_dim:BAS": "eba_BA:x17",
                                "eba_dim:CPS": "eba_CT:x51",
                                "eba_dim:CPY": "eba_CT:x637",
                                "eba_dim:EXC": "eba_EC:x4",
                                "eba_dim:MCY": "eba_MC:x309",
                                "eba_dim:PDR": "eba_PC:x416",
                                "eba_dim:PRP": "eba_PL:x10",
                                "eba_dim:TRI": "eba_TR:x1"
                            },
                            "eba:documentation": {
                                "CellCode": "{K 04.00.b, r0100, c0050, s0005}",
                                "DataPointVersionId": "473624"
                            }
                        },
                        "dp473634": {
                            "decimals": "$decimalsPercentage",
                            "dimensions": {
                                "concept": "eba_met:pi792",
                                "eba_dim:APR": "eba_AP:x66",
                                "eba_dim:BAS": "eba_BA:x17",
                                "eba_dim:CPS": "eba_CT:x6",
                                "eba_dim:CPY": "eba_CT:x637",
                                "eba_dim:EXC": "eba_EC:x4",
                                "eba_dim:MCY": "eba_MC:x309",
                                "eba_dim:PDR": "eba_PC:x416",
                                "eba_dim:PRP": "eba_PL:x10",
                                "eba_dim:TRI": "eba_TR:x1"
                            },
                            "eba:documentation": {
                                "CellCode": "{K 04.00.b, r0100, c0070, s0003}",
                                "DataPointVersionId": "473634"
                            }
                        },
                        "dp473655": {
                            "decimals": "$decimalsPercentage",
                            "dimensions": {
                                "concept": "eba_met:pi792",
                                "eba_dim:APR": "eba_AP:x66",
                                "eba_dim:BAS": "eba_BA:x17",
                                "eba_dim:CPS": "eba_CT:x22",
                                "eba_dim:CPY": "eba_CT:x637",
                                "eba_dim:EXC": "eba_EC:x4",
                                "eba_dim:MCY": "eba_MC:x309",
                                "eba_dim:PDR": "eba_PC:x416",
                                "eba_dim:PRP": "eba_PL:x10",
                                "eba_dim:TRI": "eba_TR:x1"
                            },
                            "eba:documentation": {
                                "CellCode": "{K 04.00.b, r0100, c0070, s0007}",
                                "DataPointVersionId": "473655"
                            }
                        },
                        "dp473755": {
                            "decimals": "$decimalsPercentage",
                            "dimensions": {
                                "concept": "eba_met:pi792",
                                "eba_dim:APR": "eba_AP:x66",
                                "eba_dim:BAS": "eba_BA:x17",
                                "eba_dim:CPS": "eba_CT:x24",
                                "eba_dim:CPY": "eba_CT:x637",
                                "eba_dim:EXC": "eba_EC:x4",
                                "eba_dim:MCY": "eba_MC:x309",
                                "eba_dim:PDR": "eba_PC:x416",
                                "eba_dim:PRP": "eba_PL:x10",
                                "eba_dim:TRI": "eba_TR:x1"
                            },
                            "eba:documentation": {
                                "CellCode": "{K 04.00.b, r0100, c0070, s0001}",
                                "DataPointVersionId": "473755"
                            }
                        },
                        "dp473776": {
                            "decimals": "$decimalsPercentage",
                            "dimensions": {
                                "concept": "eba_met:pi792",
                                "eba_dim:APR": "eba_AP:x66",
                                "eba_dim:BAS": "eba_BA:x17",
                                "eba_dim:CPS": "eba_CT:x51",
                                "eba_dim:CPY": "eba_CT:x637",
                                "eba_dim:EXC": "eba_EC:x4",
                                "eba_dim:MCY": "eba_MC:x309",
                                "eba_dim:PDR": "eba_PC:x416",
                                "eba_dim:PRP": "eba_PL:x10",
                                "eba_dim:TRI": "eba_TR:x1"
                            },
                            "eba:documentation": {
                                "CellCode": "{K 04.00.b, r0100, c0070, s0005}",
                                "DataPointVersionId": "473776"
                            }
                        },
                        "dp473841": {
                            "decimals": "$decimalsMonetary",
                            "dimensions": {
                                "concept": "eba_met:mi793",
                                "eba_dim:APR": "eba_AP:x66",
                                "eba_dim:BAS": "eba_BA:x9",
                                "eba_dim:CPS": "eba_CT:x6",
                                "eba_dim:CPY": "eba_CT:x637",
                                "eba_dim:EXC": "eba_EC:x4",
                                "eba_dim:MCY": "eba_MC:x309",
                                "eba_dim:PDR": "eba_PC:x416",
                                "eba_dim:PRP": "eba_PL:x10",
                                "eba_dim:TRI": "eba_TR:x1",
                                "unit": "$baseCurrency"
                            },
                            "eba:documentation": {
                                "CellCode": "{K 04.00.b, r0100, c0060, s0003}",
                                "DataPointVersionId": "473841"
                            }
                        },
                        "dp473845": {
                            "decimals": "$decimalsMonetary",
                            "dimensions": {
                                "concept": "eba_met:mi793",
                                "eba_dim:APR": "eba_AP:x66",
                                "eba_dim:BAS": "eba_BA:x9",
                                "eba_dim:CPS": "eba_CT:x22",
                                "eba_dim:CPY": "eba_CT:x637",
                                "eba_dim:EXC": "eba_EC:x4",
                                "eba_dim:MCY": "eba_MC:x309",
                                "eba_dim:PDR": "eba_PC:x416",
                                "eba_dim:PRP": "eba_PL:x10",
                                "eba_dim:TRI": "eba_TR:x1",
                                "unit": "$baseCurrency"
                            },
                            "eba:documentation": {
                                "CellCode": "{K 04.00.b, r0100, c0060, s0007}",
                                "DataPointVersionId": "473845"
                            }
                        },
                        "dp473860": {
                            "decimals": "$decimalsMonetary",
                            "dimensions": {
                                "concept": "eba_met:mi793",
                                "eba_dim:APR": "eba_AP:x66",
                                "eba_dim:BAS": "eba_BA:x9",
                                "eba_dim:CPS": "eba_CT:x24",
                                "eba_dim:CPY": "eba_CT:x637",
                                "eba_dim:EXC": "eba_EC:x4",
                                "eba_dim:MCY": "eba_MC:x309",
                                "eba_dim:PDR": "eba_PC:x416",
                                "eba_dim:PRP": "eba_PL:x10",
                                "eba_dim:TRI": "eba_TR:x1",
                                "unit": "$baseCurrency"
                            },
                            "eba:documentation": {
                                "CellCode": "{K 04.00.b, r0100, c0060, s0001}",
                                "DataPointVersionId": "473860"
                            }
                        },
                        "dp473864": {
                            "decimals": "$decimalsMonetary",
                            "dimensions": {
                                "concept": "eba_met:mi793",
                                "eba_dim:APR": "eba_AP:x66",
                                "eba_dim:BAS": "eba_BA:x9",
                                "eba_dim:CPS": "eba_CT:x51",
                                "eba_dim:CPY": "eba_CT:x637",
                                "eba_dim:EXC": "eba_EC:x4",
                                "eba_dim:MCY": "eba_MC:x309",
                                "eba_dim:PDR": "eba_PC:x416",
                                "eba_dim:PRP": "eba_PL:x10",
                                "eba_dim:TRI": "eba_TR:x1",
                                "unit": "$baseCurrency"
                            },
                            "eba:documentation": {
                                "CellCode": "{K 04.00.b, r0100, c0060, s0005}",
                                "DataPointVersionId": "473864"
                            }
                        },
                        "dp474428": {
                            "decimals": "$decimalsMonetary",
                            "dimensions": {
                                "concept": "eba_met:mi119",
                                "eba_dim:APR": "eba_AP:x67",
                                "eba_dim:BAS": "eba_BA:x9",
                                "eba_dim:CPS": "eba_CT:x6",
                                "eba_dim:CPY": "eba_CT:x637",
                                "eba_dim:EXC": "eba_EC:x4",
                                "eba_dim:MCY": "eba_MC:x309",
                                "eba_dim:PDR": "eba_PC:x416",
                                "eba_dim:PRP": "eba_PL:x10",
                                "eba_dim:TRI": "eba_TR:x1",
                                "unit": "$baseCurrency"
                            },
                            "eba:documentation": {
                                "CellCode": "{K 04.00.b, r0100, c0010, s0004}",
                                "DataPointVersionId": "474428"
                            }
                        },
                        "dp474432": {
                            "decimals": "$decimalsMonetary",
                            "dimensions": {
                                "concept": "eba_met:mi119",
                                "eba_dim:APR": "eba_AP:x67",
                                "eba_dim:BAS": "eba_BA:x9",
                                "eba_dim:CPS": "eba_CT:x24",
                                "eba_dim:CPY": "eba_CT:x637",
                                "eba_dim:EXC": "eba_EC:x4",
                                "eba_dim:MCY": "eba_MC:x309",
                                "eba_dim:PDR": "eba_PC:x416",
                                "eba_dim:PRP": "eba_PL:x10",
                                "eba_dim:TRI": "eba_TR:x1",
                                "unit": "$baseCurrency"
                            },
                            "eba:documentation": {
                                "CellCode": "{K 04.00.b, r0100, c0010, s0002}",
                                "DataPointVersionId": "474432"
                            }
                        },
                        "dp474436": {
                            "decimals": "$decimalsMonetary",
                            "dimensions": {
                                "concept": "eba_met:mi119",
                                "eba_dim:APR": "eba_AP:x67",
                                "eba_dim:BAS": "eba_BA:x9",
                                "eba_dim:CPS": "eba_CT:x51",
                                "eba_dim:CPY": "eba_CT:x637",
                                "eba_dim:EXC": "eba_EC:x4",
                                "eba_dim:MCY": "eba_MC:x309",
                                "eba_dim:PDR": "eba_PC:x416",
                                "eba_dim:PRP": "eba_PL:x10",
                                "eba_dim:TRI": "eba_TR:x1",
                                "unit": "$baseCurrency"
                            },
                            "eba:documentation": {
                                "CellCode": "{K 04.00.b, r0100, c0010, s0006}",
                                "DataPointVersionId": "474436"
                            }
                        },
                        "dp474450": {
                            "decimals": "$decimalsPercentage",
                            "dimensions": {
                                "concept": "eba_met:pi128",
                                "eba_dim:APR": "eba_AP:x67",
                                "eba_dim:BAS": "eba_BA:x17",
                                "eba_dim:CPS": "eba_CT:x6",
                                "eba_dim:CPY": "eba_CT:x637",
                                "eba_dim:EXC": "eba_EC:x4",
                                "eba_dim:MCY": "eba_MC:x309",
                                "eba_dim:PDR": "eba_PC:x416",
                                "eba_dim:PRP": "eba_PL:x10",
                                "eba_dim:TRI": "eba_TR:x1"
                            },
                            "eba:documentation": {
                                "CellCode": "{K 04.00.b, r0100, c0040, s0004}",
                                "DataPointVersionId": "474450"
                            }
                        },
                        "dp474454": {
                            "decimals": "$decimalsPercentage",
                            "dimensions": {
                                "concept": "eba_met:pi128",
                                "eba_dim:APR": "eba_AP:x67",
                                "eba_dim:BAS": "eba_BA:x17",
                                "eba_dim:CPS": "eba_CT:x24",
                                "eba_dim:CPY": "eba_CT:x637",
                                "eba_dim:EXC": "eba_EC:x4",
                                "eba_dim:MCY": "eba_MC:x309",
                                "eba_dim:PDR": "eba_PC:x416",
                                "eba_dim:PRP": "eba_PL:x10",
                                "eba_dim:TRI": "eba_TR:x1"
                            },
                            "eba:documentation": {
                                "CellCode": "{K 04.00.b, r0100, c0040, s0002}",
                                "DataPointVersionId": "474454"
                            }
                        },
                        "dp474458": {
                            "decimals": "$decimalsPercentage",
                            "dimensions": {
                                "concept": "eba_met:pi128",
                                "eba_dim:APR": "eba_AP:x67",
                                "eba_dim:BAS": "eba_BA:x17",
                                "eba_dim:CPS": "eba_CT:x51",
                                "eba_dim:CPY": "eba_CT:x637",
                                "eba_dim:EXC": "eba_EC:x4",
                                "eba_dim:MCY": "eba_MC:x309",
                                "eba_dim:PDR": "eba_PC:x416",
                                "eba_dim:PRP": "eba_PL:x10",
                                "eba_dim:TRI": "eba_TR:x1"
                            },
                            "eba:documentation": {
                                "CellCode": "{K 04.00.b, r0100, c0040, s0006}",
                                "DataPointVersionId": "474458"
                            }
                        },
                        "dp474472": {
                            "decimals": "$decimalsInteger",
                            "dimensions": {
                                "concept": "eba_met:ii177",
                                "eba_dim:APR": "eba_AP:x67",
                                "eba_dim:BAS": "eba_BA:x17",
                                "eba_dim:CPS": "eba_CT:x6",
                                "eba_dim:CPY": "eba_CT:x637",
                                "eba_dim:EXC": "eba_EC:x4",
                                "eba_dim:MCY": "eba_MC:x309",
                                "eba_dim:PDR": "eba_PC:x416",
                                "eba_dim:PRP": "eba_PL:x10",
                                "eba_dim:TRI": "eba_TR:x1"
                            },
                            "eba:documentation": {
                                "CellCode": "{K 04.00.b, r0100, c0030, s0004}",
                                "DataPointVersionId": "474472"
                            }
                        },
                        "dp474493": {
                            "decimals": "$decimalsInteger",
                            "dimensions": {
                                "concept": "eba_met:ii177",
                                "eba_dim:APR": "eba_AP:x67",
                                "eba_dim:BAS": "eba_BA:x17",
                                "eba_dim:CPS": "eba_CT:x24",
                                "eba_dim:CPY": "eba_CT:x637",
                                "eba_dim:EXC": "eba_EC:x4",
                                "eba_dim:MCY": "eba_MC:x309",
                                "eba_dim:PDR": "eba_PC:x416",
                                "eba_dim:PRP": "eba_PL:x10",
                                "eba_dim:TRI": "eba_TR:x1"
                            },
                            "eba:documentation": {
                                "CellCode": "{K 04.00.b, r0100, c0030, s0002}",
                                "DataPointVersionId": "474493"
                            }
                        },
                        "dp474514": {
                            "decimals": "$decimalsInteger",
                            "dimensions": {
                                "concept": "eba_met:ii177",
                                "eba_dim:APR": "eba_AP:x67",
                                "eba_dim:BAS": "eba_BA:x17",
                                "eba_dim:CPS": "eba_CT:x51",
                                "eba_dim:CPY": "eba_CT:x637",
                                "eba_dim:EXC": "eba_EC:x4",
                                "eba_dim:MCY": "eba_MC:x309",
                                "eba_dim:PDR": "eba_PC:x416",
                                "eba_dim:PRP": "eba_PL:x10",
                                "eba_dim:TRI": "eba_TR:x1"
                            },
                            "eba:documentation": {
                                "CellCode": "{K 04.00.b, r0100, c0030, s0006}",
                                "DataPointVersionId": "474514"
                            }
                        },
                        "dp474580": {
                            "decimals": "$decimalsPercentage",
                            "dimensions": {
                                "concept": "eba_met:pi187",
                                "eba_dim:APR": "eba_AP:x67",
                                "eba_dim:BAS": "eba_BA:x17",
                                "eba_dim:CPS": "eba_CT:x6",
                                "eba_dim:CPY": "eba_CT:x637",
                                "eba_dim:EXC": "eba_EC:x4",
                                "eba_dim:MCY": "eba_MC:x309",
                                "eba_dim:PDR": "eba_PC:x416",
                                "eba_dim:PRP": "eba_PL:x10",
                                "eba_dim:TRI": "eba_TR:x1"
                            },
                            "eba:documentation": {
                                "CellCode": "{K 04.00.b, r0100, c0020, s0004}",
                                "DataPointVersionId": "474580"
                            }
                        },
                        "dp474601": {
                            "decimals": "$decimalsPercentage",
                            "dimensions": {
                                "concept": "eba_met:pi187",
                                "eba_dim:APR": "eba_AP:x67",
                                "eba_dim:BAS": "eba_BA:x17",
                                "eba_dim:CPS": "eba_CT:x24",
                                "eba_dim:CPY": "eba_CT:x637",
                                "eba_dim:EXC": "eba_EC:x4",
                                "eba_dim:MCY": "eba_MC:x309",
                                "eba_dim:PDR": "eba_PC:x416",
                                "eba_dim:PRP": "eba_PL:x10",
                                "eba_dim:TRI": "eba_TR:x1"
                            },
                            "eba:documentation": {
                                "CellCode": "{K 04.00.b, r0100, c0020, s0002}",
                                "DataPointVersionId": "474601"
                            }
                        },
                        "dp474622": {
                            "decimals": "$decimalsPercentage",
                            "dimensions": {
                                "concept": "eba_met:pi187",
                                "eba_dim:APR": "eba_AP:x67",
                                "eba_dim:BAS": "eba_BA:x17",
                                "eba_dim:CPS": "eba_CT:x51",
                                "eba_dim:CPY": "eba_CT:x637",
                                "eba_dim:EXC": "eba_EC:x4",
                                "eba_dim:MCY": "eba_MC:x309",
                                "eba_dim:PDR": "eba_PC:x416",
                                "eba_dim:PRP": "eba_PL:x10",
                                "eba_dim:TRI": "eba_TR:x1"
                            },
                            "eba:documentation": {
                                "CellCode": "{K 04.00.b, r0100, c0020, s0006}",
                                "DataPointVersionId": "474622"
                            }
                        },
                        "dp474780": {
                            "decimals": "$decimalsInteger",
                            "dimensions": {
                                "concept": "eba_met:ii791",
                                "eba_dim:APR": "eba_AP:x67",
                                "eba_dim:BAS": "eba_BA:x17",
                                "eba_dim:CPS": "eba_CT:x6",
                                "eba_dim:CPY": "eba_CT:x637",
                                "eba_dim:EXC": "eba_EC:x4",
                                "eba_dim:MCY": "eba_MC:x309",
                                "eba_dim:PDR": "eba_PC:x416",
                                "eba_dim:PRP": "eba_PL:x10",
                                "eba_dim:TRI": "eba_TR:x1"
                            },
                            "eba:documentation": {
                                "CellCode": "{K 04.00.b, r0100, c0050, s0004}",
                                "DataPointVersionId": "474780"
                            }
                        },
                        "dp474783": {
                            "decimals": "$decimalsInteger",
                            "dimensions": {
                                "concept": "eba_met:ii791",
                                "eba_dim:APR": "eba_AP:x67",
                                "eba_dim:BAS": "eba_BA:x17",
                                "eba_dim:CPS": "eba_CT:x24",
                                "eba_dim:CPY": "eba_CT:x637",
                                "eba_dim:EXC": "eba_EC:x4",
                                "eba_dim:MCY": "eba_MC:x309",
                                "eba_dim:PDR": "eba_PC:x416",
                                "eba_dim:PRP": "eba_PL:x10",
                                "eba_dim:TRI": "eba_TR:x1"
                            },
                            "eba:documentation": {
                                "CellCode": "{K 04.00.b, r0100, c0050, s0002}",
                                "DataPointVersionId": "474783"
                            }
                        },
                        "dp474786": {
                            "decimals": "$decimalsInteger",
                            "dimensions": {
                                "concept": "eba_met:ii791",
                                "eba_dim:APR": "eba_AP:x67",
                                "eba_dim:BAS": "eba_BA:x17",
                                "eba_dim:CPS": "eba_CT:x51",
                                "eba_dim:CPY": "eba_CT:x637",
                                "eba_dim:EXC": "eba_EC:x4",
                                "eba_dim:MCY": "eba_MC:x309",
                                "eba_dim:PDR": "eba_PC:x416",
                                "eba_dim:PRP": "eba_PL:x10",
                                "eba_dim:TRI": "eba_TR:x1"
                            },
                            "eba:documentation": {
                                "CellCode": "{K 04.00.b, r0100, c0050, s0006}",
                                "DataPointVersionId": "474786"
                            }
                        },
                        "dp474796": {
                            "decimals": "$decimalsPercentage",
                            "dimensions": {
                                "concept": "eba_met:pi792",
                                "eba_dim:APR": "eba_AP:x67",
                                "eba_dim:BAS": "eba_BA:x17",
                                "eba_dim:CPS": "eba_CT:x6",
                                "eba_dim:CPY": "eba_CT:x637",
                                "eba_dim:EXC": "eba_EC:x4",
                                "eba_dim:MCY": "eba_MC:x309",
                                "eba_dim:PDR": "eba_PC:x416",
                                "eba_dim:PRP": "eba_PL:x10",
                                "eba_dim:TRI": "eba_TR:x1"
                            },
                            "eba:documentation": {
                                "CellCode": "{K 04.00.b, r0100, c0070, s0004}",
                                "DataPointVersionId": "474796"
                            }
                        },
                        "dp474817": {
                            "decimals": "$decimalsPercentage",
                            "dimensions": {
                                "concept": "eba_met:pi792",
                                "eba_dim:APR": "eba_AP:x67",
                                "eba_dim:BAS": "eba_BA:x17",
                                "eba_dim:CPS": "eba_CT:x24",
                                "eba_dim:CPY": "eba_CT:x637",
                                "eba_dim:EXC": "eba_EC:x4",
                                "eba_dim:MCY": "eba_MC:x309",
                                "eba_dim:PDR": "eba_PC:x416",
                                "eba_dim:PRP": "eba_PL:x10",
                                "eba_dim:TRI": "eba_TR:x1"
                            },
                            "eba:documentation": {
                                "CellCode": "{K 04.00.b, r0100, c0070, s0002}",
                                "DataPointVersionId": "474817"
                            }
                        },
                        "dp474838": {
                            "decimals": "$decimalsPercentage",
                            "dimensions": {
                                "concept": "eba_met:pi792",
                                "eba_dim:APR": "eba_AP:x67",
                                "eba_dim:BAS": "eba_BA:x17",
                                "eba_dim:CPS": "eba_CT:x51",
                                "eba_dim:CPY": "eba_CT:x637",
                                "eba_dim:EXC": "eba_EC:x4",
                                "eba_dim:MCY": "eba_MC:x309",
                                "eba_dim:PDR": "eba_PC:x416",
                                "eba_dim:PRP": "eba_PL:x10",
                                "eba_dim:TRI": "eba_TR:x1"
                            },
                            "eba:documentation": {
                                "CellCode": "{K 04.00.b, r0100, c0070, s0006}",
                                "DataPointVersionId": "474838"
                            }
                        },
                        "dp474903": {
                            "decimals": "$decimalsMonetary",
                            "dimensions": {
                                "concept": "eba_met:mi793",
                                "eba_dim:APR": "eba_AP:x67",
                                "eba_dim:BAS": "eba_BA:x9",
                                "eba_dim:CPS": "eba_CT:x6",
                                "eba_dim:CPY": "eba_CT:x637",
                                "eba_dim:EXC": "eba_EC:x4",
                                "eba_dim:MCY": "eba_MC:x309",
                                "eba_dim:PDR": "eba_PC:x416",
                                "eba_dim:PRP": "eba_PL:x10",
                                "eba_dim:TRI": "eba_TR:x1",
                                "unit": "$baseCurrency"
                            },
                            "eba:documentation": {
                                "CellCode": "{K 04.00.b, r0100, c0060, s0004}",
                                "DataPointVersionId": "474903"
                            }
                        },
                        "dp474907": {
                            "decimals": "$decimalsMonetary",
                            "dimensions": {
                                "concept": "eba_met:mi793",
                                "eba_dim:APR": "eba_AP:x67",
                                "eba_dim:BAS": "eba_BA:x9",
                                "eba_dim:CPS": "eba_CT:x24",
                                "eba_dim:CPY": "eba_CT:x637",
                                "eba_dim:EXC": "eba_EC:x4",
                                "eba_dim:MCY": "eba_MC:x309",
                                "eba_dim:PDR": "eba_PC:x416",
                                "eba_dim:PRP": "eba_PL:x10",
                                "eba_dim:TRI": "eba_TR:x1",
                                "unit": "$baseCurrency"
                            },
                            "eba:documentation": {
                                "CellCode": "{K 04.00.b, r0100, c0060, s0002}",
                                "DataPointVersionId": "474907"
                            }
                        },
                        "dp474911": {
                            "decimals": "$decimalsMonetary",
                            "dimensions": {
                                "concept": "eba_met:mi793",
                                "eba_dim:APR": "eba_AP:x67",
                                "eba_dim:BAS": "eba_BA:x9",
                                "eba_dim:CPS": "eba_CT:x51",
                                "eba_dim:CPY": "eba_CT:x637",
                                "eba_dim:EXC": "eba_EC:x4",
                                "eba_dim:MCY": "eba_MC:x309",
                                "eba_dim:PDR": "eba_PC:x416",
                                "eba_dim:PRP": "eba_PL:x10",
                                "eba_dim:TRI": "eba_TR:x1",
                                "unit": "$baseCurrency"
                            },
                            "eba:documentation": {
                                "CellCode": "{K 04.00.b, r0100, c0060, s0006}",
                                "DataPointVersionId": "474911"
                            }
                        }
                    }
                },
                "factValue": {
                    "dimensions": {},
                    "propertiesFrom": [
                        "datapoint"
                    ]
                }
            }
        }
    }
}