﻿<?xml version="1.0" encoding="utf-8"?>
<?taxonomy-version 1.0.0.0 ?>  <?taxonomy-set-overall-version 3.3.0.0 ?>
<!--(C) EBA-->
<link:linkbase xmlns:xsi="http://www.w3.org/2001/XMLSchema-instance" xmlns:xlink="http://www.w3.org/1999/xlink" xmlns:link="http://www.xbrl.org/2003/linkbase" xmlns:gen="http://xbrl.org/2008/generic" xmlns:label="http://xbrl.org/2008/label" xsi:schemaLocation="http://www.xbrl.org/2003/linkbase http://www.xbrl.org/2003/xbrl-linkbase-2003-12-31.xsd http://xbrl.org/2008/generic http://www.xbrl.org/2008/generic-link.xsd http://xbrl.org/2008/label http://www.xbrl.org/2008/generic-label.xsd">
  <link:arcroleRef arcroleURI="http://xbrl.org/arcrole/2008/element-label" xlink:type="simple" xlink:href="http://www.xbrl.org/2008/generic-label.xsd#element-label" />
  <link:roleRef roleURI="http://www.eba.europa.eu/xbrl/role/dpm-db-id" xlink:type="simple" xlink:href="http://www.eba.europa.eu/eu/fr/xbrl/ext/model.xsd#dpm-db-id" />
  <link:roleRef roleURI="http://www.eurofiling.info/xbrl/role/filing-indicator-code" xlink:type="simple" xlink:href="http://www.eurofiling.info/eu/fr/xbrl/ext/model.xsd#filing-indicator-code" />
  <link:roleRef roleURI="http://www.eurofiling.info/xbrl/role/rc-code" xlink:type="simple" xlink:href="http://www.eurofiling.info/eu/fr/xbrl/ext/model.xsd#rc-code" />
  <gen:link xlink:type="extended" xlink:role="http://www.xbrl.org/2003/role/link">
    <link:loc xlink:type="locator" xlink:href="d_09.02.b-rend.xml#eba_tD_09.02.b" xlink:label="loc_eba_tD_09.02.b" />
    <label:label xlink:type="resource" xlink:label="label_eba_tD_09.02.b" xml:lang="en" xlink:role="http://www.eurofiling.info/xbrl/role/rc-code">D 09.02.b</label:label>
    <gen:arc xlink:type="arc" xlink:arcrole="http://xbrl.org/arcrole/2008/element-label" xlink:from="loc_eba_tD_09.02.b" xlink:to="label_eba_tD_09.02.b" />
    <link:loc xlink:type="locator" xlink:href="d_09.02.b-rend.xml#eba_c86905" xlink:label="loc_eba_c86905" />
    <label:label xlink:type="resource" xlink:label="label_eba_c86905" xml:lang="en" xlink:role="http://www.eurofiling.info/xbrl/role/rc-code">0166</label:label>
    <gen:arc xlink:type="arc" xlink:arcrole="http://xbrl.org/arcrole/2008/element-label" xlink:from="loc_eba_c86905" xlink:to="label_eba_c86905" />
    <link:loc xlink:type="locator" xlink:href="d_09.02.b-rend.xml#eba_c86906" xlink:label="loc_eba_c86906" />
    <label:label xlink:type="resource" xlink:label="label_eba_c86906" xml:lang="en" xlink:role="http://www.eurofiling.info/xbrl/role/rc-code">0169</label:label>
    <gen:arc xlink:type="arc" xlink:arcrole="http://xbrl.org/arcrole/2008/element-label" xlink:from="loc_eba_c86906" xlink:to="label_eba_c86906" />
    <link:loc xlink:type="locator" xlink:href="d_09.02.b-rend.xml#eba_c86907" xlink:label="loc_eba_c86907" />
    <label:label xlink:type="resource" xlink:label="label_eba_c86907" xml:lang="en" xlink:role="http://www.eurofiling.info/xbrl/role/rc-code">0170</label:label>
    <gen:arc xlink:type="arc" xlink:arcrole="http://xbrl.org/arcrole/2008/element-label" xlink:from="loc_eba_c86907" xlink:to="label_eba_c86907" />
    <link:loc xlink:type="locator" xlink:href="d_09.02.b-rend.xml#eba_c86908" xlink:label="loc_eba_c86908" />
    <label:label xlink:type="resource" xlink:label="label_eba_c86908" xml:lang="en" xlink:role="http://www.eurofiling.info/xbrl/role/rc-code">0180</label:label>
    <gen:arc xlink:type="arc" xlink:arcrole="http://xbrl.org/arcrole/2008/element-label" xlink:from="loc_eba_c86908" xlink:to="label_eba_c86908" />
    <link:loc xlink:type="locator" xlink:href="d_09.02.b-rend.xml#eba_c86909" xlink:label="loc_eba_c86909" />
    <label:label xlink:type="resource" xlink:label="label_eba_c86909" xml:lang="en" xlink:role="http://www.eurofiling.info/xbrl/role/rc-code">0190</label:label>
    <gen:arc xlink:type="arc" xlink:arcrole="http://xbrl.org/arcrole/2008/element-label" xlink:from="loc_eba_c86909" xlink:to="label_eba_c86909" />
    <link:loc xlink:type="locator" xlink:href="d_09.02.b-rend.xml#eba_c86910" xlink:label="loc_eba_c86910" />
    <label:label xlink:type="resource" xlink:label="label_eba_c86910" xml:lang="en" xlink:role="http://www.eurofiling.info/xbrl/role/rc-code">0200</label:label>
    <gen:arc xlink:type="arc" xlink:arcrole="http://xbrl.org/arcrole/2008/element-label" xlink:from="loc_eba_c86910" xlink:to="label_eba_c86910" />
    <link:loc xlink:type="locator" xlink:href="d_09.02.b-rend.xml#eba_c86911" xlink:label="loc_eba_c86911" />
    <label:label xlink:type="resource" xlink:label="label_eba_c86911" xml:lang="en" xlink:role="http://www.eurofiling.info/xbrl/role/rc-code">0210</label:label>
    <gen:arc xlink:type="arc" xlink:arcrole="http://xbrl.org/arcrole/2008/element-label" xlink:from="loc_eba_c86911" xlink:to="label_eba_c86911" />
    <link:loc xlink:type="locator" xlink:href="d_09.02.b-rend.xml#eba_c86912" xlink:label="loc_eba_c86912" />
    <label:label xlink:type="resource" xlink:label="label_eba_c86912" xml:lang="en" xlink:role="http://www.eurofiling.info/xbrl/role/rc-code">0215</label:label>
    <gen:arc xlink:type="arc" xlink:arcrole="http://xbrl.org/arcrole/2008/element-label" xlink:from="loc_eba_c86912" xlink:to="label_eba_c86912" />
    <link:loc xlink:type="locator" xlink:href="d_09.02.b-rend.xml#eba_c86913" xlink:label="loc_eba_c86913" />
    <label:label xlink:type="resource" xlink:label="label_eba_c86913" xml:lang="en" xlink:role="http://www.eurofiling.info/xbrl/role/rc-code">0220</label:label>
    <gen:arc xlink:type="arc" xlink:arcrole="http://xbrl.org/arcrole/2008/element-label" xlink:from="loc_eba_c86913" xlink:to="label_eba_c86913" />
    <link:loc xlink:type="locator" xlink:href="d_09.02.b-rend.xml#eba_c86914" xlink:label="loc_eba_c86914" />
    <label:label xlink:type="resource" xlink:label="label_eba_c86914" xml:lang="en" xlink:role="http://www.eurofiling.info/xbrl/role/rc-code">0230</label:label>
    <gen:arc xlink:type="arc" xlink:arcrole="http://xbrl.org/arcrole/2008/element-label" xlink:from="loc_eba_c86914" xlink:to="label_eba_c86914" />
    <link:loc xlink:type="locator" xlink:href="d_09.02.b-rend.xml#eba_c86915" xlink:label="loc_eba_c86915" />
    <label:label xlink:type="resource" xlink:label="label_eba_c86915" xml:lang="en" xlink:role="http://www.eurofiling.info/xbrl/role/rc-code">0240</label:label>
    <gen:arc xlink:type="arc" xlink:arcrole="http://xbrl.org/arcrole/2008/element-label" xlink:from="loc_eba_c86915" xlink:to="label_eba_c86915" />
    <link:loc xlink:type="locator" xlink:href="d_09.02.b-rend.xml#eba_c86916" xlink:label="loc_eba_c86916" />
    <label:label xlink:type="resource" xlink:label="label_eba_c86916" xml:lang="en" xlink:role="http://www.eurofiling.info/xbrl/role/rc-code">0250</label:label>
    <gen:arc xlink:type="arc" xlink:arcrole="http://xbrl.org/arcrole/2008/element-label" xlink:from="loc_eba_c86916" xlink:to="label_eba_c86916" />
    <link:loc xlink:type="locator" xlink:href="d_09.02.b-rend.xml#eba_c86917" xlink:label="loc_eba_c86917" />
    <label:label xlink:type="resource" xlink:label="label_eba_c86917" xml:lang="en" xlink:role="http://www.eurofiling.info/xbrl/role/rc-code">0260</label:label>
    <gen:arc xlink:type="arc" xlink:arcrole="http://xbrl.org/arcrole/2008/element-label" xlink:from="loc_eba_c86917" xlink:to="label_eba_c86917" />
    <link:loc xlink:type="locator" xlink:href="d_09.02.b-rend.xml#eba_c86918" xlink:label="loc_eba_c86918" />
    <label:label xlink:type="resource" xlink:label="label_eba_c86918" xml:lang="en" xlink:role="http://www.eurofiling.info/xbrl/role/rc-code">0265</label:label>
    <gen:arc xlink:type="arc" xlink:arcrole="http://xbrl.org/arcrole/2008/element-label" xlink:from="loc_eba_c86918" xlink:to="label_eba_c86918" />
    <link:loc xlink:type="locator" xlink:href="d_09.02.b-rend.xml#eba_c86919" xlink:label="loc_eba_c86919" />
    <label:label xlink:type="resource" xlink:label="label_eba_c86919" xml:lang="en" xlink:role="http://www.eurofiling.info/xbrl/role/rc-code">0270</label:label>
    <gen:arc xlink:type="arc" xlink:arcrole="http://xbrl.org/arcrole/2008/element-label" xlink:from="loc_eba_c86919" xlink:to="label_eba_c86919" />
    <link:loc xlink:type="locator" xlink:href="d_09.02.b-rend.xml#eba_c86920" xlink:label="loc_eba_c86920" />
    <label:label xlink:type="resource" xlink:label="label_eba_c86920" xml:lang="en" xlink:role="http://www.eurofiling.info/xbrl/role/rc-code">0280</label:label>
    <gen:arc xlink:type="arc" xlink:arcrole="http://xbrl.org/arcrole/2008/element-label" xlink:from="loc_eba_c86920" xlink:to="label_eba_c86920" />
    <link:loc xlink:type="locator" xlink:href="d_09.02.b-rend.xml#eba_c86921" xlink:label="loc_eba_c86921" />
    <label:label xlink:type="resource" xlink:label="label_eba_c86921" xml:lang="en" xlink:role="http://www.eurofiling.info/xbrl/role/rc-code">0290</label:label>
    <gen:arc xlink:type="arc" xlink:arcrole="http://xbrl.org/arcrole/2008/element-label" xlink:from="loc_eba_c86921" xlink:to="label_eba_c86921" />
    <link:loc xlink:type="locator" xlink:href="d_09.02.b-rend.xml#eba_c86922" xlink:label="loc_eba_c86922" />
    <label:label xlink:type="resource" xlink:label="label_eba_c86922" xml:lang="en" xlink:role="http://www.eurofiling.info/xbrl/role/rc-code">0300</label:label>
    <gen:arc xlink:type="arc" xlink:arcrole="http://xbrl.org/arcrole/2008/element-label" xlink:from="loc_eba_c86922" xlink:to="label_eba_c86922" />
    <link:loc xlink:type="locator" xlink:href="d_09.02.b-rend.xml#eba_c86923" xlink:label="loc_eba_c86923" />
    <label:label xlink:type="resource" xlink:label="label_eba_c86923" xml:lang="en" xlink:role="http://www.eurofiling.info/xbrl/role/rc-code">0310</label:label>
    <gen:arc xlink:type="arc" xlink:arcrole="http://xbrl.org/arcrole/2008/element-label" xlink:from="loc_eba_c86923" xlink:to="label_eba_c86923" />
    <link:loc xlink:type="locator" xlink:href="d_09.02.b-rend.xml#eba_c86924" xlink:label="loc_eba_c86924" />
    <label:label xlink:type="resource" xlink:label="label_eba_c86924" xml:lang="en" xlink:role="http://www.eurofiling.info/xbrl/role/rc-code">0010</label:label>
    <gen:arc xlink:type="arc" xlink:arcrole="http://xbrl.org/arcrole/2008/element-label" xlink:from="loc_eba_c86924" xlink:to="label_eba_c86924" />
    <link:loc xlink:type="locator" xlink:href="d_09.02.b-rend.xml#eba_c86925" xlink:label="loc_eba_c86925" />
    <label:label xlink:type="resource" xlink:label="label_eba_c86925" xml:lang="en" xlink:role="http://www.eurofiling.info/xbrl/role/rc-code">0020</label:label>
    <gen:arc xlink:type="arc" xlink:arcrole="http://xbrl.org/arcrole/2008/element-label" xlink:from="loc_eba_c86925" xlink:to="label_eba_c86925" />
    <link:loc xlink:type="locator" xlink:href="d_09.02.b-rend.xml#eba_c86926" xlink:label="loc_eba_c86926" />
    <label:label xlink:type="resource" xlink:label="label_eba_c86926" xml:lang="en" xlink:role="http://www.eurofiling.info/xbrl/role/rc-code">0030</label:label>
    <gen:arc xlink:type="arc" xlink:arcrole="http://xbrl.org/arcrole/2008/element-label" xlink:from="loc_eba_c86926" xlink:to="label_eba_c86926" />
    <link:loc xlink:type="locator" xlink:href="d_09.02.b-rend.xml#eba_c86927" xlink:label="loc_eba_c86927" />
    <label:label xlink:type="resource" xlink:label="label_eba_c86927" xml:lang="en" xlink:role="http://www.eurofiling.info/xbrl/role/rc-code">0040</label:label>
    <gen:arc xlink:type="arc" xlink:arcrole="http://xbrl.org/arcrole/2008/element-label" xlink:from="loc_eba_c86927" xlink:to="label_eba_c86927" />
    <link:loc xlink:type="locator" xlink:href="d_09.02.b-rend.xml#eba_c86928" xlink:label="loc_eba_c86928" />
    <label:label xlink:type="resource" xlink:label="label_eba_c86928" xml:lang="en" xlink:role="http://www.eurofiling.info/xbrl/role/rc-code">0050</label:label>
    <gen:arc xlink:type="arc" xlink:arcrole="http://xbrl.org/arcrole/2008/element-label" xlink:from="loc_eba_c86928" xlink:to="label_eba_c86928" />
    <link:loc xlink:type="locator" xlink:href="d_09.02.b-rend.xml#eba_c86929" xlink:label="loc_eba_c86929" />
    <label:label xlink:type="resource" xlink:label="label_eba_c86929" xml:lang="en" xlink:role="http://www.eurofiling.info/xbrl/role/rc-code">0060</label:label>
    <gen:arc xlink:type="arc" xlink:arcrole="http://xbrl.org/arcrole/2008/element-label" xlink:from="loc_eba_c86929" xlink:to="label_eba_c86929" />
    <label:label xlink:type="resource" xlink:label="label_eba_tD_09.02.b_1" xml:lang="en" xlink:role="http://www.eurofiling.info/xbrl/role/filing-indicator-code">D_09.02</label:label>
    <gen:arc xlink:type="arc" xlink:arcrole="http://xbrl.org/arcrole/2008/element-label" xlink:from="loc_eba_tD_09.02.b" xlink:to="label_eba_tD_09.02.b_1" />
    <label:label xlink:type="resource" xlink:label="label_eba_tD_09.02.b_2" xml:lang="en" xlink:role="http://www.eba.europa.eu/xbrl/role/dpm-db-id">817.2314</label:label>
    <gen:arc xlink:type="arc" xlink:arcrole="http://xbrl.org/arcrole/2008/element-label" xlink:from="loc_eba_tD_09.02.b" xlink:to="label_eba_tD_09.02.b_2" />
    <label:label xlink:type="resource" xlink:label="label_eba_c86905_1" xml:lang="en" xlink:role="http://www.eba.europa.eu/xbrl/role/dpm-db-id">86905</label:label>
    <gen:arc xlink:type="arc" xlink:arcrole="http://xbrl.org/arcrole/2008/element-label" xlink:from="loc_eba_c86905" xlink:to="label_eba_c86905_1" />
    <label:label xlink:type="resource" xlink:label="label_eba_c86906_1" xml:lang="en" xlink:role="http://www.eba.europa.eu/xbrl/role/dpm-db-id">86906</label:label>
    <gen:arc xlink:type="arc" xlink:arcrole="http://xbrl.org/arcrole/2008/element-label" xlink:from="loc_eba_c86906" xlink:to="label_eba_c86906_1" />
    <label:label xlink:type="resource" xlink:label="label_eba_c86907_1" xml:lang="en" xlink:role="http://www.eba.europa.eu/xbrl/role/dpm-db-id">86907</label:label>
    <gen:arc xlink:type="arc" xlink:arcrole="http://xbrl.org/arcrole/2008/element-label" xlink:from="loc_eba_c86907" xlink:to="label_eba_c86907_1" />
    <label:label xlink:type="resource" xlink:label="label_eba_c86908_1" xml:lang="en" xlink:role="http://www.eba.europa.eu/xbrl/role/dpm-db-id">86908</label:label>
    <gen:arc xlink:type="arc" xlink:arcrole="http://xbrl.org/arcrole/2008/element-label" xlink:from="loc_eba_c86908" xlink:to="label_eba_c86908_1" />
    <label:label xlink:type="resource" xlink:label="label_eba_c86909_1" xml:lang="en" xlink:role="http://www.eba.europa.eu/xbrl/role/dpm-db-id">86909</label:label>
    <gen:arc xlink:type="arc" xlink:arcrole="http://xbrl.org/arcrole/2008/element-label" xlink:from="loc_eba_c86909" xlink:to="label_eba_c86909_1" />
    <label:label xlink:type="resource" xlink:label="label_eba_c86910_1" xml:lang="en" xlink:role="http://www.eba.europa.eu/xbrl/role/dpm-db-id">86910</label:label>
    <gen:arc xlink:type="arc" xlink:arcrole="http://xbrl.org/arcrole/2008/element-label" xlink:from="loc_eba_c86910" xlink:to="label_eba_c86910_1" />
    <label:label xlink:type="resource" xlink:label="label_eba_c86911_1" xml:lang="en" xlink:role="http://www.eba.europa.eu/xbrl/role/dpm-db-id">86911</label:label>
    <gen:arc xlink:type="arc" xlink:arcrole="http://xbrl.org/arcrole/2008/element-label" xlink:from="loc_eba_c86911" xlink:to="label_eba_c86911_1" />
    <label:label xlink:type="resource" xlink:label="label_eba_c86912_1" xml:lang="en" xlink:role="http://www.eba.europa.eu/xbrl/role/dpm-db-id">86912</label:label>
    <gen:arc xlink:type="arc" xlink:arcrole="http://xbrl.org/arcrole/2008/element-label" xlink:from="loc_eba_c86912" xlink:to="label_eba_c86912_1" />
    <label:label xlink:type="resource" xlink:label="label_eba_c86913_1" xml:lang="en" xlink:role="http://www.eba.europa.eu/xbrl/role/dpm-db-id">86913</label:label>
    <gen:arc xlink:type="arc" xlink:arcrole="http://xbrl.org/arcrole/2008/element-label" xlink:from="loc_eba_c86913" xlink:to="label_eba_c86913_1" />
    <label:label xlink:type="resource" xlink:label="label_eba_c86914_1" xml:lang="en" xlink:role="http://www.eba.europa.eu/xbrl/role/dpm-db-id">86914</label:label>
    <gen:arc xlink:type="arc" xlink:arcrole="http://xbrl.org/arcrole/2008/element-label" xlink:from="loc_eba_c86914" xlink:to="label_eba_c86914_1" />
    <label:label xlink:type="resource" xlink:label="label_eba_c86915_1" xml:lang="en" xlink:role="http://www.eba.europa.eu/xbrl/role/dpm-db-id">86915</label:label>
    <gen:arc xlink:type="arc" xlink:arcrole="http://xbrl.org/arcrole/2008/element-label" xlink:from="loc_eba_c86915" xlink:to="label_eba_c86915_1" />
    <label:label xlink:type="resource" xlink:label="label_eba_c86916_1" xml:lang="en" xlink:role="http://www.eba.europa.eu/xbrl/role/dpm-db-id">86916</label:label>
    <gen:arc xlink:type="arc" xlink:arcrole="http://xbrl.org/arcrole/2008/element-label" xlink:from="loc_eba_c86916" xlink:to="label_eba_c86916_1" />
    <label:label xlink:type="resource" xlink:label="label_eba_c86917_1" xml:lang="en" xlink:role="http://www.eba.europa.eu/xbrl/role/dpm-db-id">86917</label:label>
    <gen:arc xlink:type="arc" xlink:arcrole="http://xbrl.org/arcrole/2008/element-label" xlink:from="loc_eba_c86917" xlink:to="label_eba_c86917_1" />
    <label:label xlink:type="resource" xlink:label="label_eba_c86918_1" xml:lang="en" xlink:role="http://www.eba.europa.eu/xbrl/role/dpm-db-id">86918</label:label>
    <gen:arc xlink:type="arc" xlink:arcrole="http://xbrl.org/arcrole/2008/element-label" xlink:from="loc_eba_c86918" xlink:to="label_eba_c86918_1" />
    <label:label xlink:type="resource" xlink:label="label_eba_c86919_1" xml:lang="en" xlink:role="http://www.eba.europa.eu/xbrl/role/dpm-db-id">86919</label:label>
    <gen:arc xlink:type="arc" xlink:arcrole="http://xbrl.org/arcrole/2008/element-label" xlink:from="loc_eba_c86919" xlink:to="label_eba_c86919_1" />
    <label:label xlink:type="resource" xlink:label="label_eba_c86920_1" xml:lang="en" xlink:role="http://www.eba.europa.eu/xbrl/role/dpm-db-id">86920</label:label>
    <gen:arc xlink:type="arc" xlink:arcrole="http://xbrl.org/arcrole/2008/element-label" xlink:from="loc_eba_c86920" xlink:to="label_eba_c86920_1" />
    <label:label xlink:type="resource" xlink:label="label_eba_c86921_1" xml:lang="en" xlink:role="http://www.eba.europa.eu/xbrl/role/dpm-db-id">86921</label:label>
    <gen:arc xlink:type="arc" xlink:arcrole="http://xbrl.org/arcrole/2008/element-label" xlink:from="loc_eba_c86921" xlink:to="label_eba_c86921_1" />
    <label:label xlink:type="resource" xlink:label="label_eba_c86922_1" xml:lang="en" xlink:role="http://www.eba.europa.eu/xbrl/role/dpm-db-id">86922</label:label>
    <gen:arc xlink:type="arc" xlink:arcrole="http://xbrl.org/arcrole/2008/element-label" xlink:from="loc_eba_c86922" xlink:to="label_eba_c86922_1" />
    <label:label xlink:type="resource" xlink:label="label_eba_c86923_1" xml:lang="en" xlink:role="http://www.eba.europa.eu/xbrl/role/dpm-db-id">86923</label:label>
    <gen:arc xlink:type="arc" xlink:arcrole="http://xbrl.org/arcrole/2008/element-label" xlink:from="loc_eba_c86923" xlink:to="label_eba_c86923_1" />
    <label:label xlink:type="resource" xlink:label="label_eba_c86924_1" xml:lang="en" xlink:role="http://www.eba.europa.eu/xbrl/role/dpm-db-id">86924</label:label>
    <gen:arc xlink:type="arc" xlink:arcrole="http://xbrl.org/arcrole/2008/element-label" xlink:from="loc_eba_c86924" xlink:to="label_eba_c86924_1" />
    <label:label xlink:type="resource" xlink:label="label_eba_c86925_1" xml:lang="en" xlink:role="http://www.eba.europa.eu/xbrl/role/dpm-db-id">86925</label:label>
    <gen:arc xlink:type="arc" xlink:arcrole="http://xbrl.org/arcrole/2008/element-label" xlink:from="loc_eba_c86925" xlink:to="label_eba_c86925_1" />
    <label:label xlink:type="resource" xlink:label="label_eba_c86926_1" xml:lang="en" xlink:role="http://www.eba.europa.eu/xbrl/role/dpm-db-id">86926</label:label>
    <gen:arc xlink:type="arc" xlink:arcrole="http://xbrl.org/arcrole/2008/element-label" xlink:from="loc_eba_c86926" xlink:to="label_eba_c86926_1" />
    <label:label xlink:type="resource" xlink:label="label_eba_c86927_1" xml:lang="en" xlink:role="http://www.eba.europa.eu/xbrl/role/dpm-db-id">86927</label:label>
    <gen:arc xlink:type="arc" xlink:arcrole="http://xbrl.org/arcrole/2008/element-label" xlink:from="loc_eba_c86927" xlink:to="label_eba_c86927_1" />
    <label:label xlink:type="resource" xlink:label="label_eba_c86928_1" xml:lang="en" xlink:role="http://www.eba.europa.eu/xbrl/role/dpm-db-id">86928</label:label>
    <gen:arc xlink:type="arc" xlink:arcrole="http://xbrl.org/arcrole/2008/element-label" xlink:from="loc_eba_c86928" xlink:to="label_eba_c86928_1" />
    <label:label xlink:type="resource" xlink:label="label_eba_c86929_1" xml:lang="en" xlink:role="http://www.eba.europa.eu/xbrl/role/dpm-db-id">86929</label:label>
    <gen:arc xlink:type="arc" xlink:arcrole="http://xbrl.org/arcrole/2008/element-label" xlink:from="loc_eba_c86929" xlink:to="label_eba_c86929_1" />
  </gen:link>
</link:linkbase>