﻿<?xml version="1.0" encoding="utf-8"?>
<?taxonomy-version 1.0.0.0 ?>  <?taxonomy-set-overall-version 3.3.0.0 ?>
<!--(C) EBA-->
<link:linkbase xmlns:xsi="http://www.w3.org/2001/XMLSchema-instance" xmlns:xlink="http://www.w3.org/1999/xlink" xmlns:link="http://www.xbrl.org/2003/linkbase" xmlns:gen="http://xbrl.org/2008/generic" xmlns:label="http://xbrl.org/2008/label" xsi:schemaLocation="http://www.xbrl.org/2003/linkbase http://www.xbrl.org/2003/xbrl-linkbase-2003-12-31.xsd http://xbrl.org/2008/generic http://www.xbrl.org/2008/generic-link.xsd http://xbrl.org/2008/label http://www.xbrl.org/2008/generic-label.xsd">
  <link:arcroleRef arcroleURI="http://xbrl.org/arcrole/2008/element-label" xlink:type="simple" xlink:href="http://www.xbrl.org/2008/generic-label.xsd#element-label" />
  <link:roleRef roleURI="http://www.eba.europa.eu/xbrl/role/dpm-db-id" xlink:type="simple" xlink:href="http://www.eba.europa.eu/eu/fr/xbrl/ext/model.xsd#dpm-db-id" />
  <link:roleRef roleURI="http://www.eurofiling.info/xbrl/role/filing-indicator-code" xlink:type="simple" xlink:href="http://www.eurofiling.info/eu/fr/xbrl/ext/model.xsd#filing-indicator-code" />
  <link:roleRef roleURI="http://www.eurofiling.info/xbrl/role/rc-code" xlink:type="simple" xlink:href="http://www.eurofiling.info/eu/fr/xbrl/ext/model.xsd#rc-code" />
  <gen:link xlink:type="extended" xlink:role="http://www.xbrl.org/2003/role/link">
    <link:loc xlink:type="locator" xlink:href="d_09.03.a-rend.xml#eba_tD_09.03.a" xlink:label="loc_eba_tD_09.03.a" />
    <label:label xlink:type="resource" xlink:label="label_eba_tD_09.03.a" xml:lang="en" xlink:role="http://www.eurofiling.info/xbrl/role/rc-code">D 09.03.a</label:label>
    <gen:arc xlink:type="arc" xlink:arcrole="http://xbrl.org/arcrole/2008/element-label" xlink:from="loc_eba_tD_09.03.a" xlink:to="label_eba_tD_09.03.a" />
    <link:loc xlink:type="locator" xlink:href="d_09.03.a-rend.xml#eba_c86769" xlink:label="loc_eba_c86769" />
    <label:label xlink:type="resource" xlink:label="label_eba_c86769" xml:lang="en" xlink:role="http://www.eurofiling.info/xbrl/role/rc-code">0009</label:label>
    <gen:arc xlink:type="arc" xlink:arcrole="http://xbrl.org/arcrole/2008/element-label" xlink:from="loc_eba_c86769" xlink:to="label_eba_c86769" />
    <link:loc xlink:type="locator" xlink:href="d_09.03.a-rend.xml#eba_c86770" xlink:label="loc_eba_c86770" />
    <label:label xlink:type="resource" xlink:label="label_eba_c86770" xml:lang="en" xlink:role="http://www.eurofiling.info/xbrl/role/rc-code">0010</label:label>
    <gen:arc xlink:type="arc" xlink:arcrole="http://xbrl.org/arcrole/2008/element-label" xlink:from="loc_eba_c86770" xlink:to="label_eba_c86770" />
    <link:loc xlink:type="locator" xlink:href="d_09.03.a-rend.xml#eba_c86771" xlink:label="loc_eba_c86771" />
    <label:label xlink:type="resource" xlink:label="label_eba_c86771" xml:lang="en" xlink:role="http://www.eurofiling.info/xbrl/role/rc-code">0020</label:label>
    <gen:arc xlink:type="arc" xlink:arcrole="http://xbrl.org/arcrole/2008/element-label" xlink:from="loc_eba_c86771" xlink:to="label_eba_c86771" />
    <link:loc xlink:type="locator" xlink:href="d_09.03.a-rend.xml#eba_c86772" xlink:label="loc_eba_c86772" />
    <label:label xlink:type="resource" xlink:label="label_eba_c86772" xml:lang="en" xlink:role="http://www.eurofiling.info/xbrl/role/rc-code">0030</label:label>
    <gen:arc xlink:type="arc" xlink:arcrole="http://xbrl.org/arcrole/2008/element-label" xlink:from="loc_eba_c86772" xlink:to="label_eba_c86772" />
    <link:loc xlink:type="locator" xlink:href="d_09.03.a-rend.xml#eba_c86779" xlink:label="loc_eba_c86779" />
    <label:label xlink:type="resource" xlink:label="label_eba_c86779" xml:lang="en" xlink:role="http://www.eurofiling.info/xbrl/role/rc-code">0010</label:label>
    <gen:arc xlink:type="arc" xlink:arcrole="http://xbrl.org/arcrole/2008/element-label" xlink:from="loc_eba_c86779" xlink:to="label_eba_c86779" />
    <link:loc xlink:type="locator" xlink:href="d_09.03.a-rend.xml#eba_c86780" xlink:label="loc_eba_c86780" />
    <label:label xlink:type="resource" xlink:label="label_eba_c86780" xml:lang="en" xlink:role="http://www.eurofiling.info/xbrl/role/rc-code">0020</label:label>
    <gen:arc xlink:type="arc" xlink:arcrole="http://xbrl.org/arcrole/2008/element-label" xlink:from="loc_eba_c86780" xlink:to="label_eba_c86780" />
    <label:label xlink:type="resource" xlink:label="label_eba_tD_09.03.a_1" xml:lang="en" xlink:role="http://www.eurofiling.info/xbrl/role/filing-indicator-code">D_09.03</label:label>
    <gen:arc xlink:type="arc" xlink:arcrole="http://xbrl.org/arcrole/2008/element-label" xlink:from="loc_eba_tD_09.03.a" xlink:to="label_eba_tD_09.03.a_1" />
    <label:label xlink:type="resource" xlink:label="label_eba_tD_09.03.a_2" xml:lang="en" xlink:role="http://www.eba.europa.eu/xbrl/role/dpm-db-id">820.2317</label:label>
    <gen:arc xlink:type="arc" xlink:arcrole="http://xbrl.org/arcrole/2008/element-label" xlink:from="loc_eba_tD_09.03.a" xlink:to="label_eba_tD_09.03.a_2" />
    <label:label xlink:type="resource" xlink:label="label_eba_c86769_1" xml:lang="en" xlink:role="http://www.eba.europa.eu/xbrl/role/dpm-db-id">86769</label:label>
    <gen:arc xlink:type="arc" xlink:arcrole="http://xbrl.org/arcrole/2008/element-label" xlink:from="loc_eba_c86769" xlink:to="label_eba_c86769_1" />
    <label:label xlink:type="resource" xlink:label="label_eba_c86770_1" xml:lang="en" xlink:role="http://www.eba.europa.eu/xbrl/role/dpm-db-id">86770</label:label>
    <gen:arc xlink:type="arc" xlink:arcrole="http://xbrl.org/arcrole/2008/element-label" xlink:from="loc_eba_c86770" xlink:to="label_eba_c86770_1" />
    <label:label xlink:type="resource" xlink:label="label_eba_c86771_1" xml:lang="en" xlink:role="http://www.eba.europa.eu/xbrl/role/dpm-db-id">86771</label:label>
    <gen:arc xlink:type="arc" xlink:arcrole="http://xbrl.org/arcrole/2008/element-label" xlink:from="loc_eba_c86771" xlink:to="label_eba_c86771_1" />
    <label:label xlink:type="resource" xlink:label="label_eba_c86772_1" xml:lang="en" xlink:role="http://www.eba.europa.eu/xbrl/role/dpm-db-id">86772</label:label>
    <gen:arc xlink:type="arc" xlink:arcrole="http://xbrl.org/arcrole/2008/element-label" xlink:from="loc_eba_c86772" xlink:to="label_eba_c86772_1" />
    <label:label xlink:type="resource" xlink:label="label_eba_c86779_1" xml:lang="en" xlink:role="http://www.eba.europa.eu/xbrl/role/dpm-db-id">86779</label:label>
    <gen:arc xlink:type="arc" xlink:arcrole="http://xbrl.org/arcrole/2008/element-label" xlink:from="loc_eba_c86779" xlink:to="label_eba_c86779_1" />
    <label:label xlink:type="resource" xlink:label="label_eba_c86780_1" xml:lang="en" xlink:role="http://www.eba.europa.eu/xbrl/role/dpm-db-id">86780</label:label>
    <gen:arc xlink:type="arc" xlink:arcrole="http://xbrl.org/arcrole/2008/element-label" xlink:from="loc_eba_c86780" xlink:to="label_eba_c86780_1" />
  </gen:link>
</link:linkbase>