﻿<?xml version="1.0" encoding="utf-8"?>
<?taxonomy-version 1.0.0.0 ?>  <?taxonomy-set-overall-version 3.3.0.0 ?>
<!--(C) EBA-->
<link:linkbase xmlns:xsi="http://www.w3.org/2001/XMLSchema-instance" xmlns:xlink="http://www.w3.org/1999/xlink" xmlns:link="http://www.xbrl.org/2003/linkbase" xmlns:gen="http://xbrl.org/2008/generic" xmlns:label="http://xbrl.org/2008/label" xsi:schemaLocation="http://www.xbrl.org/2003/linkbase http://www.xbrl.org/2003/xbrl-linkbase-2003-12-31.xsd http://xbrl.org/2008/generic http://www.xbrl.org/2008/generic-link.xsd http://xbrl.org/2008/label http://www.xbrl.org/2008/generic-label.xsd">
  <link:arcroleRef arcroleURI="http://xbrl.org/arcrole/2008/element-label" xlink:type="simple" xlink:href="http://www.xbrl.org/2008/generic-label.xsd#element-label" />
  <link:roleRef roleURI="http://www.xbrl.org/2008/role/label" xlink:type="simple" xlink:href="http://www.xbrl.org/2008/generic-label.xsd#standard-label" />
  <link:roleRef roleURI="http://www.xbrl.org/2008/role/verboseLabel" xlink:type="simple" xlink:href="http://www.xbrl.org/2008/generic-label.xsd#verbose-label" />
  <gen:link xlink:type="extended" xlink:role="http://www.xbrl.org/2003/role/link">
    <link:loc xlink:type="locator" xlink:href="d_09.03.a-rend.xml#eba_tD_09.03.a" xlink:label="loc_eba_tD_09.03.a" />
    <label:label xlink:type="resource" xlink:label="label_eba_tD_09.03.a" xml:lang="en" xlink:role="http://www.xbrl.org/2008/role/label">D 09.03.a</label:label>
    <gen:arc xlink:type="arc" xlink:arcrole="http://xbrl.org/arcrole/2008/element-label" xlink:from="loc_eba_tD_09.03.a" xlink:to="label_eba_tD_09.03.a" />
    <label:label xlink:type="resource" xlink:label="label_eba_tD_09.03.a_1" xml:lang="en" xlink:role="http://www.xbrl.org/2008/role/verboseLabel">D 09.03.a Summary table - BTAR % (btar) (I)</label:label>
    <gen:arc xlink:type="arc" xlink:arcrole="http://xbrl.org/arcrole/2008/element-label" xlink:from="loc_eba_tD_09.03.a" xlink:to="label_eba_tD_09.03.a_1" />
    <link:loc xlink:type="locator" xlink:href="d_09.03.a-rend.xml#eba_a1" xlink:label="loc_eba_a1" />
    <label:label xlink:type="resource" xlink:label="label_eba_a1" xml:lang="en" xlink:role="http://www.xbrl.org/2008/role/label">Columns</label:label>
    <gen:arc xlink:type="arc" xlink:arcrole="http://xbrl.org/arcrole/2008/element-label" xlink:from="loc_eba_a1" xlink:to="label_eba_a1" />
    <link:loc xlink:type="locator" xlink:href="d_09.03.a-rend.xml#eba_c86769" xlink:label="loc_eba_c86769" />
    <label:label xlink:type="resource" xlink:label="label_eba_c86769" xml:lang="en" xlink:role="http://www.xbrl.org/2008/role/label">KPI</label:label>
    <gen:arc xlink:type="arc" xlink:arcrole="http://xbrl.org/arcrole/2008/element-label" xlink:from="loc_eba_c86769" xlink:to="label_eba_c86769" />
    <link:loc xlink:type="locator" xlink:href="d_09.03.a-rend.xml#eba_c86770" xlink:label="loc_eba_c86770" />
    <label:label xlink:type="resource" xlink:label="label_eba_c86770" xml:lang="en" xlink:role="http://www.xbrl.org/2008/role/label">Climate change mitigation (CCM)</label:label>
    <gen:arc xlink:type="arc" xlink:arcrole="http://xbrl.org/arcrole/2008/element-label" xlink:from="loc_eba_c86770" xlink:to="label_eba_c86770" />
    <link:loc xlink:type="locator" xlink:href="d_09.03.a-rend.xml#eba_c86771" xlink:label="loc_eba_c86771" />
    <label:label xlink:type="resource" xlink:label="label_eba_c86771" xml:lang="en" xlink:role="http://www.xbrl.org/2008/role/label">Climate change adaptation (CCA)</label:label>
    <gen:arc xlink:type="arc" xlink:arcrole="http://xbrl.org/arcrole/2008/element-label" xlink:from="loc_eba_c86771" xlink:to="label_eba_c86771" />
    <link:loc xlink:type="locator" xlink:href="d_09.03.a-rend.xml#eba_c86772" xlink:label="loc_eba_c86772" />
    <label:label xlink:type="resource" xlink:label="label_eba_c86772" xml:lang="en" xlink:role="http://www.xbrl.org/2008/role/label">Total (CCM + CCA)</label:label>
    <gen:arc xlink:type="arc" xlink:arcrole="http://xbrl.org/arcrole/2008/element-label" xlink:from="loc_eba_c86772" xlink:to="label_eba_c86772" />
    <link:loc xlink:type="locator" xlink:href="d_09.03.a-rend.xml#eba_a2" xlink:label="loc_eba_a2" />
    <label:label xlink:type="resource" xlink:label="label_eba_a2" xml:lang="en" xlink:role="http://www.xbrl.org/2008/role/label">Rows</label:label>
    <gen:arc xlink:type="arc" xlink:arcrole="http://xbrl.org/arcrole/2008/element-label" xlink:from="loc_eba_a2" xlink:to="label_eba_a2" />
    <link:loc xlink:type="locator" xlink:href="d_09.03.a-rend.xml#eba_c86779" xlink:label="loc_eba_c86779" />
    <label:label xlink:type="resource" xlink:label="label_eba_c86779" xml:lang="en" xlink:role="http://www.xbrl.org/2008/role/label">BTAR stock</label:label>
    <gen:arc xlink:type="arc" xlink:arcrole="http://xbrl.org/arcrole/2008/element-label" xlink:from="loc_eba_c86779" xlink:to="label_eba_c86779" />
    <link:loc xlink:type="locator" xlink:href="d_09.03.a-rend.xml#eba_c86780" xlink:label="loc_eba_c86780" />
    <label:label xlink:type="resource" xlink:label="label_eba_c86780" xml:lang="en" xlink:role="http://www.xbrl.org/2008/role/label">BTAR flow</label:label>
    <gen:arc xlink:type="arc" xlink:arcrole="http://xbrl.org/arcrole/2008/element-label" xlink:from="loc_eba_c86780" xlink:to="label_eba_c86780" />
  </gen:link>
</link:linkbase>