﻿<?xml version="1.0" encoding="utf-8"?>
<?taxonomy-version 1.0.0.0 ?>  <?taxonomy-set-overall-version 3.3.0.0 ?>
<!--(C) EBA-->
<link:linkbase xmlns:xsi="http://www.w3.org/2001/XMLSchema-instance" xmlns:xlink="http://www.w3.org/1999/xlink" xmlns:link="http://www.xbrl.org/2003/linkbase" xmlns:gen="http://xbrl.org/2008/generic" xmlns:label="http://xbrl.org/2008/label" xsi:schemaLocation="http://www.xbrl.org/2003/linkbase http://www.xbrl.org/2003/xbrl-linkbase-2003-12-31.xsd http://xbrl.org/2008/generic http://www.xbrl.org/2008/generic-link.xsd http://xbrl.org/2008/label http://www.xbrl.org/2008/generic-label.xsd">
  <link:arcroleRef arcroleURI="http://www.eurofiling.info/xbrl/arcrole/group-table" xlink:type="simple" xlink:href="http://www.eurofiling.info/eu/fr/xbrl/ext/model.xsd#group-table" />
  <gen:link xlink:type="extended" xlink:role="http://www.xbrl.org/2003/role/link">
    <link:loc xlink:type="locator" xlink:href="esg.xsd#eba_ESG" xlink:label="loc_eba_ESG" />
    <link:loc xlink:type="locator" xlink:href="../tab/tab.xsd#eba_tgAd_hoc_ESG" xlink:label="loc_eba_tgAd_hoc_ESG" />
    <gen:arc xlink:type="arc" xlink:arcrole="http://www.eurofiling.info/xbrl/arcrole/group-table" xlink:from="loc_eba_ESG" xlink:to="loc_eba_tgAd_hoc_ESG" order="1" />
    <link:loc xlink:type="locator" xlink:href="../tab/tab.xsd#eba_tgD_01.00" xlink:label="loc_eba_tgD_01.00" />
    <gen:arc xlink:type="arc" xlink:arcrole="http://www.eurofiling.info/xbrl/arcrole/group-table" xlink:from="loc_eba_tgAd_hoc_ESG" xlink:to="loc_eba_tgD_01.00" order="1" />
    <link:loc xlink:type="locator" xlink:href="../tab/d_01.00/d_01.00-rend.xml#eba_tD_01.00" xlink:label="loc_eba_tD_01.00" />
    <gen:arc xlink:type="arc" xlink:arcrole="http://www.eurofiling.info/xbrl/arcrole/group-table" xlink:from="loc_eba_tgD_01.00" xlink:to="loc_eba_tD_01.00" order="1" />
    <link:loc xlink:type="locator" xlink:href="../tab/tab.xsd#eba_tgD_02.00" xlink:label="loc_eba_tgD_02.00" />
    <gen:arc xlink:type="arc" xlink:arcrole="http://www.eurofiling.info/xbrl/arcrole/group-table" xlink:from="loc_eba_tgAd_hoc_ESG" xlink:to="loc_eba_tgD_02.00" order="2" />
    <link:loc xlink:type="locator" xlink:href="../tab/d_02.00.a/d_02.00.a-rend.xml#eba_tD_02.00.a" xlink:label="loc_eba_tD_02.00.a" />
    <gen:arc xlink:type="arc" xlink:arcrole="http://www.eurofiling.info/xbrl/arcrole/group-table" xlink:from="loc_eba_tgD_02.00" xlink:to="loc_eba_tD_02.00.a" order="1" />
    <link:loc xlink:type="locator" xlink:href="../tab/d_02.00.b/d_02.00.b-rend.xml#eba_tD_02.00.b" xlink:label="loc_eba_tD_02.00.b" />
    <gen:arc xlink:type="arc" xlink:arcrole="http://www.eurofiling.info/xbrl/arcrole/group-table" xlink:from="loc_eba_tgD_02.00" xlink:to="loc_eba_tD_02.00.b" order="2" />
    <link:loc xlink:type="locator" xlink:href="../tab/tab.xsd#eba_tgD_03.01" xlink:label="loc_eba_tgD_03.01" />
    <gen:arc xlink:type="arc" xlink:arcrole="http://www.eurofiling.info/xbrl/arcrole/group-table" xlink:from="loc_eba_tgAd_hoc_ESG" xlink:to="loc_eba_tgD_03.01" order="3" />
    <link:loc xlink:type="locator" xlink:href="../tab/d_03.01/d_03.01-rend.xml#eba_tD_03.01" xlink:label="loc_eba_tD_03.01" />
    <gen:arc xlink:type="arc" xlink:arcrole="http://www.eurofiling.info/xbrl/arcrole/group-table" xlink:from="loc_eba_tgD_03.01" xlink:to="loc_eba_tD_03.01" order="1" />
    <link:loc xlink:type="locator" xlink:href="../tab/tab.xsd#eba_tgD_03.02" xlink:label="loc_eba_tgD_03.02" />
    <gen:arc xlink:type="arc" xlink:arcrole="http://www.eurofiling.info/xbrl/arcrole/group-table" xlink:from="loc_eba_tgAd_hoc_ESG" xlink:to="loc_eba_tgD_03.02" order="4" />
    <link:loc xlink:type="locator" xlink:href="../tab/d_03.02/d_03.02-rend.xml#eba_tD_03.02" xlink:label="loc_eba_tD_03.02" />
    <gen:arc xlink:type="arc" xlink:arcrole="http://www.eurofiling.info/xbrl/arcrole/group-table" xlink:from="loc_eba_tgD_03.02" xlink:to="loc_eba_tD_03.02" order="1" />
    <link:loc xlink:type="locator" xlink:href="../tab/tab.xsd#eba_tgD_04.00" xlink:label="loc_eba_tgD_04.00" />
    <gen:arc xlink:type="arc" xlink:arcrole="http://www.eurofiling.info/xbrl/arcrole/group-table" xlink:from="loc_eba_tgAd_hoc_ESG" xlink:to="loc_eba_tgD_04.00" order="5" />
    <link:loc xlink:type="locator" xlink:href="../tab/d_04.00/d_04.00-rend.xml#eba_tD_04.00" xlink:label="loc_eba_tD_04.00" />
    <gen:arc xlink:type="arc" xlink:arcrole="http://www.eurofiling.info/xbrl/arcrole/group-table" xlink:from="loc_eba_tgD_04.00" xlink:to="loc_eba_tD_04.00" order="1" />
    <link:loc xlink:type="locator" xlink:href="../tab/tab.xsd#eba_tgD_05.00" xlink:label="loc_eba_tgD_05.00" />
    <gen:arc xlink:type="arc" xlink:arcrole="http://www.eurofiling.info/xbrl/arcrole/group-table" xlink:from="loc_eba_tgAd_hoc_ESG" xlink:to="loc_eba_tgD_05.00" order="6" />
    <link:loc xlink:type="locator" xlink:href="../tab/d_05.00.a/d_05.00.a-rend.xml#eba_tD_05.00.a" xlink:label="loc_eba_tD_05.00.a" />
    <gen:arc xlink:type="arc" xlink:arcrole="http://www.eurofiling.info/xbrl/arcrole/group-table" xlink:from="loc_eba_tgD_05.00" xlink:to="loc_eba_tD_05.00.a" order="1" />
    <link:loc xlink:type="locator" xlink:href="../tab/d_05.00.b/d_05.00.b-rend.xml#eba_tD_05.00.b" xlink:label="loc_eba_tD_05.00.b" />
    <gen:arc xlink:type="arc" xlink:arcrole="http://www.eurofiling.info/xbrl/arcrole/group-table" xlink:from="loc_eba_tgD_05.00" xlink:to="loc_eba_tD_05.00.b" order="2" />
    <link:loc xlink:type="locator" xlink:href="../tab/tab.xsd#eba_tgD_06.00" xlink:label="loc_eba_tgD_06.00" />
    <gen:arc xlink:type="arc" xlink:arcrole="http://www.eurofiling.info/xbrl/arcrole/group-table" xlink:from="loc_eba_tgAd_hoc_ESG" xlink:to="loc_eba_tgD_06.00" order="7" />
    <link:loc xlink:type="locator" xlink:href="../tab/d_06.00.a/d_06.00.a-rend.xml#eba_tD_06.00.a" xlink:label="loc_eba_tD_06.00.a" />
    <gen:arc xlink:type="arc" xlink:arcrole="http://www.eurofiling.info/xbrl/arcrole/group-table" xlink:from="loc_eba_tgD_06.00" xlink:to="loc_eba_tD_06.00.a" order="1" />
    <link:loc xlink:type="locator" xlink:href="../tab/d_06.00.b/d_06.00.b-rend.xml#eba_tD_06.00.b" xlink:label="loc_eba_tD_06.00.b" />
    <gen:arc xlink:type="arc" xlink:arcrole="http://www.eurofiling.info/xbrl/arcrole/group-table" xlink:from="loc_eba_tgD_06.00" xlink:to="loc_eba_tD_06.00.b" order="2" />
    <link:loc xlink:type="locator" xlink:href="../tab/tab.xsd#eba_tgD_07.00" xlink:label="loc_eba_tgD_07.00" />
    <gen:arc xlink:type="arc" xlink:arcrole="http://www.eurofiling.info/xbrl/arcrole/group-table" xlink:from="loc_eba_tgAd_hoc_ESG" xlink:to="loc_eba_tgD_07.00" order="8" />
    <link:loc xlink:type="locator" xlink:href="../tab/d_07.00.a/d_07.00.a-rend.xml#eba_tD_07.00.a" xlink:label="loc_eba_tD_07.00.a" />
    <gen:arc xlink:type="arc" xlink:arcrole="http://www.eurofiling.info/xbrl/arcrole/group-table" xlink:from="loc_eba_tgD_07.00" xlink:to="loc_eba_tD_07.00.a" order="1" />
    <link:loc xlink:type="locator" xlink:href="../tab/d_07.00.b/d_07.00.b-rend.xml#eba_tD_07.00.b" xlink:label="loc_eba_tD_07.00.b" />
    <gen:arc xlink:type="arc" xlink:arcrole="http://www.eurofiling.info/xbrl/arcrole/group-table" xlink:from="loc_eba_tgD_07.00" xlink:to="loc_eba_tD_07.00.b" order="2" />
    <link:loc xlink:type="locator" xlink:href="../tab/tab.xsd#eba_tgD_08.00" xlink:label="loc_eba_tgD_08.00" />
    <gen:arc xlink:type="arc" xlink:arcrole="http://www.eurofiling.info/xbrl/arcrole/group-table" xlink:from="loc_eba_tgAd_hoc_ESG" xlink:to="loc_eba_tgD_08.00" order="9" />
    <link:loc xlink:type="locator" xlink:href="../tab/d_08.00.a/d_08.00.a-rend.xml#eba_tD_08.00.a" xlink:label="loc_eba_tD_08.00.a" />
    <gen:arc xlink:type="arc" xlink:arcrole="http://www.eurofiling.info/xbrl/arcrole/group-table" xlink:from="loc_eba_tgD_08.00" xlink:to="loc_eba_tD_08.00.a" order="1" />
    <link:loc xlink:type="locator" xlink:href="../tab/d_08.00.b/d_08.00.b-rend.xml#eba_tD_08.00.b" xlink:label="loc_eba_tD_08.00.b" />
    <gen:arc xlink:type="arc" xlink:arcrole="http://www.eurofiling.info/xbrl/arcrole/group-table" xlink:from="loc_eba_tgD_08.00" xlink:to="loc_eba_tD_08.00.b" order="2" />
    <link:loc xlink:type="locator" xlink:href="../tab/d_08.00.c/d_08.00.c-rend.xml#eba_tD_08.00.c" xlink:label="loc_eba_tD_08.00.c" />
    <gen:arc xlink:type="arc" xlink:arcrole="http://www.eurofiling.info/xbrl/arcrole/group-table" xlink:from="loc_eba_tgD_08.00" xlink:to="loc_eba_tD_08.00.c" order="3" />
    <link:loc xlink:type="locator" xlink:href="../tab/d_08.00.d/d_08.00.d-rend.xml#eba_tD_08.00.d" xlink:label="loc_eba_tD_08.00.d" />
    <gen:arc xlink:type="arc" xlink:arcrole="http://www.eurofiling.info/xbrl/arcrole/group-table" xlink:from="loc_eba_tgD_08.00" xlink:to="loc_eba_tD_08.00.d" order="4" />
    <link:loc xlink:type="locator" xlink:href="../tab/d_08.00.e/d_08.00.e-rend.xml#eba_tD_08.00.e" xlink:label="loc_eba_tD_08.00.e" />
    <gen:arc xlink:type="arc" xlink:arcrole="http://www.eurofiling.info/xbrl/arcrole/group-table" xlink:from="loc_eba_tgD_08.00" xlink:to="loc_eba_tD_08.00.e" order="5" />
    <link:loc xlink:type="locator" xlink:href="../tab/tab.xsd#eba_tgD_09.01" xlink:label="loc_eba_tgD_09.01" />
    <gen:arc xlink:type="arc" xlink:arcrole="http://www.eurofiling.info/xbrl/arcrole/group-table" xlink:from="loc_eba_tgAd_hoc_ESG" xlink:to="loc_eba_tgD_09.01" order="10" />
    <link:loc xlink:type="locator" xlink:href="../tab/d_09.01/d_09.01-rend.xml#eba_tD_09.01" xlink:label="loc_eba_tD_09.01" />
    <gen:arc xlink:type="arc" xlink:arcrole="http://www.eurofiling.info/xbrl/arcrole/group-table" xlink:from="loc_eba_tgD_09.01" xlink:to="loc_eba_tD_09.01" order="1" />
    <link:loc xlink:type="locator" xlink:href="../tab/tab.xsd#eba_tgD_09.02" xlink:label="loc_eba_tgD_09.02" />
    <gen:arc xlink:type="arc" xlink:arcrole="http://www.eurofiling.info/xbrl/arcrole/group-table" xlink:from="loc_eba_tgAd_hoc_ESG" xlink:to="loc_eba_tgD_09.02" order="11" />
    <link:loc xlink:type="locator" xlink:href="../tab/d_09.02.a/d_09.02.a-rend.xml#eba_tD_09.02.a" xlink:label="loc_eba_tD_09.02.a" />
    <gen:arc xlink:type="arc" xlink:arcrole="http://www.eurofiling.info/xbrl/arcrole/group-table" xlink:from="loc_eba_tgD_09.02" xlink:to="loc_eba_tD_09.02.a" order="1" />
    <link:loc xlink:type="locator" xlink:href="../tab/d_09.02.b/d_09.02.b-rend.xml#eba_tD_09.02.b" xlink:label="loc_eba_tD_09.02.b" />
    <gen:arc xlink:type="arc" xlink:arcrole="http://www.eurofiling.info/xbrl/arcrole/group-table" xlink:from="loc_eba_tgD_09.02" xlink:to="loc_eba_tD_09.02.b" order="2" />
    <link:loc xlink:type="locator" xlink:href="../tab/d_09.02.c/d_09.02.c-rend.xml#eba_tD_09.02.c" xlink:label="loc_eba_tD_09.02.c" />
    <gen:arc xlink:type="arc" xlink:arcrole="http://www.eurofiling.info/xbrl/arcrole/group-table" xlink:from="loc_eba_tgD_09.02" xlink:to="loc_eba_tD_09.02.c" order="3" />
    <link:loc xlink:type="locator" xlink:href="../tab/d_09.02.d/d_09.02.d-rend.xml#eba_tD_09.02.d" xlink:label="loc_eba_tD_09.02.d" />
    <gen:arc xlink:type="arc" xlink:arcrole="http://www.eurofiling.info/xbrl/arcrole/group-table" xlink:from="loc_eba_tgD_09.02" xlink:to="loc_eba_tD_09.02.d" order="4" />
    <link:loc xlink:type="locator" xlink:href="../tab/tab.xsd#eba_tgD_09.03" xlink:label="loc_eba_tgD_09.03" />
    <gen:arc xlink:type="arc" xlink:arcrole="http://www.eurofiling.info/xbrl/arcrole/group-table" xlink:from="loc_eba_tgAd_hoc_ESG" xlink:to="loc_eba_tgD_09.03" order="12" />
    <link:loc xlink:type="locator" xlink:href="../tab/d_09.03.a/d_09.03.a-rend.xml#eba_tD_09.03.a" xlink:label="loc_eba_tD_09.03.a" />
    <gen:arc xlink:type="arc" xlink:arcrole="http://www.eurofiling.info/xbrl/arcrole/group-table" xlink:from="loc_eba_tgD_09.03" xlink:to="loc_eba_tD_09.03.a" order="1" />
    <link:loc xlink:type="locator" xlink:href="../tab/d_09.03.b/d_09.03.b-rend.xml#eba_tD_09.03.b" xlink:label="loc_eba_tD_09.03.b" />
    <gen:arc xlink:type="arc" xlink:arcrole="http://www.eurofiling.info/xbrl/arcrole/group-table" xlink:from="loc_eba_tgD_09.03" xlink:to="loc_eba_tD_09.03.b" order="2" />
    <link:loc xlink:type="locator" xlink:href="../tab/tab.xsd#eba_tgD_10.00" xlink:label="loc_eba_tgD_10.00" />
    <gen:arc xlink:type="arc" xlink:arcrole="http://www.eurofiling.info/xbrl/arcrole/group-table" xlink:from="loc_eba_tgAd_hoc_ESG" xlink:to="loc_eba_tgD_10.00" order="13" />
    <link:loc xlink:type="locator" xlink:href="../tab/d_10.00/d_10.00-rend.xml#eba_tD_10.00" xlink:label="loc_eba_tD_10.00" />
    <gen:arc xlink:type="arc" xlink:arcrole="http://www.eurofiling.info/xbrl/arcrole/group-table" xlink:from="loc_eba_tgD_10.00" xlink:to="loc_eba_tD_10.00" order="1" />
  </gen:link>
</link:linkbase>