{
    "dimensions": {
        "entity": "$entityID",
        "language": "$baseLanguage",
        "period": "$refPeriod@end"
    },
    "documentInfo": {
        "documentType": "https://xbrl.org/CR/2021-02-03/xbrl-csv",
        "extends": [
            "http://www.eba.europa.eu/eu/fr/xbrl/ext/2020/FilingIndicators.json",
            "http://www.eba.europa.eu/eu/fr/xbrl/ext/2020/FootNotes.json",
            "../tab/d_01.00/d_01.00.json",
            "../tab/d_02.00.a/d_02.00.a.json",
            "../tab/d_02.00.b/d_02.00.b.json",
            "../tab/d_03.01/d_03.01.json",
            "../tab/d_03.02/d_03.02.json",
            "../tab/d_04.00/d_04.00.json",
            "../tab/d_05.00.a/d_05.00.a.json",
            "../tab/d_05.00.b/d_05.00.b.json",
            "../tab/d_06.00.a/d_06.00.a.json",
            "../tab/d_06.00.b/d_06.00.b.json",
            "../tab/d_07.00.a/d_07.00.a.json",
            "../tab/d_07.00.b/d_07.00.b.json",
            "../tab/d_08.00.a/d_08.00.a.json",
            "../tab/d_08.00.b/d_08.00.b.json",
            "../tab/d_08.00.c/d_08.00.c.json",
            "../tab/d_08.00.d/d_08.00.d.json",
            "../tab/d_08.00.e/d_08.00.e.json",
            "../tab/d_09.01/d_09.01.json",
            "../tab/d_09.02.a/d_09.02.a.json",
            "../tab/d_09.02.b/d_09.02.b.json",
            "../tab/d_09.02.c/d_09.02.c.json",
            "../tab/d_09.02.d/d_09.02.d.json",
            "../tab/d_09.03.a/d_09.03.a.json",
            "../tab/d_09.03.b/d_09.03.b.json",
            "../tab/d_10.00/d_10.00.json"
        ],
        "features": {
            "xbrl:allowedDuplicates": "complete"
        },
        "final": {
            "dimensions": true,
            "linkGroups": true,
            "linkTypes": true,
            "namespaces": true,
            "parameters": true,
            "tableTemplates": true,
            "tables": true,
            "taxonomy": true
        },
        "linkGroups": {
            "_": "http://www.xbrl.org/2003/role/link"
        },
        "linkTypes": {
            "footnote": "http://www.xbrl.org/2003/arcrole/fact-footnote"
        },
        "namespaces": {
            "eba": "http://www.eba.europa.eu",
            "iso4217": "http://www.xbrl.org/2003/iso4217",
            "lei": "http://standards.iso.org/iso/17442",
            "rs": "https://eurofiling.info/eu/rs",
            "xbrl": "https://xbrl.org/CR/2021-02-03"
        },
        "taxonomy": [
            "http://www.eba.europa.eu/eu/fr/xbrl/crr/fws/esg/its-2021-637/2023-05-30/mod/esg.xsd"
        ]
    },
    "parameterURL": "parameters.csv",
    "parameters": {
        "baseLanguage": "en"
    },
    "tables": {
        "tD_01-00": {
            "optional": true,
            "template": "D_01-00",
            "url": "d_01.00.csv"
        },
        "tD_02-00-a": {
            "optional": true,
            "template": "D_02-00-a",
            "url": "d_02.00.a.csv"
        },
        "tD_02-00-b": {
            "optional": true,
            "template": "D_02-00-b",
            "url": "d_02.00.b.csv"
        },
        "tD_03-01": {
            "optional": true,
            "template": "D_03-01",
            "url": "d_03.01.csv"
        },
        "tD_03-02": {
            "optional": true,
            "template": "D_03-02",
            "url": "d_03.02.csv"
        },
        "tD_04-00": {
            "optional": true,
            "template": "D_04-00",
            "url": "d_04.00.csv"
        },
        "tD_05-00-a": {
            "optional": true,
            "template": "D_05-00-a",
            "url": "d_05.00.a.csv"
        },
        "tD_05-00-b": {
            "optional": true,
            "template": "D_05-00-b",
            "url": "d_05.00.b.csv"
        },
        "tD_06-00-a": {
            "optional": true,
            "template": "D_06-00-a",
            "url": "d_06.00.a.csv"
        },
        "tD_06-00-b": {
            "optional": true,
            "template": "D_06-00-b",
            "url": "d_06.00.b.csv"
        },
        "tD_07-00-a": {
            "optional": true,
            "template": "D_07-00-a",
            "url": "d_07.00.a.csv"
        },
        "tD_07-00-b": {
            "optional": true,
            "template": "D_07-00-b",
            "url": "d_07.00.b.csv"
        },
        "tD_08-00-a": {
            "optional": true,
            "template": "D_08-00-a",
            "url": "d_08.00.a.csv"
        },
        "tD_08-00-b": {
            "optional": true,
            "template": "D_08-00-b",
            "url": "d_08.00.b.csv"
        },
        "tD_08-00-c": {
            "optional": true,
            "template": "D_08-00-c",
            "url": "d_08.00.c.csv"
        },
        "tD_08-00-d": {
            "optional": true,
            "template": "D_08-00-d",
            "url": "d_08.00.d.csv"
        },
        "tD_08-00-e": {
            "optional": true,
            "template": "D_08-00-e",
            "url": "d_08.00.e.csv"
        },
        "tD_09-01": {
            "optional": true,
            "template": "D_09-01",
            "url": "d_09.01.csv"
        },
        "tD_09-02-a": {
            "optional": true,
            "template": "D_09-02-a",
            "url": "d_09.02.a.csv"
        },
        "tD_09-02-b": {
            "optional": true,
            "template": "D_09-02-b",
            "url": "d_09.02.b.csv"
        },
        "tD_09-02-c": {
            "optional": true,
            "template": "D_09-02-c",
            "url": "d_09.02.c.csv"
        },
        "tD_09-02-d": {
            "optional": true,
            "template": "D_09-02-d",
            "url": "d_09.02.d.csv"
        },
        "tD_09-03-a": {
            "optional": true,
            "template": "D_09-03-a",
            "url": "d_09.03.a.csv"
        },
        "tD_09-03-b": {
            "optional": true,
            "template": "D_09-03-b",
            "url": "d_09.03.b.csv"
        },
        "tD_10-00": {
            "optional": true,
            "template": "D_10-00",
            "url": "d_10.00.csv"
        },
        "tFI": {
            "template": "FilingIndicators",
            "url": "FilingIndicators.csv"
        },
        "tFootNotes": {
            "optional": true,
            "template": "FootNotes",
            "url": "FootNotes.csv"
        }
    }
}