<?xml version="1.0" encoding="UTF-8"?>
<!--
*******************************************************************************************
Copyright © 2022 Comisión para el Mercado Financiero de Chile (CMF) 
This material is copyright of the CMF Chile and all rights are reserved. 
No part of this material may be translated, reprinted, reproduced or utilised in 
any form or manner that is not expressly permitted by the CMF Chile 
IP Policy see: http://www.cmfchile.cl/sitio/pop/politica.html
*******************************************************************************************
-->
<!-- Generated with Reporting Standard S.L. XBRL Taxonomy builder version 3.7.1.1364 - http://www.reportingstandard.com -->
<link:linkbase xmlns:link="http://www.xbrl.org/2003/linkbase"
               xmlns:xs="http://www.w3.org/2001/XMLSchema"
               xmlns:xbrli="http://www.xbrl.org/2003/instance"
               xmlns:xfi="http://www.xbrl.org/2008/function/instance"
               xmlns:gen="http://xbrl.org/2008/generic"
               xmlns:xlink="http://www.w3.org/1999/xlink"
               xmlns:xsi="http://www.w3.org/2001/XMLSchema-instance"
               xmlns:va="http://xbrl.org/2008/assertion/value"
               xmlns:variable="http://xbrl.org/2008/variable"
               xmlns:cf="http://xbrl.org/2008/filter/concept"
               xmlns:ifrs-full="http://xbrl.ifrs.org/taxonomy/2021-03-24/ifrs-full"
               xmlns:label="http://xbrl.org/2008/label"
               xmlns:msg="http://xbrl.org/2010/message"
               xsi:schemaLocation="http://xbrl.org/2008/assertion/value http://www.xbrl.org/2008/value-assertion.xsd http://xbrl.org/2008/variable http://www.xbrl.org/2008/variable.xsd http://xbrl.org/2008/filter/concept http://www.xbrl.org/2008/concept-filter.xsd http://xbrl.org/2008/label http://www.xbrl.org/2008/generic-label.xsd http://xbrl.org/2010/message http://www.xbrl.org/2010/generic-message.xsd http://xbrl.org/2008/generic http://www.xbrl.org/2008/generic-link.xsd http://xbrl.ifrs.org/taxonomy/2021-03-24/ifrs-full http://xbrl.ifrs.org/taxonomy/2021-03-24/full_ifrs/full_ifrs-cor_2021-03-24.xsd">
  <link:roleRef xlink:type="simple" roleURI="http://www.cmfchile.cl/cl/fr/ci/role/ifrs-5_2021-03-24_role-825900" xlink:href="../cl-ci_ifrs-5_2021-03-24_role-825900.xsd#ifrs-5_2021-03-24_role-825900"/>
  <link:roleRef xlink:type="simple" roleURI="http://www.xbrl.org/2010/role/message" xlink:href="http://www.xbrl.org/2010/generic-message.xsd#standard-message"/>
  <link:arcroleRef xlink:type="simple" arcroleURI="http://xbrl.org/arcrole/2008/variable-set" xlink:href="http://www.xbrl.org/2008/variable.xsd#variable-set"/>
  <link:arcroleRef xlink:type="simple" arcroleURI="http://xbrl.org/arcrole/2008/variable-filter" xlink:href="http://www.xbrl.org/2008/variable.xsd#variable-filter"/>
  <link:arcroleRef xlink:type="simple" arcroleURI="http://xbrl.org/arcrole/2008/element-label" xlink:href="http://www.xbrl.org/2008/generic-label.xsd#element-label"/>
  <link:arcroleRef xlink:type="simple" arcroleURI="http://xbrl.org/arcrole/2010/assertion-satisfied-message" xlink:href="http://www.xbrl.org/2010/validation-message.xsd#assertion-satisfied-message"/>
  <link:arcroleRef xlink:type="simple" arcroleURI="http://xbrl.org/arcrole/2010/assertion-unsatisfied-message" xlink:href="http://www.xbrl.org/2010/validation-message.xsd#assertion-unsatisfied-message"/>
  <gen:link xlink:type="extended" xlink:role="http://www.cmfchile.cl/cl/fr/ci/role/ifrs-5_2021-03-24_role-825900">
    <va:valueAssertion xlink:type="resource" id="regla825901" aspectModel="dimensional" implicitFiltering="true" test="$ifrs-full:IncreaseDecreaseInCashAndCashEquivalentsDiscontinuedOperations = ( $ifrs-full:CashFlowsFromUsedInOperatingActivitiesDiscontinuedOperations + $ifrs-full:CashFlowsFromUsedInInvestingActivitiesDiscontinuedOperations + $ifrs-full:CashFlowsFromUsedInFinancingActivitiesDiscontinuedOperations )" xlink:label="lbl29333"/>
    <variable:factVariable xlink:type="resource" bindAsSequence="false" xlink:label="lbl29334" id="id15074"/>
    <variable:variableArc xlink:type="arc" xlink:arcrole="http://xbrl.org/arcrole/2008/variable-set" name="ifrs-full:IncreaseDecreaseInCashAndCashEquivalentsDiscontinuedOperations" xlink:from="lbl29333" xlink:to="lbl29334"/>
    <variable:factVariable xlink:type="resource" bindAsSequence="false" xlink:label="lbl29336" id="id15075"/>
    <variable:variableArc xlink:type="arc" xlink:arcrole="http://xbrl.org/arcrole/2008/variable-set" name="ifrs-full:CashFlowsFromUsedInOperatingActivitiesDiscontinuedOperations" xlink:from="lbl29333" xlink:to="lbl29336"/>
    <variable:factVariable xlink:type="resource" bindAsSequence="false" xlink:label="lbl29338" id="id15076"/>
    <variable:variableArc xlink:type="arc" xlink:arcrole="http://xbrl.org/arcrole/2008/variable-set" name="ifrs-full:CashFlowsFromUsedInInvestingActivitiesDiscontinuedOperations" xlink:from="lbl29333" xlink:to="lbl29338"/>
    <variable:factVariable xlink:type="resource" bindAsSequence="false" xlink:label="lbl29340" id="id15077"/>
    <variable:variableArc xlink:type="arc" xlink:arcrole="http://xbrl.org/arcrole/2008/variable-set" name="ifrs-full:CashFlowsFromUsedInFinancingActivitiesDiscontinuedOperations" xlink:from="lbl29333" xlink:to="lbl29340"/>
    <cf:conceptName xlink:type="resource" xlink:label="lbl29335" id="id15078">
      <cf:concept>
        <cf:qname>ifrs-full:IncreaseDecreaseInCashAndCashEquivalentsDiscontinuedOperations</cf:qname>
      </cf:concept>
    </cf:conceptName>
    <variable:variableFilterArc xlink:type="arc" xlink:arcrole="http://xbrl.org/arcrole/2008/variable-filter" complement="false" cover="true" xlink:from="lbl29334" xlink:to="lbl29335"/>
    <cf:conceptName xlink:type="resource" xlink:label="lbl29337" id="id15079">
      <cf:concept>
        <cf:qname>ifrs-full:CashFlowsFromUsedInOperatingActivitiesDiscontinuedOperations</cf:qname>
      </cf:concept>
    </cf:conceptName>
    <variable:variableFilterArc xlink:type="arc" xlink:arcrole="http://xbrl.org/arcrole/2008/variable-filter" complement="false" cover="true" xlink:from="lbl29336" xlink:to="lbl29337"/>
    <cf:conceptName xlink:type="resource" xlink:label="lbl29339" id="id15080">
      <cf:concept>
        <cf:qname>ifrs-full:CashFlowsFromUsedInInvestingActivitiesDiscontinuedOperations</cf:qname>
      </cf:concept>
    </cf:conceptName>
    <variable:variableFilterArc xlink:type="arc" xlink:arcrole="http://xbrl.org/arcrole/2008/variable-filter" complement="false" cover="true" xlink:from="lbl29338" xlink:to="lbl29339"/>
    <cf:conceptName xlink:type="resource" xlink:label="lbl29341" id="id15081">
      <cf:concept>
        <cf:qname>ifrs-full:CashFlowsFromUsedInFinancingActivitiesDiscontinuedOperations</cf:qname>
      </cf:concept>
    </cf:conceptName>
    <variable:variableFilterArc xlink:type="arc" xlink:arcrole="http://xbrl.org/arcrole/2008/variable-filter" complement="false" cover="true" xlink:from="lbl29340" xlink:to="lbl29341"/>
    <label:label xlink:type="resource" xml:lang="es" id="id15071" xlink:label="lbl29342">825901</label:label>
    <gen:arc xlink:type="arc" xlink:arcrole="http://xbrl.org/arcrole/2008/element-label" xlink:from="lbl29333" xlink:to="lbl29342"/>
    <msg:message xlink:type="resource" id="id15072" xml:lang="es" xlink:role="http://www.xbrl.org/2010/role/message" xlink:label="lbl29343">Rol[825900] Regla825901: Incrementos (disminuciones) del efectivo y equivalentes al efectivo, operaciones discontinuadas es igual a la suma de Flujos de efectivo netos procedentes de (utilizados en) actividades de operación, operaciones discontinuadas;Flujos de efectivo netos procedentes de (utilizados en) actividades de inversión, operaciones discontinuadas y Flujos de efectivo netos procedentes de (utilizados en) actividades de financiación, operaciones discontinuadas; contexto  {$ifrs-full:IncreaseDecreaseInCashAndCashEquivalentsDiscontinuedOperations/@contextRef}</msg:message>
    <gen:arc xlink:type="arc" xlink:arcrole="http://xbrl.org/arcrole/2010/assertion-satisfied-message" xlink:from="lbl29333" xlink:to="lbl29343"/>
    <msg:message xlink:type="resource" id="id15073" xml:lang="es" xlink:role="http://www.xbrl.org/2010/role/message" xlink:label="lbl29344">Rol[825900] Regla825901: Error Incrementos (disminuciones) del efectivo y equivalentes al efectivo, operaciones discontinuadas no es igual a la suma de Flujos de efectivo netos procedentes de (utilizados en) actividades de operación, operaciones discontinuadas;Flujos de efectivo netos procedentes de (utilizados en) actividades de inversión, operaciones discontinuadas y Flujos de efectivo netos procedentes de (utilizados en) actividades de financiación, operaciones discontinuadas; contexto  {$ifrs-full:IncreaseDecreaseInCashAndCashEquivalentsDiscontinuedOperations/@contextRef}</msg:message>
    <gen:arc xlink:type="arc" xlink:arcrole="http://xbrl.org/arcrole/2010/assertion-unsatisfied-message" xlink:from="lbl29333" xlink:to="lbl29344"/>
  </gen:link>
</link:linkbase>