﻿<?xml version="1.0" encoding="utf-8"?>
<?taxonomy-version 1.0.0.0 ?>  <?taxonomy-set-overall-version 3.3.0.0 ?>
<!--(C) EBA-->
<link:linkbase xmlns:xsi="http://www.w3.org/2001/XMLSchema-instance" xmlns:xlink="http://www.w3.org/1999/xlink" xmlns:link="http://www.xbrl.org/2003/linkbase" xmlns:gen="http://xbrl.org/2008/generic" xmlns:label="http://xbrl.org/2008/label" xsi:schemaLocation="http://www.xbrl.org/2003/linkbase http://www.xbrl.org/2003/xbrl-linkbase-2003-12-31.xsd http://xbrl.org/2008/generic http://www.xbrl.org/2008/generic-link.xsd http://xbrl.org/2008/label http://www.xbrl.org/2008/generic-label.xsd">
  <link:arcroleRef arcroleURI="http://xbrl.org/arcrole/2008/element-label" xlink:type="simple" xlink:href="http://www.xbrl.org/2008/generic-label.xsd#element-label" />
  <link:roleRef roleURI="http://www.eba.europa.eu/xbrl/role/dpm-db-id" xlink:type="simple" xlink:href="http://www.eba.europa.eu/eu/fr/xbrl/ext/model.xsd#dpm-db-id" />
  <link:roleRef roleURI="http://www.eurofiling.info/xbrl/role/filing-indicator-code" xlink:type="simple" xlink:href="http://www.eurofiling.info/eu/fr/xbrl/ext/model.xsd#filing-indicator-code" />
  <link:roleRef roleURI="http://www.eurofiling.info/xbrl/role/rc-code" xlink:type="simple" xlink:href="http://www.eurofiling.info/eu/fr/xbrl/ext/model.xsd#rc-code" />
  <gen:link xlink:type="extended" xlink:role="http://www.xbrl.org/2003/role/link">
    <link:loc xlink:type="locator" xlink:href="k_06.00-rend.xml#eba_tK_06.00" xlink:label="loc_eba_tK_06.00" />
    <label:label xlink:type="resource" xlink:label="label_eba_tK_06.00" xml:lang="en" xlink:role="http://www.eurofiling.info/xbrl/role/rc-code">K 06.00</label:label>
    <gen:arc xlink:type="arc" xlink:arcrole="http://xbrl.org/arcrole/2008/element-label" xlink:from="loc_eba_tK_06.00" xlink:to="label_eba_tK_06.00" />
    <link:loc xlink:type="locator" xlink:href="k_06.00-rend.xml#eba_c87035" xlink:label="loc_eba_c87035" />
    <label:label xlink:type="resource" xlink:label="label_eba_c87035" xml:lang="en" xlink:role="http://www.eurofiling.info/xbrl/role/rc-code">0010</label:label>
    <gen:arc xlink:type="arc" xlink:arcrole="http://xbrl.org/arcrole/2008/element-label" xlink:from="loc_eba_c87035" xlink:to="label_eba_c87035" />
    <link:loc xlink:type="locator" xlink:href="k_06.00-rend.xml#eba_c87036" xlink:label="loc_eba_c87036" />
    <label:label xlink:type="resource" xlink:label="label_eba_c87036" xml:lang="en" xlink:role="http://www.eurofiling.info/xbrl/role/rc-code">0020</label:label>
    <gen:arc xlink:type="arc" xlink:arcrole="http://xbrl.org/arcrole/2008/element-label" xlink:from="loc_eba_c87036" xlink:to="label_eba_c87036" />
    <link:loc xlink:type="locator" xlink:href="k_06.00-rend.xml#eba_c87545" xlink:label="loc_eba_c87545" />
    <label:label xlink:type="resource" xlink:label="label_eba_c87545" xml:lang="en" xlink:role="http://www.eurofiling.info/xbrl/role/rc-code">0009</label:label>
    <gen:arc xlink:type="arc" xlink:arcrole="http://xbrl.org/arcrole/2008/element-label" xlink:from="loc_eba_c87545" xlink:to="label_eba_c87545" />
    <link:loc xlink:type="locator" xlink:href="k_06.00-rend.xml#eba_c87045" xlink:label="loc_eba_c87045" />
    <label:label xlink:type="resource" xlink:label="label_eba_c87045" xml:lang="en" xlink:role="http://www.eurofiling.info/xbrl/role/rc-code">0060</label:label>
    <gen:arc xlink:type="arc" xlink:arcrole="http://xbrl.org/arcrole/2008/element-label" xlink:from="loc_eba_c87045" xlink:to="label_eba_c87045" />
    <link:loc xlink:type="locator" xlink:href="k_06.00-rend.xml#eba_c87040" xlink:label="loc_eba_c87040" />
    <label:label xlink:type="resource" xlink:label="label_eba_c87040" xml:lang="en" xlink:role="http://www.eurofiling.info/xbrl/role/rc-code">0010</label:label>
    <gen:arc xlink:type="arc" xlink:arcrole="http://xbrl.org/arcrole/2008/element-label" xlink:from="loc_eba_c87040" xlink:to="label_eba_c87040" />
    <link:loc xlink:type="locator" xlink:href="k_06.00-rend.xml#eba_c87041" xlink:label="loc_eba_c87041" />
    <label:label xlink:type="resource" xlink:label="label_eba_c87041" xml:lang="en" xlink:role="http://www.eurofiling.info/xbrl/role/rc-code">0020</label:label>
    <gen:arc xlink:type="arc" xlink:arcrole="http://xbrl.org/arcrole/2008/element-label" xlink:from="loc_eba_c87041" xlink:to="label_eba_c87041" />
    <link:loc xlink:type="locator" xlink:href="k_06.00-rend.xml#eba_c87042" xlink:label="loc_eba_c87042" />
    <label:label xlink:type="resource" xlink:label="label_eba_c87042" xml:lang="en" xlink:role="http://www.eurofiling.info/xbrl/role/rc-code">0030</label:label>
    <gen:arc xlink:type="arc" xlink:arcrole="http://xbrl.org/arcrole/2008/element-label" xlink:from="loc_eba_c87042" xlink:to="label_eba_c87042" />
    <link:loc xlink:type="locator" xlink:href="k_06.00-rend.xml#eba_c87043" xlink:label="loc_eba_c87043" />
    <label:label xlink:type="resource" xlink:label="label_eba_c87043" xml:lang="en" xlink:role="http://www.eurofiling.info/xbrl/role/rc-code">0040</label:label>
    <gen:arc xlink:type="arc" xlink:arcrole="http://xbrl.org/arcrole/2008/element-label" xlink:from="loc_eba_c87043" xlink:to="label_eba_c87043" />
    <link:loc xlink:type="locator" xlink:href="k_06.00-rend.xml#eba_c87044" xlink:label="loc_eba_c87044" />
    <label:label xlink:type="resource" xlink:label="label_eba_c87044" xml:lang="en" xlink:role="http://www.eurofiling.info/xbrl/role/rc-code">0050</label:label>
    <gen:arc xlink:type="arc" xlink:arcrole="http://xbrl.org/arcrole/2008/element-label" xlink:from="loc_eba_c87044" xlink:to="label_eba_c87044" />
    <link:loc xlink:type="locator" xlink:href="k_06.00-rend.xml#eba_c87046" xlink:label="loc_eba_c87046" />
    <label:label xlink:type="resource" xlink:label="label_eba_c87046" xml:lang="en" xlink:role="http://www.eurofiling.info/xbrl/role/rc-code">0069</label:label>
    <gen:arc xlink:type="arc" xlink:arcrole="http://xbrl.org/arcrole/2008/element-label" xlink:from="loc_eba_c87046" xlink:to="label_eba_c87046" />
    <link:loc xlink:type="locator" xlink:href="k_06.00-rend.xml#eba_c87047" xlink:label="loc_eba_c87047" />
    <label:label xlink:type="resource" xlink:label="label_eba_c87047" xml:lang="en" xlink:role="http://www.eurofiling.info/xbrl/role/rc-code">0070</label:label>
    <gen:arc xlink:type="arc" xlink:arcrole="http://xbrl.org/arcrole/2008/element-label" xlink:from="loc_eba_c87047" xlink:to="label_eba_c87047" />
    <link:loc xlink:type="locator" xlink:href="k_06.00-rend.xml#eba_c87048" xlink:label="loc_eba_c87048" />
    <label:label xlink:type="resource" xlink:label="label_eba_c87048" xml:lang="en" xlink:role="http://www.eurofiling.info/xbrl/role/rc-code">0080</label:label>
    <gen:arc xlink:type="arc" xlink:arcrole="http://xbrl.org/arcrole/2008/element-label" xlink:from="loc_eba_c87048" xlink:to="label_eba_c87048" />
    <label:label xlink:type="resource" xlink:label="label_eba_tK_06.00_1" xml:lang="en" xlink:role="http://www.eurofiling.info/xbrl/role/filing-indicator-code">K_06.00</label:label>
    <gen:arc xlink:type="arc" xlink:arcrole="http://xbrl.org/arcrole/2008/element-label" xlink:from="loc_eba_tK_06.00" xlink:to="label_eba_tK_06.00_1" />
    <label:label xlink:type="resource" xlink:label="label_eba_tK_06.00_2" xml:lang="en" xlink:role="http://www.eba.europa.eu/xbrl/role/dpm-db-id">828.2325</label:label>
    <gen:arc xlink:type="arc" xlink:arcrole="http://xbrl.org/arcrole/2008/element-label" xlink:from="loc_eba_tK_06.00" xlink:to="label_eba_tK_06.00_2" />
    <label:label xlink:type="resource" xlink:label="label_eba_c87035_1" xml:lang="en" xlink:role="http://www.eba.europa.eu/xbrl/role/dpm-db-id">87035</label:label>
    <gen:arc xlink:type="arc" xlink:arcrole="http://xbrl.org/arcrole/2008/element-label" xlink:from="loc_eba_c87035" xlink:to="label_eba_c87035_1" />
    <label:label xlink:type="resource" xlink:label="label_eba_c87036_1" xml:lang="en" xlink:role="http://www.eba.europa.eu/xbrl/role/dpm-db-id">87036</label:label>
    <gen:arc xlink:type="arc" xlink:arcrole="http://xbrl.org/arcrole/2008/element-label" xlink:from="loc_eba_c87036" xlink:to="label_eba_c87036_1" />
    <label:label xlink:type="resource" xlink:label="label_eba_c87545_1" xml:lang="en" xlink:role="http://www.eba.europa.eu/xbrl/role/dpm-db-id">87545</label:label>
    <gen:arc xlink:type="arc" xlink:arcrole="http://xbrl.org/arcrole/2008/element-label" xlink:from="loc_eba_c87545" xlink:to="label_eba_c87545_1" />
    <label:label xlink:type="resource" xlink:label="label_eba_c87045_1" xml:lang="en" xlink:role="http://www.eba.europa.eu/xbrl/role/dpm-db-id">87045</label:label>
    <gen:arc xlink:type="arc" xlink:arcrole="http://xbrl.org/arcrole/2008/element-label" xlink:from="loc_eba_c87045" xlink:to="label_eba_c87045_1" />
    <label:label xlink:type="resource" xlink:label="label_eba_c87040_1" xml:lang="en" xlink:role="http://www.eba.europa.eu/xbrl/role/dpm-db-id">87040</label:label>
    <gen:arc xlink:type="arc" xlink:arcrole="http://xbrl.org/arcrole/2008/element-label" xlink:from="loc_eba_c87040" xlink:to="label_eba_c87040_1" />
    <label:label xlink:type="resource" xlink:label="label_eba_c87041_1" xml:lang="en" xlink:role="http://www.eba.europa.eu/xbrl/role/dpm-db-id">87041</label:label>
    <gen:arc xlink:type="arc" xlink:arcrole="http://xbrl.org/arcrole/2008/element-label" xlink:from="loc_eba_c87041" xlink:to="label_eba_c87041_1" />
    <label:label xlink:type="resource" xlink:label="label_eba_c87042_1" xml:lang="en" xlink:role="http://www.eba.europa.eu/xbrl/role/dpm-db-id">87042</label:label>
    <gen:arc xlink:type="arc" xlink:arcrole="http://xbrl.org/arcrole/2008/element-label" xlink:from="loc_eba_c87042" xlink:to="label_eba_c87042_1" />
    <label:label xlink:type="resource" xlink:label="label_eba_c87043_1" xml:lang="en" xlink:role="http://www.eba.europa.eu/xbrl/role/dpm-db-id">87043</label:label>
    <gen:arc xlink:type="arc" xlink:arcrole="http://xbrl.org/arcrole/2008/element-label" xlink:from="loc_eba_c87043" xlink:to="label_eba_c87043_1" />
    <label:label xlink:type="resource" xlink:label="label_eba_c87044_1" xml:lang="en" xlink:role="http://www.eba.europa.eu/xbrl/role/dpm-db-id">87044</label:label>
    <gen:arc xlink:type="arc" xlink:arcrole="http://xbrl.org/arcrole/2008/element-label" xlink:from="loc_eba_c87044" xlink:to="label_eba_c87044_1" />
    <label:label xlink:type="resource" xlink:label="label_eba_c87046_1" xml:lang="en" xlink:role="http://www.eba.europa.eu/xbrl/role/dpm-db-id">87046</label:label>
    <gen:arc xlink:type="arc" xlink:arcrole="http://xbrl.org/arcrole/2008/element-label" xlink:from="loc_eba_c87046" xlink:to="label_eba_c87046_1" />
    <label:label xlink:type="resource" xlink:label="label_eba_c87047_1" xml:lang="en" xlink:role="http://www.eba.europa.eu/xbrl/role/dpm-db-id">87047</label:label>
    <gen:arc xlink:type="arc" xlink:arcrole="http://xbrl.org/arcrole/2008/element-label" xlink:from="loc_eba_c87047" xlink:to="label_eba_c87047_1" />
    <label:label xlink:type="resource" xlink:label="label_eba_c87048_1" xml:lang="en" xlink:role="http://www.eba.europa.eu/xbrl/role/dpm-db-id">87048</label:label>
    <gen:arc xlink:type="arc" xlink:arcrole="http://xbrl.org/arcrole/2008/element-label" xlink:from="loc_eba_c87048" xlink:to="label_eba_c87048_1" />
  </gen:link>
</link:linkbase>