﻿<?xml version="1.0" encoding="utf-8"?>
<?taxonomy-version 1.0.0.0 ?>  <?taxonomy-set-overall-version 3.3.0.0 ?>
<!--(C) EBA-->
<link:linkbase xmlns:xsi="http://www.w3.org/2001/XMLSchema-instance" xmlns:xlink="http://www.w3.org/1999/xlink" xmlns:link="http://www.xbrl.org/2003/linkbase" xmlns:gen="http://xbrl.org/2008/generic" xmlns:label="http://xbrl.org/2008/label" xsi:schemaLocation="http://www.xbrl.org/2003/linkbase http://www.xbrl.org/2003/xbrl-linkbase-2003-12-31.xsd http://xbrl.org/2008/generic http://www.xbrl.org/2008/generic-link.xsd http://xbrl.org/2008/label http://www.xbrl.org/2008/generic-label.xsd">
  <link:arcroleRef arcroleURI="http://xbrl.org/arcrole/2008/element-label" xlink:type="simple" xlink:href="http://www.xbrl.org/2008/generic-label.xsd#element-label" />
  <link:roleRef roleURI="http://www.xbrl.org/2008/role/label" xlink:type="simple" xlink:href="http://www.xbrl.org/2008/generic-label.xsd#standard-label" />
  <link:roleRef roleURI="http://www.xbrl.org/2008/role/verboseLabel" xlink:type="simple" xlink:href="http://www.xbrl.org/2008/generic-label.xsd#verbose-label" />
  <gen:link xlink:type="extended" xlink:role="http://www.xbrl.org/2003/role/link">
    <link:loc xlink:type="locator" xlink:href="k_06.00-rend.xml#eba_tK_06.00" xlink:label="loc_eba_tK_06.00" />
    <label:label xlink:type="resource" xlink:label="label_eba_tK_06.00" xml:lang="en" xlink:role="http://www.xbrl.org/2008/role/label">K 06.00</label:label>
    <gen:arc xlink:type="arc" xlink:arcrole="http://xbrl.org/arcrole/2008/element-label" xlink:from="loc_eba_tK_06.00" xlink:to="label_eba_tK_06.00" />
    <label:label xlink:type="resource" xlink:label="label_eba_tK_06.00_1" xml:lang="en" xlink:role="http://www.xbrl.org/2008/role/verboseLabel">K 06.00 EU CCR6 – Credit derivatives exposures</label:label>
    <gen:arc xlink:type="arc" xlink:arcrole="http://xbrl.org/arcrole/2008/element-label" xlink:from="loc_eba_tK_06.00" xlink:to="label_eba_tK_06.00_1" />
    <link:loc xlink:type="locator" xlink:href="k_06.00-rend.xml#eba_a1" xlink:label="loc_eba_a1" />
    <label:label xlink:type="resource" xlink:label="label_eba_a1" xml:lang="en" xlink:role="http://www.xbrl.org/2008/role/label">Columns</label:label>
    <gen:arc xlink:type="arc" xlink:arcrole="http://xbrl.org/arcrole/2008/element-label" xlink:from="loc_eba_a1" xlink:to="label_eba_a1" />
    <link:loc xlink:type="locator" xlink:href="k_06.00-rend.xml#eba_c87035" xlink:label="loc_eba_c87035" />
    <label:label xlink:type="resource" xlink:label="label_eba_c87035" xml:lang="en" xlink:role="http://www.xbrl.org/2008/role/label">a. Protection bought</label:label>
    <gen:arc xlink:type="arc" xlink:arcrole="http://xbrl.org/arcrole/2008/element-label" xlink:from="loc_eba_c87035" xlink:to="label_eba_c87035" />
    <link:loc xlink:type="locator" xlink:href="k_06.00-rend.xml#eba_c87036" xlink:label="loc_eba_c87036" />
    <label:label xlink:type="resource" xlink:label="label_eba_c87036" xml:lang="en" xlink:role="http://www.xbrl.org/2008/role/label">b. Protection sold</label:label>
    <gen:arc xlink:type="arc" xlink:arcrole="http://xbrl.org/arcrole/2008/element-label" xlink:from="loc_eba_c87036" xlink:to="label_eba_c87036" />
    <link:loc xlink:type="locator" xlink:href="k_06.00-rend.xml#eba_a2" xlink:label="loc_eba_a2" />
    <label:label xlink:type="resource" xlink:label="label_eba_a2" xml:lang="en" xlink:role="http://www.xbrl.org/2008/role/label">Rows</label:label>
    <gen:arc xlink:type="arc" xlink:arcrole="http://xbrl.org/arcrole/2008/element-label" xlink:from="loc_eba_a2" xlink:to="label_eba_a2" />
    <link:loc xlink:type="locator" xlink:href="k_06.00-rend.xml#eba_c87545" xlink:label="loc_eba_c87545" />
    <label:label xlink:type="resource" xlink:label="label_eba_c87545" xml:lang="en" xlink:role="http://www.xbrl.org/2008/role/label">Notionals</label:label>
    <gen:arc xlink:type="arc" xlink:arcrole="http://xbrl.org/arcrole/2008/element-label" xlink:from="loc_eba_c87545" xlink:to="label_eba_c87545" />
    <link:loc xlink:type="locator" xlink:href="k_06.00-rend.xml#eba_c87045" xlink:label="loc_eba_c87045" />
    <label:label xlink:type="resource" xlink:label="label_eba_c87045" xml:lang="en" xlink:role="http://www.xbrl.org/2008/role/label">6. Total notionals</label:label>
    <gen:arc xlink:type="arc" xlink:arcrole="http://xbrl.org/arcrole/2008/element-label" xlink:from="loc_eba_c87045" xlink:to="label_eba_c87045" />
    <link:loc xlink:type="locator" xlink:href="k_06.00-rend.xml#eba_c87040" xlink:label="loc_eba_c87040" />
    <label:label xlink:type="resource" xlink:label="label_eba_c87040" xml:lang="en" xlink:role="http://www.xbrl.org/2008/role/label">1. Single-name credit default swaps</label:label>
    <gen:arc xlink:type="arc" xlink:arcrole="http://xbrl.org/arcrole/2008/element-label" xlink:from="loc_eba_c87040" xlink:to="label_eba_c87040" />
    <link:loc xlink:type="locator" xlink:href="k_06.00-rend.xml#eba_c87041" xlink:label="loc_eba_c87041" />
    <label:label xlink:type="resource" xlink:label="label_eba_c87041" xml:lang="en" xlink:role="http://www.xbrl.org/2008/role/label">2. Index credit default swaps</label:label>
    <gen:arc xlink:type="arc" xlink:arcrole="http://xbrl.org/arcrole/2008/element-label" xlink:from="loc_eba_c87041" xlink:to="label_eba_c87041" />
    <link:loc xlink:type="locator" xlink:href="k_06.00-rend.xml#eba_c87042" xlink:label="loc_eba_c87042" />
    <label:label xlink:type="resource" xlink:label="label_eba_c87042" xml:lang="en" xlink:role="http://www.xbrl.org/2008/role/label">3. Total return swaps</label:label>
    <gen:arc xlink:type="arc" xlink:arcrole="http://xbrl.org/arcrole/2008/element-label" xlink:from="loc_eba_c87042" xlink:to="label_eba_c87042" />
    <link:loc xlink:type="locator" xlink:href="k_06.00-rend.xml#eba_c87043" xlink:label="loc_eba_c87043" />
    <label:label xlink:type="resource" xlink:label="label_eba_c87043" xml:lang="en" xlink:role="http://www.xbrl.org/2008/role/label">4. Credit options</label:label>
    <gen:arc xlink:type="arc" xlink:arcrole="http://xbrl.org/arcrole/2008/element-label" xlink:from="loc_eba_c87043" xlink:to="label_eba_c87043" />
    <link:loc xlink:type="locator" xlink:href="k_06.00-rend.xml#eba_c87044" xlink:label="loc_eba_c87044" />
    <label:label xlink:type="resource" xlink:label="label_eba_c87044" xml:lang="en" xlink:role="http://www.xbrl.org/2008/role/label">5. Other credit derivatives</label:label>
    <gen:arc xlink:type="arc" xlink:arcrole="http://xbrl.org/arcrole/2008/element-label" xlink:from="loc_eba_c87044" xlink:to="label_eba_c87044" />
    <link:loc xlink:type="locator" xlink:href="k_06.00-rend.xml#eba_c87046" xlink:label="loc_eba_c87046" />
    <label:label xlink:type="resource" xlink:label="label_eba_c87046" xml:lang="en" xlink:role="http://www.xbrl.org/2008/role/label">Fair values</label:label>
    <gen:arc xlink:type="arc" xlink:arcrole="http://xbrl.org/arcrole/2008/element-label" xlink:from="loc_eba_c87046" xlink:to="label_eba_c87046" />
    <link:loc xlink:type="locator" xlink:href="k_06.00-rend.xml#eba_c87047" xlink:label="loc_eba_c87047" />
    <label:label xlink:type="resource" xlink:label="label_eba_c87047" xml:lang="en" xlink:role="http://www.xbrl.org/2008/role/label">7. Positive fair value (asset)</label:label>
    <gen:arc xlink:type="arc" xlink:arcrole="http://xbrl.org/arcrole/2008/element-label" xlink:from="loc_eba_c87047" xlink:to="label_eba_c87047" />
    <link:loc xlink:type="locator" xlink:href="k_06.00-rend.xml#eba_c87048" xlink:label="loc_eba_c87048" />
    <label:label xlink:type="resource" xlink:label="label_eba_c87048" xml:lang="en" xlink:role="http://www.xbrl.org/2008/role/label">8. Negative fair value (liability)</label:label>
    <gen:arc xlink:type="arc" xlink:arcrole="http://xbrl.org/arcrole/2008/element-label" xlink:from="loc_eba_c87048" xlink:to="label_eba_c87048" />
  </gen:link>
</link:linkbase>