{
    "documentInfo": {
        "documentType": "https://xbrl.org/CR/2021-02-03/xbrl-csv",
        "namespaces": {
            "eba": "http://www.eba.europa.eu",
            "eba_BA": "http://www.eba.europa.eu/xbrl/crr/dict/dom/BA",
            "eba_CP": "http://www.eba.europa.eu/xbrl/crr/dict/dom/CP",
            "eba_MC": "http://www.eba.europa.eu/xbrl/crr/dict/dom/MC",
            "eba_PL": "http://www.eba.europa.eu/xbrl/crr/dict/dom/PL",
            "eba_TR": "http://www.eba.europa.eu/xbrl/crr/dict/dom/TR",
            "eba_dim": "http://www.eba.europa.eu/xbrl/crr/dict/dim",
            "eba_met": "http://www.eba.europa.eu/xbrl/crr/dict/met"
        }
    },
    "tableTemplates": {
        "K_06-00": {
            "columns": {
                "datapoint": {
                    "propertyGroups": {
                        "dp456249": {
                            "decimals": "$decimalsMonetary",
                            "dimensions": {
                                "concept": "eba_met:mi129",
                                "eba_dim:BAS": "eba_BA:x6",
                                "eba_dim:MCY": "eba_MC:x99",
                                "eba_dim:PRP": "eba_PL:x10",
                                "eba_dim:TCP": "eba_CP:x47",
                                "eba_dim:TRI": "eba_TR:x1",
                                "unit": "$baseCurrency"
                            },
                            "eba:documentation": {
                                "CellCode": "{K 06.00, r0070, c0010}",
                                "DataPointVersionId": "456249"
                            }
                        },
                        "dp456250": {
                            "decimals": "$decimalsMonetary",
                            "dimensions": {
                                "concept": "eba_met:mi129",
                                "eba_dim:BAS": "eba_BA:x6",
                                "eba_dim:MCY": "eba_MC:x99",
                                "eba_dim:PRP": "eba_PL:x10",
                                "eba_dim:TCP": "eba_CP:x48",
                                "eba_dim:TRI": "eba_TR:x1",
                                "unit": "$baseCurrency"
                            },
                            "eba:documentation": {
                                "CellCode": "{K 06.00, r0070, c0020}",
                                "DataPointVersionId": "456250"
                            }
                        },
                        "dp456253": {
                            "decimals": "$decimalsMonetary",
                            "dimensions": {
                                "concept": "eba_met:mi129",
                                "eba_dim:BAS": "eba_BA:x7",
                                "eba_dim:MCY": "eba_MC:x99",
                                "eba_dim:PRP": "eba_PL:x10",
                                "eba_dim:TCP": "eba_CP:x47",
                                "eba_dim:TRI": "eba_TR:x1",
                                "unit": "$baseCurrency"
                            },
                            "eba:documentation": {
                                "CellCode": "{K 06.00, r0080, c0010}",
                                "DataPointVersionId": "456253"
                            }
                        },
                        "dp456254": {
                            "decimals": "$decimalsMonetary",
                            "dimensions": {
                                "concept": "eba_met:mi129",
                                "eba_dim:BAS": "eba_BA:x7",
                                "eba_dim:MCY": "eba_MC:x99",
                                "eba_dim:PRP": "eba_PL:x10",
                                "eba_dim:TCP": "eba_CP:x48",
                                "eba_dim:TRI": "eba_TR:x1",
                                "unit": "$baseCurrency"
                            },
                            "eba:documentation": {
                                "CellCode": "{K 06.00, r0080, c0020}",
                                "DataPointVersionId": "456254"
                            }
                        },
                        "dp456565": {
                            "decimals": "$decimalsMonetary",
                            "dimensions": {
                                "concept": "eba_met:mi170",
                                "eba_dim:BAS": "eba_BA:x17",
                                "eba_dim:MCB": "eba_MC:x169",
                                "eba_dim:MCY": "eba_MC:x99",
                                "eba_dim:PRP": "eba_PL:x10",
                                "eba_dim:TCP": "eba_CP:x47",
                                "eba_dim:TRI": "eba_TR:x1",
                                "unit": "$baseCurrency"
                            },
                            "eba:documentation": {
                                "CellCode": "{K 06.00, r0030, c0010}",
                                "DataPointVersionId": "456565"
                            }
                        },
                        "dp456566": {
                            "decimals": "$decimalsMonetary",
                            "dimensions": {
                                "concept": "eba_met:mi170",
                                "eba_dim:BAS": "eba_BA:x17",
                                "eba_dim:MCB": "eba_MC:x169",
                                "eba_dim:MCY": "eba_MC:x99",
                                "eba_dim:PRP": "eba_PL:x10",
                                "eba_dim:TCP": "eba_CP:x48",
                                "eba_dim:TRI": "eba_TR:x1",
                                "unit": "$baseCurrency"
                            },
                            "eba:documentation": {
                                "CellCode": "{K 06.00, r0030, c0020}",
                                "DataPointVersionId": "456566"
                            }
                        },
                        "dp456567": {
                            "decimals": "$decimalsMonetary",
                            "dimensions": {
                                "concept": "eba_met:mi170",
                                "eba_dim:BAS": "eba_BA:x17",
                                "eba_dim:MCB": "eba_MC:x1027",
                                "eba_dim:MCY": "eba_MC:x99",
                                "eba_dim:PRP": "eba_PL:x10",
                                "eba_dim:TCP": "eba_CP:x47",
                                "eba_dim:TRI": "eba_TR:x1",
                                "unit": "$baseCurrency"
                            },
                            "eba:documentation": {
                                "CellCode": "{K 06.00, r0010, c0010}",
                                "DataPointVersionId": "456567"
                            }
                        },
                        "dp456568": {
                            "decimals": "$decimalsMonetary",
                            "dimensions": {
                                "concept": "eba_met:mi170",
                                "eba_dim:BAS": "eba_BA:x17",
                                "eba_dim:MCB": "eba_MC:x1027",
                                "eba_dim:MCY": "eba_MC:x99",
                                "eba_dim:PRP": "eba_PL:x10",
                                "eba_dim:TCP": "eba_CP:x48",
                                "eba_dim:TRI": "eba_TR:x1",
                                "unit": "$baseCurrency"
                            },
                            "eba:documentation": {
                                "CellCode": "{K 06.00, r0010, c0020}",
                                "DataPointVersionId": "456568"
                            }
                        },
                        "dp456569": {
                            "decimals": "$decimalsMonetary",
                            "dimensions": {
                                "concept": "eba_met:mi170",
                                "eba_dim:BAS": "eba_BA:x17",
                                "eba_dim:MCB": "eba_MC:x1028",
                                "eba_dim:MCY": "eba_MC:x99",
                                "eba_dim:PRP": "eba_PL:x10",
                                "eba_dim:TCP": "eba_CP:x47",
                                "eba_dim:TRI": "eba_TR:x1",
                                "unit": "$baseCurrency"
                            },
                            "eba:documentation": {
                                "CellCode": "{K 06.00, r0020, c0010}",
                                "DataPointVersionId": "456569"
                            }
                        },
                        "dp456570": {
                            "decimals": "$decimalsMonetary",
                            "dimensions": {
                                "concept": "eba_met:mi170",
                                "eba_dim:BAS": "eba_BA:x17",
                                "eba_dim:MCB": "eba_MC:x1028",
                                "eba_dim:MCY": "eba_MC:x99",
                                "eba_dim:PRP": "eba_PL:x10",
                                "eba_dim:TCP": "eba_CP:x48",
                                "eba_dim:TRI": "eba_TR:x1",
                                "unit": "$baseCurrency"
                            },
                            "eba:documentation": {
                                "CellCode": "{K 06.00, r0020, c0020}",
                                "DataPointVersionId": "456570"
                            }
                        },
                        "dp456571": {
                            "decimals": "$decimalsMonetary",
                            "dimensions": {
                                "concept": "eba_met:mi170",
                                "eba_dim:BAS": "eba_BA:x17",
                                "eba_dim:MCB": "eba_MC:x1030",
                                "eba_dim:MCY": "eba_MC:x99",
                                "eba_dim:PRP": "eba_PL:x10",
                                "eba_dim:TCP": "eba_CP:x47",
                                "eba_dim:TRI": "eba_TR:x1",
                                "unit": "$baseCurrency"
                            },
                            "eba:documentation": {
                                "CellCode": "{K 06.00, r0040, c0010}",
                                "DataPointVersionId": "456571"
                            }
                        },
                        "dp456572": {
                            "decimals": "$decimalsMonetary",
                            "dimensions": {
                                "concept": "eba_met:mi170",
                                "eba_dim:BAS": "eba_BA:x17",
                                "eba_dim:MCB": "eba_MC:x1030",
                                "eba_dim:MCY": "eba_MC:x99",
                                "eba_dim:PRP": "eba_PL:x10",
                                "eba_dim:TCP": "eba_CP:x48",
                                "eba_dim:TRI": "eba_TR:x1",
                                "unit": "$baseCurrency"
                            },
                            "eba:documentation": {
                                "CellCode": "{K 06.00, r0040, c0020}",
                                "DataPointVersionId": "456572"
                            }
                        },
                        "dp456573": {
                            "decimals": "$decimalsMonetary",
                            "dimensions": {
                                "concept": "eba_met:mi170",
                                "eba_dim:BAS": "eba_BA:x17",
                                "eba_dim:MCB": "eba_MC:x1031",
                                "eba_dim:MCY": "eba_MC:x99",
                                "eba_dim:PRP": "eba_PL:x10",
                                "eba_dim:TCP": "eba_CP:x47",
                                "eba_dim:TRI": "eba_TR:x1",
                                "unit": "$baseCurrency"
                            },
                            "eba:documentation": {
                                "CellCode": "{K 06.00, r0050, c0010}",
                                "DataPointVersionId": "456573"
                            }
                        },
                        "dp456574": {
                            "decimals": "$decimalsMonetary",
                            "dimensions": {
                                "concept": "eba_met:mi170",
                                "eba_dim:BAS": "eba_BA:x17",
                                "eba_dim:MCB": "eba_MC:x1031",
                                "eba_dim:MCY": "eba_MC:x99",
                                "eba_dim:PRP": "eba_PL:x10",
                                "eba_dim:TCP": "eba_CP:x48",
                                "eba_dim:TRI": "eba_TR:x1",
                                "unit": "$baseCurrency"
                            },
                            "eba:documentation": {
                                "CellCode": "{K 06.00, r0050, c0020}",
                                "DataPointVersionId": "456574"
                            }
                        },
                        "dp456575": {
                            "decimals": "$decimalsMonetary",
                            "dimensions": {
                                "concept": "eba_met:mi170",
                                "eba_dim:BAS": "eba_BA:x17",
                                "eba_dim:MCY": "eba_MC:x99",
                                "eba_dim:PRP": "eba_PL:x10",
                                "eba_dim:TCP": "eba_CP:x47",
                                "eba_dim:TRI": "eba_TR:x1",
                                "unit": "$baseCurrency"
                            },
                            "eba:documentation": {
                                "CellCode": "{K 06.00, r0060, c0010}",
                                "DataPointVersionId": "456575"
                            }
                        },
                        "dp456576": {
                            "decimals": "$decimalsMonetary",
                            "dimensions": {
                                "concept": "eba_met:mi170",
                                "eba_dim:BAS": "eba_BA:x17",
                                "eba_dim:MCY": "eba_MC:x99",
                                "eba_dim:PRP": "eba_PL:x10",
                                "eba_dim:TCP": "eba_CP:x48",
                                "eba_dim:TRI": "eba_TR:x1",
                                "unit": "$baseCurrency"
                            },
                            "eba:documentation": {
                                "CellCode": "{K 06.00, r0060, c0020}",
                                "DataPointVersionId": "456576"
                            }
                        }
                    }
                },
                "factValue": {
                    "dimensions": {},
                    "propertiesFrom": [
                        "datapoint"
                    ]
                }
            }
        }
    }
}