﻿<?xml version="1.0" encoding="utf-8"?>
<?taxonomy-version 1.0.0.0 ?>  <?taxonomy-set-overall-version 3.3.0.0 ?>
<!--(C) EBA-->
<link:linkbase xmlns:xsi="http://www.w3.org/2001/XMLSchema-instance" xmlns:xlink="http://www.w3.org/1999/xlink" xmlns:link="http://www.xbrl.org/2003/linkbase" xsi:schemaLocation="http://www.xbrl.org/2003/linkbase http://www.xbrl.org/2003/xbrl-linkbase-2003-12-31.xsd">
  <link:roleRef roleURI="http://www.eba.europa.eu/xbrl/role/dpm-db-id" xlink:type="simple" xlink:href="http://www.eba.europa.eu/eu/fr/xbrl/ext/model.xsd#dpm-db-id" />
  <link:labelLink xlink:type="extended" xlink:role="http://www.xbrl.org/2003/role/link">
    <link:loc xlink:type="locator" xlink:href="tab.xsd#eba_tgIntermediate_Parent_Undertaking" xlink:label="loc_eba_tgIntermediate_Parent_Undertaking" />
    <link:label xlink:type="resource" xlink:label="label_eba_tgIntermediate_Parent_Undertaking" xml:lang="en" xlink:role="http://www.eba.europa.eu/xbrl/role/dpm-db-id">888</link:label>
    <link:labelArc xlink:type="arc" xlink:arcrole="http://www.xbrl.org/2003/arcrole/concept-label" xlink:from="loc_eba_tgIntermediate_Parent_Undertaking" xlink:to="label_eba_tgIntermediate_Parent_Undertaking" />
    <link:loc xlink:type="locator" xlink:href="tab.xsd#eba_tgU_01.00" xlink:label="loc_eba_tgU_01.00" />
    <link:label xlink:type="resource" xlink:label="label_eba_tgU_01.00" xml:lang="en" xlink:role="http://www.eba.europa.eu/xbrl/role/dpm-db-id">643</link:label>
    <link:labelArc xlink:type="arc" xlink:arcrole="http://www.xbrl.org/2003/arcrole/concept-label" xlink:from="loc_eba_tgU_01.00" xlink:to="label_eba_tgU_01.00" />
    <link:loc xlink:type="locator" xlink:href="tab.xsd#eba_tgU_02.00" xlink:label="loc_eba_tgU_02.00" />
    <link:label xlink:type="resource" xlink:label="label_eba_tgU_02.00" xml:lang="en" xlink:role="http://www.eba.europa.eu/xbrl/role/dpm-db-id">644</link:label>
    <link:labelArc xlink:type="arc" xlink:arcrole="http://www.xbrl.org/2003/arcrole/concept-label" xlink:from="loc_eba_tgU_02.00" xlink:to="label_eba_tgU_02.00" />
  </link:labelLink>
</link:linkbase>