﻿<?xml version="1.0" encoding="utf-8"?>
<?taxonomy-version 1.0.0.0 ?>  <?taxonomy-set-overall-version 3.3.0.0 ?>
<!--(C) EBA-->
<link:linkbase xmlns:xsi="http://www.w3.org/2001/XMLSchema-instance" xmlns:xlink="http://www.w3.org/1999/xlink" xmlns:link="http://www.xbrl.org/2003/linkbase" xmlns:gen="http://xbrl.org/2008/generic" xmlns:label="http://xbrl.org/2008/label" xsi:schemaLocation="http://www.xbrl.org/2003/linkbase http://www.xbrl.org/2003/xbrl-linkbase-2003-12-31.xsd http://xbrl.org/2008/generic http://www.xbrl.org/2008/generic-link.xsd http://xbrl.org/2008/label http://www.xbrl.org/2008/generic-label.xsd">
  <link:arcroleRef arcroleURI="http://xbrl.org/arcrole/2008/element-label" xlink:type="simple" xlink:href="http://www.xbrl.org/2008/generic-label.xsd#element-label" />
  <link:roleRef roleURI="http://www.xbrl.org/2008/role/label" xlink:type="simple" xlink:href="http://www.xbrl.org/2008/generic-label.xsd#standard-label" />
  <link:roleRef roleURI="http://www.xbrl.org/2008/role/verboseLabel" xlink:type="simple" xlink:href="http://www.xbrl.org/2008/generic-label.xsd#verbose-label" />
  <gen:link xlink:type="extended" xlink:role="http://www.xbrl.org/2003/role/link">
    <link:loc xlink:type="locator" xlink:href="d_09.02.a-rend.xml#eba_tD_09.02.a" xlink:label="loc_eba_tD_09.02.a" />
    <label:label xlink:type="resource" xlink:label="label_eba_tD_09.02.a" xml:lang="en" xlink:role="http://www.xbrl.org/2008/role/label">D 09.02.a</label:label>
    <gen:arc xlink:type="arc" xlink:arcrole="http://xbrl.org/arcrole/2008/element-label" xlink:from="loc_eba_tD_09.02.a" xlink:to="label_eba_tD_09.02.a" />
    <label:label xlink:type="resource" xlink:label="label_eba_tD_09.02.a_1" xml:lang="en" xlink:role="http://www.xbrl.org/2008/role/verboseLabel">D 09.02.a BTAR % (stock) (I)</label:label>
    <gen:arc xlink:type="arc" xlink:arcrole="http://xbrl.org/arcrole/2008/element-label" xlink:from="loc_eba_tD_09.02.a" xlink:to="label_eba_tD_09.02.a_1" />
    <link:loc xlink:type="locator" xlink:href="d_09.02.a-rend.xml#eba_a1" xlink:label="loc_eba_a1" />
    <label:label xlink:type="resource" xlink:label="label_eba_a1" xml:lang="en" xlink:role="http://www.xbrl.org/2008/role/label">Columns</label:label>
    <gen:arc xlink:type="arc" xlink:arcrole="http://xbrl.org/arcrole/2008/element-label" xlink:from="loc_eba_a1" xlink:to="label_eba_a1" />
    <link:loc xlink:type="locator" xlink:href="d_09.02.a-rend.xml#eba_c86728" xlink:label="loc_eba_c86728" />
    <label:label xlink:type="resource" xlink:label="label_eba_c86728" xml:lang="en" xlink:role="http://www.xbrl.org/2008/role/label">Disclosure reference date T: KPIs on stock</label:label>
    <gen:arc xlink:type="arc" xlink:arcrole="http://xbrl.org/arcrole/2008/element-label" xlink:from="loc_eba_c86728" xlink:to="label_eba_c86728" />
    <link:loc xlink:type="locator" xlink:href="d_09.02.a-rend.xml#eba_c86729" xlink:label="loc_eba_c86729" />
    <label:label xlink:type="resource" xlink:label="label_eba_c86729" xml:lang="en" xlink:role="http://www.xbrl.org/2008/role/label">Climate Change Mitigation (CCM)</label:label>
    <gen:arc xlink:type="arc" xlink:arcrole="http://xbrl.org/arcrole/2008/element-label" xlink:from="loc_eba_c86729" xlink:to="label_eba_c86729" />
    <link:loc xlink:type="locator" xlink:href="d_09.02.a-rend.xml#eba_c86730" xlink:label="loc_eba_c86730" />
    <label:label xlink:type="resource" xlink:label="label_eba_c86730" xml:lang="en" xlink:role="http://www.xbrl.org/2008/role/label">Proportion of eligible assets funding taxonomy relevant sectors</label:label>
    <gen:arc xlink:type="arc" xlink:arcrole="http://xbrl.org/arcrole/2008/element-label" xlink:from="loc_eba_c86730" xlink:to="label_eba_c86730" />
    <link:loc xlink:type="locator" xlink:href="d_09.02.a-rend.xml#eba_c86731" xlink:label="loc_eba_c86731" />
    <label:label xlink:type="resource" xlink:label="label_eba_c86731" xml:lang="en" xlink:role="http://www.xbrl.org/2008/role/label">Of which environmentally sustainable</label:label>
    <gen:arc xlink:type="arc" xlink:arcrole="http://xbrl.org/arcrole/2008/element-label" xlink:from="loc_eba_c86731" xlink:to="label_eba_c86731" />
    <link:loc xlink:type="locator" xlink:href="d_09.02.a-rend.xml#eba_c86732" xlink:label="loc_eba_c86732" />
    <label:label xlink:type="resource" xlink:label="label_eba_c86732" xml:lang="en" xlink:role="http://www.xbrl.org/2008/role/label">Of which specialised lending</label:label>
    <gen:arc xlink:type="arc" xlink:arcrole="http://xbrl.org/arcrole/2008/element-label" xlink:from="loc_eba_c86732" xlink:to="label_eba_c86732" />
    <link:loc xlink:type="locator" xlink:href="d_09.02.a-rend.xml#eba_c86733" xlink:label="loc_eba_c86733" />
    <label:label xlink:type="resource" xlink:label="label_eba_c86733" xml:lang="en" xlink:role="http://www.xbrl.org/2008/role/label">Of which transitional</label:label>
    <gen:arc xlink:type="arc" xlink:arcrole="http://xbrl.org/arcrole/2008/element-label" xlink:from="loc_eba_c86733" xlink:to="label_eba_c86733" />
    <link:loc xlink:type="locator" xlink:href="d_09.02.a-rend.xml#eba_c86734" xlink:label="loc_eba_c86734" />
    <label:label xlink:type="resource" xlink:label="label_eba_c86734" xml:lang="en" xlink:role="http://www.xbrl.org/2008/role/label">Of which enabling</label:label>
    <gen:arc xlink:type="arc" xlink:arcrole="http://xbrl.org/arcrole/2008/element-label" xlink:from="loc_eba_c86734" xlink:to="label_eba_c86734" />
    <link:loc xlink:type="locator" xlink:href="d_09.02.a-rend.xml#eba_c86735" xlink:label="loc_eba_c86735" />
    <label:label xlink:type="resource" xlink:label="label_eba_c86735" xml:lang="en" xlink:role="http://www.xbrl.org/2008/role/label">Climate Change Adaptation (CCA)</label:label>
    <gen:arc xlink:type="arc" xlink:arcrole="http://xbrl.org/arcrole/2008/element-label" xlink:from="loc_eba_c86735" xlink:to="label_eba_c86735" />
    <link:loc xlink:type="locator" xlink:href="d_09.02.a-rend.xml#eba_c86736" xlink:label="loc_eba_c86736" />
    <label:label xlink:type="resource" xlink:label="label_eba_c86736" xml:lang="en" xlink:role="http://www.xbrl.org/2008/role/label">Proportion of eligible assets funding taxonomy relevant sectors</label:label>
    <gen:arc xlink:type="arc" xlink:arcrole="http://xbrl.org/arcrole/2008/element-label" xlink:from="loc_eba_c86736" xlink:to="label_eba_c86736" />
    <link:loc xlink:type="locator" xlink:href="d_09.02.a-rend.xml#eba_c86737" xlink:label="loc_eba_c86737" />
    <label:label xlink:type="resource" xlink:label="label_eba_c86737" xml:lang="en" xlink:role="http://www.xbrl.org/2008/role/label">Of which environmentally sustainable</label:label>
    <gen:arc xlink:type="arc" xlink:arcrole="http://xbrl.org/arcrole/2008/element-label" xlink:from="loc_eba_c86737" xlink:to="label_eba_c86737" />
    <link:loc xlink:type="locator" xlink:href="d_09.02.a-rend.xml#eba_c86738" xlink:label="loc_eba_c86738" />
    <label:label xlink:type="resource" xlink:label="label_eba_c86738" xml:lang="en" xlink:role="http://www.xbrl.org/2008/role/label">Of which specialised lending</label:label>
    <gen:arc xlink:type="arc" xlink:arcrole="http://xbrl.org/arcrole/2008/element-label" xlink:from="loc_eba_c86738" xlink:to="label_eba_c86738" />
    <link:loc xlink:type="locator" xlink:href="d_09.02.a-rend.xml#eba_c86739" xlink:label="loc_eba_c86739" />
    <label:label xlink:type="resource" xlink:label="label_eba_c86739" xml:lang="en" xlink:role="http://www.xbrl.org/2008/role/label">Of which adaptation</label:label>
    <gen:arc xlink:type="arc" xlink:arcrole="http://xbrl.org/arcrole/2008/element-label" xlink:from="loc_eba_c86739" xlink:to="label_eba_c86739" />
    <link:loc xlink:type="locator" xlink:href="d_09.02.a-rend.xml#eba_c86740" xlink:label="loc_eba_c86740" />
    <label:label xlink:type="resource" xlink:label="label_eba_c86740" xml:lang="en" xlink:role="http://www.xbrl.org/2008/role/label">Of which enabling</label:label>
    <gen:arc xlink:type="arc" xlink:arcrole="http://xbrl.org/arcrole/2008/element-label" xlink:from="loc_eba_c86740" xlink:to="label_eba_c86740" />
    <link:loc xlink:type="locator" xlink:href="d_09.02.a-rend.xml#eba_c86741" xlink:label="loc_eba_c86741" />
    <label:label xlink:type="resource" xlink:label="label_eba_c86741" xml:lang="en" xlink:role="http://www.xbrl.org/2008/role/label">TOTAL (CCM + CCA)</label:label>
    <gen:arc xlink:type="arc" xlink:arcrole="http://xbrl.org/arcrole/2008/element-label" xlink:from="loc_eba_c86741" xlink:to="label_eba_c86741" />
    <link:loc xlink:type="locator" xlink:href="d_09.02.a-rend.xml#eba_c86742" xlink:label="loc_eba_c86742" />
    <label:label xlink:type="resource" xlink:label="label_eba_c86742" xml:lang="en" xlink:role="http://www.xbrl.org/2008/role/label">Proportion of eligible assets funding taxonomy relevant sectors</label:label>
    <gen:arc xlink:type="arc" xlink:arcrole="http://xbrl.org/arcrole/2008/element-label" xlink:from="loc_eba_c86742" xlink:to="label_eba_c86742" />
    <link:loc xlink:type="locator" xlink:href="d_09.02.a-rend.xml#eba_c86743" xlink:label="loc_eba_c86743" />
    <label:label xlink:type="resource" xlink:label="label_eba_c86743" xml:lang="en" xlink:role="http://www.xbrl.org/2008/role/label">Of which environmentally sustainable</label:label>
    <gen:arc xlink:type="arc" xlink:arcrole="http://xbrl.org/arcrole/2008/element-label" xlink:from="loc_eba_c86743" xlink:to="label_eba_c86743" />
    <link:loc xlink:type="locator" xlink:href="d_09.02.a-rend.xml#eba_c86744" xlink:label="loc_eba_c86744" />
    <label:label xlink:type="resource" xlink:label="label_eba_c86744" xml:lang="en" xlink:role="http://www.xbrl.org/2008/role/label">Of which specialised lending</label:label>
    <gen:arc xlink:type="arc" xlink:arcrole="http://xbrl.org/arcrole/2008/element-label" xlink:from="loc_eba_c86744" xlink:to="label_eba_c86744" />
    <link:loc xlink:type="locator" xlink:href="d_09.02.a-rend.xml#eba_c86745" xlink:label="loc_eba_c86745" />
    <label:label xlink:type="resource" xlink:label="label_eba_c86745" xml:lang="en" xlink:role="http://www.xbrl.org/2008/role/label">Of which transitional/adaptation</label:label>
    <gen:arc xlink:type="arc" xlink:arcrole="http://xbrl.org/arcrole/2008/element-label" xlink:from="loc_eba_c86745" xlink:to="label_eba_c86745" />
    <link:loc xlink:type="locator" xlink:href="d_09.02.a-rend.xml#eba_c86746" xlink:label="loc_eba_c86746" />
    <label:label xlink:type="resource" xlink:label="label_eba_c86746" xml:lang="en" xlink:role="http://www.xbrl.org/2008/role/label">Of which enabling</label:label>
    <gen:arc xlink:type="arc" xlink:arcrole="http://xbrl.org/arcrole/2008/element-label" xlink:from="loc_eba_c86746" xlink:to="label_eba_c86746" />
    <link:loc xlink:type="locator" xlink:href="d_09.02.a-rend.xml#eba_a2" xlink:label="loc_eba_a2" />
    <label:label xlink:type="resource" xlink:label="label_eba_a2" xml:lang="en" xlink:role="http://www.xbrl.org/2008/role/label">Rows</label:label>
    <gen:arc xlink:type="arc" xlink:arcrole="http://xbrl.org/arcrole/2008/element-label" xlink:from="loc_eba_a2" xlink:to="label_eba_a2" />
    <link:loc xlink:type="locator" xlink:href="d_09.02.a-rend.xml#eba_c86747" xlink:label="loc_eba_c86747" />
    <label:label xlink:type="resource" xlink:label="label_eba_c86747" xml:lang="en" xlink:role="http://www.xbrl.org/2008/role/label">BTAR</label:label>
    <gen:arc xlink:type="arc" xlink:arcrole="http://xbrl.org/arcrole/2008/element-label" xlink:from="loc_eba_c86747" xlink:to="label_eba_c86747" />
    <link:loc xlink:type="locator" xlink:href="d_09.02.a-rend.xml#eba_c86748" xlink:label="loc_eba_c86748" />
    <label:label xlink:type="resource" xlink:label="label_eba_c86748" xml:lang="en" xlink:role="http://www.xbrl.org/2008/role/label">GAR</label:label>
    <gen:arc xlink:type="arc" xlink:arcrole="http://xbrl.org/arcrole/2008/element-label" xlink:from="loc_eba_c86748" xlink:to="label_eba_c86748" />
    <link:loc xlink:type="locator" xlink:href="d_09.02.a-rend.xml#eba_c86749" xlink:label="loc_eba_c86749" />
    <label:label xlink:type="resource" xlink:label="label_eba_c86749" xml:lang="en" xlink:role="http://www.xbrl.org/2008/role/label">EU Non-financial corporations not subject to NFRD disclosure obligations</label:label>
    <gen:arc xlink:type="arc" xlink:arcrole="http://xbrl.org/arcrole/2008/element-label" xlink:from="loc_eba_c86749" xlink:to="label_eba_c86749" />
    <link:loc xlink:type="locator" xlink:href="d_09.02.a-rend.xml#eba_c86750" xlink:label="loc_eba_c86750" />
    <label:label xlink:type="resource" xlink:label="label_eba_c86750" xml:lang="en" xlink:role="http://www.xbrl.org/2008/role/label">of which loans collateralised by commercial immovable property</label:label>
    <gen:arc xlink:type="arc" xlink:arcrole="http://xbrl.org/arcrole/2008/element-label" xlink:from="loc_eba_c86750" xlink:to="label_eba_c86750" />
    <link:loc xlink:type="locator" xlink:href="d_09.02.a-rend.xml#eba_c86751" xlink:label="loc_eba_c86751" />
    <label:label xlink:type="resource" xlink:label="label_eba_c86751" xml:lang="en" xlink:role="http://www.xbrl.org/2008/role/label">of which building renovation loans</label:label>
    <gen:arc xlink:type="arc" xlink:arcrole="http://xbrl.org/arcrole/2008/element-label" xlink:from="loc_eba_c86751" xlink:to="label_eba_c86751" />
    <link:loc xlink:type="locator" xlink:href="d_09.02.a-rend.xml#eba_c86752" xlink:label="loc_eba_c86752" />
    <label:label xlink:type="resource" xlink:label="label_eba_c86752" xml:lang="en" xlink:role="http://www.xbrl.org/2008/role/label">Non-EU country counterparties not subject to NFRD disclosure obligations</label:label>
    <gen:arc xlink:type="arc" xlink:arcrole="http://xbrl.org/arcrole/2008/element-label" xlink:from="loc_eba_c86752" xlink:to="label_eba_c86752" />
  </gen:link>
</link:linkbase>