﻿<?xml version="1.0" encoding="utf-8"?>
<?taxonomy-version 1.0.0.0 ?>  <?taxonomy-set-overall-version 3.3.0.0 ?>
<!--(C) EBA-->
<link:linkbase xmlns:xsi="http://www.w3.org/2001/XMLSchema-instance" xmlns:xlink="http://www.w3.org/1999/xlink" xmlns:link="http://www.xbrl.org/2003/linkbase" xmlns:gen="http://xbrl.org/2008/generic" xmlns:label="http://xbrl.org/2008/label" xsi:schemaLocation="http://www.xbrl.org/2003/linkbase http://www.xbrl.org/2003/xbrl-linkbase-2003-12-31.xsd http://xbrl.org/2008/generic http://www.xbrl.org/2008/generic-link.xsd http://xbrl.org/2008/label http://www.xbrl.org/2008/generic-label.xsd">
  <link:arcroleRef arcroleURI="http://xbrl.org/arcrole/2008/element-label" xlink:type="simple" xlink:href="http://www.xbrl.org/2008/generic-label.xsd#element-label" />
  <link:roleRef roleURI="http://www.xbrl.org/2008/role/label" xlink:type="simple" xlink:href="http://www.xbrl.org/2008/generic-label.xsd#standard-label" />
  <link:roleRef roleURI="http://www.xbrl.org/2008/role/verboseLabel" xlink:type="simple" xlink:href="http://www.xbrl.org/2008/generic-label.xsd#verbose-label" />
  <gen:link xlink:type="extended" xlink:role="http://www.xbrl.org/2003/role/link">
    <link:loc xlink:type="locator" xlink:href="d_03.02-rend.xml#eba_tD_03.02" xlink:label="loc_eba_tD_03.02" />
    <label:label xlink:type="resource" xlink:label="label_eba_tD_03.02" xml:lang="en" xlink:role="http://www.xbrl.org/2008/role/label">D 03.02</label:label>
    <gen:arc xlink:type="arc" xlink:arcrole="http://xbrl.org/arcrole/2008/element-label" xlink:from="loc_eba_tD_03.02" xlink:to="label_eba_tD_03.02" />
    <label:label xlink:type="resource" xlink:label="label_eba_tD_03.02_1" xml:lang="en" xlink:role="http://www.xbrl.org/2008/role/verboseLabel">D 03.02 Banking book - Indicators of potential climate change transition risk: Alignment metrics</label:label>
    <gen:arc xlink:type="arc" xlink:arcrole="http://xbrl.org/arcrole/2008/element-label" xlink:from="loc_eba_tD_03.02" xlink:to="label_eba_tD_03.02_1" />
    <link:loc xlink:type="locator" xlink:href="d_03.02-rend.xml#eba_a1" xlink:label="loc_eba_a1" />
    <label:label xlink:type="resource" xlink:label="label_eba_a1" xml:lang="en" xlink:role="http://www.xbrl.org/2008/role/label">Columns</label:label>
    <gen:arc xlink:type="arc" xlink:arcrole="http://xbrl.org/arcrole/2008/element-label" xlink:from="loc_eba_a1" xlink:to="label_eba_a1" />
    <link:loc xlink:type="locator" xlink:href="d_03.02-rend.xml#eba_c86444" xlink:label="loc_eba_c86444" />
    <label:label xlink:type="resource" xlink:label="label_eba_c86444" xml:lang="en" xlink:role="http://www.xbrl.org/2008/role/label">Portfolio gross carrying amount (Mn EUR)</label:label>
    <gen:arc xlink:type="arc" xlink:arcrole="http://xbrl.org/arcrole/2008/element-label" xlink:from="loc_eba_c86444" xlink:to="label_eba_c86444" />
    <link:loc xlink:type="locator" xlink:href="d_03.02-rend.xml#eba_c86446" xlink:label="loc_eba_c86446" />
    <label:label xlink:type="resource" xlink:label="label_eba_c86446" xml:lang="en" xlink:role="http://www.xbrl.org/2008/role/label">Year of reference</label:label>
    <gen:arc xlink:type="arc" xlink:arcrole="http://xbrl.org/arcrole/2008/element-label" xlink:from="loc_eba_c86446" xlink:to="label_eba_c86446" />
    <link:loc xlink:type="locator" xlink:href="d_03.02-rend.xml#eba_c86447" xlink:label="loc_eba_c86447" />
    <label:label xlink:type="resource" xlink:label="label_eba_c86447" xml:lang="en" xlink:role="http://www.xbrl.org/2008/role/label">Distance to IEA NZE2050 in % ***</label:label>
    <gen:arc xlink:type="arc" xlink:arcrole="http://xbrl.org/arcrole/2008/element-label" xlink:from="loc_eba_c86447" xlink:to="label_eba_c86447" />
    <link:loc xlink:type="locator" xlink:href="d_03.02-rend.xml#eba_c86448" xlink:label="loc_eba_c86448" />
    <label:label xlink:type="resource" xlink:label="label_eba_c86448" xml:lang="en" xlink:role="http://www.xbrl.org/2008/role/label">Target (year of reference + 3 years)</label:label>
    <gen:arc xlink:type="arc" xlink:arcrole="http://xbrl.org/arcrole/2008/element-label" xlink:from="loc_eba_c86448" xlink:to="label_eba_c86448" />
    <link:loc xlink:type="locator" xlink:href="d_03.02-rend.xml#eba_a2" xlink:label="loc_eba_a2" />
    <label:label xlink:type="resource" xlink:label="label_eba_a2" xml:lang="en" xlink:role="http://www.xbrl.org/2008/role/label">Sector</label:label>
    <gen:arc xlink:type="arc" xlink:arcrole="http://xbrl.org/arcrole/2008/element-label" xlink:from="loc_eba_a2" xlink:to="label_eba_a2" />
    <link:loc xlink:type="locator" xlink:href="d_03.02-rend.xml#eba_a3" xlink:label="loc_eba_a3" />
    <label:label xlink:type="resource" xlink:label="label_eba_a3" xml:lang="en" xlink:role="http://www.xbrl.org/2008/role/label">NACE Sectors (a minima)</label:label>
    <gen:arc xlink:type="arc" xlink:arcrole="http://xbrl.org/arcrole/2008/element-label" xlink:from="loc_eba_a3" xlink:to="label_eba_a3" />
    <link:loc xlink:type="locator" xlink:href="d_03.02-rend.xml#eba_a4" xlink:label="loc_eba_a4" />
    <label:label xlink:type="resource" xlink:label="label_eba_a4" xml:lang="en" xlink:role="http://www.xbrl.org/2008/role/label">Alignment metric**</label:label>
    <gen:arc xlink:type="arc" xlink:arcrole="http://xbrl.org/arcrole/2008/element-label" xlink:from="loc_eba_a4" xlink:to="label_eba_a4" />
  </gen:link>
</link:linkbase>