<?xml version="1.0" encoding="UTF-8"?>
<!--
*******************************************************************************************
Copyright © 2022 Comisión para el Mercado Financiero de Chile (CMF) 
This material is copyright of the CMF Chile and all rights are reserved. 
No part of this material may be translated, reprinted, reproduced or utilised in 
any form or manner that is not expressly permitted by the CMF Chile 
IP Policy see: http://www.cmfchile.cl/sitio/pop/politica.html
*******************************************************************************************
-->
<!-- Generated with Reporting Standard S.L. XBRL Taxonomy builder version 3.7.1.1364 - http://www.reportingstandard.com -->
<link:linkbase xmlns:link="http://www.xbrl.org/2003/linkbase" xmlns:xlink="http://www.w3.org/1999/xlink">
  <link:roleRef xlink:type="simple" roleURI="http://www.cmfchile.cl/cl/fr/ci/role/ifrs-2_2021-03-24_role-834120" xlink:href="../cl-ci_ifrs-2_2021-03-24_role-834120.xsd#ifrs-2_2021-03-24_role-834120"/>
  <link:presentationLink xlink:type="extended" xlink:role="http://www.cmfchile.cl/cl/fr/ci/role/ifrs-2_2021-03-24_role-834120">
    <link:loc xlink:type="locator" xlink:href="http://xbrl.ifrs.org/taxonomy/2021-03-24/full_ifrs/full_ifrs-cor_2021-03-24.xsd#ifrs-full_DisclosureOfSharebasedPaymentArrangementsExplanatory" xlink:label="lbl25747"/>
    <link:loc xlink:type="locator" xlink:href="http://xbrl.ifrs.org/taxonomy/2021-03-24/full_ifrs/full_ifrs-cor_2021-03-24.xsd#ifrs-full_DisclosureOfTermsAndConditionsOfSharebasedPaymentArrangementExplanatory" xlink:label="lbl25748"/>
    <link:presentationArc xlink:type="arc" xlink:arcrole="http://www.xbrl.org/2003/arcrole/parent-child" preferredLabel="http://www.xbrl.org/2003/role/terseLabel" order="20.0" xlink:from="lbl25747" xlink:to="lbl25748"/>
    <link:loc xlink:type="locator" xlink:href="http://xbrl.ifrs.org/taxonomy/2021-03-24/full_ifrs/full_ifrs-cor_2021-03-24.xsd#ifrs-full_DisclosureOfTermsAndConditionsOfSharebasedPaymentArrangementAbstract" xlink:label="lbl25749"/>
    <link:presentationArc xlink:type="arc" xlink:arcrole="http://www.xbrl.org/2003/arcrole/parent-child" preferredLabel="http://www.xbrl.org/2003/role/terseLabel" order="30.0" xlink:to="lbl25749" xlink:from="lbl25748"/>
    <link:loc xlink:type="locator" xlink:href="http://xbrl.ifrs.org/taxonomy/2021-03-24/full_ifrs/full_ifrs-cor_2021-03-24.xsd#ifrs-full_DisclosureOfTermsAndConditionsOfSharebasedPaymentArrangementTable" xlink:label="lbl25750"/>
    <link:presentationArc xlink:type="arc" xlink:arcrole="http://www.xbrl.org/2003/arcrole/parent-child" preferredLabel="http://www.xbrl.org/2003/role/terseLabel" order="40.0" xlink:to="lbl25750" xlink:from="lbl25749"/>
    <link:loc xlink:type="locator" xlink:href="http://xbrl.ifrs.org/taxonomy/2021-03-24/full_ifrs/full_ifrs-cor_2021-03-24.xsd#ifrs-full_TypesOfSharebasedPaymentArrangementsAxis" xlink:label="lbl25751"/>
    <link:presentationArc xlink:type="arc" xlink:arcrole="http://www.xbrl.org/2003/arcrole/parent-child" preferredLabel="http://www.xbrl.org/2003/role/terseLabel" order="50.0" xlink:to="lbl25751" xlink:from="lbl25750"/>
    <link:loc xlink:type="locator" xlink:href="http://xbrl.ifrs.org/taxonomy/2021-03-24/full_ifrs/full_ifrs-cor_2021-03-24.xsd#ifrs-full_SharebasedPaymentArrangementsMember" xlink:label="lbl25752"/>
    <link:presentationArc xlink:type="arc" xlink:arcrole="http://www.xbrl.org/2003/arcrole/parent-child" preferredLabel="http://www.xbrl.org/2003/role/terseLabel" order="60.0" xlink:to="lbl25752" xlink:from="lbl25751"/>
    <link:loc xlink:type="locator" xlink:href="http://xbrl.ifrs.org/taxonomy/2021-03-24/full_ifrs/full_ifrs-cor_2021-03-24.xsd#ifrs-full_DisclosureOfTermsAndConditionsOfSharebasedPaymentArrangementLineItems" xlink:label="lbl25753"/>
    <link:presentationArc xlink:type="arc" xlink:arcrole="http://www.xbrl.org/2003/arcrole/parent-child" preferredLabel="http://www.xbrl.org/2003/role/terseLabel" order="70.0" xlink:to="lbl25753" xlink:from="lbl25749"/>
    <link:loc xlink:type="locator" xlink:href="http://xbrl.ifrs.org/taxonomy/2021-03-24/full_ifrs/full_ifrs-cor_2021-03-24.xsd#ifrs-full_ExplanationOfShareOptionsInSharebasedPaymentArrangement" xlink:label="lbl25754"/>
    <link:presentationArc xlink:type="arc" xlink:arcrole="http://www.xbrl.org/2003/arcrole/parent-child" preferredLabel="http://www.xbrl.org/2003/role/terseLabel" order="80.0" xlink:to="lbl25754" xlink:from="lbl25753"/>
    <link:loc xlink:type="locator" xlink:href="http://xbrl.ifrs.org/taxonomy/2021-03-24/full_ifrs/full_ifrs-cor_2021-03-24.xsd#ifrs-full_DescriptionOfVestingRequirementsForSharebasedPaymentArrangement" xlink:label="lbl25755"/>
    <link:presentationArc xlink:type="arc" xlink:arcrole="http://www.xbrl.org/2003/arcrole/parent-child" preferredLabel="http://www.xbrl.org/2003/role/terseLabel" order="90.0" xlink:to="lbl25755" xlink:from="lbl25754"/>
    <link:loc xlink:type="locator" xlink:href="http://xbrl.ifrs.org/taxonomy/2021-03-24/full_ifrs/full_ifrs-cor_2021-03-24.xsd#ifrs-full_DescriptionOfMaximumTermOfOptionsGrantedForSharebasedPaymentArrangement" xlink:label="lbl25756"/>
    <link:presentationArc xlink:type="arc" xlink:arcrole="http://www.xbrl.org/2003/arcrole/parent-child" preferredLabel="http://www.xbrl.org/2003/role/terseLabel" order="100.0" xlink:to="lbl25756" xlink:from="lbl25754"/>
    <link:loc xlink:type="locator" xlink:href="http://xbrl.ifrs.org/taxonomy/2021-03-24/full_ifrs/full_ifrs-cor_2021-03-24.xsd#ifrs-full_DescriptionOfMethodOfSettlementForSharebasedPaymentArrangement" xlink:label="lbl25757"/>
    <link:presentationArc xlink:type="arc" xlink:arcrole="http://www.xbrl.org/2003/arcrole/parent-child" preferredLabel="http://www.xbrl.org/2003/role/terseLabel" order="110.0" xlink:to="lbl25757" xlink:from="lbl25754"/>
    <link:loc xlink:type="locator" xlink:href="http://xbrl.ifrs.org/taxonomy/2021-03-24/full_ifrs/full_ifrs-cor_2021-03-24.xsd#ifrs-full_DateOfGrantOfSharebasedPaymentArrangement" xlink:label="lbl25758"/>
    <link:presentationArc xlink:type="arc" xlink:arcrole="http://www.xbrl.org/2003/arcrole/parent-child" preferredLabel="http://www.xbrl.org/2003/role/terseLabel" order="120.0" xlink:to="lbl25758" xlink:from="lbl25754"/>
    <link:loc xlink:type="locator" xlink:href="http://xbrl.ifrs.org/taxonomy/2021-03-24/full_ifrs/full_ifrs-cor_2021-03-24.xsd#ifrs-full_NumberOfInstrumentsGrantedInSharebasedPaymentArrangement" xlink:label="lbl25759"/>
    <link:presentationArc xlink:type="arc" xlink:arcrole="http://www.xbrl.org/2003/arcrole/parent-child" preferredLabel="http://www.xbrl.org/2003/role/terseLabel" order="130.0" xlink:to="lbl25759" xlink:from="lbl25754"/>
    <link:loc xlink:type="locator" xlink:href="http://xbrl.ifrs.org/taxonomy/2021-03-24/full_ifrs/full_ifrs-cor_2021-03-24.xsd#ifrs-full_DisclosureOfNumberAndWeightedAverageExercisePricesOfShareOptionsExplanatory" xlink:label="lbl25760"/>
    <link:presentationArc xlink:type="arc" xlink:arcrole="http://www.xbrl.org/2003/arcrole/parent-child" order="140.0" xlink:to="lbl25760" xlink:from="lbl25747"/>
    <link:loc xlink:type="locator" xlink:href="http://xbrl.ifrs.org/taxonomy/2021-03-24/full_ifrs/full_ifrs-cor_2021-03-24.xsd#ifrs-full_NumberOfOutstandingShareOptions" xlink:label="lbl25761"/>
    <link:presentationArc xlink:type="arc" xlink:arcrole="http://www.xbrl.org/2003/arcrole/parent-child" preferredLabel="http://www.xbrl.org/2003/role/periodStartLabel" order="150.0" xlink:to="lbl25761" xlink:from="lbl25760"/>
    <link:loc xlink:type="locator" xlink:href="http://xbrl.ifrs.org/taxonomy/2021-03-24/full_ifrs/full_ifrs-cor_2021-03-24.xsd#ifrs-full_NumberOfShareOptionsGrantedInSharebasedPaymentArrangement" xlink:label="lbl25762"/>
    <link:presentationArc xlink:type="arc" xlink:arcrole="http://www.xbrl.org/2003/arcrole/parent-child" order="160.0" xlink:to="lbl25762" xlink:from="lbl25760"/>
    <link:loc xlink:type="locator" xlink:href="http://xbrl.ifrs.org/taxonomy/2021-03-24/full_ifrs/full_ifrs-cor_2021-03-24.xsd#ifrs-full_NumberOfShareOptionsForfeitedInSharebasedPaymentArrangement" xlink:label="lbl25763"/>
    <link:presentationArc xlink:type="arc" xlink:arcrole="http://www.xbrl.org/2003/arcrole/parent-child" order="170.0" xlink:to="lbl25763" xlink:from="lbl25760"/>
    <link:loc xlink:type="locator" xlink:href="http://xbrl.ifrs.org/taxonomy/2021-03-24/full_ifrs/full_ifrs-cor_2021-03-24.xsd#ifrs-full_NumberOfShareOptionsExercisedInSharebasedPaymentArrangement" xlink:label="lbl25764"/>
    <link:presentationArc xlink:type="arc" xlink:arcrole="http://www.xbrl.org/2003/arcrole/parent-child" order="180.0" xlink:to="lbl25764" xlink:from="lbl25760"/>
    <link:loc xlink:type="locator" xlink:href="http://xbrl.ifrs.org/taxonomy/2021-03-24/full_ifrs/full_ifrs-cor_2021-03-24.xsd#ifrs-full_NumberOfShareOptionsExpiredInSharebasedPaymentArrangement" xlink:label="lbl25765"/>
    <link:presentationArc xlink:type="arc" xlink:arcrole="http://www.xbrl.org/2003/arcrole/parent-child" order="190.0" xlink:to="lbl25765" xlink:from="lbl25760"/>
    <link:loc xlink:type="locator" xlink:href="http://xbrl.ifrs.org/taxonomy/2021-03-24/full_ifrs/full_ifrs-cor_2021-03-24.xsd#ifrs-full_NumberOfOutstandingShareOptions" xlink:label="lbl25766"/>
    <link:presentationArc xlink:type="arc" xlink:arcrole="http://www.xbrl.org/2003/arcrole/parent-child" preferredLabel="http://www.xbrl.org/2003/role/periodEndLabel" order="200.0" xlink:from="lbl25760" xlink:to="lbl25766"/>
    <link:loc xlink:type="locator" xlink:href="http://xbrl.ifrs.org/taxonomy/2021-03-24/full_ifrs/full_ifrs-cor_2021-03-24.xsd#ifrs-full_NumberOfShareOptionsExercisableInSharebasedPaymentArrangement" xlink:label="lbl25767"/>
    <link:presentationArc xlink:type="arc" xlink:arcrole="http://www.xbrl.org/2003/arcrole/parent-child" order="210.0" xlink:to="lbl25767" xlink:from="lbl25760"/>
    <link:loc xlink:type="locator" xlink:href="http://xbrl.ifrs.org/taxonomy/2021-03-24/full_ifrs/full_ifrs-cor_2021-03-24.xsd#ifrs-full_WeightedAverageExercisePriceOfShareOptionsOutstandingInSharebasedPaymentArrangement2019" xlink:label="lbl25768"/>
    <link:presentationArc xlink:type="arc" xlink:arcrole="http://www.xbrl.org/2003/arcrole/parent-child" preferredLabel="http://www.xbrl.org/2003/role/periodStartLabel" order="220.0" xlink:to="lbl25768" xlink:from="lbl25760"/>
    <link:loc xlink:type="locator" xlink:href="http://xbrl.ifrs.org/taxonomy/2021-03-24/full_ifrs/full_ifrs-cor_2021-03-24.xsd#ifrs-full_WeightedAverageExercisePriceOfShareOptionsGrantedInSharebasedPaymentArrangement2019" xlink:label="lbl25769"/>
    <link:presentationArc xlink:type="arc" xlink:arcrole="http://www.xbrl.org/2003/arcrole/parent-child" order="230.0" xlink:to="lbl25769" xlink:from="lbl25760"/>
    <link:loc xlink:type="locator" xlink:href="http://xbrl.ifrs.org/taxonomy/2021-03-24/full_ifrs/full_ifrs-cor_2021-03-24.xsd#ifrs-full_WeightedAverageExercisePriceOfShareOptionsForfeitedInSharebasedPaymentArrangement2019" xlink:label="lbl25770"/>
    <link:presentationArc xlink:type="arc" xlink:arcrole="http://www.xbrl.org/2003/arcrole/parent-child" order="240.0" xlink:to="lbl25770" xlink:from="lbl25760"/>
    <link:loc xlink:type="locator" xlink:href="http://xbrl.ifrs.org/taxonomy/2021-03-24/full_ifrs/full_ifrs-cor_2021-03-24.xsd#ifrs-full_WeightedAverageExercisePriceOfShareOptionsExercisedInSharebasedPaymentArrangement2019" xlink:label="lbl25771"/>
    <link:presentationArc xlink:type="arc" xlink:arcrole="http://www.xbrl.org/2003/arcrole/parent-child" order="250.0" xlink:to="lbl25771" xlink:from="lbl25760"/>
    <link:loc xlink:type="locator" xlink:href="http://xbrl.ifrs.org/taxonomy/2021-03-24/full_ifrs/full_ifrs-cor_2021-03-24.xsd#ifrs-full_WeightedAverageExercisePriceOfShareOptionsExpiredInSharebasedPaymentArrangement2019" xlink:label="lbl25772"/>
    <link:presentationArc xlink:type="arc" xlink:arcrole="http://www.xbrl.org/2003/arcrole/parent-child" order="260.0" xlink:to="lbl25772" xlink:from="lbl25760"/>
    <link:loc xlink:type="locator" xlink:href="http://xbrl.ifrs.org/taxonomy/2021-03-24/full_ifrs/full_ifrs-cor_2021-03-24.xsd#ifrs-full_WeightedAverageExercisePriceOfShareOptionsOutstandingInSharebasedPaymentArrangement2019" xlink:label="lbl25773"/>
    <link:presentationArc xlink:type="arc" xlink:arcrole="http://www.xbrl.org/2003/arcrole/parent-child" preferredLabel="http://www.xbrl.org/2003/role/periodEndLabel" order="270.0" xlink:from="lbl25760" xlink:to="lbl25773"/>
    <link:loc xlink:type="locator" xlink:href="http://xbrl.ifrs.org/taxonomy/2021-03-24/full_ifrs/full_ifrs-cor_2021-03-24.xsd#ifrs-full_WeightedAverageExercisePriceOfShareOptionsExercisableInSharebasedPaymentArrangement2019" xlink:label="lbl25774"/>
    <link:presentationArc xlink:type="arc" xlink:arcrole="http://www.xbrl.org/2003/arcrole/parent-child" order="280.0" xlink:to="lbl25774" xlink:from="lbl25760"/>
    <link:loc xlink:type="locator" xlink:href="http://xbrl.ifrs.org/taxonomy/2021-03-24/full_ifrs/full_ifrs-cor_2021-03-24.xsd#ifrs-full_WeightedAverageExercisePriceOfShareOptionsInSharebasedPaymentArrangementExercisedDuringPeriodAtDateOfExercise2019" xlink:label="lbl25775"/>
    <link:presentationArc xlink:type="arc" xlink:arcrole="http://www.xbrl.org/2003/arcrole/parent-child" preferredLabel="http://www.xbrl.org/2003/role/terseLabel" order="290.0" xlink:to="lbl25775" xlink:from="lbl25747"/>
    <link:loc xlink:type="locator" xlink:href="http://xbrl.ifrs.org/taxonomy/2021-03-24/full_ifrs/full_ifrs-cor_2021-03-24.xsd#ifrs-full_WeightedAverageSharePrice2019" xlink:label="lbl25776"/>
    <link:presentationArc xlink:type="arc" xlink:arcrole="http://www.xbrl.org/2003/arcrole/parent-child" order="300.0" xlink:to="lbl25776" xlink:from="lbl25747"/>
    <link:loc xlink:type="locator" xlink:href="http://xbrl.ifrs.org/taxonomy/2021-03-24/full_ifrs/full_ifrs-cor_2021-03-24.xsd#ifrs-full_DisclosureOfRangeOfExercisePricesOfOutstandingShareOptionsExplanatory" xlink:label="lbl25777"/>
    <link:presentationArc xlink:type="arc" xlink:arcrole="http://www.xbrl.org/2003/arcrole/parent-child" order="310.0" xlink:to="lbl25777" xlink:from="lbl25747"/>
    <link:loc xlink:type="locator" xlink:href="http://xbrl.ifrs.org/taxonomy/2021-03-24/full_ifrs/full_ifrs-cor_2021-03-24.xsd#ifrs-full_DisclosureOfRangeOfExercisePricesOfOutstandingShareOptionsAbstract" xlink:label="lbl25778"/>
    <link:presentationArc xlink:type="arc" xlink:arcrole="http://www.xbrl.org/2003/arcrole/parent-child" order="320.0" xlink:to="lbl25778" xlink:from="lbl25777"/>
    <link:loc xlink:type="locator" xlink:href="http://xbrl.ifrs.org/taxonomy/2021-03-24/full_ifrs/full_ifrs-cor_2021-03-24.xsd#ifrs-full_DisclosureOfRangeOfExercisePricesOfOutstandingShareOptionsTable" xlink:label="lbl25779"/>
    <link:presentationArc xlink:type="arc" xlink:arcrole="http://www.xbrl.org/2003/arcrole/parent-child" order="330.0" xlink:to="lbl25779" xlink:from="lbl25778"/>
    <link:loc xlink:type="locator" xlink:href="http://xbrl.ifrs.org/taxonomy/2021-03-24/full_ifrs/full_ifrs-cor_2021-03-24.xsd#ifrs-full_RangeAxis" xlink:label="lbl25780"/>
    <link:presentationArc xlink:type="arc" xlink:arcrole="http://www.xbrl.org/2003/arcrole/parent-child" order="340.0" xlink:to="lbl25780" xlink:from="lbl25779"/>
    <link:loc xlink:type="locator" xlink:href="http://xbrl.ifrs.org/taxonomy/2021-03-24/full_ifrs/full_ifrs-cor_2021-03-24.xsd#ifrs-full_RangesMember" xlink:label="lbl25781"/>
    <link:presentationArc xlink:type="arc" xlink:arcrole="http://www.xbrl.org/2003/arcrole/parent-child" order="350.0" xlink:to="lbl25781" xlink:from="lbl25780"/>
    <link:loc xlink:type="locator" xlink:href="http://xbrl.ifrs.org/taxonomy/2021-03-24/full_ifrs/full_ifrs-cor_2021-03-24.xsd#ifrs-full_BottomOfRangeMember" xlink:label="lbl25782"/>
    <link:presentationArc xlink:type="arc" xlink:arcrole="http://www.xbrl.org/2003/arcrole/parent-child" order="360.0" xlink:to="lbl25782" xlink:from="lbl25781"/>
    <link:loc xlink:type="locator" xlink:href="http://xbrl.ifrs.org/taxonomy/2021-03-24/full_ifrs/full_ifrs-cor_2021-03-24.xsd#ifrs-full_TopOfRangeMember" xlink:label="lbl25783"/>
    <link:presentationArc xlink:type="arc" xlink:arcrole="http://www.xbrl.org/2003/arcrole/parent-child" order="370.0" xlink:to="lbl25783" xlink:from="lbl25781"/>
    <link:loc xlink:type="locator" xlink:href="http://xbrl.ifrs.org/taxonomy/2021-03-24/full_ifrs/full_ifrs-cor_2021-03-24.xsd#ifrs-full_DisclosureOfRangeOfExercisePricesOfOutstandingShareOptionsLineItems" xlink:label="lbl25784"/>
    <link:presentationArc xlink:type="arc" xlink:arcrole="http://www.xbrl.org/2003/arcrole/parent-child" order="380.0" xlink:to="lbl25784" xlink:from="lbl25778"/>
    <link:loc xlink:type="locator" xlink:href="http://xbrl.ifrs.org/taxonomy/2021-03-24/full_ifrs/full_ifrs-cor_2021-03-24.xsd#ifrs-full_ExercisePriceOfOutstandingShareOptions2019" xlink:label="lbl25785"/>
    <link:presentationArc xlink:type="arc" xlink:arcrole="http://www.xbrl.org/2003/arcrole/parent-child" order="390.0" xlink:to="lbl25785" xlink:from="lbl25784"/>
    <link:loc xlink:type="locator" xlink:href="http://xbrl.ifrs.org/taxonomy/2021-03-24/full_ifrs/full_ifrs-cor_2021-03-24.xsd#ifrs-full_DisclosureOfNumberAndWeightedAverageRemainingContractualLifeOfOutstandingShareOptionsExplanatory" xlink:label="lbl25786"/>
    <link:presentationArc xlink:type="arc" xlink:arcrole="http://www.xbrl.org/2003/arcrole/parent-child" preferredLabel="http://www.xbrl.org/2003/role/terseLabel" order="400.0" xlink:to="lbl25786" xlink:from="lbl25747"/>
    <link:loc xlink:type="locator" xlink:href="http://xbrl.ifrs.org/taxonomy/2021-03-24/full_ifrs/full_ifrs-cor_2021-03-24.xsd#ifrs-full_DisclosureOfNumberAndWeightedAverageRemainingContractualLifeOfOutstandingShareOptionsAbstract" xlink:label="lbl25787"/>
    <link:presentationArc xlink:type="arc" xlink:arcrole="http://www.xbrl.org/2003/arcrole/parent-child" preferredLabel="http://www.xbrl.org/2003/role/terseLabel" order="410.0" xlink:to="lbl25787" xlink:from="lbl25786"/>
    <link:loc xlink:type="locator" xlink:href="http://xbrl.ifrs.org/taxonomy/2021-03-24/full_ifrs/full_ifrs-cor_2021-03-24.xsd#ifrs-full_DisclosureOfNumberAndWeightedAverageRemainingContractualLifeOfOutstandingShareOptionsTable" xlink:label="lbl25788"/>
    <link:presentationArc xlink:type="arc" xlink:arcrole="http://www.xbrl.org/2003/arcrole/parent-child" preferredLabel="http://www.xbrl.org/2003/role/terseLabel" order="420.0" xlink:to="lbl25788" xlink:from="lbl25787"/>
    <link:loc xlink:type="locator" xlink:href="http://xbrl.ifrs.org/taxonomy/2021-03-24/full_ifrs/full_ifrs-cor_2021-03-24.xsd#ifrs-full_RangesOfExercisePricesForOutstandingShareOptionsAxis" xlink:label="lbl25789"/>
    <link:presentationArc xlink:type="arc" xlink:arcrole="http://www.xbrl.org/2003/arcrole/parent-child" preferredLabel="http://www.xbrl.org/2003/role/terseLabel" order="430.0" xlink:to="lbl25789" xlink:from="lbl25788"/>
    <link:loc xlink:type="locator" xlink:href="http://xbrl.ifrs.org/taxonomy/2021-03-24/full_ifrs/full_ifrs-cor_2021-03-24.xsd#ifrs-full_RangesOfExercisePricesForOutstandingShareOptionsMember" xlink:label="lbl25790"/>
    <link:presentationArc xlink:type="arc" xlink:arcrole="http://www.xbrl.org/2003/arcrole/parent-child" preferredLabel="http://www.xbrl.org/2003/role/terseLabel" order="440.0" xlink:to="lbl25790" xlink:from="lbl25789"/>
    <link:loc xlink:type="locator" xlink:href="http://xbrl.ifrs.org/taxonomy/2021-03-24/full_ifrs/full_ifrs-cor_2021-03-24.xsd#ifrs-full_DisclosureOfNumberAndWeightedAverageRemainingContractualLifeOfOutstandingShareOptionsLineItems" xlink:label="lbl25791"/>
    <link:presentationArc xlink:type="arc" xlink:arcrole="http://www.xbrl.org/2003/arcrole/parent-child" preferredLabel="http://www.xbrl.org/2003/role/terseLabel" order="450.0" xlink:to="lbl25791" xlink:from="lbl25787"/>
    <link:presentationArc xlink:type="arc" xlink:arcrole="http://www.xbrl.org/2003/arcrole/parent-child" preferredLabel="http://www.xbrl.org/2003/role/terseLabel" order="460.0" xlink:from="lbl25791" xlink:to="lbl25766"/>
    <link:loc xlink:type="locator" xlink:href="http://xbrl.ifrs.org/taxonomy/2021-03-24/full_ifrs/full_ifrs-cor_2021-03-24.xsd#ifrs-full_WeightedAverageRemainingContractualLifeOfOutstandingShareOptions2019" xlink:label="lbl25792"/>
    <link:presentationArc xlink:type="arc" xlink:arcrole="http://www.xbrl.org/2003/arcrole/parent-child" preferredLabel="http://www.xbrl.org/2003/role/terseLabel" order="470.0" xlink:to="lbl25792" xlink:from="lbl25791"/>
    <link:loc xlink:type="locator" xlink:href="http://xbrl.ifrs.org/taxonomy/2021-03-24/full_ifrs/full_ifrs-cor_2021-03-24.xsd#ifrs-full_DisclosureOfNumberAndWeightedAverageExercisePricesOfOtherEquityInstrumentsExplanatory" xlink:label="lbl25793"/>
    <link:presentationArc xlink:type="arc" xlink:arcrole="http://www.xbrl.org/2003/arcrole/parent-child" order="480.0" xlink:to="lbl25793" xlink:from="lbl25747"/>
    <link:loc xlink:type="locator" xlink:href="http://xbrl.ifrs.org/taxonomy/2021-03-24/full_ifrs/full_ifrs-cor_2021-03-24.xsd#ifrs-full_NumberOfOtherEquityInstrumentsOutstandingInSharebasedPaymentArrangement" xlink:label="lbl25794"/>
    <link:presentationArc xlink:type="arc" xlink:arcrole="http://www.xbrl.org/2003/arcrole/parent-child" preferredLabel="http://www.xbrl.org/2003/role/periodStartLabel" order="490.0" xlink:to="lbl25794" xlink:from="lbl25793"/>
    <link:loc xlink:type="locator" xlink:href="http://xbrl.ifrs.org/taxonomy/2021-03-24/full_ifrs/full_ifrs-cor_2021-03-24.xsd#ifrs-full_NumberOfInstrumentsOtherEquityInstrumentsGranted" xlink:label="lbl25795"/>
    <link:presentationArc xlink:type="arc" xlink:arcrole="http://www.xbrl.org/2003/arcrole/parent-child" order="500.0" xlink:to="lbl25795" xlink:from="lbl25793"/>
    <link:loc xlink:type="locator" xlink:href="http://xbrl.ifrs.org/taxonomy/2021-03-24/full_ifrs/full_ifrs-cor_2021-03-24.xsd#ifrs-full_NumberOfOtherEquityInstrumentsForfeitedInSharebasedPaymentArrangement" xlink:label="lbl25796"/>
    <link:presentationArc xlink:type="arc" xlink:arcrole="http://www.xbrl.org/2003/arcrole/parent-child" order="510.0" xlink:to="lbl25796" xlink:from="lbl25793"/>
    <link:loc xlink:type="locator" xlink:href="http://xbrl.ifrs.org/taxonomy/2021-03-24/full_ifrs/full_ifrs-cor_2021-03-24.xsd#ifrs-full_NumberOfOtherEquityInstrumentsExercisedOrVestedInSharebasedPaymentArrangement" xlink:label="lbl25797"/>
    <link:presentationArc xlink:type="arc" xlink:arcrole="http://www.xbrl.org/2003/arcrole/parent-child" order="520.0" xlink:to="lbl25797" xlink:from="lbl25793"/>
    <link:loc xlink:type="locator" xlink:href="http://xbrl.ifrs.org/taxonomy/2021-03-24/full_ifrs/full_ifrs-cor_2021-03-24.xsd#ifrs-full_NumberOfOtherEquityInstrumentsExpiredInSharebasedPaymentArrangement" xlink:label="lbl25798"/>
    <link:presentationArc xlink:type="arc" xlink:arcrole="http://www.xbrl.org/2003/arcrole/parent-child" order="530.0" xlink:to="lbl25798" xlink:from="lbl25793"/>
    <link:loc xlink:type="locator" xlink:href="http://xbrl.ifrs.org/taxonomy/2021-03-24/full_ifrs/full_ifrs-cor_2021-03-24.xsd#ifrs-full_NumberOfOtherEquityInstrumentsOutstandingInSharebasedPaymentArrangement" xlink:label="lbl25799"/>
    <link:presentationArc xlink:type="arc" xlink:arcrole="http://www.xbrl.org/2003/arcrole/parent-child" preferredLabel="http://www.xbrl.org/2003/role/periodEndLabel" order="540.0" xlink:from="lbl25793" xlink:to="lbl25799"/>
    <link:loc xlink:type="locator" xlink:href="http://xbrl.ifrs.org/taxonomy/2021-03-24/full_ifrs/full_ifrs-cor_2021-03-24.xsd#ifrs-full_NumberOfOtherEquityInstrumentsExercisableInSharebasedPaymentArrangement" xlink:label="lbl25800"/>
    <link:presentationArc xlink:type="arc" xlink:arcrole="http://www.xbrl.org/2003/arcrole/parent-child" order="550.0" xlink:to="lbl25800" xlink:from="lbl25793"/>
    <link:loc xlink:type="locator" xlink:href="http://xbrl.ifrs.org/taxonomy/2021-03-24/full_ifrs/full_ifrs-cor_2021-03-24.xsd#ifrs-full_WeightedAverageExercisePriceOfOtherEquityInstrumentsOutstandingInSharebasedPaymentArrangement2019" xlink:label="lbl25801"/>
    <link:presentationArc xlink:type="arc" xlink:arcrole="http://www.xbrl.org/2003/arcrole/parent-child" preferredLabel="http://www.xbrl.org/2003/role/periodStartLabel" order="560.0" xlink:to="lbl25801" xlink:from="lbl25793"/>
    <link:loc xlink:type="locator" xlink:href="http://xbrl.ifrs.org/taxonomy/2021-03-24/full_ifrs/full_ifrs-cor_2021-03-24.xsd#ifrs-full_WeightedAverageExercisePriceOfOtherEquityInstrumentsGrantedInSharebasedPaymentArrangement2019" xlink:label="lbl25802"/>
    <link:presentationArc xlink:type="arc" xlink:arcrole="http://www.xbrl.org/2003/arcrole/parent-child" order="570.0" xlink:to="lbl25802" xlink:from="lbl25793"/>
    <link:loc xlink:type="locator" xlink:href="http://xbrl.ifrs.org/taxonomy/2021-03-24/full_ifrs/full_ifrs-cor_2021-03-24.xsd#ifrs-full_WeightedAverageExercisePriceOfOtherEquityInstrumentsForfeitedInSharebasedPaymentArrangement2019" xlink:label="lbl25803"/>
    <link:presentationArc xlink:type="arc" xlink:arcrole="http://www.xbrl.org/2003/arcrole/parent-child" order="580.0" xlink:to="lbl25803" xlink:from="lbl25793"/>
    <link:loc xlink:type="locator" xlink:href="http://xbrl.ifrs.org/taxonomy/2021-03-24/full_ifrs/full_ifrs-cor_2021-03-24.xsd#ifrs-full_WeightedAverageExercisePriceOfOtherEquityInstrumentsExercisedOrVestedInSharebasedPaymentArrangement2019" xlink:label="lbl25804"/>
    <link:presentationArc xlink:type="arc" xlink:arcrole="http://www.xbrl.org/2003/arcrole/parent-child" order="590.0" xlink:to="lbl25804" xlink:from="lbl25793"/>
    <link:loc xlink:type="locator" xlink:href="http://xbrl.ifrs.org/taxonomy/2021-03-24/full_ifrs/full_ifrs-cor_2021-03-24.xsd#ifrs-full_WeightedAverageExercisePriceOfOtherEquityInstrumentsExpiredInSharebasedPaymentArrangement2019" xlink:label="lbl25805"/>
    <link:presentationArc xlink:type="arc" xlink:arcrole="http://www.xbrl.org/2003/arcrole/parent-child" order="600.0" xlink:to="lbl25805" xlink:from="lbl25793"/>
    <link:loc xlink:type="locator" xlink:href="http://xbrl.ifrs.org/taxonomy/2021-03-24/full_ifrs/full_ifrs-cor_2021-03-24.xsd#ifrs-full_WeightedAverageExercisePriceOfOtherEquityInstrumentsOutstandingInSharebasedPaymentArrangement2019" xlink:label="lbl25806"/>
    <link:presentationArc xlink:type="arc" xlink:arcrole="http://www.xbrl.org/2003/arcrole/parent-child" preferredLabel="http://www.xbrl.org/2003/role/periodEndLabel" order="610.0" xlink:from="lbl25793" xlink:to="lbl25806"/>
    <link:loc xlink:type="locator" xlink:href="http://xbrl.ifrs.org/taxonomy/2021-03-24/full_ifrs/full_ifrs-cor_2021-03-24.xsd#ifrs-full_WeightedAverageExercisePriceOfOtherEquityInstrumentsExercisableInSharebasedPaymentArrangement2019" xlink:label="lbl25807"/>
    <link:presentationArc xlink:type="arc" xlink:arcrole="http://www.xbrl.org/2003/arcrole/parent-child" order="620.0" xlink:to="lbl25807" xlink:from="lbl25793"/>
    <link:loc xlink:type="locator" xlink:href="http://xbrl.ifrs.org/taxonomy/2021-03-24/full_ifrs/full_ifrs-cor_2021-03-24.xsd#ifrs-full_DeterminationOfFairValueOfGoodsOrServicesReceivedOrFairValueOfEquityInstrumentsGrantedOnSharebasedPayments" xlink:label="lbl25808"/>
    <link:presentationArc xlink:type="arc" xlink:arcrole="http://www.xbrl.org/2003/arcrole/parent-child" preferredLabel="http://www.xbrl.org/2003/role/terseLabel" order="630.0" xlink:to="lbl25808" xlink:from="lbl25747"/>
    <link:loc xlink:type="locator" xlink:href="http://xbrl.ifrs.org/taxonomy/2021-03-24/full_ifrs/full_ifrs-cor_2021-03-24.xsd#ifrs-full_DisclosureOfIndirectMeasurementOfFairValueOfGoodsOrServicesReceivedShareOptionsGrantedDuringPeriodExplanatory" xlink:label="lbl25809"/>
    <link:presentationArc xlink:type="arc" xlink:arcrole="http://www.xbrl.org/2003/arcrole/parent-child" order="640.0" xlink:to="lbl25809" xlink:from="lbl25747"/>
    <link:loc xlink:type="locator" xlink:href="http://xbrl.ifrs.org/taxonomy/2021-03-24/full_ifrs/full_ifrs-cor_2021-03-24.xsd#ifrs-full_WeightedAverageFairValueAtMeasurementDateShareOptionsGranted" xlink:label="lbl25810"/>
    <link:presentationArc xlink:type="arc" xlink:arcrole="http://www.xbrl.org/2003/arcrole/parent-child" preferredLabel="http://www.xbrl.org/2003/role/terseLabel" order="650.0" xlink:to="lbl25810" xlink:from="lbl25809"/>
    <link:loc xlink:type="locator" xlink:href="http://xbrl.ifrs.org/taxonomy/2021-03-24/full_ifrs/full_ifrs-cor_2021-03-24.xsd#ifrs-full_InformationAboutHowFairValueWasMeasuredShareOptionsGranted" xlink:label="lbl25811"/>
    <link:presentationArc xlink:type="arc" xlink:arcrole="http://www.xbrl.org/2003/arcrole/parent-child" preferredLabel="http://www.xbrl.org/2003/role/terseLabel" order="660.0" xlink:to="lbl25811" xlink:from="lbl25809"/>
    <link:loc xlink:type="locator" xlink:href="http://xbrl.ifrs.org/taxonomy/2021-03-24/full_ifrs/full_ifrs-cor_2021-03-24.xsd#ifrs-full_DescriptionOfOptionPricingModelShareOptionsGranted" xlink:label="lbl25812"/>
    <link:presentationArc xlink:type="arc" xlink:arcrole="http://www.xbrl.org/2003/arcrole/parent-child" order="670.0" xlink:to="lbl25812" xlink:from="lbl25811"/>
    <link:loc xlink:type="locator" xlink:href="http://xbrl.ifrs.org/taxonomy/2021-03-24/full_ifrs/full_ifrs-cor_2021-03-24.xsd#ifrs-full_DescriptionOfInputsToOptionPricingModelShareOptionsGranted" xlink:label="lbl25813"/>
    <link:presentationArc xlink:type="arc" xlink:arcrole="http://www.xbrl.org/2003/arcrole/parent-child" preferredLabel="http://www.xbrl.org/2003/role/terseLabel" order="680.0" xlink:to="lbl25813" xlink:from="lbl25811"/>
    <link:loc xlink:type="locator" xlink:href="http://xbrl.ifrs.org/taxonomy/2021-03-24/full_ifrs/full_ifrs-cor_2021-03-24.xsd#ifrs-full_WeightedAverageSharePriceShareOptionsGranted2019" xlink:label="lbl25814"/>
    <link:presentationArc xlink:type="arc" xlink:arcrole="http://www.xbrl.org/2003/arcrole/parent-child" preferredLabel="http://www.xbrl.org/2003/role/terseLabel" order="690.0" xlink:to="lbl25814" xlink:from="lbl25813"/>
    <link:loc xlink:type="locator" xlink:href="http://xbrl.ifrs.org/taxonomy/2021-03-24/full_ifrs/full_ifrs-cor_2021-03-24.xsd#ifrs-full_ExercisePriceShareOptionsGranted2019" xlink:label="lbl25815"/>
    <link:presentationArc xlink:type="arc" xlink:arcrole="http://www.xbrl.org/2003/arcrole/parent-child" preferredLabel="http://www.xbrl.org/2003/role/terseLabel" order="700.0" xlink:to="lbl25815" xlink:from="lbl25813"/>
    <link:loc xlink:type="locator" xlink:href="http://xbrl.ifrs.org/taxonomy/2021-03-24/full_ifrs/full_ifrs-cor_2021-03-24.xsd#ifrs-full_DescriptionOfExpectedVolatilityShareOptionsGranted" xlink:label="lbl25816"/>
    <link:presentationArc xlink:type="arc" xlink:arcrole="http://www.xbrl.org/2003/arcrole/parent-child" preferredLabel="http://www.xbrl.org/2003/role/terseLabel" order="710.0" xlink:to="lbl25816" xlink:from="lbl25813"/>
    <link:loc xlink:type="locator" xlink:href="http://xbrl.ifrs.org/taxonomy/2021-03-24/full_ifrs/full_ifrs-cor_2021-03-24.xsd#ifrs-full_DescriptionOfOptionLifeShareOptionsGranted" xlink:label="lbl25817"/>
    <link:presentationArc xlink:type="arc" xlink:arcrole="http://www.xbrl.org/2003/arcrole/parent-child" preferredLabel="http://www.xbrl.org/2003/role/terseLabel" order="720.0" xlink:to="lbl25817" xlink:from="lbl25813"/>
    <link:loc xlink:type="locator" xlink:href="http://xbrl.ifrs.org/taxonomy/2021-03-24/full_ifrs/full_ifrs-cor_2021-03-24.xsd#ifrs-full_ExpectedDividendShareOptionsGranted" xlink:label="lbl25818"/>
    <link:presentationArc xlink:type="arc" xlink:arcrole="http://www.xbrl.org/2003/arcrole/parent-child" preferredLabel="http://www.xbrl.org/2003/role/terseLabel" order="730.0" xlink:to="lbl25818" xlink:from="lbl25813"/>
    <link:loc xlink:type="locator" xlink:href="http://xbrl.ifrs.org/taxonomy/2021-03-24/full_ifrs/full_ifrs-cor_2021-03-24.xsd#ifrs-full_ExpectedDividendAsPercentageShareOptionsGranted" xlink:label="lbl25819"/>
    <link:presentationArc xlink:type="arc" xlink:arcrole="http://www.xbrl.org/2003/arcrole/parent-child" order="740.0" xlink:to="lbl25819" xlink:from="lbl25813"/>
    <link:loc xlink:type="locator" xlink:href="http://xbrl.ifrs.org/taxonomy/2021-03-24/full_ifrs/full_ifrs-cor_2021-03-24.xsd#ifrs-full_DescriptionOfRiskFreeInterestRateShareOptionsGranted" xlink:label="lbl25820"/>
    <link:presentationArc xlink:type="arc" xlink:arcrole="http://www.xbrl.org/2003/arcrole/parent-child" preferredLabel="http://www.xbrl.org/2003/role/terseLabel" order="750.0" xlink:to="lbl25820" xlink:from="lbl25813"/>
    <link:loc xlink:type="locator" xlink:href="http://xbrl.ifrs.org/taxonomy/2021-03-24/full_ifrs/full_ifrs-cor_2021-03-24.xsd#ifrs-full_DescriptionOfOtherInputsToOptionsPricingModelShareOptionsGranted" xlink:label="lbl25821"/>
    <link:presentationArc xlink:type="arc" xlink:arcrole="http://www.xbrl.org/2003/arcrole/parent-child" preferredLabel="http://www.xbrl.org/2003/role/terseLabel" order="760.0" xlink:to="lbl25821" xlink:from="lbl25813"/>
    <link:loc xlink:type="locator" xlink:href="http://xbrl.ifrs.org/taxonomy/2021-03-24/full_ifrs/full_ifrs-cor_2021-03-24.xsd#ifrs-full_DescriptionOfMethodUsedAndAssumptionsMadeToIncorporateEffectsOfExpectedEarlyExerciseShareOptionsGranted" xlink:label="lbl25822"/>
    <link:presentationArc xlink:type="arc" xlink:arcrole="http://www.xbrl.org/2003/arcrole/parent-child" preferredLabel="http://www.xbrl.org/2003/role/terseLabel" order="770.0" xlink:to="lbl25822" xlink:from="lbl25821"/>
    <link:loc xlink:type="locator" xlink:href="http://xbrl.ifrs.org/taxonomy/2021-03-24/full_ifrs/full_ifrs-cor_2021-03-24.xsd#ifrs-full_InformationAboutHowExpectedVolatilityWasDeterminedShareOptionsGranted" xlink:label="lbl25823"/>
    <link:presentationArc xlink:type="arc" xlink:arcrole="http://www.xbrl.org/2003/arcrole/parent-child" preferredLabel="http://www.xbrl.org/2003/role/terseLabel" order="780.0" xlink:to="lbl25823" xlink:from="lbl25811"/>
    <link:loc xlink:type="locator" xlink:href="http://xbrl.ifrs.org/taxonomy/2021-03-24/full_ifrs/full_ifrs-cor_2021-03-24.xsd#ifrs-full_InformationWhetherAndHowOtherFeaturesWereIncorporatedIntoMeasurementOfFairValueShareOptionsGranted" xlink:label="lbl25824"/>
    <link:presentationArc xlink:type="arc" xlink:arcrole="http://www.xbrl.org/2003/arcrole/parent-child" preferredLabel="http://www.xbrl.org/2003/role/terseLabel" order="790.0" xlink:to="lbl25824" xlink:from="lbl25811"/>
    <link:loc xlink:type="locator" xlink:href="http://xbrl.ifrs.org/taxonomy/2021-03-24/full_ifrs/full_ifrs-cor_2021-03-24.xsd#ifrs-full_DisclosureOfIndirectMeasurementOfFairValueOfGoodsOrServicesReceivedOtherEquityInstrumentsGrantedDuringPeriodExplanatory" xlink:label="lbl25825"/>
    <link:presentationArc xlink:type="arc" xlink:arcrole="http://www.xbrl.org/2003/arcrole/parent-child" order="800.0" xlink:to="lbl25825" xlink:from="lbl25747"/>
    <link:presentationArc xlink:type="arc" xlink:arcrole="http://www.xbrl.org/2003/arcrole/parent-child" order="810.0" xlink:from="lbl25825" xlink:to="lbl25795"/>
    <link:loc xlink:type="locator" xlink:href="http://xbrl.ifrs.org/taxonomy/2021-03-24/full_ifrs/full_ifrs-cor_2021-03-24.xsd#ifrs-full_WeightedAverageFairValueAtMeasurementDateOtherEquityInstrumentsGranted" xlink:label="lbl25826"/>
    <link:presentationArc xlink:type="arc" xlink:arcrole="http://www.xbrl.org/2003/arcrole/parent-child" preferredLabel="http://www.xbrl.org/2003/role/terseLabel" order="820.0" xlink:to="lbl25826" xlink:from="lbl25825"/>
    <link:loc xlink:type="locator" xlink:href="http://xbrl.ifrs.org/taxonomy/2021-03-24/full_ifrs/full_ifrs-cor_2021-03-24.xsd#ifrs-full_InformationHowFairValueWasMeasuredOtherEquityInstrumentsGranted" xlink:label="lbl25827"/>
    <link:presentationArc xlink:type="arc" xlink:arcrole="http://www.xbrl.org/2003/arcrole/parent-child" preferredLabel="http://www.xbrl.org/2003/role/terseLabel" order="830.0" xlink:to="lbl25827" xlink:from="lbl25825"/>
    <link:loc xlink:type="locator" xlink:href="http://xbrl.ifrs.org/taxonomy/2021-03-24/full_ifrs/full_ifrs-cor_2021-03-24.xsd#ifrs-full_InformationAboutHowFairWasDeterminedIfNotOnBasisOfObservableMarketOtherEquityInstrumentsGranted" xlink:label="lbl25828"/>
    <link:presentationArc xlink:type="arc" xlink:arcrole="http://www.xbrl.org/2003/arcrole/parent-child" preferredLabel="http://www.xbrl.org/2003/role/terseLabel" order="840.0" xlink:to="lbl25828" xlink:from="lbl25827"/>
    <link:loc xlink:type="locator" xlink:href="http://xbrl.ifrs.org/taxonomy/2021-03-24/full_ifrs/full_ifrs-cor_2021-03-24.xsd#ifrs-full_InformationWhetherAndHowExpectedDividendsWereIncorporatedIntoMeasurementOfFairValueOtherEquityInstrumentsGranted" xlink:label="lbl25829"/>
    <link:presentationArc xlink:type="arc" xlink:arcrole="http://www.xbrl.org/2003/arcrole/parent-child" preferredLabel="http://www.xbrl.org/2003/role/terseLabel" order="850.0" xlink:to="lbl25829" xlink:from="lbl25827"/>
    <link:loc xlink:type="locator" xlink:href="http://xbrl.ifrs.org/taxonomy/2021-03-24/full_ifrs/full_ifrs-cor_2021-03-24.xsd#ifrs-full_InformationWhetherAndHowOtherFeaturesWereIncorporatedIntoMeasurementOfFairValueOtherEquityInstrumentsGranted" xlink:label="lbl25830"/>
    <link:presentationArc xlink:type="arc" xlink:arcrole="http://www.xbrl.org/2003/arcrole/parent-child" preferredLabel="http://www.xbrl.org/2003/role/terseLabel" order="860.0" xlink:to="lbl25830" xlink:from="lbl25827"/>
    <link:loc xlink:type="locator" xlink:href="http://xbrl.ifrs.org/taxonomy/2021-03-24/full_ifrs/full_ifrs-cor_2021-03-24.xsd#ifrs-full_DisclosureOfIndirectMeasurementOfFairValueOfGoodsOrServicesReceivedSharebasedPaymentArrangementsModifiedDuringPeriodExplanatory" xlink:label="lbl25831"/>
    <link:presentationArc xlink:type="arc" xlink:arcrole="http://www.xbrl.org/2003/arcrole/parent-child" order="870.0" xlink:to="lbl25831" xlink:from="lbl25747"/>
    <link:loc xlink:type="locator" xlink:href="http://xbrl.ifrs.org/taxonomy/2021-03-24/full_ifrs/full_ifrs-cor_2021-03-24.xsd#ifrs-full_ExplanationOfModificationsModifiedSharebasedPaymentArrangements" xlink:label="lbl25832"/>
    <link:presentationArc xlink:type="arc" xlink:arcrole="http://www.xbrl.org/2003/arcrole/parent-child" preferredLabel="http://www.xbrl.org/2003/role/terseLabel" order="880.0" xlink:to="lbl25832" xlink:from="lbl25831"/>
    <link:loc xlink:type="locator" xlink:href="http://xbrl.ifrs.org/taxonomy/2021-03-24/full_ifrs/full_ifrs-cor_2021-03-24.xsd#ifrs-full_IncrementalFairValueGrantedModifiedSharebasedPaymentArrangements" xlink:label="lbl25833"/>
    <link:presentationArc xlink:type="arc" xlink:arcrole="http://www.xbrl.org/2003/arcrole/parent-child" preferredLabel="http://www.xbrl.org/2003/role/terseLabel" order="890.0" xlink:to="lbl25833" xlink:from="lbl25831"/>
    <link:loc xlink:type="locator" xlink:href="http://xbrl.ifrs.org/taxonomy/2021-03-24/full_ifrs/full_ifrs-cor_2021-03-24.xsd#ifrs-full_InformationOnHowIncrementalFairValueGrantedWasMeasuredModifiedSharebasedPaymentArrangements" xlink:label="lbl25834"/>
    <link:presentationArc xlink:type="arc" xlink:arcrole="http://www.xbrl.org/2003/arcrole/parent-child" preferredLabel="http://www.xbrl.org/2003/role/terseLabel" order="900.0" xlink:to="lbl25834" xlink:from="lbl25831"/>
    <link:loc xlink:type="locator" xlink:href="http://xbrl.ifrs.org/taxonomy/2021-03-24/full_ifrs/full_ifrs-cor_2021-03-24.xsd#ifrs-full_ExplanationOfDirectMeasurementOfFairValueOfGoodsOrServicesReceived" xlink:label="lbl25835"/>
    <link:presentationArc xlink:type="arc" xlink:arcrole="http://www.xbrl.org/2003/arcrole/parent-child" order="910.0" xlink:to="lbl25835" xlink:from="lbl25747"/>
    <link:loc xlink:type="locator" xlink:href="http://xbrl.ifrs.org/taxonomy/2021-03-24/full_ifrs/full_ifrs-cor_2021-03-24.xsd#ifrs-full_DescriptionOfReasonWhyFairValueOfGoodsOrServicesReceivedCannotEstimateReliable" xlink:label="lbl25836"/>
    <link:presentationArc xlink:type="arc" xlink:arcrole="http://www.xbrl.org/2003/arcrole/parent-child" order="920.0" xlink:to="lbl25836" xlink:from="lbl25747"/>
    <link:loc xlink:type="locator" xlink:href="http://xbrl.ifrs.org/taxonomy/2021-03-24/full_ifrs/full_ifrs-cor_2021-03-24.xsd#ifrs-full_ExplanationOfEffectOfSharebasedPaymentsOnProfitOrLoss" xlink:label="lbl25837"/>
    <link:presentationArc xlink:type="arc" xlink:arcrole="http://www.xbrl.org/2003/arcrole/parent-child" preferredLabel="http://www.xbrl.org/2003/role/terseLabel" order="930.0" xlink:to="lbl25837" xlink:from="lbl25747"/>
    <link:loc xlink:type="locator" xlink:href="http://xbrl.ifrs.org/taxonomy/2021-03-24/full_ifrs/full_ifrs-cor_2021-03-24.xsd#ifrs-full_ExpenseFromSharebasedPaymentTransactionsInWhichGoodsOrServicesReceivedDidNotQualifyForRecognitionAsAssetsAbstract" xlink:label="lbl25838"/>
    <link:presentationArc xlink:type="arc" xlink:arcrole="http://www.xbrl.org/2003/arcrole/parent-child" order="940.0" xlink:to="lbl25838" xlink:from="lbl25747"/>
    <link:loc xlink:type="locator" xlink:href="http://xbrl.ifrs.org/taxonomy/2021-03-24/full_ifrs/full_ifrs-cor_2021-03-24.xsd#ifrs-full_ExpenseFromEquitysettledSharebasedPaymentTransactionsInWhichGoodsOrServicesReceivedDidNotQualifyForRecognitionAsAssets" xlink:label="lbl25839"/>
    <link:presentationArc xlink:type="arc" xlink:arcrole="http://www.xbrl.org/2003/arcrole/parent-child" preferredLabel="http://www.xbrl.org/2003/role/terseLabel" order="950.0" xlink:to="lbl25839" xlink:from="lbl25838"/>
    <link:loc xlink:type="locator" xlink:href="http://xbrl.ifrs.org/taxonomy/2021-03-24/full_ifrs/full_ifrs-cor_2021-03-24.xsd#ifrs-full_ExpenseFromCashsettledSharebasedPaymentTransactionsInWhichGoodsOrServicesReceivedDidNotQualifyForRecognitionAsAssets" xlink:label="lbl25840"/>
    <link:presentationArc xlink:type="arc" xlink:arcrole="http://www.xbrl.org/2003/arcrole/parent-child" order="960.0" xlink:to="lbl25840" xlink:from="lbl25838"/>
    <link:loc xlink:type="locator" xlink:href="http://xbrl.ifrs.org/taxonomy/2021-03-24/full_ifrs/full_ifrs-cor_2021-03-24.xsd#ifrs-full_ExpenseFromSharebasedPaymentTransactionsInWhichGoodsOrServicesReceivedDidNotQualifyForRecognitionAsAssets" xlink:label="lbl25841"/>
    <link:presentationArc xlink:type="arc" xlink:arcrole="http://www.xbrl.org/2003/arcrole/parent-child" preferredLabel="http://www.xbrl.org/2003/role/totalLabel" order="970.0" xlink:to="lbl25841" xlink:from="lbl25838"/>
    <link:loc xlink:type="locator" xlink:href="http://xbrl.ifrs.org/taxonomy/2021-03-24/full_ifrs/full_ifrs-cor_2021-03-24.xsd#ifrs-full_ExpenseFromSharebasedPaymentTransactionsAlternativeAbstract" xlink:label="lbl25842"/>
    <link:presentationArc xlink:type="arc" xlink:arcrole="http://www.xbrl.org/2003/arcrole/parent-child" order="980.0" xlink:to="lbl25842" xlink:from="lbl25747"/>
    <link:loc xlink:type="locator" xlink:href="http://xbrl.ifrs.org/taxonomy/2021-03-24/full_ifrs/full_ifrs-cor_2021-03-24.xsd#ifrs-full_ExpenseFromSharebasedPaymentTransactionsWithEmployees" xlink:label="lbl25843"/>
    <link:presentationArc xlink:type="arc" xlink:arcrole="http://www.xbrl.org/2003/arcrole/parent-child" order="990.0" xlink:to="lbl25843" xlink:from="lbl25842"/>
    <link:loc xlink:type="locator" xlink:href="http://xbrl.ifrs.org/taxonomy/2021-03-24/full_ifrs/full_ifrs-cor_2021-03-24.xsd#ifrs-full_ExpenseFromSharebasedPaymentTransactionsWithPartiesOtherThanEmployees" xlink:label="lbl25844"/>
    <link:presentationArc xlink:type="arc" xlink:arcrole="http://www.xbrl.org/2003/arcrole/parent-child" order="1000.0" xlink:to="lbl25844" xlink:from="lbl25842"/>
    <link:presentationArc xlink:type="arc" xlink:arcrole="http://www.xbrl.org/2003/arcrole/parent-child" preferredLabel="http://www.xbrl.org/2003/role/totalLabel" order="1010.0" xlink:from="lbl25842" xlink:to="lbl25841"/>
    <link:loc xlink:type="locator" xlink:href="http://xbrl.ifrs.org/taxonomy/2021-03-24/full_ifrs/full_ifrs-cor_2021-03-24.xsd#ifrs-full_ExplanationOfEffectOfSharebasedPaymentsOnFinancialPositions" xlink:label="lbl25845"/>
    <link:presentationArc xlink:type="arc" xlink:arcrole="http://www.xbrl.org/2003/arcrole/parent-child" preferredLabel="http://www.xbrl.org/2003/role/terseLabel" order="1020.0" xlink:to="lbl25845" xlink:from="lbl25747"/>
    <link:loc xlink:type="locator" xlink:href="http://xbrl.ifrs.org/taxonomy/2021-03-24/full_ifrs/full_ifrs-cor_2021-03-24.xsd#ifrs-full_LiabilitiesFromSharebasedPaymentTransactions2011" xlink:label="lbl25846"/>
    <link:presentationArc xlink:type="arc" xlink:arcrole="http://www.xbrl.org/2003/arcrole/parent-child" preferredLabel="http://www.xbrl.org/2003/role/terseLabel" order="1030.0" xlink:to="lbl25846" xlink:from="lbl25747"/>
    <link:loc xlink:type="locator" xlink:href="http://xbrl.ifrs.org/taxonomy/2021-03-24/full_ifrs/full_ifrs-cor_2021-03-24.xsd#ifrs-full_IntrinsicValueOfLiabilitiesFromSharebasedPaymentTransactionsForWhichCounterpartysRightToCashOrOtherAssetsVested2011" xlink:label="lbl25847"/>
    <link:presentationArc xlink:type="arc" xlink:arcrole="http://www.xbrl.org/2003/arcrole/parent-child" preferredLabel="http://www.xbrl.org/2003/role/terseLabel" order="1040.0" xlink:to="lbl25847" xlink:from="lbl25747"/>
    <link:loc xlink:type="locator" xlink:href="http://xbrl.ifrs.org/taxonomy/2021-03-24/full_ifrs/full_ifrs-cor_2021-03-24.xsd#ifrs-full_AdditionalInformationAboutSharebasedPaymentArrangements" xlink:label="lbl25848"/>
    <link:presentationArc xlink:type="arc" xlink:arcrole="http://www.xbrl.org/2003/arcrole/parent-child" order="1050.0" xlink:to="lbl25848" xlink:from="lbl25747"/>
  </link:presentationLink>
</link:linkbase>