﻿<?xml version="1.0" encoding="utf-8"?>
<?taxonomy-version 1.0.0.0 ?>  <?taxonomy-set-overall-version 3.3.0.0 ?>
<!--(C) EBA-->
<link:linkbase xmlns:xsi="http://www.w3.org/2001/XMLSchema-instance" xmlns:xlink="http://www.w3.org/1999/xlink" xmlns:link="http://www.xbrl.org/2003/linkbase" xmlns:gen="http://xbrl.org/2008/generic" xmlns:label="http://xbrl.org/2008/label" xmlns:formula="http://xbrl.org/2008/formula" xmlns:df="http://xbrl.org/2008/filter/dimension" xmlns:table="http://xbrl.org/2014/table" xmlns:model="http://www.eurofiling.info/xbrl/ext/model" xmlns:eba_dim="http://www.eba.europa.eu/xbrl/crr/dict/dim" xmlns:eba_EA="http://www.eba.europa.eu/xbrl/crr/dict/dom/EA" xmlns:eba_EC="http://www.eba.europa.eu/xbrl/crr/dict/dom/EC" xmlns:eba_PU="http://www.eba.europa.eu/xbrl/crr/dict/dom/PU" xmlns:eba_BA="http://www.eba.europa.eu/xbrl/crr/dict/dom/BA" xmlns:eba_met="http://www.eba.europa.eu/xbrl/crr/dict/met" xmlns:eba_MC="http://www.eba.europa.eu/xbrl/crr/dict/dom/MC" xmlns:eba_PL="http://www.eba.europa.eu/xbrl/crr/dict/dom/PL" xmlns:eba_CT="http://www.eba.europa.eu/xbrl/crr/dict/dom/CT" xmlns:eba_AP="http://www.eba.europa.eu/xbrl/crr/dict/dom/AP" xmlns:eba_GA="http://www.eba.europa.eu/xbrl/crr/dict/dom/GA" xsi:schemaLocation="http://www.xbrl.org/2003/linkbase http://www.xbrl.org/2003/xbrl-linkbase-2003-12-31.xsd http://xbrl.org/2008/generic http://www.xbrl.org/2008/generic-link.xsd http://xbrl.org/2008/label http://www.xbrl.org/2008/generic-label.xsd http://xbrl.org/2008/formula http://www.xbrl.org/2008/formula.xsd http://xbrl.org/2008/filter/dimension http://www.xbrl.org/2008/dimension-filter.xsd http://xbrl.org/2014/table http://www.xbrl.org/2014/table.xsd http://www.eurofiling.info/xbrl/ext/model http://www.eurofiling.info/eu/fr/xbrl/ext/model.xsd">
  <link:arcroleRef arcroleURI="http://xbrl.org/arcrole/2014/breakdown-tree" xlink:type="simple" xlink:href="http://www.xbrl.org/2014/table.xsd#breakdown-tree" />
  <link:arcroleRef arcroleURI="http://xbrl.org/arcrole/2014/definition-node-subtree" xlink:type="simple" xlink:href="http://www.xbrl.org/2014/table.xsd#definition-node-subtree" />
  <link:arcroleRef arcroleURI="http://xbrl.org/arcrole/2014/table-breakdown" xlink:type="simple" xlink:href="http://www.xbrl.org/2014/table.xsd#table-breakdown" />
  <link:roleRef roleURI="http://www.eba.europa.eu/xbrl/crr/role/fws/ESG/its-2021-637/2023-05-30/tab/D_07.00.a" xlink:type="simple" xlink:href="d_07.00.a.xsd#role" />
  <gen:link xlink:type="extended" xlink:role="http://www.eba.europa.eu/xbrl/crr/role/fws/ESG/its-2021-637/2023-05-30/tab/D_07.00.a">
    <table:table xlink:type="resource" xlink:label="eba_tD_07.00.a" id="eba_tD_07.00.a" />
    <table:breakdown xlink:type="resource" xlink:label="eba_a1" parentChildOrder="parent-first" id="eba_a1" />
    <table:ruleNode xlink:type="resource" xlink:label="eba_a1.root" abstract="true" merge="true" id="eba_a1.root" />
    <table:breakdownTreeArc xlink:type="arc" xlink:arcrole="http://xbrl.org/arcrole/2014/breakdown-tree" xlink:from="eba_a1" xlink:to="eba_a1.root" order="0" />
    <table:ruleNode xlink:type="resource" xlink:label="eba_c86509" abstract="true" id="eba_c86509" />
    <table:ruleNode xlink:type="resource" xlink:label="eba_c86510" id="eba_c86510" />
    <table:definitionNodeSubtreeArc xlink:type="arc" xlink:arcrole="http://xbrl.org/arcrole/2014/definition-node-subtree" xlink:from="eba_c86509" xlink:to="eba_c86510" order="1" />
    <table:ruleNode xlink:type="resource" xlink:label="eba_c86511" abstract="true" id="eba_c86511">
      <formula:explicitDimension dimension="eba_dim:EPC">
        <formula:member>
          <formula:qname>eba_EA:x20</formula:qname>
        </formula:member>
      </formula:explicitDimension>
      <formula:explicitDimension dimension="eba_dim:EAQ">
        <formula:member>
          <formula:qname>eba_EA:x21</formula:qname>
        </formula:member>
      </formula:explicitDimension>
    </table:ruleNode>
    <table:ruleNode xlink:type="resource" xlink:label="eba_c86512" id="eba_c86512" />
    <table:ruleNode xlink:type="resource" xlink:label="eba_c86513" id="eba_c86513">
      <formula:explicitDimension dimension="eba_dim:EPC">
        <formula:member>
          <formula:qname>eba_EA:x19</formula:qname>
        </formula:member>
      </formula:explicitDimension>
    </table:ruleNode>
    <table:ruleNode xlink:type="resource" xlink:label="eba_c86514" id="eba_c86514">
      <formula:explicitDimension dimension="eba_dim:EXC">
        <formula:member>
          <formula:qname>eba_EC:x3</formula:qname>
        </formula:member>
      </formula:explicitDimension>
      <formula:explicitDimension dimension="eba_dim:KUP">
        <formula:member>
          <formula:qname>eba_PU:x45</formula:qname>
        </formula:member>
      </formula:explicitDimension>
    </table:ruleNode>
    <table:definitionNodeSubtreeArc xlink:type="arc" xlink:arcrole="http://xbrl.org/arcrole/2014/definition-node-subtree" xlink:from="eba_c86513" xlink:to="eba_c86514" order="1" />
    <table:ruleNode xlink:type="resource" xlink:label="eba_c86515" id="eba_c86515">
      <formula:explicitDimension dimension="eba_dim:EAW">
        <formula:member>
          <formula:qname>eba_EA:x25</formula:qname>
        </formula:member>
      </formula:explicitDimension>
    </table:ruleNode>
    <table:definitionNodeSubtreeArc xlink:type="arc" xlink:arcrole="http://xbrl.org/arcrole/2014/definition-node-subtree" xlink:from="eba_c86513" xlink:to="eba_c86515" order="2" />
    <table:ruleNode xlink:type="resource" xlink:label="eba_c86516" id="eba_c86516">
      <formula:explicitDimension dimension="eba_dim:EAW">
        <formula:member>
          <formula:qname>eba_EA:x24</formula:qname>
        </formula:member>
      </formula:explicitDimension>
    </table:ruleNode>
    <table:definitionNodeSubtreeArc xlink:type="arc" xlink:arcrole="http://xbrl.org/arcrole/2014/definition-node-subtree" xlink:from="eba_c86513" xlink:to="eba_c86516" order="3" />
    <table:definitionNodeSubtreeArc xlink:type="arc" xlink:arcrole="http://xbrl.org/arcrole/2014/definition-node-subtree" xlink:from="eba_c86512" xlink:to="eba_c86513" order="1" />
    <table:definitionNodeSubtreeArc xlink:type="arc" xlink:arcrole="http://xbrl.org/arcrole/2014/definition-node-subtree" xlink:from="eba_c86511" xlink:to="eba_c86512" order="1" />
    <table:definitionNodeSubtreeArc xlink:type="arc" xlink:arcrole="http://xbrl.org/arcrole/2014/definition-node-subtree" xlink:from="eba_c86509" xlink:to="eba_c86511" order="2" />
    <table:ruleNode xlink:type="resource" xlink:label="eba_c86517" abstract="true" id="eba_c86517">
      <formula:explicitDimension dimension="eba_dim:EPC">
        <formula:member>
          <formula:qname>eba_EA:x20</formula:qname>
        </formula:member>
      </formula:explicitDimension>
      <formula:explicitDimension dimension="eba_dim:EAQ">
        <formula:member>
          <formula:qname>eba_EA:x22</formula:qname>
        </formula:member>
      </formula:explicitDimension>
    </table:ruleNode>
    <table:ruleNode xlink:type="resource" xlink:label="eba_c86518" id="eba_c86518" />
    <table:ruleNode xlink:type="resource" xlink:label="eba_c86519" id="eba_c86519">
      <formula:explicitDimension dimension="eba_dim:EPC">
        <formula:member>
          <formula:qname>eba_EA:x19</formula:qname>
        </formula:member>
      </formula:explicitDimension>
    </table:ruleNode>
    <table:ruleNode xlink:type="resource" xlink:label="eba_c86520" id="eba_c86520">
      <formula:explicitDimension dimension="eba_dim:EXC">
        <formula:member>
          <formula:qname>eba_EC:x3</formula:qname>
        </formula:member>
      </formula:explicitDimension>
      <formula:explicitDimension dimension="eba_dim:KUP">
        <formula:member>
          <formula:qname>eba_PU:x45</formula:qname>
        </formula:member>
      </formula:explicitDimension>
    </table:ruleNode>
    <table:definitionNodeSubtreeArc xlink:type="arc" xlink:arcrole="http://xbrl.org/arcrole/2014/definition-node-subtree" xlink:from="eba_c86519" xlink:to="eba_c86520" order="1" />
    <table:ruleNode xlink:type="resource" xlink:label="eba_c86521" id="eba_c86521">
      <formula:explicitDimension dimension="eba_dim:EAW">
        <formula:member>
          <formula:qname>eba_EA:x26</formula:qname>
        </formula:member>
      </formula:explicitDimension>
    </table:ruleNode>
    <table:definitionNodeSubtreeArc xlink:type="arc" xlink:arcrole="http://xbrl.org/arcrole/2014/definition-node-subtree" xlink:from="eba_c86519" xlink:to="eba_c86521" order="2" />
    <table:ruleNode xlink:type="resource" xlink:label="eba_c86522" id="eba_c86522">
      <formula:explicitDimension dimension="eba_dim:EAW">
        <formula:member>
          <formula:qname>eba_EA:x24</formula:qname>
        </formula:member>
      </formula:explicitDimension>
    </table:ruleNode>
    <table:definitionNodeSubtreeArc xlink:type="arc" xlink:arcrole="http://xbrl.org/arcrole/2014/definition-node-subtree" xlink:from="eba_c86519" xlink:to="eba_c86522" order="3" />
    <table:definitionNodeSubtreeArc xlink:type="arc" xlink:arcrole="http://xbrl.org/arcrole/2014/definition-node-subtree" xlink:from="eba_c86518" xlink:to="eba_c86519" order="1" />
    <table:definitionNodeSubtreeArc xlink:type="arc" xlink:arcrole="http://xbrl.org/arcrole/2014/definition-node-subtree" xlink:from="eba_c86517" xlink:to="eba_c86518" order="1" />
    <table:definitionNodeSubtreeArc xlink:type="arc" xlink:arcrole="http://xbrl.org/arcrole/2014/definition-node-subtree" xlink:from="eba_c86509" xlink:to="eba_c86517" order="3" />
    <table:ruleNode xlink:type="resource" xlink:label="eba_c86523" abstract="true" id="eba_c86523">
      <formula:explicitDimension dimension="eba_dim:EPC">
        <formula:member>
          <formula:qname>eba_EA:x20</formula:qname>
        </formula:member>
      </formula:explicitDimension>
      <formula:explicitDimension dimension="eba_dim:EAQ">
        <formula:member>
          <formula:qname>eba_EA:x23</formula:qname>
        </formula:member>
      </formula:explicitDimension>
    </table:ruleNode>
    <table:ruleNode xlink:type="resource" xlink:label="eba_c86524" id="eba_c86524" />
    <table:ruleNode xlink:type="resource" xlink:label="eba_c86525" id="eba_c86525">
      <formula:explicitDimension dimension="eba_dim:EPC">
        <formula:member>
          <formula:qname>eba_EA:x19</formula:qname>
        </formula:member>
      </formula:explicitDimension>
    </table:ruleNode>
    <table:ruleNode xlink:type="resource" xlink:label="eba_c86526" id="eba_c86526">
      <formula:explicitDimension dimension="eba_dim:EXC">
        <formula:member>
          <formula:qname>eba_EC:x3</formula:qname>
        </formula:member>
      </formula:explicitDimension>
      <formula:explicitDimension dimension="eba_dim:KUP">
        <formula:member>
          <formula:qname>eba_PU:x45</formula:qname>
        </formula:member>
      </formula:explicitDimension>
    </table:ruleNode>
    <table:definitionNodeSubtreeArc xlink:type="arc" xlink:arcrole="http://xbrl.org/arcrole/2014/definition-node-subtree" xlink:from="eba_c86525" xlink:to="eba_c86526" order="1" />
    <table:ruleNode xlink:type="resource" xlink:label="eba_c86527" id="eba_c86527">
      <formula:explicitDimension dimension="eba_dim:EAW">
        <formula:member>
          <formula:qname>eba_EA:x32</formula:qname>
        </formula:member>
      </formula:explicitDimension>
    </table:ruleNode>
    <table:definitionNodeSubtreeArc xlink:type="arc" xlink:arcrole="http://xbrl.org/arcrole/2014/definition-node-subtree" xlink:from="eba_c86525" xlink:to="eba_c86527" order="2" />
    <table:ruleNode xlink:type="resource" xlink:label="eba_c86528" id="eba_c86528">
      <formula:explicitDimension dimension="eba_dim:EAW">
        <formula:member>
          <formula:qname>eba_EA:x24</formula:qname>
        </formula:member>
      </formula:explicitDimension>
    </table:ruleNode>
    <table:definitionNodeSubtreeArc xlink:type="arc" xlink:arcrole="http://xbrl.org/arcrole/2014/definition-node-subtree" xlink:from="eba_c86525" xlink:to="eba_c86528" order="3" />
    <table:definitionNodeSubtreeArc xlink:type="arc" xlink:arcrole="http://xbrl.org/arcrole/2014/definition-node-subtree" xlink:from="eba_c86524" xlink:to="eba_c86525" order="1" />
    <table:definitionNodeSubtreeArc xlink:type="arc" xlink:arcrole="http://xbrl.org/arcrole/2014/definition-node-subtree" xlink:from="eba_c86523" xlink:to="eba_c86524" order="1" />
    <table:definitionNodeSubtreeArc xlink:type="arc" xlink:arcrole="http://xbrl.org/arcrole/2014/definition-node-subtree" xlink:from="eba_c86509" xlink:to="eba_c86523" order="4" />
    <table:definitionNodeSubtreeArc xlink:type="arc" xlink:arcrole="http://xbrl.org/arcrole/2014/definition-node-subtree" xlink:from="eba_a1.root" xlink:to="eba_c86509" order="1" />
    <table:tableBreakdownArc xlink:type="arc" xlink:arcrole="http://xbrl.org/arcrole/2014/table-breakdown" xlink:from="eba_tD_07.00.a" xlink:to="eba_a1" axis="x" order="1" />
    <table:breakdown xlink:type="resource" xlink:label="eba_a2" parentChildOrder="parent-first" id="eba_a2" />
    <table:ruleNode xlink:type="resource" xlink:label="eba_a2.root" abstract="true" merge="true" id="eba_a2.root">
      <formula:explicitDimension dimension="eba_dim:BAS">
        <formula:member>
          <formula:qname>eba_BA:x6</formula:qname>
        </formula:member>
      </formula:explicitDimension>
    </table:ruleNode>
    <table:breakdownTreeArc xlink:type="arc" xlink:arcrole="http://xbrl.org/arcrole/2014/breakdown-tree" xlink:from="eba_a2" xlink:to="eba_a2.root" order="0" />
    <table:ruleNode xlink:type="resource" xlink:label="eba_c86549" abstract="true" id="eba_c86549" />
    <table:ruleNode xlink:type="resource" xlink:label="eba_c86550" id="eba_c86550">
      <formula:concept>
        <formula:qname>eba_met:mi136</formula:qname>
      </formula:concept>
      <formula:explicitDimension dimension="eba_dim:MCY">
        <formula:member>
          <formula:qname>eba_MC:x143</formula:qname>
        </formula:member>
      </formula:explicitDimension>
      <formula:explicitDimension dimension="eba_dim:APL">
        <formula:member>
          <formula:qname>eba_PL:x772</formula:qname>
        </formula:member>
      </formula:explicitDimension>
    </table:ruleNode>
    <table:ruleNode xlink:type="resource" xlink:label="eba_c86551" id="eba_c86551">
      <formula:concept>
        <formula:qname>eba_met:mi136</formula:qname>
      </formula:concept>
      <formula:explicitDimension dimension="eba_dim:MCY">
        <formula:member>
          <formula:qname>eba_MC:x143</formula:qname>
        </formula:member>
      </formula:explicitDimension>
      <formula:explicitDimension dimension="eba_dim:CPS">
        <formula:member>
          <formula:qname>eba_CT:x8</formula:qname>
        </formula:member>
      </formula:explicitDimension>
    </table:ruleNode>
    <table:ruleNode xlink:type="resource" xlink:label="eba_c86552" id="eba_c86552">
      <formula:concept>
        <formula:qname>eba_met:mi136</formula:qname>
      </formula:concept>
      <formula:explicitDimension dimension="eba_dim:CPS">
        <formula:member>
          <formula:qname>eba_CT:x12</formula:qname>
        </formula:member>
      </formula:explicitDimension>
    </table:ruleNode>
    <table:ruleNode xlink:type="resource" xlink:label="eba_c86553" id="eba_c86553">
      <formula:concept>
        <formula:qname>eba_met:mi136</formula:qname>
      </formula:concept>
      <formula:explicitDimension dimension="eba_dim:MCY">
        <formula:member>
          <formula:qname>eba_MC:x469</formula:qname>
        </formula:member>
      </formula:explicitDimension>
    </table:ruleNode>
    <table:definitionNodeSubtreeArc xlink:type="arc" xlink:arcrole="http://xbrl.org/arcrole/2014/definition-node-subtree" xlink:from="eba_c86552" xlink:to="eba_c86553" order="1" />
    <table:ruleNode xlink:type="resource" xlink:label="eba_c86554" id="eba_c86554">
      <formula:concept>
        <formula:qname>eba_met:mi136</formula:qname>
      </formula:concept>
      <formula:explicitDimension dimension="eba_dim:MCY">
        <formula:member>
          <formula:qname>eba_MC:x60</formula:qname>
        </formula:member>
      </formula:explicitDimension>
    </table:ruleNode>
    <table:definitionNodeSubtreeArc xlink:type="arc" xlink:arcrole="http://xbrl.org/arcrole/2014/definition-node-subtree" xlink:from="eba_c86552" xlink:to="eba_c86554" order="2" />
    <table:ruleNode xlink:type="resource" xlink:label="eba_c86555" id="eba_c86555">
      <formula:concept>
        <formula:qname>eba_met:mi136</formula:qname>
      </formula:concept>
      <formula:explicitDimension dimension="eba_dim:MCY">
        <formula:member>
          <formula:qname>eba_MC:x130</formula:qname>
        </formula:member>
      </formula:explicitDimension>
    </table:ruleNode>
    <table:definitionNodeSubtreeArc xlink:type="arc" xlink:arcrole="http://xbrl.org/arcrole/2014/definition-node-subtree" xlink:from="eba_c86552" xlink:to="eba_c86555" order="3" />
    <table:definitionNodeSubtreeArc xlink:type="arc" xlink:arcrole="http://xbrl.org/arcrole/2014/definition-node-subtree" xlink:from="eba_c86551" xlink:to="eba_c86552" order="1" />
    <table:ruleNode xlink:type="resource" xlink:label="eba_c86556" id="eba_c86556">
      <formula:concept>
        <formula:qname>eba_met:mi136</formula:qname>
      </formula:concept>
      <formula:explicitDimension dimension="eba_dim:CPS">
        <formula:member>
          <formula:qname>eba_CT:x18</formula:qname>
        </formula:member>
      </formula:explicitDimension>
    </table:ruleNode>
    <table:ruleNode xlink:type="resource" xlink:label="eba_c86557" id="eba_c86557">
      <formula:concept>
        <formula:qname>eba_met:mi136</formula:qname>
      </formula:concept>
      <formula:explicitDimension dimension="eba_dim:CPS">
        <formula:member>
          <formula:qname>eba_CT:x599</formula:qname>
        </formula:member>
      </formula:explicitDimension>
    </table:ruleNode>
    <table:ruleNode xlink:type="resource" xlink:label="eba_c86558" id="eba_c86558">
      <formula:concept>
        <formula:qname>eba_met:mi136</formula:qname>
      </formula:concept>
      <formula:explicitDimension dimension="eba_dim:MCY">
        <formula:member>
          <formula:qname>eba_MC:x469</formula:qname>
        </formula:member>
      </formula:explicitDimension>
    </table:ruleNode>
    <table:definitionNodeSubtreeArc xlink:type="arc" xlink:arcrole="http://xbrl.org/arcrole/2014/definition-node-subtree" xlink:from="eba_c86557" xlink:to="eba_c86558" order="1" />
    <table:ruleNode xlink:type="resource" xlink:label="eba_c86559" id="eba_c86559">
      <formula:concept>
        <formula:qname>eba_met:mi136</formula:qname>
      </formula:concept>
      <formula:explicitDimension dimension="eba_dim:MCY">
        <formula:member>
          <formula:qname>eba_MC:x60</formula:qname>
        </formula:member>
      </formula:explicitDimension>
    </table:ruleNode>
    <table:definitionNodeSubtreeArc xlink:type="arc" xlink:arcrole="http://xbrl.org/arcrole/2014/definition-node-subtree" xlink:from="eba_c86557" xlink:to="eba_c86559" order="2" />
    <table:ruleNode xlink:type="resource" xlink:label="eba_c86560" id="eba_c86560">
      <formula:concept>
        <formula:qname>eba_met:mi136</formula:qname>
      </formula:concept>
      <formula:explicitDimension dimension="eba_dim:MCY">
        <formula:member>
          <formula:qname>eba_MC:x130</formula:qname>
        </formula:member>
      </formula:explicitDimension>
    </table:ruleNode>
    <table:definitionNodeSubtreeArc xlink:type="arc" xlink:arcrole="http://xbrl.org/arcrole/2014/definition-node-subtree" xlink:from="eba_c86557" xlink:to="eba_c86560" order="3" />
    <table:definitionNodeSubtreeArc xlink:type="arc" xlink:arcrole="http://xbrl.org/arcrole/2014/definition-node-subtree" xlink:from="eba_c86556" xlink:to="eba_c86557" order="1" />
    <table:ruleNode xlink:type="resource" xlink:label="eba_c86561" id="eba_c86561">
      <formula:concept>
        <formula:qname>eba_met:mi136</formula:qname>
      </formula:concept>
      <formula:explicitDimension dimension="eba_dim:CPS">
        <formula:member>
          <formula:qname>eba_CT:x639</formula:qname>
        </formula:member>
      </formula:explicitDimension>
    </table:ruleNode>
    <table:ruleNode xlink:type="resource" xlink:label="eba_c86562" id="eba_c86562">
      <formula:concept>
        <formula:qname>eba_met:mi136</formula:qname>
      </formula:concept>
      <formula:explicitDimension dimension="eba_dim:MCY">
        <formula:member>
          <formula:qname>eba_MC:x469</formula:qname>
        </formula:member>
      </formula:explicitDimension>
    </table:ruleNode>
    <table:definitionNodeSubtreeArc xlink:type="arc" xlink:arcrole="http://xbrl.org/arcrole/2014/definition-node-subtree" xlink:from="eba_c86561" xlink:to="eba_c86562" order="1" />
    <table:ruleNode xlink:type="resource" xlink:label="eba_c86563" id="eba_c86563">
      <formula:concept>
        <formula:qname>eba_met:mi136</formula:qname>
      </formula:concept>
      <formula:explicitDimension dimension="eba_dim:MCY">
        <formula:member>
          <formula:qname>eba_MC:x60</formula:qname>
        </formula:member>
      </formula:explicitDimension>
    </table:ruleNode>
    <table:definitionNodeSubtreeArc xlink:type="arc" xlink:arcrole="http://xbrl.org/arcrole/2014/definition-node-subtree" xlink:from="eba_c86561" xlink:to="eba_c86563" order="2" />
    <table:ruleNode xlink:type="resource" xlink:label="eba_c86564" id="eba_c86564">
      <formula:concept>
        <formula:qname>eba_met:mi136</formula:qname>
      </formula:concept>
      <formula:explicitDimension dimension="eba_dim:MCY">
        <formula:member>
          <formula:qname>eba_MC:x130</formula:qname>
        </formula:member>
      </formula:explicitDimension>
    </table:ruleNode>
    <table:definitionNodeSubtreeArc xlink:type="arc" xlink:arcrole="http://xbrl.org/arcrole/2014/definition-node-subtree" xlink:from="eba_c86561" xlink:to="eba_c86564" order="3" />
    <table:definitionNodeSubtreeArc xlink:type="arc" xlink:arcrole="http://xbrl.org/arcrole/2014/definition-node-subtree" xlink:from="eba_c86556" xlink:to="eba_c86561" order="2" />
    <table:ruleNode xlink:type="resource" xlink:label="eba_c86565" id="eba_c86565">
      <formula:concept>
        <formula:qname>eba_met:mi136</formula:qname>
      </formula:concept>
      <formula:explicitDimension dimension="eba_dim:CPS">
        <formula:member>
          <formula:qname>eba_CT:x640</formula:qname>
        </formula:member>
      </formula:explicitDimension>
    </table:ruleNode>
    <table:ruleNode xlink:type="resource" xlink:label="eba_c86566" id="eba_c86566">
      <formula:concept>
        <formula:qname>eba_met:mi136</formula:qname>
      </formula:concept>
      <formula:explicitDimension dimension="eba_dim:MCY">
        <formula:member>
          <formula:qname>eba_MC:x469</formula:qname>
        </formula:member>
      </formula:explicitDimension>
    </table:ruleNode>
    <table:definitionNodeSubtreeArc xlink:type="arc" xlink:arcrole="http://xbrl.org/arcrole/2014/definition-node-subtree" xlink:from="eba_c86565" xlink:to="eba_c86566" order="1" />
    <table:ruleNode xlink:type="resource" xlink:label="eba_c86567" id="eba_c86567">
      <formula:concept>
        <formula:qname>eba_met:mi136</formula:qname>
      </formula:concept>
      <formula:explicitDimension dimension="eba_dim:MCY">
        <formula:member>
          <formula:qname>eba_MC:x60</formula:qname>
        </formula:member>
      </formula:explicitDimension>
    </table:ruleNode>
    <table:definitionNodeSubtreeArc xlink:type="arc" xlink:arcrole="http://xbrl.org/arcrole/2014/definition-node-subtree" xlink:from="eba_c86565" xlink:to="eba_c86567" order="2" />
    <table:ruleNode xlink:type="resource" xlink:label="eba_c86568" id="eba_c86568">
      <formula:concept>
        <formula:qname>eba_met:mi136</formula:qname>
      </formula:concept>
      <formula:explicitDimension dimension="eba_dim:MCY">
        <formula:member>
          <formula:qname>eba_MC:x130</formula:qname>
        </formula:member>
      </formula:explicitDimension>
    </table:ruleNode>
    <table:definitionNodeSubtreeArc xlink:type="arc" xlink:arcrole="http://xbrl.org/arcrole/2014/definition-node-subtree" xlink:from="eba_c86565" xlink:to="eba_c86568" order="3" />
    <table:definitionNodeSubtreeArc xlink:type="arc" xlink:arcrole="http://xbrl.org/arcrole/2014/definition-node-subtree" xlink:from="eba_c86556" xlink:to="eba_c86565" order="3" />
    <table:definitionNodeSubtreeArc xlink:type="arc" xlink:arcrole="http://xbrl.org/arcrole/2014/definition-node-subtree" xlink:from="eba_c86551" xlink:to="eba_c86556" order="2" />
    <table:definitionNodeSubtreeArc xlink:type="arc" xlink:arcrole="http://xbrl.org/arcrole/2014/definition-node-subtree" xlink:from="eba_c86550" xlink:to="eba_c86551" order="1" />
    <table:ruleNode xlink:type="resource" xlink:label="eba_c86569" id="eba_c86569">
      <formula:concept>
        <formula:qname>eba_met:mi136</formula:qname>
      </formula:concept>
      <formula:explicitDimension dimension="eba_dim:MCY">
        <formula:member>
          <formula:qname>eba_MC:x143</formula:qname>
        </formula:member>
      </formula:explicitDimension>
      <formula:explicitDimension dimension="eba_dim:CPS">
        <formula:member>
          <formula:qname>eba_CT:x20</formula:qname>
        </formula:member>
      </formula:explicitDimension>
      <formula:explicitDimension dimension="eba_dim:CPY">
        <formula:member>
          <formula:qname>eba_CT:x641</formula:qname>
        </formula:member>
      </formula:explicitDimension>
    </table:ruleNode>
    <table:ruleNode xlink:type="resource" xlink:label="eba_c86570" id="eba_c86570">
      <formula:concept>
        <formula:qname>eba_met:mi136</formula:qname>
      </formula:concept>
      <formula:explicitDimension dimension="eba_dim:MCY">
        <formula:member>
          <formula:qname>eba_MC:x469</formula:qname>
        </formula:member>
      </formula:explicitDimension>
    </table:ruleNode>
    <table:definitionNodeSubtreeArc xlink:type="arc" xlink:arcrole="http://xbrl.org/arcrole/2014/definition-node-subtree" xlink:from="eba_c86569" xlink:to="eba_c86570" order="1" />
    <table:ruleNode xlink:type="resource" xlink:label="eba_c86571" id="eba_c86571">
      <formula:concept>
        <formula:qname>eba_met:mi136</formula:qname>
      </formula:concept>
      <formula:explicitDimension dimension="eba_dim:MCY">
        <formula:member>
          <formula:qname>eba_MC:x60</formula:qname>
        </formula:member>
      </formula:explicitDimension>
    </table:ruleNode>
    <table:definitionNodeSubtreeArc xlink:type="arc" xlink:arcrole="http://xbrl.org/arcrole/2014/definition-node-subtree" xlink:from="eba_c86569" xlink:to="eba_c86571" order="2" />
    <table:ruleNode xlink:type="resource" xlink:label="eba_c86572" id="eba_c86572">
      <formula:concept>
        <formula:qname>eba_met:mi136</formula:qname>
      </formula:concept>
      <formula:explicitDimension dimension="eba_dim:MCY">
        <formula:member>
          <formula:qname>eba_MC:x130</formula:qname>
        </formula:member>
      </formula:explicitDimension>
    </table:ruleNode>
    <table:definitionNodeSubtreeArc xlink:type="arc" xlink:arcrole="http://xbrl.org/arcrole/2014/definition-node-subtree" xlink:from="eba_c86569" xlink:to="eba_c86572" order="3" />
    <table:definitionNodeSubtreeArc xlink:type="arc" xlink:arcrole="http://xbrl.org/arcrole/2014/definition-node-subtree" xlink:from="eba_c86550" xlink:to="eba_c86569" order="2" />
    <table:ruleNode xlink:type="resource" xlink:label="eba_c86573" id="eba_c86573">
      <formula:concept>
        <formula:qname>eba_met:mi136</formula:qname>
      </formula:concept>
      <formula:explicitDimension dimension="eba_dim:MCY">
        <formula:member>
          <formula:qname>eba_MC:x469</formula:qname>
        </formula:member>
      </formula:explicitDimension>
      <formula:explicitDimension dimension="eba_dim:CPS">
        <formula:member>
          <formula:qname>eba_CT:x5</formula:qname>
        </formula:member>
      </formula:explicitDimension>
    </table:ruleNode>
    <table:ruleNode xlink:type="resource" xlink:label="eba_c86574" id="eba_c86574">
      <formula:concept>
        <formula:qname>eba_met:mi136</formula:qname>
      </formula:concept>
      <formula:explicitDimension dimension="eba_dim:MCG">
        <formula:member>
          <formula:qname>eba_MC:x294</formula:qname>
        </formula:member>
      </formula:explicitDimension>
    </table:ruleNode>
    <table:definitionNodeSubtreeArc xlink:type="arc" xlink:arcrole="http://xbrl.org/arcrole/2014/definition-node-subtree" xlink:from="eba_c86573" xlink:to="eba_c86574" order="1" />
    <table:ruleNode xlink:type="resource" xlink:label="eba_c86575" id="eba_c86575">
      <formula:concept>
        <formula:qname>eba_met:mi136</formula:qname>
      </formula:concept>
      <formula:explicitDimension dimension="eba_dim:PUR">
        <formula:member>
          <formula:qname>eba_PU:x41</formula:qname>
        </formula:member>
      </formula:explicitDimension>
    </table:ruleNode>
    <table:definitionNodeSubtreeArc xlink:type="arc" xlink:arcrole="http://xbrl.org/arcrole/2014/definition-node-subtree" xlink:from="eba_c86573" xlink:to="eba_c86575" order="2" />
    <table:ruleNode xlink:type="resource" xlink:label="eba_c86576" id="eba_c86576">
      <formula:concept>
        <formula:qname>eba_met:mi136</formula:qname>
      </formula:concept>
      <formula:explicitDimension dimension="eba_dim:PUR">
        <formula:member>
          <formula:qname>eba_PU:x42</formula:qname>
        </formula:member>
      </formula:explicitDimension>
    </table:ruleNode>
    <table:definitionNodeSubtreeArc xlink:type="arc" xlink:arcrole="http://xbrl.org/arcrole/2014/definition-node-subtree" xlink:from="eba_c86573" xlink:to="eba_c86576" order="3" />
    <table:definitionNodeSubtreeArc xlink:type="arc" xlink:arcrole="http://xbrl.org/arcrole/2014/definition-node-subtree" xlink:from="eba_c86550" xlink:to="eba_c86573" order="3" />
    <table:ruleNode xlink:type="resource" xlink:label="eba_c86577" id="eba_c86577">
      <formula:concept>
        <formula:qname>eba_met:mi136</formula:qname>
      </formula:concept>
      <formula:explicitDimension dimension="eba_dim:MCY">
        <formula:member>
          <formula:qname>eba_MC:x469</formula:qname>
        </formula:member>
      </formula:explicitDimension>
      <formula:explicitDimension dimension="eba_dim:CPS">
        <formula:member>
          <formula:qname>eba_CT:x68</formula:qname>
        </formula:member>
      </formula:explicitDimension>
    </table:ruleNode>
    <table:ruleNode xlink:type="resource" xlink:label="eba_c86578" id="eba_c86578">
      <formula:concept>
        <formula:qname>eba_met:mi136</formula:qname>
      </formula:concept>
      <formula:explicitDimension dimension="eba_dim:PUR">
        <formula:member>
          <formula:qname>eba_PU:x43</formula:qname>
        </formula:member>
      </formula:explicitDimension>
    </table:ruleNode>
    <table:definitionNodeSubtreeArc xlink:type="arc" xlink:arcrole="http://xbrl.org/arcrole/2014/definition-node-subtree" xlink:from="eba_c86577" xlink:to="eba_c86578" order="1" />
    <table:definitionNodeSubtreeArc xlink:type="arc" xlink:arcrole="http://xbrl.org/arcrole/2014/definition-node-subtree" xlink:from="eba_c86550" xlink:to="eba_c86577" order="4" />
    <table:definitionNodeSubtreeArc xlink:type="arc" xlink:arcrole="http://xbrl.org/arcrole/2014/definition-node-subtree" xlink:from="eba_c86549" xlink:to="eba_c86550" order="1" />
    <table:ruleNode xlink:type="resource" xlink:label="eba_c88111" id="eba_c88111">
      <formula:concept>
        <formula:qname>eba_met:mi679</formula:qname>
      </formula:concept>
      <formula:explicitDimension dimension="eba_dim:MCY">
        <formula:member>
          <formula:qname>eba_MC:x329</formula:qname>
        </formula:member>
      </formula:explicitDimension>
      <formula:explicitDimension dimension="eba_dim:APL">
        <formula:member>
          <formula:qname>eba_PL:x491</formula:qname>
        </formula:member>
      </formula:explicitDimension>
      <formula:explicitDimension dimension="eba_dim:MCB">
        <formula:member>
          <formula:qname>eba_MC:x292</formula:qname>
        </formula:member>
      </formula:explicitDimension>
    </table:ruleNode>
    <table:definitionNodeSubtreeArc xlink:type="arc" xlink:arcrole="http://xbrl.org/arcrole/2014/definition-node-subtree" xlink:from="eba_c86549" xlink:to="eba_c88111" order="2" />
    <table:ruleNode xlink:type="resource" xlink:label="eba_c86581" id="eba_c86581">
      <formula:concept>
        <formula:qname>eba_met:mi949</formula:qname>
      </formula:concept>
      <formula:explicitDimension dimension="eba_dim:MCY">
        <formula:member>
          <formula:qname>eba_MC:x1263</formula:qname>
        </formula:member>
      </formula:explicitDimension>
      <formula:explicitDimension dimension="eba_dim:APL">
        <formula:member>
          <formula:qname>eba_PL:x774</formula:qname>
        </formula:member>
      </formula:explicitDimension>
      <formula:explicitDimension dimension="eba_dim:GBC">
        <formula:member>
          <formula:qname>eba_AP:x229</formula:qname>
        </formula:member>
      </formula:explicitDimension>
    </table:ruleNode>
    <table:definitionNodeSubtreeArc xlink:type="arc" xlink:arcrole="http://xbrl.org/arcrole/2014/definition-node-subtree" xlink:from="eba_c86549" xlink:to="eba_c86581" order="3" />
    <table:definitionNodeSubtreeArc xlink:type="arc" xlink:arcrole="http://xbrl.org/arcrole/2014/definition-node-subtree" xlink:from="eba_a2.root" xlink:to="eba_c86549" order="1" />
    <table:ruleNode xlink:type="resource" xlink:label="eba_c87254" abstract="true" id="eba_c87254" />
    <table:ruleNode xlink:type="resource" xlink:label="eba_c86582" id="eba_c86582">
      <formula:concept>
        <formula:qname>eba_met:mi136</formula:qname>
      </formula:concept>
      <formula:explicitDimension dimension="eba_dim:MCY">
        <formula:member>
          <formula:qname>eba_MC:x143</formula:qname>
        </formula:member>
      </formula:explicitDimension>
      <formula:explicitDimension dimension="eba_dim:CPS">
        <formula:member>
          <formula:qname>eba_CT:x20</formula:qname>
        </formula:member>
      </formula:explicitDimension>
      <formula:explicitDimension dimension="eba_dim:APL">
        <formula:member>
          <formula:qname>eba_PL:x772</formula:qname>
        </formula:member>
      </formula:explicitDimension>
      <formula:explicitDimension dimension="eba_dim:CPY">
        <formula:member>
          <formula:qname>eba_CT:x642</formula:qname>
        </formula:member>
      </formula:explicitDimension>
      <formula:explicitDimension dimension="eba_dim:RCP">
        <formula:member>
          <formula:qname>eba_GA:x33</formula:qname>
        </formula:member>
      </formula:explicitDimension>
    </table:ruleNode>
    <table:ruleNode xlink:type="resource" xlink:label="eba_c86583" id="eba_c86583">
      <formula:concept>
        <formula:qname>eba_met:mi136</formula:qname>
      </formula:concept>
      <formula:explicitDimension dimension="eba_dim:MCY">
        <formula:member>
          <formula:qname>eba_MC:x469</formula:qname>
        </formula:member>
      </formula:explicitDimension>
    </table:ruleNode>
    <table:definitionNodeSubtreeArc xlink:type="arc" xlink:arcrole="http://xbrl.org/arcrole/2014/definition-node-subtree" xlink:from="eba_c86582" xlink:to="eba_c86583" order="1" />
    <table:ruleNode xlink:type="resource" xlink:label="eba_c86584" id="eba_c86584">
      <formula:concept>
        <formula:qname>eba_met:mi136</formula:qname>
      </formula:concept>
      <formula:explicitDimension dimension="eba_dim:MCY">
        <formula:member>
          <formula:qname>eba_MC:x60</formula:qname>
        </formula:member>
      </formula:explicitDimension>
    </table:ruleNode>
    <table:definitionNodeSubtreeArc xlink:type="arc" xlink:arcrole="http://xbrl.org/arcrole/2014/definition-node-subtree" xlink:from="eba_c86582" xlink:to="eba_c86584" order="2" />
    <table:ruleNode xlink:type="resource" xlink:label="eba_c86585" id="eba_c86585">
      <formula:concept>
        <formula:qname>eba_met:mi136</formula:qname>
      </formula:concept>
      <formula:explicitDimension dimension="eba_dim:MCY">
        <formula:member>
          <formula:qname>eba_MC:x130</formula:qname>
        </formula:member>
      </formula:explicitDimension>
    </table:ruleNode>
    <table:definitionNodeSubtreeArc xlink:type="arc" xlink:arcrole="http://xbrl.org/arcrole/2014/definition-node-subtree" xlink:from="eba_c86582" xlink:to="eba_c86585" order="3" />
    <table:definitionNodeSubtreeArc xlink:type="arc" xlink:arcrole="http://xbrl.org/arcrole/2014/definition-node-subtree" xlink:from="eba_c87254" xlink:to="eba_c86582" order="1" />
    <table:ruleNode xlink:type="resource" xlink:label="eba_c86586" id="eba_c86586">
      <formula:concept>
        <formula:qname>eba_met:mi136</formula:qname>
      </formula:concept>
      <formula:explicitDimension dimension="eba_dim:MCY">
        <formula:member>
          <formula:qname>eba_MC:x143</formula:qname>
        </formula:member>
      </formula:explicitDimension>
      <formula:explicitDimension dimension="eba_dim:CPS">
        <formula:member>
          <formula:qname>eba_CT:x20</formula:qname>
        </formula:member>
      </formula:explicitDimension>
      <formula:explicitDimension dimension="eba_dim:APL">
        <formula:member>
          <formula:qname>eba_PL:x772</formula:qname>
        </formula:member>
      </formula:explicitDimension>
      <formula:explicitDimension dimension="eba_dim:CPY">
        <formula:member>
          <formula:qname>eba_CT:x642</formula:qname>
        </formula:member>
      </formula:explicitDimension>
      <formula:explicitDimension dimension="eba_dim:RCP">
        <formula:member>
          <formula:qname>eba_GA:x41</formula:qname>
        </formula:member>
      </formula:explicitDimension>
    </table:ruleNode>
    <table:ruleNode xlink:type="resource" xlink:label="eba_c86587" id="eba_c86587">
      <formula:concept>
        <formula:qname>eba_met:mi136</formula:qname>
      </formula:concept>
      <formula:explicitDimension dimension="eba_dim:MCY">
        <formula:member>
          <formula:qname>eba_MC:x469</formula:qname>
        </formula:member>
      </formula:explicitDimension>
    </table:ruleNode>
    <table:definitionNodeSubtreeArc xlink:type="arc" xlink:arcrole="http://xbrl.org/arcrole/2014/definition-node-subtree" xlink:from="eba_c86586" xlink:to="eba_c86587" order="1" />
    <table:ruleNode xlink:type="resource" xlink:label="eba_c86588" id="eba_c86588">
      <formula:concept>
        <formula:qname>eba_met:mi136</formula:qname>
      </formula:concept>
      <formula:explicitDimension dimension="eba_dim:MCY">
        <formula:member>
          <formula:qname>eba_MC:x60</formula:qname>
        </formula:member>
      </formula:explicitDimension>
    </table:ruleNode>
    <table:definitionNodeSubtreeArc xlink:type="arc" xlink:arcrole="http://xbrl.org/arcrole/2014/definition-node-subtree" xlink:from="eba_c86586" xlink:to="eba_c86588" order="2" />
    <table:ruleNode xlink:type="resource" xlink:label="eba_c86589" id="eba_c86589">
      <formula:concept>
        <formula:qname>eba_met:mi136</formula:qname>
      </formula:concept>
      <formula:explicitDimension dimension="eba_dim:MCY">
        <formula:member>
          <formula:qname>eba_MC:x130</formula:qname>
        </formula:member>
      </formula:explicitDimension>
    </table:ruleNode>
    <table:definitionNodeSubtreeArc xlink:type="arc" xlink:arcrole="http://xbrl.org/arcrole/2014/definition-node-subtree" xlink:from="eba_c86586" xlink:to="eba_c86589" order="3" />
    <table:definitionNodeSubtreeArc xlink:type="arc" xlink:arcrole="http://xbrl.org/arcrole/2014/definition-node-subtree" xlink:from="eba_c87254" xlink:to="eba_c86586" order="2" />
    <table:ruleNode xlink:type="resource" xlink:label="eba_c86590" id="eba_c86590">
      <formula:concept>
        <formula:qname>eba_met:mi136</formula:qname>
      </formula:concept>
      <formula:explicitDimension dimension="eba_dim:MCY">
        <formula:member>
          <formula:qname>eba_MC:x99</formula:qname>
        </formula:member>
      </formula:explicitDimension>
      <formula:explicitDimension dimension="eba_dim:APL">
        <formula:member>
          <formula:qname>eba_PL:x28</formula:qname>
        </formula:member>
      </formula:explicitDimension>
    </table:ruleNode>
    <table:definitionNodeSubtreeArc xlink:type="arc" xlink:arcrole="http://xbrl.org/arcrole/2014/definition-node-subtree" xlink:from="eba_c87254" xlink:to="eba_c86590" order="3" />
    <table:ruleNode xlink:type="resource" xlink:label="eba_c86591" id="eba_c86591">
      <formula:concept>
        <formula:qname>eba_met:mi136</formula:qname>
      </formula:concept>
      <formula:explicitDimension dimension="eba_dim:MCY">
        <formula:member>
          <formula:qname>eba_MC:x469</formula:qname>
        </formula:member>
      </formula:explicitDimension>
      <formula:explicitDimension dimension="eba_dim:CPS">
        <formula:member>
          <formula:qname>eba_CT:x12</formula:qname>
        </formula:member>
      </formula:explicitDimension>
      <formula:explicitDimension dimension="eba_dim:APL">
        <formula:member>
          <formula:qname>eba_PL:x12</formula:qname>
        </formula:member>
      </formula:explicitDimension>
      <formula:explicitDimension dimension="eba_dim:MCB">
        <formula:member>
          <formula:qname>eba_MC:x824</formula:qname>
        </formula:member>
      </formula:explicitDimension>
    </table:ruleNode>
    <table:definitionNodeSubtreeArc xlink:type="arc" xlink:arcrole="http://xbrl.org/arcrole/2014/definition-node-subtree" xlink:from="eba_c87254" xlink:to="eba_c86591" order="4" />
    <table:ruleNode xlink:type="resource" xlink:label="eba_c86592" id="eba_c86592">
      <formula:concept>
        <formula:qname>eba_met:mi136</formula:qname>
      </formula:concept>
      <formula:explicitDimension dimension="eba_dim:MCY">
        <formula:member>
          <formula:qname>eba_MC:x44</formula:qname>
        </formula:member>
      </formula:explicitDimension>
      <formula:explicitDimension dimension="eba_dim:APL">
        <formula:member>
          <formula:qname>eba_PL:x12</formula:qname>
        </formula:member>
      </formula:explicitDimension>
    </table:ruleNode>
    <table:definitionNodeSubtreeArc xlink:type="arc" xlink:arcrole="http://xbrl.org/arcrole/2014/definition-node-subtree" xlink:from="eba_c87254" xlink:to="eba_c86592" order="5" />
    <table:ruleNode xlink:type="resource" xlink:label="eba_c86593" id="eba_c86593">
      <formula:concept>
        <formula:qname>eba_met:mi136</formula:qname>
      </formula:concept>
      <formula:explicitDimension dimension="eba_dim:MCY">
        <formula:member>
          <formula:qname>eba_MC:x1262</formula:qname>
        </formula:member>
      </formula:explicitDimension>
      <formula:explicitDimension dimension="eba_dim:GBC">
        <formula:member>
          <formula:qname>eba_AP:x231</formula:qname>
        </formula:member>
      </formula:explicitDimension>
    </table:ruleNode>
    <table:definitionNodeSubtreeArc xlink:type="arc" xlink:arcrole="http://xbrl.org/arcrole/2014/definition-node-subtree" xlink:from="eba_c87254" xlink:to="eba_c86593" order="6" />
    <table:ruleNode xlink:type="resource" xlink:label="eba_c86594" id="eba_c86594">
      <formula:concept>
        <formula:qname>eba_met:mi949</formula:qname>
      </formula:concept>
      <formula:explicitDimension dimension="eba_dim:GBC">
        <formula:member>
          <formula:qname>eba_AP:x230</formula:qname>
        </formula:member>
      </formula:explicitDimension>
    </table:ruleNode>
    <table:definitionNodeSubtreeArc xlink:type="arc" xlink:arcrole="http://xbrl.org/arcrole/2014/definition-node-subtree" xlink:from="eba_c87254" xlink:to="eba_c86594" order="7" />
    <table:definitionNodeSubtreeArc xlink:type="arc" xlink:arcrole="http://xbrl.org/arcrole/2014/definition-node-subtree" xlink:from="eba_a2.root" xlink:to="eba_c87254" order="2" />
    <table:ruleNode xlink:type="resource" xlink:label="eba_c86595" abstract="true" id="eba_c86595">
      <formula:explicitDimension dimension="eba_dim:GBC">
        <formula:member>
          <formula:qname>eba_AP:x232</formula:qname>
        </formula:member>
      </formula:explicitDimension>
    </table:ruleNode>
    <table:ruleNode xlink:type="resource" xlink:label="eba_c86596" id="eba_c86596">
      <formula:concept>
        <formula:qname>eba_met:mi136</formula:qname>
      </formula:concept>
      <formula:explicitDimension dimension="eba_dim:MCY">
        <formula:member>
          <formula:qname>eba_MC:x1264</formula:qname>
        </formula:member>
      </formula:explicitDimension>
      <formula:explicitDimension dimension="eba_dim:CPS">
        <formula:member>
          <formula:qname>eba_CT:x1</formula:qname>
        </formula:member>
      </formula:explicitDimension>
    </table:ruleNode>
    <table:definitionNodeSubtreeArc xlink:type="arc" xlink:arcrole="http://xbrl.org/arcrole/2014/definition-node-subtree" xlink:from="eba_c86595" xlink:to="eba_c86596" order="1" />
    <table:ruleNode xlink:type="resource" xlink:label="eba_c86597" id="eba_c86597">
      <formula:concept>
        <formula:qname>eba_met:mi136</formula:qname>
      </formula:concept>
      <formula:explicitDimension dimension="eba_dim:CPS">
        <formula:member>
          <formula:qname>eba_CT:x10</formula:qname>
        </formula:member>
      </formula:explicitDimension>
    </table:ruleNode>
    <table:definitionNodeSubtreeArc xlink:type="arc" xlink:arcrole="http://xbrl.org/arcrole/2014/definition-node-subtree" xlink:from="eba_c86595" xlink:to="eba_c86597" order="2" />
    <table:ruleNode xlink:type="resource" xlink:label="eba_c86598" id="eba_c86598">
      <formula:concept>
        <formula:qname>eba_met:mi136</formula:qname>
      </formula:concept>
      <formula:explicitDimension dimension="eba_dim:APL">
        <formula:member>
          <formula:qname>eba_PL:x773</formula:qname>
        </formula:member>
      </formula:explicitDimension>
    </table:ruleNode>
    <table:definitionNodeSubtreeArc xlink:type="arc" xlink:arcrole="http://xbrl.org/arcrole/2014/definition-node-subtree" xlink:from="eba_c86595" xlink:to="eba_c86598" order="3" />
    <table:ruleNode xlink:type="resource" xlink:label="eba_c86599" id="eba_c86599">
      <formula:concept>
        <formula:qname>eba_met:mi949</formula:qname>
      </formula:concept>
    </table:ruleNode>
    <table:definitionNodeSubtreeArc xlink:type="arc" xlink:arcrole="http://xbrl.org/arcrole/2014/definition-node-subtree" xlink:from="eba_c86595" xlink:to="eba_c86599" order="4" />
    <table:definitionNodeSubtreeArc xlink:type="arc" xlink:arcrole="http://xbrl.org/arcrole/2014/definition-node-subtree" xlink:from="eba_a2.root" xlink:to="eba_c86595" order="3" />
    <table:ruleNode xlink:type="resource" xlink:label="eba_c86600" parentChildOrder="children-first" id="eba_c86600">
      <formula:concept>
        <formula:qname>eba_met:mi949</formula:qname>
      </formula:concept>
      <formula:explicitDimension dimension="eba_dim:MCY">
        <formula:member>
          <formula:qname>eba_MC:x25</formula:qname>
        </formula:member>
      </formula:explicitDimension>
    </table:ruleNode>
    <table:definitionNodeSubtreeArc xlink:type="arc" xlink:arcrole="http://xbrl.org/arcrole/2014/definition-node-subtree" xlink:from="eba_a2.root" xlink:to="eba_c86600" order="4" />
    <table:tableBreakdownArc xlink:type="arc" xlink:arcrole="http://xbrl.org/arcrole/2014/table-breakdown" xlink:from="eba_tD_07.00.a" xlink:to="eba_a2" axis="y" order="2" />
  </gen:link>
</link:linkbase>