﻿<?xml version="1.0" encoding="utf-8"?>
<?taxonomy-version 1.0.0.0 ?>  <?taxonomy-set-overall-version 3.3.0.0 ?>
<!--(C) EBA-->
<link:linkbase xmlns:xsi="http://www.w3.org/2001/XMLSchema-instance" xmlns:xlink="http://www.w3.org/1999/xlink" xmlns:link="http://www.xbrl.org/2003/linkbase" xmlns:gen="http://xbrl.org/2008/generic" xmlns:label="http://xbrl.org/2008/label" xsi:schemaLocation="http://www.xbrl.org/2003/linkbase http://www.xbrl.org/2003/xbrl-linkbase-2003-12-31.xsd http://xbrl.org/2008/generic http://www.xbrl.org/2008/generic-link.xsd http://xbrl.org/2008/label http://www.xbrl.org/2008/generic-label.xsd">
  <link:arcroleRef arcroleURI="http://xbrl.org/arcrole/2008/element-label" xlink:type="simple" xlink:href="http://www.xbrl.org/2008/generic-label.xsd#element-label" />
  <link:roleRef roleURI="http://www.eba.europa.eu/xbrl/role/dpm-db-id" xlink:type="simple" xlink:href="http://www.eba.europa.eu/eu/fr/xbrl/ext/model.xsd#dpm-db-id" />
  <link:roleRef roleURI="http://www.eurofiling.info/xbrl/role/filing-indicator-code" xlink:type="simple" xlink:href="http://www.eurofiling.info/eu/fr/xbrl/ext/model.xsd#filing-indicator-code" />
  <link:roleRef roleURI="http://www.eurofiling.info/xbrl/role/rc-code" xlink:type="simple" xlink:href="http://www.eurofiling.info/eu/fr/xbrl/ext/model.xsd#rc-code" />
  <gen:link xlink:type="extended" xlink:role="http://www.xbrl.org/2003/role/link">
    <link:loc xlink:type="locator" xlink:href="d_06.00.b-rend.xml#eba_tD_06.00.b" xlink:label="loc_eba_tD_06.00.b" />
    <label:label xlink:type="resource" xlink:label="label_eba_tD_06.00.b" xml:lang="en" xlink:role="http://www.eurofiling.info/xbrl/role/rc-code">D 06.00.b</label:label>
    <gen:arc xlink:type="arc" xlink:arcrole="http://xbrl.org/arcrole/2008/element-label" xlink:from="loc_eba_tD_06.00.b" xlink:to="label_eba_tD_06.00.b" />
    <link:loc xlink:type="locator" xlink:href="d_06.00.b-rend.xml#eba_c86507" xlink:label="loc_eba_c86507" />
    <label:label xlink:type="resource" xlink:label="label_eba_c86507" xml:lang="en" xlink:role="http://www.eurofiling.info/xbrl/role/rc-code">0040</label:label>
    <gen:arc xlink:type="arc" xlink:arcrole="http://xbrl.org/arcrole/2008/element-label" xlink:from="loc_eba_c86507" xlink:to="label_eba_c86507" />
    <link:loc xlink:type="locator" xlink:href="d_06.00.b-rend.xml#eba_c86505" xlink:label="loc_eba_c86505" />
    <label:label xlink:type="resource" xlink:label="label_eba_c86505" xml:lang="en" xlink:role="http://www.eurofiling.info/xbrl/role/rc-code">0010</label:label>
    <gen:arc xlink:type="arc" xlink:arcrole="http://xbrl.org/arcrole/2008/element-label" xlink:from="loc_eba_c86505" xlink:to="label_eba_c86505" />
    <link:loc xlink:type="locator" xlink:href="d_06.00.b-rend.xml#eba_c86506" xlink:label="loc_eba_c86506" />
    <label:label xlink:type="resource" xlink:label="label_eba_c86506" xml:lang="en" xlink:role="http://www.eurofiling.info/xbrl/role/rc-code">0020</label:label>
    <gen:arc xlink:type="arc" xlink:arcrole="http://xbrl.org/arcrole/2008/element-label" xlink:from="loc_eba_c86506" xlink:to="label_eba_c86506" />
    <label:label xlink:type="resource" xlink:label="label_eba_tD_06.00.b_1" xml:lang="en" xlink:role="http://www.eurofiling.info/xbrl/role/filing-indicator-code">D_06.00</label:label>
    <gen:arc xlink:type="arc" xlink:arcrole="http://xbrl.org/arcrole/2008/element-label" xlink:from="loc_eba_tD_06.00.b" xlink:to="label_eba_tD_06.00.b_1" />
    <label:label xlink:type="resource" xlink:label="label_eba_tD_06.00.b_2" xml:lang="en" xlink:role="http://www.eba.europa.eu/xbrl/role/dpm-db-id">807.2304</label:label>
    <gen:arc xlink:type="arc" xlink:arcrole="http://xbrl.org/arcrole/2008/element-label" xlink:from="loc_eba_tD_06.00.b" xlink:to="label_eba_tD_06.00.b_2" />
    <label:label xlink:type="resource" xlink:label="label_eba_c86507_1" xml:lang="en" xlink:role="http://www.eba.europa.eu/xbrl/role/dpm-db-id">86507</label:label>
    <gen:arc xlink:type="arc" xlink:arcrole="http://xbrl.org/arcrole/2008/element-label" xlink:from="loc_eba_c86507" xlink:to="label_eba_c86507_1" />
    <label:label xlink:type="resource" xlink:label="label_eba_c86505_1" xml:lang="en" xlink:role="http://www.eba.europa.eu/xbrl/role/dpm-db-id">86505</label:label>
    <gen:arc xlink:type="arc" xlink:arcrole="http://xbrl.org/arcrole/2008/element-label" xlink:from="loc_eba_c86505" xlink:to="label_eba_c86505_1" />
    <label:label xlink:type="resource" xlink:label="label_eba_c86506_1" xml:lang="en" xlink:role="http://www.eba.europa.eu/xbrl/role/dpm-db-id">86506</label:label>
    <gen:arc xlink:type="arc" xlink:arcrole="http://xbrl.org/arcrole/2008/element-label" xlink:from="loc_eba_c86506" xlink:to="label_eba_c86506_1" />
  </gen:link>
</link:linkbase>