﻿<?xml version="1.0" encoding="utf-8"?>
<?taxonomy-version 1.0.0.0 ?>  <?taxonomy-set-overall-version 3.3.0.0 ?>
<!--(C) EBA-->
<link:linkbase xmlns:xsi="http://www.w3.org/2001/XMLSchema-instance" xmlns:xlink="http://www.w3.org/1999/xlink" xmlns:link="http://www.xbrl.org/2003/linkbase" xmlns:gen="http://xbrl.org/2008/generic" xmlns:label="http://xbrl.org/2008/label" xsi:schemaLocation="http://www.xbrl.org/2003/linkbase http://www.xbrl.org/2003/xbrl-linkbase-2003-12-31.xsd http://xbrl.org/2008/generic http://www.xbrl.org/2008/generic-link.xsd http://xbrl.org/2008/label http://www.xbrl.org/2008/generic-label.xsd">
  <link:arcroleRef arcroleURI="http://xbrl.org/arcrole/2008/element-label" xlink:type="simple" xlink:href="http://www.xbrl.org/2008/generic-label.xsd#element-label" />
  <link:roleRef roleURI="http://www.eba.europa.eu/xbrl/role/dpm-db-id" xlink:type="simple" xlink:href="http://www.eba.europa.eu/eu/fr/xbrl/ext/model.xsd#dpm-db-id" />
  <link:roleRef roleURI="http://www.eurofiling.info/xbrl/role/filing-indicator-code" xlink:type="simple" xlink:href="http://www.eurofiling.info/eu/fr/xbrl/ext/model.xsd#filing-indicator-code" />
  <link:roleRef roleURI="http://www.eurofiling.info/xbrl/role/rc-code" xlink:type="simple" xlink:href="http://www.eurofiling.info/eu/fr/xbrl/ext/model.xsd#rc-code" />
  <gen:link xlink:type="extended" xlink:role="http://www.xbrl.org/2003/role/link">
    <link:loc xlink:type="locator" xlink:href="u_01.00-rend.xml#eba_tU_01.00" xlink:label="loc_eba_tU_01.00" />
    <label:label xlink:type="resource" xlink:label="label_eba_tU_01.00" xml:lang="en" xlink:role="http://www.eurofiling.info/xbrl/role/rc-code">U 01.00</label:label>
    <gen:arc xlink:type="arc" xlink:arcrole="http://xbrl.org/arcrole/2008/element-label" xlink:from="loc_eba_tU_01.00" xlink:to="label_eba_tU_01.00" />
    <link:loc xlink:type="locator" xlink:href="u_01.00-rend.xml#eba_c86786" xlink:label="loc_eba_c86786" />
    <label:label xlink:type="resource" xlink:label="label_eba_c86786" xml:lang="en" xlink:role="http://www.eurofiling.info/xbrl/role/rc-code">0005</label:label>
    <gen:arc xlink:type="arc" xlink:arcrole="http://xbrl.org/arcrole/2008/element-label" xlink:from="loc_eba_c86786" xlink:to="label_eba_c86786" />
    <link:loc xlink:type="locator" xlink:href="u_01.00-rend.xml#eba_c86787" xlink:label="loc_eba_c86787" />
    <label:label xlink:type="resource" xlink:label="label_eba_c86787" xml:lang="en" xlink:role="http://www.eurofiling.info/xbrl/role/rc-code">0010</label:label>
    <gen:arc xlink:type="arc" xlink:arcrole="http://xbrl.org/arcrole/2008/element-label" xlink:from="loc_eba_c86787" xlink:to="label_eba_c86787" />
    <link:loc xlink:type="locator" xlink:href="u_01.00-rend.xml#eba_c86788" xlink:label="loc_eba_c86788" />
    <label:label xlink:type="resource" xlink:label="label_eba_c86788" xml:lang="en" xlink:role="http://www.eurofiling.info/xbrl/role/rc-code">0020</label:label>
    <gen:arc xlink:type="arc" xlink:arcrole="http://xbrl.org/arcrole/2008/element-label" xlink:from="loc_eba_c86788" xlink:to="label_eba_c86788" />
    <link:loc xlink:type="locator" xlink:href="u_01.00-rend.xml#eba_c86789" xlink:label="loc_eba_c86789" />
    <label:label xlink:type="resource" xlink:label="label_eba_c86789" xml:lang="en" xlink:role="http://www.eurofiling.info/xbrl/role/rc-code">0030</label:label>
    <gen:arc xlink:type="arc" xlink:arcrole="http://xbrl.org/arcrole/2008/element-label" xlink:from="loc_eba_c86789" xlink:to="label_eba_c86789" />
    <link:loc xlink:type="locator" xlink:href="u_01.00-rend.xml#eba_c86790" xlink:label="loc_eba_c86790" />
    <label:label xlink:type="resource" xlink:label="label_eba_c86790" xml:lang="en" xlink:role="http://www.eurofiling.info/xbrl/role/rc-code">0040</label:label>
    <gen:arc xlink:type="arc" xlink:arcrole="http://xbrl.org/arcrole/2008/element-label" xlink:from="loc_eba_c86790" xlink:to="label_eba_c86790" />
    <link:loc xlink:type="locator" xlink:href="u_01.00-rend.xml#eba_c86791" xlink:label="loc_eba_c86791" />
    <label:label xlink:type="resource" xlink:label="label_eba_c86791" xml:lang="en" xlink:role="http://www.eurofiling.info/xbrl/role/rc-code">0050</label:label>
    <gen:arc xlink:type="arc" xlink:arcrole="http://xbrl.org/arcrole/2008/element-label" xlink:from="loc_eba_c86791" xlink:to="label_eba_c86791" />
    <link:loc xlink:type="locator" xlink:href="u_01.00-rend.xml#eba_c86792" xlink:label="loc_eba_c86792" />
    <label:label xlink:type="resource" xlink:label="label_eba_c86792" xml:lang="en" xlink:role="http://www.eurofiling.info/xbrl/role/rc-code">0055</label:label>
    <gen:arc xlink:type="arc" xlink:arcrole="http://xbrl.org/arcrole/2008/element-label" xlink:from="loc_eba_c86792" xlink:to="label_eba_c86792" />
    <link:loc xlink:type="locator" xlink:href="u_01.00-rend.xml#eba_c86793" xlink:label="loc_eba_c86793" />
    <label:label xlink:type="resource" xlink:label="label_eba_c86793" xml:lang="en" xlink:role="http://www.eurofiling.info/xbrl/role/rc-code">0090</label:label>
    <gen:arc xlink:type="arc" xlink:arcrole="http://xbrl.org/arcrole/2008/element-label" xlink:from="loc_eba_c86793" xlink:to="label_eba_c86793" />
    <link:loc xlink:type="locator" xlink:href="u_01.00-rend.xml#eba_c86796" xlink:label="loc_eba_c86796" />
    <label:label xlink:type="resource" xlink:label="label_eba_c86796" xml:lang="en" xlink:role="http://www.eurofiling.info/xbrl/role/rc-code">0107</label:label>
    <gen:arc xlink:type="arc" xlink:arcrole="http://xbrl.org/arcrole/2008/element-label" xlink:from="loc_eba_c86796" xlink:to="label_eba_c86796" />
    <link:loc xlink:type="locator" xlink:href="u_01.00-rend.xml#eba_c86797" xlink:label="loc_eba_c86797" />
    <label:label xlink:type="resource" xlink:label="label_eba_c86797" xml:lang="en" xlink:role="http://www.eurofiling.info/xbrl/role/rc-code">0110</label:label>
    <gen:arc xlink:type="arc" xlink:arcrole="http://xbrl.org/arcrole/2008/element-label" xlink:from="loc_eba_c86797" xlink:to="label_eba_c86797" />
    <link:loc xlink:type="locator" xlink:href="u_01.00-rend.xml#eba_c86798" xlink:label="loc_eba_c86798" />
    <label:label xlink:type="resource" xlink:label="label_eba_c86798" xml:lang="en" xlink:role="http://www.eurofiling.info/xbrl/role/rc-code">0120</label:label>
    <gen:arc xlink:type="arc" xlink:arcrole="http://xbrl.org/arcrole/2008/element-label" xlink:from="loc_eba_c86798" xlink:to="label_eba_c86798" />
    <link:loc xlink:type="locator" xlink:href="u_01.00-rend.xml#eba_c86799" xlink:label="loc_eba_c86799" />
    <label:label xlink:type="resource" xlink:label="label_eba_c86799" xml:lang="en" xlink:role="http://www.eurofiling.info/xbrl/role/rc-code">0130</label:label>
    <gen:arc xlink:type="arc" xlink:arcrole="http://xbrl.org/arcrole/2008/element-label" xlink:from="loc_eba_c86799" xlink:to="label_eba_c86799" />
    <link:loc xlink:type="locator" xlink:href="u_01.00-rend.xml#eba_c86800" xlink:label="loc_eba_c86800" />
    <label:label xlink:type="resource" xlink:label="label_eba_c86800" xml:lang="en" xlink:role="http://www.eurofiling.info/xbrl/role/rc-code">0140</label:label>
    <gen:arc xlink:type="arc" xlink:arcrole="http://xbrl.org/arcrole/2008/element-label" xlink:from="loc_eba_c86800" xlink:to="label_eba_c86800" />
    <link:loc xlink:type="locator" xlink:href="u_01.00-rend.xml#eba_c86801" xlink:label="loc_eba_c86801" />
    <label:label xlink:type="resource" xlink:label="label_eba_c86801" xml:lang="en" xlink:role="http://www.eurofiling.info/xbrl/role/rc-code">0150</label:label>
    <gen:arc xlink:type="arc" xlink:arcrole="http://xbrl.org/arcrole/2008/element-label" xlink:from="loc_eba_c86801" xlink:to="label_eba_c86801" />
    <link:loc xlink:type="locator" xlink:href="u_01.00-rend.xml#eba_c86802" xlink:label="loc_eba_c86802" />
    <label:label xlink:type="resource" xlink:label="label_eba_c86802" xml:lang="en" xlink:role="http://www.eurofiling.info/xbrl/role/rc-code">0160</label:label>
    <gen:arc xlink:type="arc" xlink:arcrole="http://xbrl.org/arcrole/2008/element-label" xlink:from="loc_eba_c86802" xlink:to="label_eba_c86802" />
    <link:loc xlink:type="locator" xlink:href="u_01.00-rend.xml#eba_c86803" xlink:label="loc_eba_c86803" />
    <label:label xlink:type="resource" xlink:label="label_eba_c86803" xml:lang="en" xlink:role="http://www.eurofiling.info/xbrl/role/rc-code">0170</label:label>
    <gen:arc xlink:type="arc" xlink:arcrole="http://xbrl.org/arcrole/2008/element-label" xlink:from="loc_eba_c86803" xlink:to="label_eba_c86803" />
    <link:loc xlink:type="locator" xlink:href="u_01.00-rend.xml#eba_c86804" xlink:label="loc_eba_c86804" />
    <label:label xlink:type="resource" xlink:label="label_eba_c86804" xml:lang="en" xlink:role="http://www.eurofiling.info/xbrl/role/rc-code">0180</label:label>
    <gen:arc xlink:type="arc" xlink:arcrole="http://xbrl.org/arcrole/2008/element-label" xlink:from="loc_eba_c86804" xlink:to="label_eba_c86804" />
    <link:loc xlink:type="locator" xlink:href="u_01.00-rend.xml#eba_c86805" xlink:label="loc_eba_c86805" />
    <label:label xlink:type="resource" xlink:label="label_eba_c86805" xml:lang="en" xlink:role="http://www.eurofiling.info/xbrl/role/rc-code">0190</label:label>
    <gen:arc xlink:type="arc" xlink:arcrole="http://xbrl.org/arcrole/2008/element-label" xlink:from="loc_eba_c86805" xlink:to="label_eba_c86805" />
    <link:loc xlink:type="locator" xlink:href="u_01.00-rend.xml#eba_a2" xlink:label="loc_eba_a2" />
    <label:label xlink:type="resource" xlink:label="label_eba_a2" xml:lang="en" xlink:role="http://www.eurofiling.info/xbrl/role/rc-code">0105</label:label>
    <gen:arc xlink:type="arc" xlink:arcrole="http://xbrl.org/arcrole/2008/element-label" xlink:from="loc_eba_a2" xlink:to="label_eba_a2" />
    <link:loc xlink:type="locator" xlink:href="u_01.00-rend.xml#eba_a3" xlink:label="loc_eba_a3" />
    <label:label xlink:type="resource" xlink:label="label_eba_a3" xml:lang="en" xlink:role="http://www.eurofiling.info/xbrl/role/rc-code">0100</label:label>
    <gen:arc xlink:type="arc" xlink:arcrole="http://xbrl.org/arcrole/2008/element-label" xlink:from="loc_eba_a3" xlink:to="label_eba_a3" />
    <label:label xlink:type="resource" xlink:label="label_eba_tU_01.00_1" xml:lang="en" xlink:role="http://www.eurofiling.info/xbrl/role/filing-indicator-code">U_01.00</label:label>
    <gen:arc xlink:type="arc" xlink:arcrole="http://xbrl.org/arcrole/2008/element-label" xlink:from="loc_eba_tU_01.00" xlink:to="label_eba_tU_01.00_1" />
    <label:label xlink:type="resource" xlink:label="label_eba_tU_01.00_2" xml:lang="en" xlink:role="http://www.eba.europa.eu/xbrl/role/dpm-db-id">823.2320</label:label>
    <gen:arc xlink:type="arc" xlink:arcrole="http://xbrl.org/arcrole/2008/element-label" xlink:from="loc_eba_tU_01.00" xlink:to="label_eba_tU_01.00_2" />
    <label:label xlink:type="resource" xlink:label="label_eba_c86786_1" xml:lang="en" xlink:role="http://www.eba.europa.eu/xbrl/role/dpm-db-id">86786</label:label>
    <gen:arc xlink:type="arc" xlink:arcrole="http://xbrl.org/arcrole/2008/element-label" xlink:from="loc_eba_c86786" xlink:to="label_eba_c86786_1" />
    <label:label xlink:type="resource" xlink:label="label_eba_c86787_1" xml:lang="en" xlink:role="http://www.eba.europa.eu/xbrl/role/dpm-db-id">86787</label:label>
    <gen:arc xlink:type="arc" xlink:arcrole="http://xbrl.org/arcrole/2008/element-label" xlink:from="loc_eba_c86787" xlink:to="label_eba_c86787_1" />
    <label:label xlink:type="resource" xlink:label="label_eba_c86788_1" xml:lang="en" xlink:role="http://www.eba.europa.eu/xbrl/role/dpm-db-id">86788</label:label>
    <gen:arc xlink:type="arc" xlink:arcrole="http://xbrl.org/arcrole/2008/element-label" xlink:from="loc_eba_c86788" xlink:to="label_eba_c86788_1" />
    <label:label xlink:type="resource" xlink:label="label_eba_c86789_1" xml:lang="en" xlink:role="http://www.eba.europa.eu/xbrl/role/dpm-db-id">86789</label:label>
    <gen:arc xlink:type="arc" xlink:arcrole="http://xbrl.org/arcrole/2008/element-label" xlink:from="loc_eba_c86789" xlink:to="label_eba_c86789_1" />
    <label:label xlink:type="resource" xlink:label="label_eba_c86790_1" xml:lang="en" xlink:role="http://www.eba.europa.eu/xbrl/role/dpm-db-id">86790</label:label>
    <gen:arc xlink:type="arc" xlink:arcrole="http://xbrl.org/arcrole/2008/element-label" xlink:from="loc_eba_c86790" xlink:to="label_eba_c86790_1" />
    <label:label xlink:type="resource" xlink:label="label_eba_c86791_1" xml:lang="en" xlink:role="http://www.eba.europa.eu/xbrl/role/dpm-db-id">86791</label:label>
    <gen:arc xlink:type="arc" xlink:arcrole="http://xbrl.org/arcrole/2008/element-label" xlink:from="loc_eba_c86791" xlink:to="label_eba_c86791_1" />
    <label:label xlink:type="resource" xlink:label="label_eba_c86792_1" xml:lang="en" xlink:role="http://www.eba.europa.eu/xbrl/role/dpm-db-id">86792</label:label>
    <gen:arc xlink:type="arc" xlink:arcrole="http://xbrl.org/arcrole/2008/element-label" xlink:from="loc_eba_c86792" xlink:to="label_eba_c86792_1" />
    <label:label xlink:type="resource" xlink:label="label_eba_c86793_1" xml:lang="en" xlink:role="http://www.eba.europa.eu/xbrl/role/dpm-db-id">86793</label:label>
    <gen:arc xlink:type="arc" xlink:arcrole="http://xbrl.org/arcrole/2008/element-label" xlink:from="loc_eba_c86793" xlink:to="label_eba_c86793_1" />
    <label:label xlink:type="resource" xlink:label="label_eba_c86796_1" xml:lang="en" xlink:role="http://www.eba.europa.eu/xbrl/role/dpm-db-id">86796</label:label>
    <gen:arc xlink:type="arc" xlink:arcrole="http://xbrl.org/arcrole/2008/element-label" xlink:from="loc_eba_c86796" xlink:to="label_eba_c86796_1" />
    <label:label xlink:type="resource" xlink:label="label_eba_c86797_1" xml:lang="en" xlink:role="http://www.eba.europa.eu/xbrl/role/dpm-db-id">86797</label:label>
    <gen:arc xlink:type="arc" xlink:arcrole="http://xbrl.org/arcrole/2008/element-label" xlink:from="loc_eba_c86797" xlink:to="label_eba_c86797_1" />
    <label:label xlink:type="resource" xlink:label="label_eba_c86798_1" xml:lang="en" xlink:role="http://www.eba.europa.eu/xbrl/role/dpm-db-id">86798</label:label>
    <gen:arc xlink:type="arc" xlink:arcrole="http://xbrl.org/arcrole/2008/element-label" xlink:from="loc_eba_c86798" xlink:to="label_eba_c86798_1" />
    <label:label xlink:type="resource" xlink:label="label_eba_c86799_1" xml:lang="en" xlink:role="http://www.eba.europa.eu/xbrl/role/dpm-db-id">86799</label:label>
    <gen:arc xlink:type="arc" xlink:arcrole="http://xbrl.org/arcrole/2008/element-label" xlink:from="loc_eba_c86799" xlink:to="label_eba_c86799_1" />
    <label:label xlink:type="resource" xlink:label="label_eba_c86800_1" xml:lang="en" xlink:role="http://www.eba.europa.eu/xbrl/role/dpm-db-id">86800</label:label>
    <gen:arc xlink:type="arc" xlink:arcrole="http://xbrl.org/arcrole/2008/element-label" xlink:from="loc_eba_c86800" xlink:to="label_eba_c86800_1" />
    <label:label xlink:type="resource" xlink:label="label_eba_c86801_1" xml:lang="en" xlink:role="http://www.eba.europa.eu/xbrl/role/dpm-db-id">86801</label:label>
    <gen:arc xlink:type="arc" xlink:arcrole="http://xbrl.org/arcrole/2008/element-label" xlink:from="loc_eba_c86801" xlink:to="label_eba_c86801_1" />
    <label:label xlink:type="resource" xlink:label="label_eba_c86802_1" xml:lang="en" xlink:role="http://www.eba.europa.eu/xbrl/role/dpm-db-id">86802</label:label>
    <gen:arc xlink:type="arc" xlink:arcrole="http://xbrl.org/arcrole/2008/element-label" xlink:from="loc_eba_c86802" xlink:to="label_eba_c86802_1" />
    <label:label xlink:type="resource" xlink:label="label_eba_c86803_1" xml:lang="en" xlink:role="http://www.eba.europa.eu/xbrl/role/dpm-db-id">86803</label:label>
    <gen:arc xlink:type="arc" xlink:arcrole="http://xbrl.org/arcrole/2008/element-label" xlink:from="loc_eba_c86803" xlink:to="label_eba_c86803_1" />
    <label:label xlink:type="resource" xlink:label="label_eba_c86804_1" xml:lang="en" xlink:role="http://www.eba.europa.eu/xbrl/role/dpm-db-id">86804</label:label>
    <gen:arc xlink:type="arc" xlink:arcrole="http://xbrl.org/arcrole/2008/element-label" xlink:from="loc_eba_c86804" xlink:to="label_eba_c86804_1" />
    <label:label xlink:type="resource" xlink:label="label_eba_c86805_1" xml:lang="en" xlink:role="http://www.eba.europa.eu/xbrl/role/dpm-db-id">86805</label:label>
    <gen:arc xlink:type="arc" xlink:arcrole="http://xbrl.org/arcrole/2008/element-label" xlink:from="loc_eba_c86805" xlink:to="label_eba_c86805_1" />
    <label:label xlink:type="resource" xlink:label="label_eba_a2_1" xml:lang="en" xlink:role="http://www.eba.europa.eu/xbrl/role/dpm-db-id">86795</label:label>
    <gen:arc xlink:type="arc" xlink:arcrole="http://xbrl.org/arcrole/2008/element-label" xlink:from="loc_eba_a2" xlink:to="label_eba_a2_1" />
    <label:label xlink:type="resource" xlink:label="label_eba_a3_1" xml:lang="en" xlink:role="http://www.eba.europa.eu/xbrl/role/dpm-db-id">86794</label:label>
    <gen:arc xlink:type="arc" xlink:arcrole="http://xbrl.org/arcrole/2008/element-label" xlink:from="loc_eba_a3" xlink:to="label_eba_a3_1" />
  </gen:link>
</link:linkbase>