{
    "documentInfo": {
        "documentType": "https://xbrl.org/CR/2021-02-03/xbrl-csv",
        "namespaces": {
            "eba": "http://www.eba.europa.eu",
            "eba_AP": "http://www.eba.europa.eu/xbrl/crr/dict/dom/AP",
            "eba_BA": "http://www.eba.europa.eu/xbrl/crr/dict/dom/BA",
            "eba_CT": "http://www.eba.europa.eu/xbrl/crr/dict/dom/CT",
            "eba_EA": "http://www.eba.europa.eu/xbrl/crr/dict/dom/EA",
            "eba_EC": "http://www.eba.europa.eu/xbrl/crr/dict/dom/EC",
            "eba_GA": "http://www.eba.europa.eu/xbrl/crr/dict/dom/GA",
            "eba_MC": "http://www.eba.europa.eu/xbrl/crr/dict/dom/MC",
            "eba_PL": "http://www.eba.europa.eu/xbrl/crr/dict/dom/PL",
            "eba_PU": "http://www.eba.europa.eu/xbrl/crr/dict/dom/PU",
            "eba_dim": "http://www.eba.europa.eu/xbrl/crr/dict/dim",
            "eba_met": "http://www.eba.europa.eu/xbrl/crr/dict/met"
        }
    },
    "tableTemplates": {
        "D_09-02-a": {
            "columns": {
                "datapoint": {
                    "propertyGroups": {
                        "dp472496": {
                            "decimals": "$decimalsPercentage",
                            "dimensions": {
                                "concept": "eba_met:pi950",
                                "eba_dim:APL": "eba_PL:x772",
                                "eba_dim:BAS": "eba_BA:x17",
                                "eba_dim:CPS": "eba_CT:x20",
                                "eba_dim:CPY": "eba_CT:x642",
                                "eba_dim:EAQ": "eba_EA:x21",
                                "eba_dim:EAW": "eba_EA:x24",
                                "eba_dim:EPC": "eba_EA:x19",
                                "eba_dim:GBC": "eba_AP:x237",
                                "eba_dim:MCG": "eba_MC:x293",
                                "eba_dim:MCY": "eba_MC:x469",
                                "eba_dim:RCP": "eba_GA:x33"
                            },
                            "eba:documentation": {
                                "CellCode": "{D 09.02.a, r0040, c0050}",
                                "DataPointVersionId": "472496"
                            }
                        },
                        "dp472497": {
                            "decimals": "$decimalsPercentage",
                            "dimensions": {
                                "concept": "eba_met:pi950",
                                "eba_dim:APL": "eba_PL:x772",
                                "eba_dim:BAS": "eba_BA:x17",
                                "eba_dim:CPS": "eba_CT:x20",
                                "eba_dim:CPY": "eba_CT:x642",
                                "eba_dim:EAQ": "eba_EA:x21",
                                "eba_dim:EAW": "eba_EA:x24",
                                "eba_dim:EPC": "eba_EA:x19",
                                "eba_dim:GBC": "eba_AP:x237",
                                "eba_dim:MCY": "eba_MC:x143",
                                "eba_dim:RCP": "eba_GA:x33"
                            },
                            "eba:documentation": {
                                "CellCode": "{D 09.02.a, r0030, c0050}",
                                "DataPointVersionId": "472497"
                            }
                        },
                        "dp472498": {
                            "decimals": "$decimalsPercentage",
                            "dimensions": {
                                "concept": "eba_met:pi950",
                                "eba_dim:APL": "eba_PL:x772",
                                "eba_dim:BAS": "eba_BA:x17",
                                "eba_dim:CPS": "eba_CT:x20",
                                "eba_dim:CPY": "eba_CT:x642",
                                "eba_dim:EAQ": "eba_EA:x21",
                                "eba_dim:EAW": "eba_EA:x24",
                                "eba_dim:EPC": "eba_EA:x19",
                                "eba_dim:GBC": "eba_AP:x237",
                                "eba_dim:MCY": "eba_MC:x143",
                                "eba_dim:RCP": "eba_GA:x41"
                            },
                            "eba:documentation": {
                                "CellCode": "{D 09.02.a, r0060, c0050}",
                                "DataPointVersionId": "472498"
                            }
                        },
                        "dp472499": {
                            "decimals": "$decimalsPercentage",
                            "dimensions": {
                                "concept": "eba_met:pi950",
                                "eba_dim:APL": "eba_PL:x772",
                                "eba_dim:BAS": "eba_BA:x17",
                                "eba_dim:CPS": "eba_CT:x20",
                                "eba_dim:CPY": "eba_CT:x642",
                                "eba_dim:EAQ": "eba_EA:x21",
                                "eba_dim:EAW": "eba_EA:x24",
                                "eba_dim:EPC": "eba_EA:x19",
                                "eba_dim:GBC": "eba_AP:x237",
                                "eba_dim:MCY": "eba_MC:x469",
                                "eba_dim:PUR": "eba_PU:x41",
                                "eba_dim:RCP": "eba_GA:x33"
                            },
                            "eba:documentation": {
                                "CellCode": "{D 09.02.a, r0050, c0050}",
                                "DataPointVersionId": "472499"
                            }
                        },
                        "dp472504": {
                            "decimals": "$decimalsPercentage",
                            "dimensions": {
                                "concept": "eba_met:pi950",
                                "eba_dim:APL": "eba_PL:x772",
                                "eba_dim:BAS": "eba_BA:x17",
                                "eba_dim:CPS": "eba_CT:x20",
                                "eba_dim:CPY": "eba_CT:x642",
                                "eba_dim:EAQ": "eba_EA:x21",
                                "eba_dim:EAW": "eba_EA:x25",
                                "eba_dim:EPC": "eba_EA:x19",
                                "eba_dim:GBC": "eba_AP:x237",
                                "eba_dim:MCG": "eba_MC:x293",
                                "eba_dim:MCY": "eba_MC:x469",
                                "eba_dim:RCP": "eba_GA:x33"
                            },
                            "eba:documentation": {
                                "CellCode": "{D 09.02.a, r0040, c0040}",
                                "DataPointVersionId": "472504"
                            }
                        },
                        "dp472505": {
                            "decimals": "$decimalsPercentage",
                            "dimensions": {
                                "concept": "eba_met:pi950",
                                "eba_dim:APL": "eba_PL:x772",
                                "eba_dim:BAS": "eba_BA:x17",
                                "eba_dim:CPS": "eba_CT:x20",
                                "eba_dim:CPY": "eba_CT:x642",
                                "eba_dim:EAQ": "eba_EA:x21",
                                "eba_dim:EAW": "eba_EA:x25",
                                "eba_dim:EPC": "eba_EA:x19",
                                "eba_dim:GBC": "eba_AP:x237",
                                "eba_dim:MCY": "eba_MC:x143",
                                "eba_dim:RCP": "eba_GA:x33"
                            },
                            "eba:documentation": {
                                "CellCode": "{D 09.02.a, r0030, c0040}",
                                "DataPointVersionId": "472505"
                            }
                        },
                        "dp472506": {
                            "decimals": "$decimalsPercentage",
                            "dimensions": {
                                "concept": "eba_met:pi950",
                                "eba_dim:APL": "eba_PL:x772",
                                "eba_dim:BAS": "eba_BA:x17",
                                "eba_dim:CPS": "eba_CT:x20",
                                "eba_dim:CPY": "eba_CT:x642",
                                "eba_dim:EAQ": "eba_EA:x21",
                                "eba_dim:EAW": "eba_EA:x25",
                                "eba_dim:EPC": "eba_EA:x19",
                                "eba_dim:GBC": "eba_AP:x237",
                                "eba_dim:MCY": "eba_MC:x143",
                                "eba_dim:RCP": "eba_GA:x41"
                            },
                            "eba:documentation": {
                                "CellCode": "{D 09.02.a, r0060, c0040}",
                                "DataPointVersionId": "472506"
                            }
                        },
                        "dp472507": {
                            "decimals": "$decimalsPercentage",
                            "dimensions": {
                                "concept": "eba_met:pi950",
                                "eba_dim:APL": "eba_PL:x772",
                                "eba_dim:BAS": "eba_BA:x17",
                                "eba_dim:CPS": "eba_CT:x20",
                                "eba_dim:CPY": "eba_CT:x642",
                                "eba_dim:EAQ": "eba_EA:x21",
                                "eba_dim:EAW": "eba_EA:x25",
                                "eba_dim:EPC": "eba_EA:x19",
                                "eba_dim:GBC": "eba_AP:x237",
                                "eba_dim:MCY": "eba_MC:x469",
                                "eba_dim:PUR": "eba_PU:x41",
                                "eba_dim:RCP": "eba_GA:x33"
                            },
                            "eba:documentation": {
                                "CellCode": "{D 09.02.a, r0050, c0040}",
                                "DataPointVersionId": "472507"
                            }
                        },
                        "dp472512": {
                            "decimals": "$decimalsPercentage",
                            "dimensions": {
                                "concept": "eba_met:pi950",
                                "eba_dim:APL": "eba_PL:x772",
                                "eba_dim:BAS": "eba_BA:x17",
                                "eba_dim:CPS": "eba_CT:x20",
                                "eba_dim:CPY": "eba_CT:x642",
                                "eba_dim:EAQ": "eba_EA:x21",
                                "eba_dim:EPC": "eba_EA:x19",
                                "eba_dim:EXC": "eba_EC:x3",
                                "eba_dim:GBC": "eba_AP:x237",
                                "eba_dim:KUP": "eba_PU:x45",
                                "eba_dim:MCG": "eba_MC:x293",
                                "eba_dim:MCY": "eba_MC:x469",
                                "eba_dim:RCP": "eba_GA:x33"
                            },
                            "eba:documentation": {
                                "CellCode": "{D 09.02.a, r0040, c0030}",
                                "DataPointVersionId": "472512"
                            }
                        },
                        "dp472513": {
                            "decimals": "$decimalsPercentage",
                            "dimensions": {
                                "concept": "eba_met:pi950",
                                "eba_dim:APL": "eba_PL:x772",
                                "eba_dim:BAS": "eba_BA:x17",
                                "eba_dim:CPS": "eba_CT:x20",
                                "eba_dim:CPY": "eba_CT:x642",
                                "eba_dim:EAQ": "eba_EA:x21",
                                "eba_dim:EPC": "eba_EA:x19",
                                "eba_dim:EXC": "eba_EC:x3",
                                "eba_dim:GBC": "eba_AP:x237",
                                "eba_dim:KUP": "eba_PU:x45",
                                "eba_dim:MCY": "eba_MC:x143",
                                "eba_dim:RCP": "eba_GA:x33"
                            },
                            "eba:documentation": {
                                "CellCode": "{D 09.02.a, r0030, c0030}",
                                "DataPointVersionId": "472513"
                            }
                        },
                        "dp472514": {
                            "decimals": "$decimalsPercentage",
                            "dimensions": {
                                "concept": "eba_met:pi950",
                                "eba_dim:APL": "eba_PL:x772",
                                "eba_dim:BAS": "eba_BA:x17",
                                "eba_dim:CPS": "eba_CT:x20",
                                "eba_dim:CPY": "eba_CT:x642",
                                "eba_dim:EAQ": "eba_EA:x21",
                                "eba_dim:EPC": "eba_EA:x19",
                                "eba_dim:EXC": "eba_EC:x3",
                                "eba_dim:GBC": "eba_AP:x237",
                                "eba_dim:KUP": "eba_PU:x45",
                                "eba_dim:MCY": "eba_MC:x143",
                                "eba_dim:RCP": "eba_GA:x41"
                            },
                            "eba:documentation": {
                                "CellCode": "{D 09.02.a, r0060, c0030}",
                                "DataPointVersionId": "472514"
                            }
                        },
                        "dp472515": {
                            "decimals": "$decimalsPercentage",
                            "dimensions": {
                                "concept": "eba_met:pi950",
                                "eba_dim:APL": "eba_PL:x772",
                                "eba_dim:BAS": "eba_BA:x17",
                                "eba_dim:CPS": "eba_CT:x20",
                                "eba_dim:CPY": "eba_CT:x642",
                                "eba_dim:EAQ": "eba_EA:x21",
                                "eba_dim:EPC": "eba_EA:x19",
                                "eba_dim:EXC": "eba_EC:x3",
                                "eba_dim:GBC": "eba_AP:x237",
                                "eba_dim:KUP": "eba_PU:x45",
                                "eba_dim:MCY": "eba_MC:x469",
                                "eba_dim:PUR": "eba_PU:x41",
                                "eba_dim:RCP": "eba_GA:x33"
                            },
                            "eba:documentation": {
                                "CellCode": "{D 09.02.a, r0050, c0030}",
                                "DataPointVersionId": "472515"
                            }
                        },
                        "dp472520": {
                            "decimals": "$decimalsPercentage",
                            "dimensions": {
                                "concept": "eba_met:pi950",
                                "eba_dim:APL": "eba_PL:x772",
                                "eba_dim:BAS": "eba_BA:x17",
                                "eba_dim:CPS": "eba_CT:x20",
                                "eba_dim:CPY": "eba_CT:x642",
                                "eba_dim:EAQ": "eba_EA:x21",
                                "eba_dim:EPC": "eba_EA:x19",
                                "eba_dim:GBC": "eba_AP:x237",
                                "eba_dim:MCG": "eba_MC:x293",
                                "eba_dim:MCY": "eba_MC:x469",
                                "eba_dim:RCP": "eba_GA:x33"
                            },
                            "eba:documentation": {
                                "CellCode": "{D 09.02.a, r0040, c0020}",
                                "DataPointVersionId": "472520"
                            }
                        },
                        "dp472521": {
                            "decimals": "$decimalsPercentage",
                            "dimensions": {
                                "concept": "eba_met:pi950",
                                "eba_dim:APL": "eba_PL:x772",
                                "eba_dim:BAS": "eba_BA:x17",
                                "eba_dim:CPS": "eba_CT:x20",
                                "eba_dim:CPY": "eba_CT:x642",
                                "eba_dim:EAQ": "eba_EA:x21",
                                "eba_dim:EPC": "eba_EA:x19",
                                "eba_dim:GBC": "eba_AP:x237",
                                "eba_dim:MCY": "eba_MC:x143",
                                "eba_dim:RCP": "eba_GA:x33"
                            },
                            "eba:documentation": {
                                "CellCode": "{D 09.02.a, r0030, c0020}",
                                "DataPointVersionId": "472521"
                            }
                        },
                        "dp472522": {
                            "decimals": "$decimalsPercentage",
                            "dimensions": {
                                "concept": "eba_met:pi950",
                                "eba_dim:APL": "eba_PL:x772",
                                "eba_dim:BAS": "eba_BA:x17",
                                "eba_dim:CPS": "eba_CT:x20",
                                "eba_dim:CPY": "eba_CT:x642",
                                "eba_dim:EAQ": "eba_EA:x21",
                                "eba_dim:EPC": "eba_EA:x19",
                                "eba_dim:GBC": "eba_AP:x237",
                                "eba_dim:MCY": "eba_MC:x143",
                                "eba_dim:RCP": "eba_GA:x41"
                            },
                            "eba:documentation": {
                                "CellCode": "{D 09.02.a, r0060, c0020}",
                                "DataPointVersionId": "472522"
                            }
                        },
                        "dp472523": {
                            "decimals": "$decimalsPercentage",
                            "dimensions": {
                                "concept": "eba_met:pi950",
                                "eba_dim:APL": "eba_PL:x772",
                                "eba_dim:BAS": "eba_BA:x17",
                                "eba_dim:CPS": "eba_CT:x20",
                                "eba_dim:CPY": "eba_CT:x642",
                                "eba_dim:EAQ": "eba_EA:x21",
                                "eba_dim:EPC": "eba_EA:x19",
                                "eba_dim:GBC": "eba_AP:x237",
                                "eba_dim:MCY": "eba_MC:x469",
                                "eba_dim:PUR": "eba_PU:x41",
                                "eba_dim:RCP": "eba_GA:x33"
                            },
                            "eba:documentation": {
                                "CellCode": "{D 09.02.a, r0050, c0020}",
                                "DataPointVersionId": "472523"
                            }
                        },
                        "dp472528": {
                            "decimals": "$decimalsPercentage",
                            "dimensions": {
                                "concept": "eba_met:pi950",
                                "eba_dim:APL": "eba_PL:x772",
                                "eba_dim:BAS": "eba_BA:x17",
                                "eba_dim:CPS": "eba_CT:x20",
                                "eba_dim:CPY": "eba_CT:x642",
                                "eba_dim:EAQ": "eba_EA:x21",
                                "eba_dim:EPC": "eba_EA:x20",
                                "eba_dim:GBC": "eba_AP:x237",
                                "eba_dim:MCG": "eba_MC:x293",
                                "eba_dim:MCY": "eba_MC:x469",
                                "eba_dim:RCP": "eba_GA:x33"
                            },
                            "eba:documentation": {
                                "CellCode": "{D 09.02.a, r0040, c0010}",
                                "DataPointVersionId": "472528"
                            }
                        },
                        "dp472529": {
                            "decimals": "$decimalsPercentage",
                            "dimensions": {
                                "concept": "eba_met:pi950",
                                "eba_dim:APL": "eba_PL:x772",
                                "eba_dim:BAS": "eba_BA:x17",
                                "eba_dim:CPS": "eba_CT:x20",
                                "eba_dim:CPY": "eba_CT:x642",
                                "eba_dim:EAQ": "eba_EA:x21",
                                "eba_dim:EPC": "eba_EA:x20",
                                "eba_dim:GBC": "eba_AP:x237",
                                "eba_dim:MCY": "eba_MC:x143",
                                "eba_dim:RCP": "eba_GA:x33"
                            },
                            "eba:documentation": {
                                "CellCode": "{D 09.02.a, r0030, c0010}",
                                "DataPointVersionId": "472529"
                            }
                        },
                        "dp472530": {
                            "decimals": "$decimalsPercentage",
                            "dimensions": {
                                "concept": "eba_met:pi950",
                                "eba_dim:APL": "eba_PL:x772",
                                "eba_dim:BAS": "eba_BA:x17",
                                "eba_dim:CPS": "eba_CT:x20",
                                "eba_dim:CPY": "eba_CT:x642",
                                "eba_dim:EAQ": "eba_EA:x21",
                                "eba_dim:EPC": "eba_EA:x20",
                                "eba_dim:GBC": "eba_AP:x237",
                                "eba_dim:MCY": "eba_MC:x143",
                                "eba_dim:RCP": "eba_GA:x41"
                            },
                            "eba:documentation": {
                                "CellCode": "{D 09.02.a, r0060, c0010}",
                                "DataPointVersionId": "472530"
                            }
                        },
                        "dp472531": {
                            "decimals": "$decimalsPercentage",
                            "dimensions": {
                                "concept": "eba_met:pi950",
                                "eba_dim:APL": "eba_PL:x772",
                                "eba_dim:BAS": "eba_BA:x17",
                                "eba_dim:CPS": "eba_CT:x20",
                                "eba_dim:CPY": "eba_CT:x642",
                                "eba_dim:EAQ": "eba_EA:x21",
                                "eba_dim:EPC": "eba_EA:x20",
                                "eba_dim:GBC": "eba_AP:x237",
                                "eba_dim:MCY": "eba_MC:x469",
                                "eba_dim:PUR": "eba_PU:x41",
                                "eba_dim:RCP": "eba_GA:x33"
                            },
                            "eba:documentation": {
                                "CellCode": "{D 09.02.a, r0050, c0010}",
                                "DataPointVersionId": "472531"
                            }
                        },
                        "dp472536": {
                            "decimals": "$decimalsPercentage",
                            "dimensions": {
                                "concept": "eba_met:pi950",
                                "eba_dim:APL": "eba_PL:x772",
                                "eba_dim:BAS": "eba_BA:x17",
                                "eba_dim:CPS": "eba_CT:x20",
                                "eba_dim:CPY": "eba_CT:x642",
                                "eba_dim:EAQ": "eba_EA:x22",
                                "eba_dim:EAW": "eba_EA:x24",
                                "eba_dim:EPC": "eba_EA:x19",
                                "eba_dim:GBC": "eba_AP:x237",
                                "eba_dim:MCY": "eba_MC:x143",
                                "eba_dim:RCP": "eba_GA:x33"
                            },
                            "eba:documentation": {
                                "CellCode": "{D 09.02.a, r0030, c0100}",
                                "DataPointVersionId": "472536"
                            }
                        },
                        "dp472537": {
                            "decimals": "$decimalsPercentage",
                            "dimensions": {
                                "concept": "eba_met:pi950",
                                "eba_dim:APL": "eba_PL:x772",
                                "eba_dim:BAS": "eba_BA:x17",
                                "eba_dim:CPS": "eba_CT:x20",
                                "eba_dim:CPY": "eba_CT:x642",
                                "eba_dim:EAQ": "eba_EA:x22",
                                "eba_dim:EAW": "eba_EA:x24",
                                "eba_dim:EPC": "eba_EA:x19",
                                "eba_dim:GBC": "eba_AP:x237",
                                "eba_dim:MCY": "eba_MC:x143",
                                "eba_dim:RCP": "eba_GA:x41"
                            },
                            "eba:documentation": {
                                "CellCode": "{D 09.02.a, r0060, c0100}",
                                "DataPointVersionId": "472537"
                            }
                        },
                        "dp472540": {
                            "decimals": "$decimalsPercentage",
                            "dimensions": {
                                "concept": "eba_met:pi950",
                                "eba_dim:APL": "eba_PL:x772",
                                "eba_dim:BAS": "eba_BA:x17",
                                "eba_dim:CPS": "eba_CT:x20",
                                "eba_dim:CPY": "eba_CT:x642",
                                "eba_dim:EAQ": "eba_EA:x22",
                                "eba_dim:EAW": "eba_EA:x26",
                                "eba_dim:EPC": "eba_EA:x19",
                                "eba_dim:GBC": "eba_AP:x237",
                                "eba_dim:MCY": "eba_MC:x143",
                                "eba_dim:RCP": "eba_GA:x33"
                            },
                            "eba:documentation": {
                                "CellCode": "{D 09.02.a, r0030, c0090}",
                                "DataPointVersionId": "472540"
                            }
                        },
                        "dp472541": {
                            "decimals": "$decimalsPercentage",
                            "dimensions": {
                                "concept": "eba_met:pi950",
                                "eba_dim:APL": "eba_PL:x772",
                                "eba_dim:BAS": "eba_BA:x17",
                                "eba_dim:CPS": "eba_CT:x20",
                                "eba_dim:CPY": "eba_CT:x642",
                                "eba_dim:EAQ": "eba_EA:x22",
                                "eba_dim:EAW": "eba_EA:x26",
                                "eba_dim:EPC": "eba_EA:x19",
                                "eba_dim:GBC": "eba_AP:x237",
                                "eba_dim:MCY": "eba_MC:x143",
                                "eba_dim:RCP": "eba_GA:x41"
                            },
                            "eba:documentation": {
                                "CellCode": "{D 09.02.a, r0060, c0090}",
                                "DataPointVersionId": "472541"
                            }
                        },
                        "dp472544": {
                            "decimals": "$decimalsPercentage",
                            "dimensions": {
                                "concept": "eba_met:pi950",
                                "eba_dim:APL": "eba_PL:x772",
                                "eba_dim:BAS": "eba_BA:x17",
                                "eba_dim:CPS": "eba_CT:x20",
                                "eba_dim:CPY": "eba_CT:x642",
                                "eba_dim:EAQ": "eba_EA:x22",
                                "eba_dim:EPC": "eba_EA:x19",
                                "eba_dim:EXC": "eba_EC:x3",
                                "eba_dim:GBC": "eba_AP:x237",
                                "eba_dim:KUP": "eba_PU:x45",
                                "eba_dim:MCY": "eba_MC:x143",
                                "eba_dim:RCP": "eba_GA:x33"
                            },
                            "eba:documentation": {
                                "CellCode": "{D 09.02.a, r0030, c0080}",
                                "DataPointVersionId": "472544"
                            }
                        },
                        "dp472545": {
                            "decimals": "$decimalsPercentage",
                            "dimensions": {
                                "concept": "eba_met:pi950",
                                "eba_dim:APL": "eba_PL:x772",
                                "eba_dim:BAS": "eba_BA:x17",
                                "eba_dim:CPS": "eba_CT:x20",
                                "eba_dim:CPY": "eba_CT:x642",
                                "eba_dim:EAQ": "eba_EA:x22",
                                "eba_dim:EPC": "eba_EA:x19",
                                "eba_dim:EXC": "eba_EC:x3",
                                "eba_dim:GBC": "eba_AP:x237",
                                "eba_dim:KUP": "eba_PU:x45",
                                "eba_dim:MCY": "eba_MC:x143",
                                "eba_dim:RCP": "eba_GA:x41"
                            },
                            "eba:documentation": {
                                "CellCode": "{D 09.02.a, r0060, c0080}",
                                "DataPointVersionId": "472545"
                            }
                        },
                        "dp472548": {
                            "decimals": "$decimalsPercentage",
                            "dimensions": {
                                "concept": "eba_met:pi950",
                                "eba_dim:APL": "eba_PL:x772",
                                "eba_dim:BAS": "eba_BA:x17",
                                "eba_dim:CPS": "eba_CT:x20",
                                "eba_dim:CPY": "eba_CT:x642",
                                "eba_dim:EAQ": "eba_EA:x22",
                                "eba_dim:EPC": "eba_EA:x19",
                                "eba_dim:GBC": "eba_AP:x237",
                                "eba_dim:MCY": "eba_MC:x143",
                                "eba_dim:RCP": "eba_GA:x33"
                            },
                            "eba:documentation": {
                                "CellCode": "{D 09.02.a, r0030, c0070}",
                                "DataPointVersionId": "472548"
                            }
                        },
                        "dp472549": {
                            "decimals": "$decimalsPercentage",
                            "dimensions": {
                                "concept": "eba_met:pi950",
                                "eba_dim:APL": "eba_PL:x772",
                                "eba_dim:BAS": "eba_BA:x17",
                                "eba_dim:CPS": "eba_CT:x20",
                                "eba_dim:CPY": "eba_CT:x642",
                                "eba_dim:EAQ": "eba_EA:x22",
                                "eba_dim:EPC": "eba_EA:x19",
                                "eba_dim:GBC": "eba_AP:x237",
                                "eba_dim:MCY": "eba_MC:x143",
                                "eba_dim:RCP": "eba_GA:x41"
                            },
                            "eba:documentation": {
                                "CellCode": "{D 09.02.a, r0060, c0070}",
                                "DataPointVersionId": "472549"
                            }
                        },
                        "dp472552": {
                            "decimals": "$decimalsPercentage",
                            "dimensions": {
                                "concept": "eba_met:pi950",
                                "eba_dim:APL": "eba_PL:x772",
                                "eba_dim:BAS": "eba_BA:x17",
                                "eba_dim:CPS": "eba_CT:x20",
                                "eba_dim:CPY": "eba_CT:x642",
                                "eba_dim:EAQ": "eba_EA:x22",
                                "eba_dim:EPC": "eba_EA:x20",
                                "eba_dim:GBC": "eba_AP:x237",
                                "eba_dim:MCY": "eba_MC:x143",
                                "eba_dim:RCP": "eba_GA:x33"
                            },
                            "eba:documentation": {
                                "CellCode": "{D 09.02.a, r0030, c0060}",
                                "DataPointVersionId": "472552"
                            }
                        },
                        "dp472553": {
                            "decimals": "$decimalsPercentage",
                            "dimensions": {
                                "concept": "eba_met:pi950",
                                "eba_dim:APL": "eba_PL:x772",
                                "eba_dim:BAS": "eba_BA:x17",
                                "eba_dim:CPS": "eba_CT:x20",
                                "eba_dim:CPY": "eba_CT:x642",
                                "eba_dim:EAQ": "eba_EA:x22",
                                "eba_dim:EPC": "eba_EA:x20",
                                "eba_dim:GBC": "eba_AP:x237",
                                "eba_dim:MCY": "eba_MC:x143",
                                "eba_dim:RCP": "eba_GA:x41"
                            },
                            "eba:documentation": {
                                "CellCode": "{D 09.02.a, r0060, c0060}",
                                "DataPointVersionId": "472553"
                            }
                        },
                        "dp472556": {
                            "decimals": "$decimalsPercentage",
                            "dimensions": {
                                "concept": "eba_met:pi950",
                                "eba_dim:APL": "eba_PL:x772",
                                "eba_dim:BAS": "eba_BA:x17",
                                "eba_dim:CPS": "eba_CT:x20",
                                "eba_dim:CPY": "eba_CT:x642",
                                "eba_dim:EAQ": "eba_EA:x23",
                                "eba_dim:EAW": "eba_EA:x24",
                                "eba_dim:EPC": "eba_EA:x19",
                                "eba_dim:GBC": "eba_AP:x237",
                                "eba_dim:MCG": "eba_MC:x293",
                                "eba_dim:MCY": "eba_MC:x469",
                                "eba_dim:RCP": "eba_GA:x33"
                            },
                            "eba:documentation": {
                                "CellCode": "{D 09.02.a, r0040, c0150}",
                                "DataPointVersionId": "472556"
                            }
                        },
                        "dp472557": {
                            "decimals": "$decimalsPercentage",
                            "dimensions": {
                                "concept": "eba_met:pi950",
                                "eba_dim:APL": "eba_PL:x772",
                                "eba_dim:BAS": "eba_BA:x17",
                                "eba_dim:CPS": "eba_CT:x20",
                                "eba_dim:CPY": "eba_CT:x642",
                                "eba_dim:EAQ": "eba_EA:x23",
                                "eba_dim:EAW": "eba_EA:x24",
                                "eba_dim:EPC": "eba_EA:x19",
                                "eba_dim:GBC": "eba_AP:x237",
                                "eba_dim:MCY": "eba_MC:x143",
                                "eba_dim:RCP": "eba_GA:x33"
                            },
                            "eba:documentation": {
                                "CellCode": "{D 09.02.a, r0030, c0150}",
                                "DataPointVersionId": "472557"
                            }
                        },
                        "dp472558": {
                            "decimals": "$decimalsPercentage",
                            "dimensions": {
                                "concept": "eba_met:pi950",
                                "eba_dim:APL": "eba_PL:x772",
                                "eba_dim:BAS": "eba_BA:x17",
                                "eba_dim:CPS": "eba_CT:x20",
                                "eba_dim:CPY": "eba_CT:x642",
                                "eba_dim:EAQ": "eba_EA:x23",
                                "eba_dim:EAW": "eba_EA:x24",
                                "eba_dim:EPC": "eba_EA:x19",
                                "eba_dim:GBC": "eba_AP:x237",
                                "eba_dim:MCY": "eba_MC:x143",
                                "eba_dim:RCP": "eba_GA:x41"
                            },
                            "eba:documentation": {
                                "CellCode": "{D 09.02.a, r0060, c0150}",
                                "DataPointVersionId": "472558"
                            }
                        },
                        "dp472559": {
                            "decimals": "$decimalsPercentage",
                            "dimensions": {
                                "concept": "eba_met:pi950",
                                "eba_dim:APL": "eba_PL:x772",
                                "eba_dim:BAS": "eba_BA:x17",
                                "eba_dim:CPS": "eba_CT:x20",
                                "eba_dim:CPY": "eba_CT:x642",
                                "eba_dim:EAQ": "eba_EA:x23",
                                "eba_dim:EAW": "eba_EA:x24",
                                "eba_dim:EPC": "eba_EA:x19",
                                "eba_dim:GBC": "eba_AP:x237",
                                "eba_dim:MCY": "eba_MC:x469",
                                "eba_dim:PUR": "eba_PU:x41",
                                "eba_dim:RCP": "eba_GA:x33"
                            },
                            "eba:documentation": {
                                "CellCode": "{D 09.02.a, r0050, c0150}",
                                "DataPointVersionId": "472559"
                            }
                        },
                        "dp472564": {
                            "decimals": "$decimalsPercentage",
                            "dimensions": {
                                "concept": "eba_met:pi950",
                                "eba_dim:APL": "eba_PL:x772",
                                "eba_dim:BAS": "eba_BA:x17",
                                "eba_dim:CPS": "eba_CT:x20",
                                "eba_dim:CPY": "eba_CT:x642",
                                "eba_dim:EAQ": "eba_EA:x23",
                                "eba_dim:EAW": "eba_EA:x32",
                                "eba_dim:EPC": "eba_EA:x19",
                                "eba_dim:GBC": "eba_AP:x237",
                                "eba_dim:MCG": "eba_MC:x293",
                                "eba_dim:MCY": "eba_MC:x469",
                                "eba_dim:RCP": "eba_GA:x33"
                            },
                            "eba:documentation": {
                                "CellCode": "{D 09.02.a, r0040, c0140}",
                                "DataPointVersionId": "472564"
                            }
                        },
                        "dp472565": {
                            "decimals": "$decimalsPercentage",
                            "dimensions": {
                                "concept": "eba_met:pi950",
                                "eba_dim:APL": "eba_PL:x772",
                                "eba_dim:BAS": "eba_BA:x17",
                                "eba_dim:CPS": "eba_CT:x20",
                                "eba_dim:CPY": "eba_CT:x642",
                                "eba_dim:EAQ": "eba_EA:x23",
                                "eba_dim:EAW": "eba_EA:x32",
                                "eba_dim:EPC": "eba_EA:x19",
                                "eba_dim:GBC": "eba_AP:x237",
                                "eba_dim:MCY": "eba_MC:x143",
                                "eba_dim:RCP": "eba_GA:x33"
                            },
                            "eba:documentation": {
                                "CellCode": "{D 09.02.a, r0030, c0140}",
                                "DataPointVersionId": "472565"
                            }
                        },
                        "dp472566": {
                            "decimals": "$decimalsPercentage",
                            "dimensions": {
                                "concept": "eba_met:pi950",
                                "eba_dim:APL": "eba_PL:x772",
                                "eba_dim:BAS": "eba_BA:x17",
                                "eba_dim:CPS": "eba_CT:x20",
                                "eba_dim:CPY": "eba_CT:x642",
                                "eba_dim:EAQ": "eba_EA:x23",
                                "eba_dim:EAW": "eba_EA:x32",
                                "eba_dim:EPC": "eba_EA:x19",
                                "eba_dim:GBC": "eba_AP:x237",
                                "eba_dim:MCY": "eba_MC:x143",
                                "eba_dim:RCP": "eba_GA:x41"
                            },
                            "eba:documentation": {
                                "CellCode": "{D 09.02.a, r0060, c0140}",
                                "DataPointVersionId": "472566"
                            }
                        },
                        "dp472567": {
                            "decimals": "$decimalsPercentage",
                            "dimensions": {
                                "concept": "eba_met:pi950",
                                "eba_dim:APL": "eba_PL:x772",
                                "eba_dim:BAS": "eba_BA:x17",
                                "eba_dim:CPS": "eba_CT:x20",
                                "eba_dim:CPY": "eba_CT:x642",
                                "eba_dim:EAQ": "eba_EA:x23",
                                "eba_dim:EAW": "eba_EA:x32",
                                "eba_dim:EPC": "eba_EA:x19",
                                "eba_dim:GBC": "eba_AP:x237",
                                "eba_dim:MCY": "eba_MC:x469",
                                "eba_dim:PUR": "eba_PU:x41",
                                "eba_dim:RCP": "eba_GA:x33"
                            },
                            "eba:documentation": {
                                "CellCode": "{D 09.02.a, r0050, c0140}",
                                "DataPointVersionId": "472567"
                            }
                        },
                        "dp472572": {
                            "decimals": "$decimalsPercentage",
                            "dimensions": {
                                "concept": "eba_met:pi950",
                                "eba_dim:APL": "eba_PL:x772",
                                "eba_dim:BAS": "eba_BA:x17",
                                "eba_dim:CPS": "eba_CT:x20",
                                "eba_dim:CPY": "eba_CT:x642",
                                "eba_dim:EAQ": "eba_EA:x23",
                                "eba_dim:EPC": "eba_EA:x19",
                                "eba_dim:EXC": "eba_EC:x3",
                                "eba_dim:GBC": "eba_AP:x237",
                                "eba_dim:KUP": "eba_PU:x45",
                                "eba_dim:MCG": "eba_MC:x293",
                                "eba_dim:MCY": "eba_MC:x469",
                                "eba_dim:RCP": "eba_GA:x33"
                            },
                            "eba:documentation": {
                                "CellCode": "{D 09.02.a, r0040, c0130}",
                                "DataPointVersionId": "472572"
                            }
                        },
                        "dp472573": {
                            "decimals": "$decimalsPercentage",
                            "dimensions": {
                                "concept": "eba_met:pi950",
                                "eba_dim:APL": "eba_PL:x772",
                                "eba_dim:BAS": "eba_BA:x17",
                                "eba_dim:CPS": "eba_CT:x20",
                                "eba_dim:CPY": "eba_CT:x642",
                                "eba_dim:EAQ": "eba_EA:x23",
                                "eba_dim:EPC": "eba_EA:x19",
                                "eba_dim:EXC": "eba_EC:x3",
                                "eba_dim:GBC": "eba_AP:x237",
                                "eba_dim:KUP": "eba_PU:x45",
                                "eba_dim:MCY": "eba_MC:x143",
                                "eba_dim:RCP": "eba_GA:x33"
                            },
                            "eba:documentation": {
                                "CellCode": "{D 09.02.a, r0030, c0130}",
                                "DataPointVersionId": "472573"
                            }
                        },
                        "dp472574": {
                            "decimals": "$decimalsPercentage",
                            "dimensions": {
                                "concept": "eba_met:pi950",
                                "eba_dim:APL": "eba_PL:x772",
                                "eba_dim:BAS": "eba_BA:x17",
                                "eba_dim:CPS": "eba_CT:x20",
                                "eba_dim:CPY": "eba_CT:x642",
                                "eba_dim:EAQ": "eba_EA:x23",
                                "eba_dim:EPC": "eba_EA:x19",
                                "eba_dim:EXC": "eba_EC:x3",
                                "eba_dim:GBC": "eba_AP:x237",
                                "eba_dim:KUP": "eba_PU:x45",
                                "eba_dim:MCY": "eba_MC:x143",
                                "eba_dim:RCP": "eba_GA:x41"
                            },
                            "eba:documentation": {
                                "CellCode": "{D 09.02.a, r0060, c0130}",
                                "DataPointVersionId": "472574"
                            }
                        },
                        "dp472575": {
                            "decimals": "$decimalsPercentage",
                            "dimensions": {
                                "concept": "eba_met:pi950",
                                "eba_dim:APL": "eba_PL:x772",
                                "eba_dim:BAS": "eba_BA:x17",
                                "eba_dim:CPS": "eba_CT:x20",
                                "eba_dim:CPY": "eba_CT:x642",
                                "eba_dim:EAQ": "eba_EA:x23",
                                "eba_dim:EPC": "eba_EA:x19",
                                "eba_dim:EXC": "eba_EC:x3",
                                "eba_dim:GBC": "eba_AP:x237",
                                "eba_dim:KUP": "eba_PU:x45",
                                "eba_dim:MCY": "eba_MC:x469",
                                "eba_dim:PUR": "eba_PU:x41",
                                "eba_dim:RCP": "eba_GA:x33"
                            },
                            "eba:documentation": {
                                "CellCode": "{D 09.02.a, r0050, c0130}",
                                "DataPointVersionId": "472575"
                            }
                        },
                        "dp472580": {
                            "decimals": "$decimalsPercentage",
                            "dimensions": {
                                "concept": "eba_met:pi950",
                                "eba_dim:APL": "eba_PL:x772",
                                "eba_dim:BAS": "eba_BA:x17",
                                "eba_dim:CPS": "eba_CT:x20",
                                "eba_dim:CPY": "eba_CT:x642",
                                "eba_dim:EAQ": "eba_EA:x23",
                                "eba_dim:EPC": "eba_EA:x19",
                                "eba_dim:GBC": "eba_AP:x237",
                                "eba_dim:MCG": "eba_MC:x293",
                                "eba_dim:MCY": "eba_MC:x469",
                                "eba_dim:RCP": "eba_GA:x33"
                            },
                            "eba:documentation": {
                                "CellCode": "{D 09.02.a, r0040, c0120}",
                                "DataPointVersionId": "472580"
                            }
                        },
                        "dp472581": {
                            "decimals": "$decimalsPercentage",
                            "dimensions": {
                                "concept": "eba_met:pi950",
                                "eba_dim:APL": "eba_PL:x772",
                                "eba_dim:BAS": "eba_BA:x17",
                                "eba_dim:CPS": "eba_CT:x20",
                                "eba_dim:CPY": "eba_CT:x642",
                                "eba_dim:EAQ": "eba_EA:x23",
                                "eba_dim:EPC": "eba_EA:x19",
                                "eba_dim:GBC": "eba_AP:x237",
                                "eba_dim:MCY": "eba_MC:x143",
                                "eba_dim:RCP": "eba_GA:x33"
                            },
                            "eba:documentation": {
                                "CellCode": "{D 09.02.a, r0030, c0120}",
                                "DataPointVersionId": "472581"
                            }
                        },
                        "dp472582": {
                            "decimals": "$decimalsPercentage",
                            "dimensions": {
                                "concept": "eba_met:pi950",
                                "eba_dim:APL": "eba_PL:x772",
                                "eba_dim:BAS": "eba_BA:x17",
                                "eba_dim:CPS": "eba_CT:x20",
                                "eba_dim:CPY": "eba_CT:x642",
                                "eba_dim:EAQ": "eba_EA:x23",
                                "eba_dim:EPC": "eba_EA:x19",
                                "eba_dim:GBC": "eba_AP:x237",
                                "eba_dim:MCY": "eba_MC:x143",
                                "eba_dim:RCP": "eba_GA:x41"
                            },
                            "eba:documentation": {
                                "CellCode": "{D 09.02.a, r0060, c0120}",
                                "DataPointVersionId": "472582"
                            }
                        },
                        "dp472583": {
                            "decimals": "$decimalsPercentage",
                            "dimensions": {
                                "concept": "eba_met:pi950",
                                "eba_dim:APL": "eba_PL:x772",
                                "eba_dim:BAS": "eba_BA:x17",
                                "eba_dim:CPS": "eba_CT:x20",
                                "eba_dim:CPY": "eba_CT:x642",
                                "eba_dim:EAQ": "eba_EA:x23",
                                "eba_dim:EPC": "eba_EA:x19",
                                "eba_dim:GBC": "eba_AP:x237",
                                "eba_dim:MCY": "eba_MC:x469",
                                "eba_dim:PUR": "eba_PU:x41",
                                "eba_dim:RCP": "eba_GA:x33"
                            },
                            "eba:documentation": {
                                "CellCode": "{D 09.02.a, r0050, c0120}",
                                "DataPointVersionId": "472583"
                            }
                        },
                        "dp472588": {
                            "decimals": "$decimalsPercentage",
                            "dimensions": {
                                "concept": "eba_met:pi950",
                                "eba_dim:APL": "eba_PL:x772",
                                "eba_dim:BAS": "eba_BA:x17",
                                "eba_dim:CPS": "eba_CT:x20",
                                "eba_dim:CPY": "eba_CT:x642",
                                "eba_dim:EAQ": "eba_EA:x23",
                                "eba_dim:EPC": "eba_EA:x20",
                                "eba_dim:GBC": "eba_AP:x237",
                                "eba_dim:MCG": "eba_MC:x293",
                                "eba_dim:MCY": "eba_MC:x469",
                                "eba_dim:RCP": "eba_GA:x33"
                            },
                            "eba:documentation": {
                                "CellCode": "{D 09.02.a, r0040, c0110}",
                                "DataPointVersionId": "472588"
                            }
                        },
                        "dp472589": {
                            "decimals": "$decimalsPercentage",
                            "dimensions": {
                                "concept": "eba_met:pi950",
                                "eba_dim:APL": "eba_PL:x772",
                                "eba_dim:BAS": "eba_BA:x17",
                                "eba_dim:CPS": "eba_CT:x20",
                                "eba_dim:CPY": "eba_CT:x642",
                                "eba_dim:EAQ": "eba_EA:x23",
                                "eba_dim:EPC": "eba_EA:x20",
                                "eba_dim:GBC": "eba_AP:x237",
                                "eba_dim:MCY": "eba_MC:x143",
                                "eba_dim:RCP": "eba_GA:x33"
                            },
                            "eba:documentation": {
                                "CellCode": "{D 09.02.a, r0030, c0110}",
                                "DataPointVersionId": "472589"
                            }
                        },
                        "dp472590": {
                            "decimals": "$decimalsPercentage",
                            "dimensions": {
                                "concept": "eba_met:pi950",
                                "eba_dim:APL": "eba_PL:x772",
                                "eba_dim:BAS": "eba_BA:x17",
                                "eba_dim:CPS": "eba_CT:x20",
                                "eba_dim:CPY": "eba_CT:x642",
                                "eba_dim:EAQ": "eba_EA:x23",
                                "eba_dim:EPC": "eba_EA:x20",
                                "eba_dim:GBC": "eba_AP:x237",
                                "eba_dim:MCY": "eba_MC:x143",
                                "eba_dim:RCP": "eba_GA:x41"
                            },
                            "eba:documentation": {
                                "CellCode": "{D 09.02.a, r0060, c0110}",
                                "DataPointVersionId": "472590"
                            }
                        },
                        "dp472591": {
                            "decimals": "$decimalsPercentage",
                            "dimensions": {
                                "concept": "eba_met:pi950",
                                "eba_dim:APL": "eba_PL:x772",
                                "eba_dim:BAS": "eba_BA:x17",
                                "eba_dim:CPS": "eba_CT:x20",
                                "eba_dim:CPY": "eba_CT:x642",
                                "eba_dim:EAQ": "eba_EA:x23",
                                "eba_dim:EPC": "eba_EA:x20",
                                "eba_dim:GBC": "eba_AP:x237",
                                "eba_dim:MCY": "eba_MC:x469",
                                "eba_dim:PUR": "eba_PU:x41",
                                "eba_dim:RCP": "eba_GA:x33"
                            },
                            "eba:documentation": {
                                "CellCode": "{D 09.02.a, r0050, c0110}",
                                "DataPointVersionId": "472591"
                            }
                        },
                        "dp475645": {
                            "decimals": "$decimalsPercentage",
                            "dimensions": {
                                "concept": "eba_met:pi950",
                                "eba_dim:BAS": "eba_BA:x17",
                                "eba_dim:EAQ": "eba_EA:x21",
                                "eba_dim:EAW": "eba_EA:x24",
                                "eba_dim:EPC": "eba_EA:x19",
                                "eba_dim:GBC": "eba_AP:x233"
                            },
                            "eba:documentation": {
                                "CellCode": "{D 09.02.a, r0020, c0050}",
                                "DataPointVersionId": "475645"
                            }
                        },
                        "dp475647": {
                            "decimals": "$decimalsPercentage",
                            "dimensions": {
                                "concept": "eba_met:pi950",
                                "eba_dim:BAS": "eba_BA:x17",
                                "eba_dim:EAQ": "eba_EA:x21",
                                "eba_dim:EAW": "eba_EA:x24",
                                "eba_dim:EPC": "eba_EA:x19",
                                "eba_dim:GBC": "eba_AP:x237"
                            },
                            "eba:documentation": {
                                "CellCode": "{D 09.02.a, r0010, c0050}",
                                "DataPointVersionId": "475647"
                            }
                        },
                        "dp475649": {
                            "decimals": "$decimalsPercentage",
                            "dimensions": {
                                "concept": "eba_met:pi950",
                                "eba_dim:BAS": "eba_BA:x17",
                                "eba_dim:EAQ": "eba_EA:x21",
                                "eba_dim:EAW": "eba_EA:x25",
                                "eba_dim:EPC": "eba_EA:x19",
                                "eba_dim:GBC": "eba_AP:x233"
                            },
                            "eba:documentation": {
                                "CellCode": "{D 09.02.a, r0020, c0040}",
                                "DataPointVersionId": "475649"
                            }
                        },
                        "dp475651": {
                            "decimals": "$decimalsPercentage",
                            "dimensions": {
                                "concept": "eba_met:pi950",
                                "eba_dim:BAS": "eba_BA:x17",
                                "eba_dim:EAQ": "eba_EA:x21",
                                "eba_dim:EAW": "eba_EA:x25",
                                "eba_dim:EPC": "eba_EA:x19",
                                "eba_dim:GBC": "eba_AP:x237"
                            },
                            "eba:documentation": {
                                "CellCode": "{D 09.02.a, r0010, c0040}",
                                "DataPointVersionId": "475651"
                            }
                        },
                        "dp475654": {
                            "decimals": "$decimalsPercentage",
                            "dimensions": {
                                "concept": "eba_met:pi950",
                                "eba_dim:BAS": "eba_BA:x17",
                                "eba_dim:EAQ": "eba_EA:x21",
                                "eba_dim:EPC": "eba_EA:x19",
                                "eba_dim:EXC": "eba_EC:x3",
                                "eba_dim:GBC": "eba_AP:x233",
                                "eba_dim:KUP": "eba_PU:x45"
                            },
                            "eba:documentation": {
                                "CellCode": "{D 09.02.a, r0020, c0030}",
                                "DataPointVersionId": "475654"
                            }
                        },
                        "dp475656": {
                            "decimals": "$decimalsPercentage",
                            "dimensions": {
                                "concept": "eba_met:pi950",
                                "eba_dim:BAS": "eba_BA:x17",
                                "eba_dim:EAQ": "eba_EA:x21",
                                "eba_dim:EPC": "eba_EA:x19",
                                "eba_dim:EXC": "eba_EC:x3",
                                "eba_dim:GBC": "eba_AP:x237",
                                "eba_dim:KUP": "eba_PU:x45"
                            },
                            "eba:documentation": {
                                "CellCode": "{D 09.02.a, r0010, c0030}",
                                "DataPointVersionId": "475656"
                            }
                        },
                        "dp475658": {
                            "decimals": "$decimalsPercentage",
                            "dimensions": {
                                "concept": "eba_met:pi950",
                                "eba_dim:BAS": "eba_BA:x17",
                                "eba_dim:EAQ": "eba_EA:x21",
                                "eba_dim:EPC": "eba_EA:x19",
                                "eba_dim:GBC": "eba_AP:x233"
                            },
                            "eba:documentation": {
                                "CellCode": "{D 09.02.a, r0020, c0020}",
                                "DataPointVersionId": "475658"
                            }
                        },
                        "dp475660": {
                            "decimals": "$decimalsPercentage",
                            "dimensions": {
                                "concept": "eba_met:pi950",
                                "eba_dim:BAS": "eba_BA:x17",
                                "eba_dim:EAQ": "eba_EA:x21",
                                "eba_dim:EPC": "eba_EA:x19",
                                "eba_dim:GBC": "eba_AP:x237"
                            },
                            "eba:documentation": {
                                "CellCode": "{D 09.02.a, r0010, c0020}",
                                "DataPointVersionId": "475660"
                            }
                        },
                        "dp475662": {
                            "decimals": "$decimalsPercentage",
                            "dimensions": {
                                "concept": "eba_met:pi950",
                                "eba_dim:BAS": "eba_BA:x17",
                                "eba_dim:EAQ": "eba_EA:x21",
                                "eba_dim:EPC": "eba_EA:x20",
                                "eba_dim:GBC": "eba_AP:x233"
                            },
                            "eba:documentation": {
                                "CellCode": "{D 09.02.a, r0020, c0010}",
                                "DataPointVersionId": "475662"
                            }
                        },
                        "dp475664": {
                            "decimals": "$decimalsPercentage",
                            "dimensions": {
                                "concept": "eba_met:pi950",
                                "eba_dim:BAS": "eba_BA:x17",
                                "eba_dim:EAQ": "eba_EA:x21",
                                "eba_dim:EPC": "eba_EA:x20",
                                "eba_dim:GBC": "eba_AP:x237"
                            },
                            "eba:documentation": {
                                "CellCode": "{D 09.02.a, r0010, c0010}",
                                "DataPointVersionId": "475664"
                            }
                        },
                        "dp475666": {
                            "decimals": "$decimalsPercentage",
                            "dimensions": {
                                "concept": "eba_met:pi950",
                                "eba_dim:BAS": "eba_BA:x17",
                                "eba_dim:EAQ": "eba_EA:x22",
                                "eba_dim:EAW": "eba_EA:x24",
                                "eba_dim:EPC": "eba_EA:x19",
                                "eba_dim:GBC": "eba_AP:x233"
                            },
                            "eba:documentation": {
                                "CellCode": "{D 09.02.a, r0020, c0100}",
                                "DataPointVersionId": "475666"
                            }
                        },
                        "dp475668": {
                            "decimals": "$decimalsPercentage",
                            "dimensions": {
                                "concept": "eba_met:pi950",
                                "eba_dim:BAS": "eba_BA:x17",
                                "eba_dim:EAQ": "eba_EA:x22",
                                "eba_dim:EAW": "eba_EA:x24",
                                "eba_dim:EPC": "eba_EA:x19",
                                "eba_dim:GBC": "eba_AP:x237"
                            },
                            "eba:documentation": {
                                "CellCode": "{D 09.02.a, r0010, c0100}",
                                "DataPointVersionId": "475668"
                            }
                        },
                        "dp475670": {
                            "decimals": "$decimalsPercentage",
                            "dimensions": {
                                "concept": "eba_met:pi950",
                                "eba_dim:BAS": "eba_BA:x17",
                                "eba_dim:EAQ": "eba_EA:x22",
                                "eba_dim:EAW": "eba_EA:x26",
                                "eba_dim:EPC": "eba_EA:x19",
                                "eba_dim:GBC": "eba_AP:x233"
                            },
                            "eba:documentation": {
                                "CellCode": "{D 09.02.a, r0020, c0090}",
                                "DataPointVersionId": "475670"
                            }
                        },
                        "dp475672": {
                            "decimals": "$decimalsPercentage",
                            "dimensions": {
                                "concept": "eba_met:pi950",
                                "eba_dim:BAS": "eba_BA:x17",
                                "eba_dim:EAQ": "eba_EA:x22",
                                "eba_dim:EAW": "eba_EA:x26",
                                "eba_dim:EPC": "eba_EA:x19",
                                "eba_dim:GBC": "eba_AP:x237"
                            },
                            "eba:documentation": {
                                "CellCode": "{D 09.02.a, r0010, c0090}",
                                "DataPointVersionId": "475672"
                            }
                        },
                        "dp475674": {
                            "decimals": "$decimalsPercentage",
                            "dimensions": {
                                "concept": "eba_met:pi950",
                                "eba_dim:BAS": "eba_BA:x17",
                                "eba_dim:EAQ": "eba_EA:x22",
                                "eba_dim:EPC": "eba_EA:x19",
                                "eba_dim:EXC": "eba_EC:x3",
                                "eba_dim:GBC": "eba_AP:x233",
                                "eba_dim:KUP": "eba_PU:x45"
                            },
                            "eba:documentation": {
                                "CellCode": "{D 09.02.a, r0020, c0080}",
                                "DataPointVersionId": "475674"
                            }
                        },
                        "dp475676": {
                            "decimals": "$decimalsPercentage",
                            "dimensions": {
                                "concept": "eba_met:pi950",
                                "eba_dim:BAS": "eba_BA:x17",
                                "eba_dim:EAQ": "eba_EA:x22",
                                "eba_dim:EPC": "eba_EA:x19",
                                "eba_dim:EXC": "eba_EC:x3",
                                "eba_dim:GBC": "eba_AP:x237",
                                "eba_dim:KUP": "eba_PU:x45"
                            },
                            "eba:documentation": {
                                "CellCode": "{D 09.02.a, r0010, c0080}",
                                "DataPointVersionId": "475676"
                            }
                        },
                        "dp475678": {
                            "decimals": "$decimalsPercentage",
                            "dimensions": {
                                "concept": "eba_met:pi950",
                                "eba_dim:BAS": "eba_BA:x17",
                                "eba_dim:EAQ": "eba_EA:x22",
                                "eba_dim:EPC": "eba_EA:x19",
                                "eba_dim:GBC": "eba_AP:x233"
                            },
                            "eba:documentation": {
                                "CellCode": "{D 09.02.a, r0020, c0070}",
                                "DataPointVersionId": "475678"
                            }
                        },
                        "dp475680": {
                            "decimals": "$decimalsPercentage",
                            "dimensions": {
                                "concept": "eba_met:pi950",
                                "eba_dim:BAS": "eba_BA:x17",
                                "eba_dim:EAQ": "eba_EA:x22",
                                "eba_dim:EPC": "eba_EA:x19",
                                "eba_dim:GBC": "eba_AP:x237"
                            },
                            "eba:documentation": {
                                "CellCode": "{D 09.02.a, r0010, c0070}",
                                "DataPointVersionId": "475680"
                            }
                        },
                        "dp475682": {
                            "decimals": "$decimalsPercentage",
                            "dimensions": {
                                "concept": "eba_met:pi950",
                                "eba_dim:BAS": "eba_BA:x17",
                                "eba_dim:EAQ": "eba_EA:x22",
                                "eba_dim:EPC": "eba_EA:x20",
                                "eba_dim:GBC": "eba_AP:x233"
                            },
                            "eba:documentation": {
                                "CellCode": "{D 09.02.a, r0020, c0060}",
                                "DataPointVersionId": "475682"
                            }
                        },
                        "dp475684": {
                            "decimals": "$decimalsPercentage",
                            "dimensions": {
                                "concept": "eba_met:pi950",
                                "eba_dim:BAS": "eba_BA:x17",
                                "eba_dim:EAQ": "eba_EA:x22",
                                "eba_dim:EPC": "eba_EA:x20",
                                "eba_dim:GBC": "eba_AP:x237"
                            },
                            "eba:documentation": {
                                "CellCode": "{D 09.02.a, r0010, c0060}",
                                "DataPointVersionId": "475684"
                            }
                        },
                        "dp475686": {
                            "decimals": "$decimalsPercentage",
                            "dimensions": {
                                "concept": "eba_met:pi950",
                                "eba_dim:BAS": "eba_BA:x17",
                                "eba_dim:EAQ": "eba_EA:x23",
                                "eba_dim:EAW": "eba_EA:x24",
                                "eba_dim:EPC": "eba_EA:x19",
                                "eba_dim:GBC": "eba_AP:x233"
                            },
                            "eba:documentation": {
                                "CellCode": "{D 09.02.a, r0020, c0150}",
                                "DataPointVersionId": "475686"
                            }
                        },
                        "dp475688": {
                            "decimals": "$decimalsPercentage",
                            "dimensions": {
                                "concept": "eba_met:pi950",
                                "eba_dim:BAS": "eba_BA:x17",
                                "eba_dim:EAQ": "eba_EA:x23",
                                "eba_dim:EAW": "eba_EA:x24",
                                "eba_dim:EPC": "eba_EA:x19",
                                "eba_dim:GBC": "eba_AP:x237"
                            },
                            "eba:documentation": {
                                "CellCode": "{D 09.02.a, r0010, c0150}",
                                "DataPointVersionId": "475688"
                            }
                        },
                        "dp475690": {
                            "decimals": "$decimalsPercentage",
                            "dimensions": {
                                "concept": "eba_met:pi950",
                                "eba_dim:BAS": "eba_BA:x17",
                                "eba_dim:EAQ": "eba_EA:x23",
                                "eba_dim:EAW": "eba_EA:x32",
                                "eba_dim:EPC": "eba_EA:x19",
                                "eba_dim:GBC": "eba_AP:x233"
                            },
                            "eba:documentation": {
                                "CellCode": "{D 09.02.a, r0020, c0140}",
                                "DataPointVersionId": "475690"
                            }
                        },
                        "dp475692": {
                            "decimals": "$decimalsPercentage",
                            "dimensions": {
                                "concept": "eba_met:pi950",
                                "eba_dim:BAS": "eba_BA:x17",
                                "eba_dim:EAQ": "eba_EA:x23",
                                "eba_dim:EAW": "eba_EA:x32",
                                "eba_dim:EPC": "eba_EA:x19",
                                "eba_dim:GBC": "eba_AP:x237"
                            },
                            "eba:documentation": {
                                "CellCode": "{D 09.02.a, r0010, c0140}",
                                "DataPointVersionId": "475692"
                            }
                        },
                        "dp475694": {
                            "decimals": "$decimalsPercentage",
                            "dimensions": {
                                "concept": "eba_met:pi950",
                                "eba_dim:BAS": "eba_BA:x17",
                                "eba_dim:EAQ": "eba_EA:x23",
                                "eba_dim:EPC": "eba_EA:x19",
                                "eba_dim:EXC": "eba_EC:x3",
                                "eba_dim:GBC": "eba_AP:x233",
                                "eba_dim:KUP": "eba_PU:x45"
                            },
                            "eba:documentation": {
                                "CellCode": "{D 09.02.a, r0020, c0130}",
                                "DataPointVersionId": "475694"
                            }
                        },
                        "dp475696": {
                            "decimals": "$decimalsPercentage",
                            "dimensions": {
                                "concept": "eba_met:pi950",
                                "eba_dim:BAS": "eba_BA:x17",
                                "eba_dim:EAQ": "eba_EA:x23",
                                "eba_dim:EPC": "eba_EA:x19",
                                "eba_dim:EXC": "eba_EC:x3",
                                "eba_dim:GBC": "eba_AP:x237",
                                "eba_dim:KUP": "eba_PU:x45"
                            },
                            "eba:documentation": {
                                "CellCode": "{D 09.02.a, r0010, c0130}",
                                "DataPointVersionId": "475696"
                            }
                        },
                        "dp475698": {
                            "decimals": "$decimalsPercentage",
                            "dimensions": {
                                "concept": "eba_met:pi950",
                                "eba_dim:BAS": "eba_BA:x17",
                                "eba_dim:EAQ": "eba_EA:x23",
                                "eba_dim:EPC": "eba_EA:x19",
                                "eba_dim:GBC": "eba_AP:x233"
                            },
                            "eba:documentation": {
                                "CellCode": "{D 09.02.a, r0020, c0120}",
                                "DataPointVersionId": "475698"
                            }
                        },
                        "dp475700": {
                            "decimals": "$decimalsPercentage",
                            "dimensions": {
                                "concept": "eba_met:pi950",
                                "eba_dim:BAS": "eba_BA:x17",
                                "eba_dim:EAQ": "eba_EA:x23",
                                "eba_dim:EPC": "eba_EA:x19",
                                "eba_dim:GBC": "eba_AP:x237"
                            },
                            "eba:documentation": {
                                "CellCode": "{D 09.02.a, r0010, c0120}",
                                "DataPointVersionId": "475700"
                            }
                        },
                        "dp475702": {
                            "decimals": "$decimalsPercentage",
                            "dimensions": {
                                "concept": "eba_met:pi950",
                                "eba_dim:BAS": "eba_BA:x17",
                                "eba_dim:EAQ": "eba_EA:x23",
                                "eba_dim:EPC": "eba_EA:x20",
                                "eba_dim:GBC": "eba_AP:x233"
                            },
                            "eba:documentation": {
                                "CellCode": "{D 09.02.a, r0020, c0110}",
                                "DataPointVersionId": "475702"
                            }
                        },
                        "dp475704": {
                            "decimals": "$decimalsPercentage",
                            "dimensions": {
                                "concept": "eba_met:pi950",
                                "eba_dim:BAS": "eba_BA:x17",
                                "eba_dim:EAQ": "eba_EA:x23",
                                "eba_dim:EPC": "eba_EA:x20",
                                "eba_dim:GBC": "eba_AP:x237"
                            },
                            "eba:documentation": {
                                "CellCode": "{D 09.02.a, r0010, c0110}",
                                "DataPointVersionId": "475704"
                            }
                        }
                    }
                },
                "factValue": {
                    "dimensions": {},
                    "propertiesFrom": [
                        "datapoint"
                    ]
                }
            }
        }
    }
}