﻿<?xml version="1.0" encoding="utf-8"?>
<?taxonomy-version 1.0.0.0 ?>  <?taxonomy-set-overall-version 3.3.0.0 ?>
<!--(C) EBA-->
<link:linkbase xmlns:xsi="http://www.w3.org/2001/XMLSchema-instance" xmlns:xlink="http://www.w3.org/1999/xlink" xmlns:link="http://www.xbrl.org/2003/linkbase" xmlns:gen="http://xbrl.org/2008/generic" xmlns:label="http://xbrl.org/2008/label" xsi:schemaLocation="http://www.xbrl.org/2003/linkbase http://www.xbrl.org/2003/xbrl-linkbase-2003-12-31.xsd http://xbrl.org/2008/generic http://www.xbrl.org/2008/generic-link.xsd http://xbrl.org/2008/label http://www.xbrl.org/2008/generic-label.xsd">
  <link:arcroleRef arcroleURI="http://xbrl.org/arcrole/2008/element-label" xlink:type="simple" xlink:href="http://www.xbrl.org/2008/generic-label.xsd#element-label" />
  <link:roleRef roleURI="http://www.eba.europa.eu/xbrl/role/dpm-db-id" xlink:type="simple" xlink:href="http://www.eba.europa.eu/eu/fr/xbrl/ext/model.xsd#dpm-db-id" />
  <link:roleRef roleURI="http://www.eurofiling.info/xbrl/role/filing-indicator-code" xlink:type="simple" xlink:href="http://www.eurofiling.info/eu/fr/xbrl/ext/model.xsd#filing-indicator-code" />
  <link:roleRef roleURI="http://www.eurofiling.info/xbrl/role/rc-code" xlink:type="simple" xlink:href="http://www.eurofiling.info/eu/fr/xbrl/ext/model.xsd#rc-code" />
  <gen:link xlink:type="extended" xlink:role="http://www.xbrl.org/2003/role/link">
    <link:loc xlink:type="locator" xlink:href="d_09.02.a-rend.xml#eba_tD_09.02.a" xlink:label="loc_eba_tD_09.02.a" />
    <label:label xlink:type="resource" xlink:label="label_eba_tD_09.02.a" xml:lang="en" xlink:role="http://www.eurofiling.info/xbrl/role/rc-code">D 09.02.a</label:label>
    <gen:arc xlink:type="arc" xlink:arcrole="http://xbrl.org/arcrole/2008/element-label" xlink:from="loc_eba_tD_09.02.a" xlink:to="label_eba_tD_09.02.a" />
    <link:loc xlink:type="locator" xlink:href="d_09.02.a-rend.xml#eba_c86728" xlink:label="loc_eba_c86728" />
    <label:label xlink:type="resource" xlink:label="label_eba_c86728" xml:lang="en" xlink:role="http://www.eurofiling.info/xbrl/role/rc-code">0008</label:label>
    <gen:arc xlink:type="arc" xlink:arcrole="http://xbrl.org/arcrole/2008/element-label" xlink:from="loc_eba_c86728" xlink:to="label_eba_c86728" />
    <link:loc xlink:type="locator" xlink:href="d_09.02.a-rend.xml#eba_c86729" xlink:label="loc_eba_c86729" />
    <label:label xlink:type="resource" xlink:label="label_eba_c86729" xml:lang="en" xlink:role="http://www.eurofiling.info/xbrl/role/rc-code">0009</label:label>
    <gen:arc xlink:type="arc" xlink:arcrole="http://xbrl.org/arcrole/2008/element-label" xlink:from="loc_eba_c86729" xlink:to="label_eba_c86729" />
    <link:loc xlink:type="locator" xlink:href="d_09.02.a-rend.xml#eba_c86730" xlink:label="loc_eba_c86730" />
    <label:label xlink:type="resource" xlink:label="label_eba_c86730" xml:lang="en" xlink:role="http://www.eurofiling.info/xbrl/role/rc-code">0010</label:label>
    <gen:arc xlink:type="arc" xlink:arcrole="http://xbrl.org/arcrole/2008/element-label" xlink:from="loc_eba_c86730" xlink:to="label_eba_c86730" />
    <link:loc xlink:type="locator" xlink:href="d_09.02.a-rend.xml#eba_c86731" xlink:label="loc_eba_c86731" />
    <label:label xlink:type="resource" xlink:label="label_eba_c86731" xml:lang="en" xlink:role="http://www.eurofiling.info/xbrl/role/rc-code">0020</label:label>
    <gen:arc xlink:type="arc" xlink:arcrole="http://xbrl.org/arcrole/2008/element-label" xlink:from="loc_eba_c86731" xlink:to="label_eba_c86731" />
    <link:loc xlink:type="locator" xlink:href="d_09.02.a-rend.xml#eba_c86732" xlink:label="loc_eba_c86732" />
    <label:label xlink:type="resource" xlink:label="label_eba_c86732" xml:lang="en" xlink:role="http://www.eurofiling.info/xbrl/role/rc-code">0030</label:label>
    <gen:arc xlink:type="arc" xlink:arcrole="http://xbrl.org/arcrole/2008/element-label" xlink:from="loc_eba_c86732" xlink:to="label_eba_c86732" />
    <link:loc xlink:type="locator" xlink:href="d_09.02.a-rend.xml#eba_c86733" xlink:label="loc_eba_c86733" />
    <label:label xlink:type="resource" xlink:label="label_eba_c86733" xml:lang="en" xlink:role="http://www.eurofiling.info/xbrl/role/rc-code">0040</label:label>
    <gen:arc xlink:type="arc" xlink:arcrole="http://xbrl.org/arcrole/2008/element-label" xlink:from="loc_eba_c86733" xlink:to="label_eba_c86733" />
    <link:loc xlink:type="locator" xlink:href="d_09.02.a-rend.xml#eba_c86734" xlink:label="loc_eba_c86734" />
    <label:label xlink:type="resource" xlink:label="label_eba_c86734" xml:lang="en" xlink:role="http://www.eurofiling.info/xbrl/role/rc-code">0050</label:label>
    <gen:arc xlink:type="arc" xlink:arcrole="http://xbrl.org/arcrole/2008/element-label" xlink:from="loc_eba_c86734" xlink:to="label_eba_c86734" />
    <link:loc xlink:type="locator" xlink:href="d_09.02.a-rend.xml#eba_c86735" xlink:label="loc_eba_c86735" />
    <label:label xlink:type="resource" xlink:label="label_eba_c86735" xml:lang="en" xlink:role="http://www.eurofiling.info/xbrl/role/rc-code">0059</label:label>
    <gen:arc xlink:type="arc" xlink:arcrole="http://xbrl.org/arcrole/2008/element-label" xlink:from="loc_eba_c86735" xlink:to="label_eba_c86735" />
    <link:loc xlink:type="locator" xlink:href="d_09.02.a-rend.xml#eba_c86736" xlink:label="loc_eba_c86736" />
    <label:label xlink:type="resource" xlink:label="label_eba_c86736" xml:lang="en" xlink:role="http://www.eurofiling.info/xbrl/role/rc-code">0060</label:label>
    <gen:arc xlink:type="arc" xlink:arcrole="http://xbrl.org/arcrole/2008/element-label" xlink:from="loc_eba_c86736" xlink:to="label_eba_c86736" />
    <link:loc xlink:type="locator" xlink:href="d_09.02.a-rend.xml#eba_c86737" xlink:label="loc_eba_c86737" />
    <label:label xlink:type="resource" xlink:label="label_eba_c86737" xml:lang="en" xlink:role="http://www.eurofiling.info/xbrl/role/rc-code">0070</label:label>
    <gen:arc xlink:type="arc" xlink:arcrole="http://xbrl.org/arcrole/2008/element-label" xlink:from="loc_eba_c86737" xlink:to="label_eba_c86737" />
    <link:loc xlink:type="locator" xlink:href="d_09.02.a-rend.xml#eba_c86738" xlink:label="loc_eba_c86738" />
    <label:label xlink:type="resource" xlink:label="label_eba_c86738" xml:lang="en" xlink:role="http://www.eurofiling.info/xbrl/role/rc-code">0080</label:label>
    <gen:arc xlink:type="arc" xlink:arcrole="http://xbrl.org/arcrole/2008/element-label" xlink:from="loc_eba_c86738" xlink:to="label_eba_c86738" />
    <link:loc xlink:type="locator" xlink:href="d_09.02.a-rend.xml#eba_c86739" xlink:label="loc_eba_c86739" />
    <label:label xlink:type="resource" xlink:label="label_eba_c86739" xml:lang="en" xlink:role="http://www.eurofiling.info/xbrl/role/rc-code">0090</label:label>
    <gen:arc xlink:type="arc" xlink:arcrole="http://xbrl.org/arcrole/2008/element-label" xlink:from="loc_eba_c86739" xlink:to="label_eba_c86739" />
    <link:loc xlink:type="locator" xlink:href="d_09.02.a-rend.xml#eba_c86740" xlink:label="loc_eba_c86740" />
    <label:label xlink:type="resource" xlink:label="label_eba_c86740" xml:lang="en" xlink:role="http://www.eurofiling.info/xbrl/role/rc-code">0100</label:label>
    <gen:arc xlink:type="arc" xlink:arcrole="http://xbrl.org/arcrole/2008/element-label" xlink:from="loc_eba_c86740" xlink:to="label_eba_c86740" />
    <link:loc xlink:type="locator" xlink:href="d_09.02.a-rend.xml#eba_c86741" xlink:label="loc_eba_c86741" />
    <label:label xlink:type="resource" xlink:label="label_eba_c86741" xml:lang="en" xlink:role="http://www.eurofiling.info/xbrl/role/rc-code">0109</label:label>
    <gen:arc xlink:type="arc" xlink:arcrole="http://xbrl.org/arcrole/2008/element-label" xlink:from="loc_eba_c86741" xlink:to="label_eba_c86741" />
    <link:loc xlink:type="locator" xlink:href="d_09.02.a-rend.xml#eba_c86742" xlink:label="loc_eba_c86742" />
    <label:label xlink:type="resource" xlink:label="label_eba_c86742" xml:lang="en" xlink:role="http://www.eurofiling.info/xbrl/role/rc-code">0110</label:label>
    <gen:arc xlink:type="arc" xlink:arcrole="http://xbrl.org/arcrole/2008/element-label" xlink:from="loc_eba_c86742" xlink:to="label_eba_c86742" />
    <link:loc xlink:type="locator" xlink:href="d_09.02.a-rend.xml#eba_c86743" xlink:label="loc_eba_c86743" />
    <label:label xlink:type="resource" xlink:label="label_eba_c86743" xml:lang="en" xlink:role="http://www.eurofiling.info/xbrl/role/rc-code">0120</label:label>
    <gen:arc xlink:type="arc" xlink:arcrole="http://xbrl.org/arcrole/2008/element-label" xlink:from="loc_eba_c86743" xlink:to="label_eba_c86743" />
    <link:loc xlink:type="locator" xlink:href="d_09.02.a-rend.xml#eba_c86744" xlink:label="loc_eba_c86744" />
    <label:label xlink:type="resource" xlink:label="label_eba_c86744" xml:lang="en" xlink:role="http://www.eurofiling.info/xbrl/role/rc-code">0130</label:label>
    <gen:arc xlink:type="arc" xlink:arcrole="http://xbrl.org/arcrole/2008/element-label" xlink:from="loc_eba_c86744" xlink:to="label_eba_c86744" />
    <link:loc xlink:type="locator" xlink:href="d_09.02.a-rend.xml#eba_c86745" xlink:label="loc_eba_c86745" />
    <label:label xlink:type="resource" xlink:label="label_eba_c86745" xml:lang="en" xlink:role="http://www.eurofiling.info/xbrl/role/rc-code">0140</label:label>
    <gen:arc xlink:type="arc" xlink:arcrole="http://xbrl.org/arcrole/2008/element-label" xlink:from="loc_eba_c86745" xlink:to="label_eba_c86745" />
    <link:loc xlink:type="locator" xlink:href="d_09.02.a-rend.xml#eba_c86746" xlink:label="loc_eba_c86746" />
    <label:label xlink:type="resource" xlink:label="label_eba_c86746" xml:lang="en" xlink:role="http://www.eurofiling.info/xbrl/role/rc-code">0150</label:label>
    <gen:arc xlink:type="arc" xlink:arcrole="http://xbrl.org/arcrole/2008/element-label" xlink:from="loc_eba_c86746" xlink:to="label_eba_c86746" />
    <link:loc xlink:type="locator" xlink:href="d_09.02.a-rend.xml#eba_c86747" xlink:label="loc_eba_c86747" />
    <label:label xlink:type="resource" xlink:label="label_eba_c86747" xml:lang="en" xlink:role="http://www.eurofiling.info/xbrl/role/rc-code">0010</label:label>
    <gen:arc xlink:type="arc" xlink:arcrole="http://xbrl.org/arcrole/2008/element-label" xlink:from="loc_eba_c86747" xlink:to="label_eba_c86747" />
    <link:loc xlink:type="locator" xlink:href="d_09.02.a-rend.xml#eba_c86748" xlink:label="loc_eba_c86748" />
    <label:label xlink:type="resource" xlink:label="label_eba_c86748" xml:lang="en" xlink:role="http://www.eurofiling.info/xbrl/role/rc-code">0020</label:label>
    <gen:arc xlink:type="arc" xlink:arcrole="http://xbrl.org/arcrole/2008/element-label" xlink:from="loc_eba_c86748" xlink:to="label_eba_c86748" />
    <link:loc xlink:type="locator" xlink:href="d_09.02.a-rend.xml#eba_c86749" xlink:label="loc_eba_c86749" />
    <label:label xlink:type="resource" xlink:label="label_eba_c86749" xml:lang="en" xlink:role="http://www.eurofiling.info/xbrl/role/rc-code">0030</label:label>
    <gen:arc xlink:type="arc" xlink:arcrole="http://xbrl.org/arcrole/2008/element-label" xlink:from="loc_eba_c86749" xlink:to="label_eba_c86749" />
    <link:loc xlink:type="locator" xlink:href="d_09.02.a-rend.xml#eba_c86750" xlink:label="loc_eba_c86750" />
    <label:label xlink:type="resource" xlink:label="label_eba_c86750" xml:lang="en" xlink:role="http://www.eurofiling.info/xbrl/role/rc-code">0040</label:label>
    <gen:arc xlink:type="arc" xlink:arcrole="http://xbrl.org/arcrole/2008/element-label" xlink:from="loc_eba_c86750" xlink:to="label_eba_c86750" />
    <link:loc xlink:type="locator" xlink:href="d_09.02.a-rend.xml#eba_c86751" xlink:label="loc_eba_c86751" />
    <label:label xlink:type="resource" xlink:label="label_eba_c86751" xml:lang="en" xlink:role="http://www.eurofiling.info/xbrl/role/rc-code">0050</label:label>
    <gen:arc xlink:type="arc" xlink:arcrole="http://xbrl.org/arcrole/2008/element-label" xlink:from="loc_eba_c86751" xlink:to="label_eba_c86751" />
    <link:loc xlink:type="locator" xlink:href="d_09.02.a-rend.xml#eba_c86752" xlink:label="loc_eba_c86752" />
    <label:label xlink:type="resource" xlink:label="label_eba_c86752" xml:lang="en" xlink:role="http://www.eurofiling.info/xbrl/role/rc-code">0060</label:label>
    <gen:arc xlink:type="arc" xlink:arcrole="http://xbrl.org/arcrole/2008/element-label" xlink:from="loc_eba_c86752" xlink:to="label_eba_c86752" />
    <label:label xlink:type="resource" xlink:label="label_eba_tD_09.02.a_1" xml:lang="en" xlink:role="http://www.eurofiling.info/xbrl/role/filing-indicator-code">D_09.02</label:label>
    <gen:arc xlink:type="arc" xlink:arcrole="http://xbrl.org/arcrole/2008/element-label" xlink:from="loc_eba_tD_09.02.a" xlink:to="label_eba_tD_09.02.a_1" />
    <label:label xlink:type="resource" xlink:label="label_eba_tD_09.02.a_2" xml:lang="en" xlink:role="http://www.eba.europa.eu/xbrl/role/dpm-db-id">816.2313</label:label>
    <gen:arc xlink:type="arc" xlink:arcrole="http://xbrl.org/arcrole/2008/element-label" xlink:from="loc_eba_tD_09.02.a" xlink:to="label_eba_tD_09.02.a_2" />
    <label:label xlink:type="resource" xlink:label="label_eba_c86728_1" xml:lang="en" xlink:role="http://www.eba.europa.eu/xbrl/role/dpm-db-id">86728</label:label>
    <gen:arc xlink:type="arc" xlink:arcrole="http://xbrl.org/arcrole/2008/element-label" xlink:from="loc_eba_c86728" xlink:to="label_eba_c86728_1" />
    <label:label xlink:type="resource" xlink:label="label_eba_c86729_1" xml:lang="en" xlink:role="http://www.eba.europa.eu/xbrl/role/dpm-db-id">86729</label:label>
    <gen:arc xlink:type="arc" xlink:arcrole="http://xbrl.org/arcrole/2008/element-label" xlink:from="loc_eba_c86729" xlink:to="label_eba_c86729_1" />
    <label:label xlink:type="resource" xlink:label="label_eba_c86730_1" xml:lang="en" xlink:role="http://www.eba.europa.eu/xbrl/role/dpm-db-id">86730</label:label>
    <gen:arc xlink:type="arc" xlink:arcrole="http://xbrl.org/arcrole/2008/element-label" xlink:from="loc_eba_c86730" xlink:to="label_eba_c86730_1" />
    <label:label xlink:type="resource" xlink:label="label_eba_c86731_1" xml:lang="en" xlink:role="http://www.eba.europa.eu/xbrl/role/dpm-db-id">86731</label:label>
    <gen:arc xlink:type="arc" xlink:arcrole="http://xbrl.org/arcrole/2008/element-label" xlink:from="loc_eba_c86731" xlink:to="label_eba_c86731_1" />
    <label:label xlink:type="resource" xlink:label="label_eba_c86732_1" xml:lang="en" xlink:role="http://www.eba.europa.eu/xbrl/role/dpm-db-id">86732</label:label>
    <gen:arc xlink:type="arc" xlink:arcrole="http://xbrl.org/arcrole/2008/element-label" xlink:from="loc_eba_c86732" xlink:to="label_eba_c86732_1" />
    <label:label xlink:type="resource" xlink:label="label_eba_c86733_1" xml:lang="en" xlink:role="http://www.eba.europa.eu/xbrl/role/dpm-db-id">86733</label:label>
    <gen:arc xlink:type="arc" xlink:arcrole="http://xbrl.org/arcrole/2008/element-label" xlink:from="loc_eba_c86733" xlink:to="label_eba_c86733_1" />
    <label:label xlink:type="resource" xlink:label="label_eba_c86734_1" xml:lang="en" xlink:role="http://www.eba.europa.eu/xbrl/role/dpm-db-id">86734</label:label>
    <gen:arc xlink:type="arc" xlink:arcrole="http://xbrl.org/arcrole/2008/element-label" xlink:from="loc_eba_c86734" xlink:to="label_eba_c86734_1" />
    <label:label xlink:type="resource" xlink:label="label_eba_c86735_1" xml:lang="en" xlink:role="http://www.eba.europa.eu/xbrl/role/dpm-db-id">86735</label:label>
    <gen:arc xlink:type="arc" xlink:arcrole="http://xbrl.org/arcrole/2008/element-label" xlink:from="loc_eba_c86735" xlink:to="label_eba_c86735_1" />
    <label:label xlink:type="resource" xlink:label="label_eba_c86736_1" xml:lang="en" xlink:role="http://www.eba.europa.eu/xbrl/role/dpm-db-id">86736</label:label>
    <gen:arc xlink:type="arc" xlink:arcrole="http://xbrl.org/arcrole/2008/element-label" xlink:from="loc_eba_c86736" xlink:to="label_eba_c86736_1" />
    <label:label xlink:type="resource" xlink:label="label_eba_c86737_1" xml:lang="en" xlink:role="http://www.eba.europa.eu/xbrl/role/dpm-db-id">86737</label:label>
    <gen:arc xlink:type="arc" xlink:arcrole="http://xbrl.org/arcrole/2008/element-label" xlink:from="loc_eba_c86737" xlink:to="label_eba_c86737_1" />
    <label:label xlink:type="resource" xlink:label="label_eba_c86738_1" xml:lang="en" xlink:role="http://www.eba.europa.eu/xbrl/role/dpm-db-id">86738</label:label>
    <gen:arc xlink:type="arc" xlink:arcrole="http://xbrl.org/arcrole/2008/element-label" xlink:from="loc_eba_c86738" xlink:to="label_eba_c86738_1" />
    <label:label xlink:type="resource" xlink:label="label_eba_c86739_1" xml:lang="en" xlink:role="http://www.eba.europa.eu/xbrl/role/dpm-db-id">86739</label:label>
    <gen:arc xlink:type="arc" xlink:arcrole="http://xbrl.org/arcrole/2008/element-label" xlink:from="loc_eba_c86739" xlink:to="label_eba_c86739_1" />
    <label:label xlink:type="resource" xlink:label="label_eba_c86740_1" xml:lang="en" xlink:role="http://www.eba.europa.eu/xbrl/role/dpm-db-id">86740</label:label>
    <gen:arc xlink:type="arc" xlink:arcrole="http://xbrl.org/arcrole/2008/element-label" xlink:from="loc_eba_c86740" xlink:to="label_eba_c86740_1" />
    <label:label xlink:type="resource" xlink:label="label_eba_c86741_1" xml:lang="en" xlink:role="http://www.eba.europa.eu/xbrl/role/dpm-db-id">86741</label:label>
    <gen:arc xlink:type="arc" xlink:arcrole="http://xbrl.org/arcrole/2008/element-label" xlink:from="loc_eba_c86741" xlink:to="label_eba_c86741_1" />
    <label:label xlink:type="resource" xlink:label="label_eba_c86742_1" xml:lang="en" xlink:role="http://www.eba.europa.eu/xbrl/role/dpm-db-id">86742</label:label>
    <gen:arc xlink:type="arc" xlink:arcrole="http://xbrl.org/arcrole/2008/element-label" xlink:from="loc_eba_c86742" xlink:to="label_eba_c86742_1" />
    <label:label xlink:type="resource" xlink:label="label_eba_c86743_1" xml:lang="en" xlink:role="http://www.eba.europa.eu/xbrl/role/dpm-db-id">86743</label:label>
    <gen:arc xlink:type="arc" xlink:arcrole="http://xbrl.org/arcrole/2008/element-label" xlink:from="loc_eba_c86743" xlink:to="label_eba_c86743_1" />
    <label:label xlink:type="resource" xlink:label="label_eba_c86744_1" xml:lang="en" xlink:role="http://www.eba.europa.eu/xbrl/role/dpm-db-id">86744</label:label>
    <gen:arc xlink:type="arc" xlink:arcrole="http://xbrl.org/arcrole/2008/element-label" xlink:from="loc_eba_c86744" xlink:to="label_eba_c86744_1" />
    <label:label xlink:type="resource" xlink:label="label_eba_c86745_1" xml:lang="en" xlink:role="http://www.eba.europa.eu/xbrl/role/dpm-db-id">86745</label:label>
    <gen:arc xlink:type="arc" xlink:arcrole="http://xbrl.org/arcrole/2008/element-label" xlink:from="loc_eba_c86745" xlink:to="label_eba_c86745_1" />
    <label:label xlink:type="resource" xlink:label="label_eba_c86746_1" xml:lang="en" xlink:role="http://www.eba.europa.eu/xbrl/role/dpm-db-id">86746</label:label>
    <gen:arc xlink:type="arc" xlink:arcrole="http://xbrl.org/arcrole/2008/element-label" xlink:from="loc_eba_c86746" xlink:to="label_eba_c86746_1" />
    <label:label xlink:type="resource" xlink:label="label_eba_c86747_1" xml:lang="en" xlink:role="http://www.eba.europa.eu/xbrl/role/dpm-db-id">86747</label:label>
    <gen:arc xlink:type="arc" xlink:arcrole="http://xbrl.org/arcrole/2008/element-label" xlink:from="loc_eba_c86747" xlink:to="label_eba_c86747_1" />
    <label:label xlink:type="resource" xlink:label="label_eba_c86748_1" xml:lang="en" xlink:role="http://www.eba.europa.eu/xbrl/role/dpm-db-id">86748</label:label>
    <gen:arc xlink:type="arc" xlink:arcrole="http://xbrl.org/arcrole/2008/element-label" xlink:from="loc_eba_c86748" xlink:to="label_eba_c86748_1" />
    <label:label xlink:type="resource" xlink:label="label_eba_c86749_1" xml:lang="en" xlink:role="http://www.eba.europa.eu/xbrl/role/dpm-db-id">86749</label:label>
    <gen:arc xlink:type="arc" xlink:arcrole="http://xbrl.org/arcrole/2008/element-label" xlink:from="loc_eba_c86749" xlink:to="label_eba_c86749_1" />
    <label:label xlink:type="resource" xlink:label="label_eba_c86750_1" xml:lang="en" xlink:role="http://www.eba.europa.eu/xbrl/role/dpm-db-id">86750</label:label>
    <gen:arc xlink:type="arc" xlink:arcrole="http://xbrl.org/arcrole/2008/element-label" xlink:from="loc_eba_c86750" xlink:to="label_eba_c86750_1" />
    <label:label xlink:type="resource" xlink:label="label_eba_c86751_1" xml:lang="en" xlink:role="http://www.eba.europa.eu/xbrl/role/dpm-db-id">86751</label:label>
    <gen:arc xlink:type="arc" xlink:arcrole="http://xbrl.org/arcrole/2008/element-label" xlink:from="loc_eba_c86751" xlink:to="label_eba_c86751_1" />
    <label:label xlink:type="resource" xlink:label="label_eba_c86752_1" xml:lang="en" xlink:role="http://www.eba.europa.eu/xbrl/role/dpm-db-id">86752</label:label>
    <gen:arc xlink:type="arc" xlink:arcrole="http://xbrl.org/arcrole/2008/element-label" xlink:from="loc_eba_c86752" xlink:to="label_eba_c86752_1" />
  </gen:link>
</link:linkbase>