﻿<?xml version="1.0" encoding="utf-8"?>
<?taxonomy-version 1.0.0.0 ?>  <?taxonomy-set-overall-version 3.3.0.0 ?>
<!--(C) EBA-->
<link:linkbase xmlns:xsi="http://www.w3.org/2001/XMLSchema-instance" xmlns:xlink="http://www.w3.org/1999/xlink" xmlns:link="http://www.xbrl.org/2003/linkbase" xmlns:gen="http://xbrl.org/2008/generic" xmlns:label="http://xbrl.org/2008/label" xsi:schemaLocation="http://www.xbrl.org/2003/linkbase http://www.xbrl.org/2003/xbrl-linkbase-2003-12-31.xsd http://xbrl.org/2008/generic http://www.xbrl.org/2008/generic-link.xsd http://xbrl.org/2008/label http://www.xbrl.org/2008/generic-label.xsd">
  <link:arcroleRef arcroleURI="http://xbrl.org/arcrole/2008/element-label" xlink:type="simple" xlink:href="http://www.xbrl.org/2008/generic-label.xsd#element-label" />
  <link:roleRef roleURI="http://www.eba.europa.eu/xbrl/role/dpm-db-id" xlink:type="simple" xlink:href="http://www.eba.europa.eu/eu/fr/xbrl/ext/model.xsd#dpm-db-id" />
  <link:roleRef roleURI="http://www.eurofiling.info/xbrl/role/filing-indicator-code" xlink:type="simple" xlink:href="http://www.eurofiling.info/eu/fr/xbrl/ext/model.xsd#filing-indicator-code" />
  <link:roleRef roleURI="http://www.eurofiling.info/xbrl/role/rc-code" xlink:type="simple" xlink:href="http://www.eurofiling.info/eu/fr/xbrl/ext/model.xsd#rc-code" />
  <gen:link xlink:type="extended" xlink:role="http://www.xbrl.org/2003/role/link">
    <link:loc xlink:type="locator" xlink:href="d_08.00.e-rend.xml#eba_tD_08.00.e" xlink:label="loc_eba_tD_08.00.e" />
    <label:label xlink:type="resource" xlink:label="label_eba_tD_08.00.e" xml:lang="en" xlink:role="http://www.eurofiling.info/xbrl/role/rc-code">D 08.00.e</label:label>
    <gen:arc xlink:type="arc" xlink:arcrole="http://xbrl.org/arcrole/2008/element-label" xlink:from="loc_eba_tD_08.00.e" xlink:to="label_eba_tD_08.00.e" />
    <link:loc xlink:type="locator" xlink:href="d_08.00.e-rend.xml#eba_c86901" xlink:label="loc_eba_c86901" />
    <label:label xlink:type="resource" xlink:label="label_eba_c86901" xml:lang="en" xlink:role="http://www.eurofiling.info/xbrl/role/rc-code">0004</label:label>
    <gen:arc xlink:type="arc" xlink:arcrole="http://xbrl.org/arcrole/2008/element-label" xlink:from="loc_eba_c86901" xlink:to="label_eba_c86901" />
    <link:loc xlink:type="locator" xlink:href="d_08.00.e-rend.xml#eba_c86902" xlink:label="loc_eba_c86902" />
    <label:label xlink:type="resource" xlink:label="label_eba_c86902" xml:lang="en" xlink:role="http://www.eurofiling.info/xbrl/role/rc-code">0160</label:label>
    <gen:arc xlink:type="arc" xlink:arcrole="http://xbrl.org/arcrole/2008/element-label" xlink:from="loc_eba_c86902" xlink:to="label_eba_c86902" />
    <link:loc xlink:type="locator" xlink:href="d_08.00.e-rend.xml#eba_c86903" xlink:label="loc_eba_c86903" />
    <label:label xlink:type="resource" xlink:label="label_eba_c86903" xml:lang="en" xlink:role="http://www.eurofiling.info/xbrl/role/rc-code">0164</label:label>
    <gen:arc xlink:type="arc" xlink:arcrole="http://xbrl.org/arcrole/2008/element-label" xlink:from="loc_eba_c86903" xlink:to="label_eba_c86903" />
    <link:loc xlink:type="locator" xlink:href="d_08.00.e-rend.xml#eba_c86904" xlink:label="loc_eba_c86904" />
    <label:label xlink:type="resource" xlink:label="label_eba_c86904" xml:lang="en" xlink:role="http://www.eurofiling.info/xbrl/role/rc-code">0320</label:label>
    <gen:arc xlink:type="arc" xlink:arcrole="http://xbrl.org/arcrole/2008/element-label" xlink:from="loc_eba_c86904" xlink:to="label_eba_c86904" />
    <link:loc xlink:type="locator" xlink:href="d_08.00.e-rend.xml#eba_c86669" xlink:label="loc_eba_c86669" />
    <label:label xlink:type="resource" xlink:label="label_eba_c86669" xml:lang="en" xlink:role="http://www.eurofiling.info/xbrl/role/rc-code">0010</label:label>
    <gen:arc xlink:type="arc" xlink:arcrole="http://xbrl.org/arcrole/2008/element-label" xlink:from="loc_eba_c86669" xlink:to="label_eba_c86669" />
    <link:loc xlink:type="locator" xlink:href="d_08.00.e-rend.xml#eba_c86670" xlink:label="loc_eba_c86670" />
    <label:label xlink:type="resource" xlink:label="label_eba_c86670" xml:lang="en" xlink:role="http://www.eurofiling.info/xbrl/role/rc-code">0020</label:label>
    <gen:arc xlink:type="arc" xlink:arcrole="http://xbrl.org/arcrole/2008/element-label" xlink:from="loc_eba_c86670" xlink:to="label_eba_c86670" />
    <link:loc xlink:type="locator" xlink:href="d_08.00.e-rend.xml#eba_c86671" xlink:label="loc_eba_c86671" />
    <label:label xlink:type="resource" xlink:label="label_eba_c86671" xml:lang="en" xlink:role="http://www.eurofiling.info/xbrl/role/rc-code">0030</label:label>
    <gen:arc xlink:type="arc" xlink:arcrole="http://xbrl.org/arcrole/2008/element-label" xlink:from="loc_eba_c86671" xlink:to="label_eba_c86671" />
    <link:loc xlink:type="locator" xlink:href="d_08.00.e-rend.xml#eba_c86672" xlink:label="loc_eba_c86672" />
    <label:label xlink:type="resource" xlink:label="label_eba_c86672" xml:lang="en" xlink:role="http://www.eurofiling.info/xbrl/role/rc-code">0040</label:label>
    <gen:arc xlink:type="arc" xlink:arcrole="http://xbrl.org/arcrole/2008/element-label" xlink:from="loc_eba_c86672" xlink:to="label_eba_c86672" />
    <link:loc xlink:type="locator" xlink:href="d_08.00.e-rend.xml#eba_c86673" xlink:label="loc_eba_c86673" />
    <label:label xlink:type="resource" xlink:label="label_eba_c86673" xml:lang="en" xlink:role="http://www.eurofiling.info/xbrl/role/rc-code">0050</label:label>
    <gen:arc xlink:type="arc" xlink:arcrole="http://xbrl.org/arcrole/2008/element-label" xlink:from="loc_eba_c86673" xlink:to="label_eba_c86673" />
    <link:loc xlink:type="locator" xlink:href="d_08.00.e-rend.xml#eba_c86674" xlink:label="loc_eba_c86674" />
    <label:label xlink:type="resource" xlink:label="label_eba_c86674" xml:lang="en" xlink:role="http://www.eurofiling.info/xbrl/role/rc-code">0060</label:label>
    <gen:arc xlink:type="arc" xlink:arcrole="http://xbrl.org/arcrole/2008/element-label" xlink:from="loc_eba_c86674" xlink:to="label_eba_c86674" />
    <link:loc xlink:type="locator" xlink:href="d_08.00.e-rend.xml#eba_c86675" xlink:label="loc_eba_c86675" />
    <label:label xlink:type="resource" xlink:label="label_eba_c86675" xml:lang="en" xlink:role="http://www.eurofiling.info/xbrl/role/rc-code">0070</label:label>
    <gen:arc xlink:type="arc" xlink:arcrole="http://xbrl.org/arcrole/2008/element-label" xlink:from="loc_eba_c86675" xlink:to="label_eba_c86675" />
    <link:loc xlink:type="locator" xlink:href="d_08.00.e-rend.xml#eba_c86676" xlink:label="loc_eba_c86676" />
    <label:label xlink:type="resource" xlink:label="label_eba_c86676" xml:lang="en" xlink:role="http://www.eurofiling.info/xbrl/role/rc-code">0080</label:label>
    <gen:arc xlink:type="arc" xlink:arcrole="http://xbrl.org/arcrole/2008/element-label" xlink:from="loc_eba_c86676" xlink:to="label_eba_c86676" />
    <link:loc xlink:type="locator" xlink:href="d_08.00.e-rend.xml#eba_c86677" xlink:label="loc_eba_c86677" />
    <label:label xlink:type="resource" xlink:label="label_eba_c86677" xml:lang="en" xlink:role="http://www.eurofiling.info/xbrl/role/rc-code">0090</label:label>
    <gen:arc xlink:type="arc" xlink:arcrole="http://xbrl.org/arcrole/2008/element-label" xlink:from="loc_eba_c86677" xlink:to="label_eba_c86677" />
    <link:loc xlink:type="locator" xlink:href="d_08.00.e-rend.xml#eba_c86678" xlink:label="loc_eba_c86678" />
    <label:label xlink:type="resource" xlink:label="label_eba_c86678" xml:lang="en" xlink:role="http://www.eurofiling.info/xbrl/role/rc-code">0100</label:label>
    <gen:arc xlink:type="arc" xlink:arcrole="http://xbrl.org/arcrole/2008/element-label" xlink:from="loc_eba_c86678" xlink:to="label_eba_c86678" />
    <link:loc xlink:type="locator" xlink:href="d_08.00.e-rend.xml#eba_c86679" xlink:label="loc_eba_c86679" />
    <label:label xlink:type="resource" xlink:label="label_eba_c86679" xml:lang="en" xlink:role="http://www.eurofiling.info/xbrl/role/rc-code">0110</label:label>
    <gen:arc xlink:type="arc" xlink:arcrole="http://xbrl.org/arcrole/2008/element-label" xlink:from="loc_eba_c86679" xlink:to="label_eba_c86679" />
    <link:loc xlink:type="locator" xlink:href="d_08.00.e-rend.xml#eba_c86680" xlink:label="loc_eba_c86680" />
    <label:label xlink:type="resource" xlink:label="label_eba_c86680" xml:lang="en" xlink:role="http://www.eurofiling.info/xbrl/role/rc-code">0120</label:label>
    <gen:arc xlink:type="arc" xlink:arcrole="http://xbrl.org/arcrole/2008/element-label" xlink:from="loc_eba_c86680" xlink:to="label_eba_c86680" />
    <link:loc xlink:type="locator" xlink:href="d_08.00.e-rend.xml#eba_c86681" xlink:label="loc_eba_c86681" />
    <label:label xlink:type="resource" xlink:label="label_eba_c86681" xml:lang="en" xlink:role="http://www.eurofiling.info/xbrl/role/rc-code">0130</label:label>
    <gen:arc xlink:type="arc" xlink:arcrole="http://xbrl.org/arcrole/2008/element-label" xlink:from="loc_eba_c86681" xlink:to="label_eba_c86681" />
    <link:loc xlink:type="locator" xlink:href="d_08.00.e-rend.xml#eba_c86682" xlink:label="loc_eba_c86682" />
    <label:label xlink:type="resource" xlink:label="label_eba_c86682" xml:lang="en" xlink:role="http://www.eurofiling.info/xbrl/role/rc-code">0140</label:label>
    <gen:arc xlink:type="arc" xlink:arcrole="http://xbrl.org/arcrole/2008/element-label" xlink:from="loc_eba_c86682" xlink:to="label_eba_c86682" />
    <link:loc xlink:type="locator" xlink:href="d_08.00.e-rend.xml#eba_c86683" xlink:label="loc_eba_c86683" />
    <label:label xlink:type="resource" xlink:label="label_eba_c86683" xml:lang="en" xlink:role="http://www.eurofiling.info/xbrl/role/rc-code">0150</label:label>
    <gen:arc xlink:type="arc" xlink:arcrole="http://xbrl.org/arcrole/2008/element-label" xlink:from="loc_eba_c86683" xlink:to="label_eba_c86683" />
    <link:loc xlink:type="locator" xlink:href="d_08.00.e-rend.xml#eba_c86684" xlink:label="loc_eba_c86684" />
    <label:label xlink:type="resource" xlink:label="label_eba_c86684" xml:lang="en" xlink:role="http://www.eurofiling.info/xbrl/role/rc-code">0160</label:label>
    <gen:arc xlink:type="arc" xlink:arcrole="http://xbrl.org/arcrole/2008/element-label" xlink:from="loc_eba_c86684" xlink:to="label_eba_c86684" />
    <link:loc xlink:type="locator" xlink:href="d_08.00.e-rend.xml#eba_c86685" xlink:label="loc_eba_c86685" />
    <label:label xlink:type="resource" xlink:label="label_eba_c86685" xml:lang="en" xlink:role="http://www.eurofiling.info/xbrl/role/rc-code">0170</label:label>
    <gen:arc xlink:type="arc" xlink:arcrole="http://xbrl.org/arcrole/2008/element-label" xlink:from="loc_eba_c86685" xlink:to="label_eba_c86685" />
    <label:label xlink:type="resource" xlink:label="label_eba_tD_08.00.e_1" xml:lang="en" xlink:role="http://www.eurofiling.info/xbrl/role/filing-indicator-code">D_08.00</label:label>
    <gen:arc xlink:type="arc" xlink:arcrole="http://xbrl.org/arcrole/2008/element-label" xlink:from="loc_eba_tD_08.00.e" xlink:to="label_eba_tD_08.00.e_1" />
    <label:label xlink:type="resource" xlink:label="label_eba_tD_08.00.e_2" xml:lang="en" xlink:role="http://www.eba.europa.eu/xbrl/role/dpm-db-id">814.2311</label:label>
    <gen:arc xlink:type="arc" xlink:arcrole="http://xbrl.org/arcrole/2008/element-label" xlink:from="loc_eba_tD_08.00.e" xlink:to="label_eba_tD_08.00.e_2" />
    <label:label xlink:type="resource" xlink:label="label_eba_c86901_1" xml:lang="en" xlink:role="http://www.eba.europa.eu/xbrl/role/dpm-db-id">86901</label:label>
    <gen:arc xlink:type="arc" xlink:arcrole="http://xbrl.org/arcrole/2008/element-label" xlink:from="loc_eba_c86901" xlink:to="label_eba_c86901_1" />
    <label:label xlink:type="resource" xlink:label="label_eba_c86902_1" xml:lang="en" xlink:role="http://www.eba.europa.eu/xbrl/role/dpm-db-id">86902</label:label>
    <gen:arc xlink:type="arc" xlink:arcrole="http://xbrl.org/arcrole/2008/element-label" xlink:from="loc_eba_c86902" xlink:to="label_eba_c86902_1" />
    <label:label xlink:type="resource" xlink:label="label_eba_c86903_1" xml:lang="en" xlink:role="http://www.eba.europa.eu/xbrl/role/dpm-db-id">86903</label:label>
    <gen:arc xlink:type="arc" xlink:arcrole="http://xbrl.org/arcrole/2008/element-label" xlink:from="loc_eba_c86903" xlink:to="label_eba_c86903_1" />
    <label:label xlink:type="resource" xlink:label="label_eba_c86904_1" xml:lang="en" xlink:role="http://www.eba.europa.eu/xbrl/role/dpm-db-id">86904</label:label>
    <gen:arc xlink:type="arc" xlink:arcrole="http://xbrl.org/arcrole/2008/element-label" xlink:from="loc_eba_c86904" xlink:to="label_eba_c86904_1" />
    <label:label xlink:type="resource" xlink:label="label_eba_c86669_1" xml:lang="en" xlink:role="http://www.eba.europa.eu/xbrl/role/dpm-db-id">86669</label:label>
    <gen:arc xlink:type="arc" xlink:arcrole="http://xbrl.org/arcrole/2008/element-label" xlink:from="loc_eba_c86669" xlink:to="label_eba_c86669_1" />
    <label:label xlink:type="resource" xlink:label="label_eba_c86670_1" xml:lang="en" xlink:role="http://www.eba.europa.eu/xbrl/role/dpm-db-id">86670</label:label>
    <gen:arc xlink:type="arc" xlink:arcrole="http://xbrl.org/arcrole/2008/element-label" xlink:from="loc_eba_c86670" xlink:to="label_eba_c86670_1" />
    <label:label xlink:type="resource" xlink:label="label_eba_c86671_1" xml:lang="en" xlink:role="http://www.eba.europa.eu/xbrl/role/dpm-db-id">86671</label:label>
    <gen:arc xlink:type="arc" xlink:arcrole="http://xbrl.org/arcrole/2008/element-label" xlink:from="loc_eba_c86671" xlink:to="label_eba_c86671_1" />
    <label:label xlink:type="resource" xlink:label="label_eba_c86672_1" xml:lang="en" xlink:role="http://www.eba.europa.eu/xbrl/role/dpm-db-id">86672</label:label>
    <gen:arc xlink:type="arc" xlink:arcrole="http://xbrl.org/arcrole/2008/element-label" xlink:from="loc_eba_c86672" xlink:to="label_eba_c86672_1" />
    <label:label xlink:type="resource" xlink:label="label_eba_c86673_1" xml:lang="en" xlink:role="http://www.eba.europa.eu/xbrl/role/dpm-db-id">86673</label:label>
    <gen:arc xlink:type="arc" xlink:arcrole="http://xbrl.org/arcrole/2008/element-label" xlink:from="loc_eba_c86673" xlink:to="label_eba_c86673_1" />
    <label:label xlink:type="resource" xlink:label="label_eba_c86674_1" xml:lang="en" xlink:role="http://www.eba.europa.eu/xbrl/role/dpm-db-id">86674</label:label>
    <gen:arc xlink:type="arc" xlink:arcrole="http://xbrl.org/arcrole/2008/element-label" xlink:from="loc_eba_c86674" xlink:to="label_eba_c86674_1" />
    <label:label xlink:type="resource" xlink:label="label_eba_c86675_1" xml:lang="en" xlink:role="http://www.eba.europa.eu/xbrl/role/dpm-db-id">86675</label:label>
    <gen:arc xlink:type="arc" xlink:arcrole="http://xbrl.org/arcrole/2008/element-label" xlink:from="loc_eba_c86675" xlink:to="label_eba_c86675_1" />
    <label:label xlink:type="resource" xlink:label="label_eba_c86676_1" xml:lang="en" xlink:role="http://www.eba.europa.eu/xbrl/role/dpm-db-id">86676</label:label>
    <gen:arc xlink:type="arc" xlink:arcrole="http://xbrl.org/arcrole/2008/element-label" xlink:from="loc_eba_c86676" xlink:to="label_eba_c86676_1" />
    <label:label xlink:type="resource" xlink:label="label_eba_c86677_1" xml:lang="en" xlink:role="http://www.eba.europa.eu/xbrl/role/dpm-db-id">86677</label:label>
    <gen:arc xlink:type="arc" xlink:arcrole="http://xbrl.org/arcrole/2008/element-label" xlink:from="loc_eba_c86677" xlink:to="label_eba_c86677_1" />
    <label:label xlink:type="resource" xlink:label="label_eba_c86678_1" xml:lang="en" xlink:role="http://www.eba.europa.eu/xbrl/role/dpm-db-id">86678</label:label>
    <gen:arc xlink:type="arc" xlink:arcrole="http://xbrl.org/arcrole/2008/element-label" xlink:from="loc_eba_c86678" xlink:to="label_eba_c86678_1" />
    <label:label xlink:type="resource" xlink:label="label_eba_c86679_1" xml:lang="en" xlink:role="http://www.eba.europa.eu/xbrl/role/dpm-db-id">86679</label:label>
    <gen:arc xlink:type="arc" xlink:arcrole="http://xbrl.org/arcrole/2008/element-label" xlink:from="loc_eba_c86679" xlink:to="label_eba_c86679_1" />
    <label:label xlink:type="resource" xlink:label="label_eba_c86680_1" xml:lang="en" xlink:role="http://www.eba.europa.eu/xbrl/role/dpm-db-id">86680</label:label>
    <gen:arc xlink:type="arc" xlink:arcrole="http://xbrl.org/arcrole/2008/element-label" xlink:from="loc_eba_c86680" xlink:to="label_eba_c86680_1" />
    <label:label xlink:type="resource" xlink:label="label_eba_c86681_1" xml:lang="en" xlink:role="http://www.eba.europa.eu/xbrl/role/dpm-db-id">86681</label:label>
    <gen:arc xlink:type="arc" xlink:arcrole="http://xbrl.org/arcrole/2008/element-label" xlink:from="loc_eba_c86681" xlink:to="label_eba_c86681_1" />
    <label:label xlink:type="resource" xlink:label="label_eba_c86682_1" xml:lang="en" xlink:role="http://www.eba.europa.eu/xbrl/role/dpm-db-id">86682</label:label>
    <gen:arc xlink:type="arc" xlink:arcrole="http://xbrl.org/arcrole/2008/element-label" xlink:from="loc_eba_c86682" xlink:to="label_eba_c86682_1" />
    <label:label xlink:type="resource" xlink:label="label_eba_c86683_1" xml:lang="en" xlink:role="http://www.eba.europa.eu/xbrl/role/dpm-db-id">86683</label:label>
    <gen:arc xlink:type="arc" xlink:arcrole="http://xbrl.org/arcrole/2008/element-label" xlink:from="loc_eba_c86683" xlink:to="label_eba_c86683_1" />
    <label:label xlink:type="resource" xlink:label="label_eba_c86684_1" xml:lang="en" xlink:role="http://www.eba.europa.eu/xbrl/role/dpm-db-id">86684</label:label>
    <gen:arc xlink:type="arc" xlink:arcrole="http://xbrl.org/arcrole/2008/element-label" xlink:from="loc_eba_c86684" xlink:to="label_eba_c86684_1" />
    <label:label xlink:type="resource" xlink:label="label_eba_c86685_1" xml:lang="en" xlink:role="http://www.eba.europa.eu/xbrl/role/dpm-db-id">86685</label:label>
    <gen:arc xlink:type="arc" xlink:arcrole="http://xbrl.org/arcrole/2008/element-label" xlink:from="loc_eba_c86685" xlink:to="label_eba_c86685_1" />
  </gen:link>
</link:linkbase>