{
    "documentInfo": {
        "documentType": "https://xbrl.org/CR/2021-02-03/xbrl-csv",
        "namespaces": {
            "eba": "http://www.eba.europa.eu",
            "eba_AP": "http://www.eba.europa.eu/xbrl/crr/dict/dom/AP",
            "eba_BA": "http://www.eba.europa.eu/xbrl/crr/dict/dom/BA",
            "eba_CT": "http://www.eba.europa.eu/xbrl/crr/dict/dom/CT",
            "eba_EC": "http://www.eba.europa.eu/xbrl/crr/dict/dom/EC",
            "eba_MC": "http://www.eba.europa.eu/xbrl/crr/dict/dom/MC",
            "eba_PL": "http://www.eba.europa.eu/xbrl/crr/dict/dom/PL",
            "eba_PU": "http://www.eba.europa.eu/xbrl/crr/dict/dom/PU",
            "eba_dim": "http://www.eba.europa.eu/xbrl/crr/dict/dim",
            "eba_met": "http://www.eba.europa.eu/xbrl/crr/dict/met"
        }
    },
    "tableTemplates": {
        "D_08-00-e": {
            "columns": {
                "datapoint": {
                    "propertyGroups": {
                        "dp470657": {
                            "decimals": "$decimalsPercentage",
                            "dimensions": {
                                "concept": "eba_met:pi950",
                                "eba_dim:APL": "eba_PL:x491",
                                "eba_dim:BAS": "eba_BA:x17",
                                "eba_dim:GBC": "eba_AP:x235",
                                "eba_dim:MCB": "eba_MC:x292",
                                "eba_dim:MCY": "eba_MC:x329"
                            },
                            "eba:documentation": {
                                "CellCode": "{D 08.00.e, r0170, c0160}",
                                "DataPointVersionId": "470657"
                            }
                        },
                        "dp470658": {
                            "decimals": "$decimalsPercentage",
                            "dimensions": {
                                "concept": "eba_met:pi950",
                                "eba_dim:APL": "eba_PL:x491",
                                "eba_dim:BAS": "eba_BA:x17",
                                "eba_dim:GBC": "eba_AP:x236",
                                "eba_dim:MCB": "eba_MC:x292",
                                "eba_dim:MCY": "eba_MC:x329"
                            },
                            "eba:documentation": {
                                "CellCode": "{D 08.00.e, r0170, c0320}",
                                "DataPointVersionId": "470658"
                            }
                        },
                        "dp472338": {
                            "decimals": "$decimalsPercentage",
                            "dimensions": {
                                "concept": "eba_met:pi950",
                                "eba_dim:APL": "eba_PL:x772",
                                "eba_dim:BAS": "eba_BA:x17",
                                "eba_dim:CPS": "eba_CT:x12",
                                "eba_dim:GBC": "eba_AP:x235",
                                "eba_dim:MCY": "eba_MC:x143"
                            },
                            "eba:documentation": {
                                "CellCode": "{D 08.00.e, r0040, c0160}",
                                "DataPointVersionId": "472338"
                            }
                        },
                        "dp472339": {
                            "decimals": "$decimalsPercentage",
                            "dimensions": {
                                "concept": "eba_met:pi950",
                                "eba_dim:APL": "eba_PL:x772",
                                "eba_dim:BAS": "eba_BA:x17",
                                "eba_dim:CPS": "eba_CT:x12",
                                "eba_dim:GBC": "eba_AP:x236",
                                "eba_dim:MCY": "eba_MC:x143"
                            },
                            "eba:documentation": {
                                "CellCode": "{D 08.00.e, r0040, c0320}",
                                "DataPointVersionId": "472339"
                            }
                        },
                        "dp472370": {
                            "decimals": "$decimalsPercentage",
                            "dimensions": {
                                "concept": "eba_met:pi950",
                                "eba_dim:APL": "eba_PL:x772",
                                "eba_dim:BAS": "eba_BA:x17",
                                "eba_dim:CPS": "eba_CT:x8",
                                "eba_dim:GBC": "eba_AP:x235",
                                "eba_dim:MCY": "eba_MC:x143"
                            },
                            "eba:documentation": {
                                "CellCode": "{D 08.00.e, r0030, c0160}",
                                "DataPointVersionId": "472370"
                            }
                        },
                        "dp472371": {
                            "decimals": "$decimalsPercentage",
                            "dimensions": {
                                "concept": "eba_met:pi950",
                                "eba_dim:APL": "eba_PL:x772",
                                "eba_dim:BAS": "eba_BA:x17",
                                "eba_dim:CPS": "eba_CT:x8",
                                "eba_dim:GBC": "eba_AP:x236",
                                "eba_dim:MCY": "eba_MC:x143"
                            },
                            "eba:documentation": {
                                "CellCode": "{D 08.00.e, r0030, c0320}",
                                "DataPointVersionId": "472371"
                            }
                        },
                        "dp472456": {
                            "decimals": "$decimalsPercentage",
                            "dimensions": {
                                "concept": "eba_met:pi950",
                                "eba_dim:APL": "eba_PL:x772",
                                "eba_dim:BAS": "eba_BA:x17",
                                "eba_dim:CPS": "eba_CT:x5",
                                "eba_dim:GBC": "eba_AP:x235",
                                "eba_dim:MCG": "eba_MC:x294",
                                "eba_dim:MCY": "eba_MC:x469"
                            },
                            "eba:documentation": {
                                "CellCode": "{D 08.00.e, r0110, c0160}",
                                "DataPointVersionId": "472456"
                            }
                        },
                        "dp472457": {
                            "decimals": "$decimalsPercentage",
                            "dimensions": {
                                "concept": "eba_met:pi950",
                                "eba_dim:APL": "eba_PL:x772",
                                "eba_dim:BAS": "eba_BA:x17",
                                "eba_dim:CPS": "eba_CT:x5",
                                "eba_dim:GBC": "eba_AP:x235",
                                "eba_dim:MCY": "eba_MC:x469"
                            },
                            "eba:documentation": {
                                "CellCode": "{D 08.00.e, r0100, c0160}",
                                "DataPointVersionId": "472457"
                            }
                        },
                        "dp472458": {
                            "decimals": "$decimalsPercentage",
                            "dimensions": {
                                "concept": "eba_met:pi950",
                                "eba_dim:APL": "eba_PL:x772",
                                "eba_dim:BAS": "eba_BA:x17",
                                "eba_dim:CPS": "eba_CT:x5",
                                "eba_dim:GBC": "eba_AP:x235",
                                "eba_dim:MCY": "eba_MC:x469",
                                "eba_dim:PUR": "eba_PU:x41"
                            },
                            "eba:documentation": {
                                "CellCode": "{D 08.00.e, r0120, c0160}",
                                "DataPointVersionId": "472458"
                            }
                        },
                        "dp472459": {
                            "decimals": "$decimalsPercentage",
                            "dimensions": {
                                "concept": "eba_met:pi950",
                                "eba_dim:APL": "eba_PL:x772",
                                "eba_dim:BAS": "eba_BA:x17",
                                "eba_dim:CPS": "eba_CT:x5",
                                "eba_dim:GBC": "eba_AP:x235",
                                "eba_dim:MCY": "eba_MC:x469",
                                "eba_dim:PUR": "eba_PU:x42"
                            },
                            "eba:documentation": {
                                "CellCode": "{D 08.00.e, r0130, c0160}",
                                "DataPointVersionId": "472459"
                            }
                        },
                        "dp472460": {
                            "decimals": "$decimalsPercentage",
                            "dimensions": {
                                "concept": "eba_met:pi950",
                                "eba_dim:APL": "eba_PL:x772",
                                "eba_dim:BAS": "eba_BA:x17",
                                "eba_dim:CPS": "eba_CT:x5",
                                "eba_dim:GBC": "eba_AP:x236",
                                "eba_dim:MCG": "eba_MC:x294",
                                "eba_dim:MCY": "eba_MC:x469"
                            },
                            "eba:documentation": {
                                "CellCode": "{D 08.00.e, r0110, c0320}",
                                "DataPointVersionId": "472460"
                            }
                        },
                        "dp472461": {
                            "decimals": "$decimalsPercentage",
                            "dimensions": {
                                "concept": "eba_met:pi950",
                                "eba_dim:APL": "eba_PL:x772",
                                "eba_dim:BAS": "eba_BA:x17",
                                "eba_dim:CPS": "eba_CT:x5",
                                "eba_dim:GBC": "eba_AP:x236",
                                "eba_dim:MCY": "eba_MC:x469"
                            },
                            "eba:documentation": {
                                "CellCode": "{D 08.00.e, r0100, c0320}",
                                "DataPointVersionId": "472461"
                            }
                        },
                        "dp472462": {
                            "decimals": "$decimalsPercentage",
                            "dimensions": {
                                "concept": "eba_met:pi950",
                                "eba_dim:APL": "eba_PL:x772",
                                "eba_dim:BAS": "eba_BA:x17",
                                "eba_dim:CPS": "eba_CT:x5",
                                "eba_dim:GBC": "eba_AP:x236",
                                "eba_dim:MCY": "eba_MC:x469",
                                "eba_dim:PUR": "eba_PU:x41"
                            },
                            "eba:documentation": {
                                "CellCode": "{D 08.00.e, r0120, c0320}",
                                "DataPointVersionId": "472462"
                            }
                        },
                        "dp472463": {
                            "decimals": "$decimalsPercentage",
                            "dimensions": {
                                "concept": "eba_met:pi950",
                                "eba_dim:APL": "eba_PL:x772",
                                "eba_dim:BAS": "eba_BA:x17",
                                "eba_dim:CPS": "eba_CT:x5",
                                "eba_dim:GBC": "eba_AP:x236",
                                "eba_dim:MCY": "eba_MC:x469",
                                "eba_dim:PUR": "eba_PU:x42"
                            },
                            "eba:documentation": {
                                "CellCode": "{D 08.00.e, r0130, c0320}",
                                "DataPointVersionId": "472463"
                            }
                        },
                        "dp472494": {
                            "decimals": "$decimalsPercentage",
                            "dimensions": {
                                "concept": "eba_met:pi950",
                                "eba_dim:APL": "eba_PL:x772",
                                "eba_dim:BAS": "eba_BA:x17",
                                "eba_dim:CPS": "eba_CT:x20",
                                "eba_dim:CPY": "eba_CT:x641",
                                "eba_dim:GBC": "eba_AP:x235",
                                "eba_dim:MCY": "eba_MC:x143"
                            },
                            "eba:documentation": {
                                "CellCode": "{D 08.00.e, r0090, c0160}",
                                "DataPointVersionId": "472494"
                            }
                        },
                        "dp472495": {
                            "decimals": "$decimalsPercentage",
                            "dimensions": {
                                "concept": "eba_met:pi950",
                                "eba_dim:APL": "eba_PL:x772",
                                "eba_dim:BAS": "eba_BA:x17",
                                "eba_dim:CPS": "eba_CT:x20",
                                "eba_dim:CPY": "eba_CT:x641",
                                "eba_dim:GBC": "eba_AP:x236",
                                "eba_dim:MCY": "eba_MC:x143"
                            },
                            "eba:documentation": {
                                "CellCode": "{D 08.00.e, r0090, c0320}",
                                "DataPointVersionId": "472495"
                            }
                        },
                        "dp472634": {
                            "decimals": "$decimalsPercentage",
                            "dimensions": {
                                "concept": "eba_met:pi950",
                                "eba_dim:APL": "eba_PL:x772",
                                "eba_dim:BAS": "eba_BA:x17",
                                "eba_dim:CPS": "eba_CT:x66",
                                "eba_dim:GBC": "eba_AP:x235",
                                "eba_dim:MCY": "eba_MC:x143"
                            },
                            "eba:documentation": {
                                "CellCode": "{D 08.00.e, r0050, c0160}",
                                "DataPointVersionId": "472634"
                            }
                        },
                        "dp472635": {
                            "decimals": "$decimalsPercentage",
                            "dimensions": {
                                "concept": "eba_met:pi950",
                                "eba_dim:APL": "eba_PL:x772",
                                "eba_dim:BAS": "eba_BA:x17",
                                "eba_dim:CPS": "eba_CT:x66",
                                "eba_dim:GBC": "eba_AP:x236",
                                "eba_dim:MCY": "eba_MC:x143"
                            },
                            "eba:documentation": {
                                "CellCode": "{D 08.00.e, r0050, c0320}",
                                "DataPointVersionId": "472635"
                            }
                        },
                        "dp472708": {
                            "decimals": "$decimalsPercentage",
                            "dimensions": {
                                "concept": "eba_met:pi950",
                                "eba_dim:APL": "eba_PL:x772",
                                "eba_dim:BAS": "eba_BA:x17",
                                "eba_dim:CPS": "eba_CT:x68",
                                "eba_dim:EXC": "eba_EC:x3",
                                "eba_dim:GBC": "eba_AP:x235",
                                "eba_dim:KUP": "eba_PU:x45",
                                "eba_dim:MCY": "eba_MC:x469",
                                "eba_dim:PUR": "eba_PU:x44"
                            },
                            "eba:documentation": {
                                "CellCode": "{D 08.00.e, r0160, c0160}",
                                "DataPointVersionId": "472708"
                            }
                        },
                        "dp472709": {
                            "decimals": "$decimalsPercentage",
                            "dimensions": {
                                "concept": "eba_met:pi950",
                                "eba_dim:APL": "eba_PL:x772",
                                "eba_dim:BAS": "eba_BA:x17",
                                "eba_dim:CPS": "eba_CT:x68",
                                "eba_dim:EXC": "eba_EC:x3",
                                "eba_dim:GBC": "eba_AP:x236",
                                "eba_dim:KUP": "eba_PU:x45",
                                "eba_dim:MCY": "eba_MC:x469",
                                "eba_dim:PUR": "eba_PU:x44"
                            },
                            "eba:documentation": {
                                "CellCode": "{D 08.00.e, r0160, c0320}",
                                "DataPointVersionId": "472709"
                            }
                        },
                        "dp472710": {
                            "decimals": "$decimalsPercentage",
                            "dimensions": {
                                "concept": "eba_met:pi950",
                                "eba_dim:APL": "eba_PL:x772",
                                "eba_dim:BAS": "eba_BA:x17",
                                "eba_dim:CPS": "eba_CT:x68",
                                "eba_dim:GBC": "eba_AP:x235",
                                "eba_dim:MCY": "eba_MC:x469"
                            },
                            "eba:documentation": {
                                "CellCode": "{D 08.00.e, r0140, c0160}",
                                "DataPointVersionId": "472710"
                            }
                        },
                        "dp472711": {
                            "decimals": "$decimalsPercentage",
                            "dimensions": {
                                "concept": "eba_met:pi950",
                                "eba_dim:APL": "eba_PL:x772",
                                "eba_dim:BAS": "eba_BA:x17",
                                "eba_dim:CPS": "eba_CT:x68",
                                "eba_dim:GBC": "eba_AP:x235",
                                "eba_dim:MCY": "eba_MC:x469",
                                "eba_dim:PUR": "eba_PU:x43"
                            },
                            "eba:documentation": {
                                "CellCode": "{D 08.00.e, r0150, c0160}",
                                "DataPointVersionId": "472711"
                            }
                        },
                        "dp472712": {
                            "decimals": "$decimalsPercentage",
                            "dimensions": {
                                "concept": "eba_met:pi950",
                                "eba_dim:APL": "eba_PL:x772",
                                "eba_dim:BAS": "eba_BA:x17",
                                "eba_dim:CPS": "eba_CT:x68",
                                "eba_dim:GBC": "eba_AP:x236",
                                "eba_dim:MCY": "eba_MC:x469"
                            },
                            "eba:documentation": {
                                "CellCode": "{D 08.00.e, r0140, c0320}",
                                "DataPointVersionId": "472712"
                            }
                        },
                        "dp472713": {
                            "decimals": "$decimalsPercentage",
                            "dimensions": {
                                "concept": "eba_met:pi950",
                                "eba_dim:APL": "eba_PL:x772",
                                "eba_dim:BAS": "eba_BA:x17",
                                "eba_dim:CPS": "eba_CT:x68",
                                "eba_dim:GBC": "eba_AP:x236",
                                "eba_dim:MCY": "eba_MC:x469",
                                "eba_dim:PUR": "eba_PU:x43"
                            },
                            "eba:documentation": {
                                "CellCode": "{D 08.00.e, r0150, c0320}",
                                "DataPointVersionId": "472713"
                            }
                        },
                        "dp472744": {
                            "decimals": "$decimalsPercentage",
                            "dimensions": {
                                "concept": "eba_met:pi950",
                                "eba_dim:APL": "eba_PL:x772",
                                "eba_dim:BAS": "eba_BA:x17",
                                "eba_dim:CPS": "eba_CT:x599",
                                "eba_dim:GBC": "eba_AP:x235",
                                "eba_dim:MCY": "eba_MC:x143"
                            },
                            "eba:documentation": {
                                "CellCode": "{D 08.00.e, r0060, c0160}",
                                "DataPointVersionId": "472744"
                            }
                        },
                        "dp472745": {
                            "decimals": "$decimalsPercentage",
                            "dimensions": {
                                "concept": "eba_met:pi950",
                                "eba_dim:APL": "eba_PL:x772",
                                "eba_dim:BAS": "eba_BA:x17",
                                "eba_dim:CPS": "eba_CT:x599",
                                "eba_dim:GBC": "eba_AP:x236",
                                "eba_dim:MCY": "eba_MC:x143"
                            },
                            "eba:documentation": {
                                "CellCode": "{D 08.00.e, r0060, c0320}",
                                "DataPointVersionId": "472745"
                            }
                        },
                        "dp472776": {
                            "decimals": "$decimalsPercentage",
                            "dimensions": {
                                "concept": "eba_met:pi950",
                                "eba_dim:APL": "eba_PL:x772",
                                "eba_dim:BAS": "eba_BA:x17",
                                "eba_dim:CPS": "eba_CT:x639",
                                "eba_dim:GBC": "eba_AP:x235",
                                "eba_dim:MCY": "eba_MC:x143"
                            },
                            "eba:documentation": {
                                "CellCode": "{D 08.00.e, r0070, c0160}",
                                "DataPointVersionId": "472776"
                            }
                        },
                        "dp472777": {
                            "decimals": "$decimalsPercentage",
                            "dimensions": {
                                "concept": "eba_met:pi950",
                                "eba_dim:APL": "eba_PL:x772",
                                "eba_dim:BAS": "eba_BA:x17",
                                "eba_dim:CPS": "eba_CT:x639",
                                "eba_dim:GBC": "eba_AP:x236",
                                "eba_dim:MCY": "eba_MC:x143"
                            },
                            "eba:documentation": {
                                "CellCode": "{D 08.00.e, r0070, c0320}",
                                "DataPointVersionId": "472777"
                            }
                        },
                        "dp472808": {
                            "decimals": "$decimalsPercentage",
                            "dimensions": {
                                "concept": "eba_met:pi950",
                                "eba_dim:APL": "eba_PL:x772",
                                "eba_dim:BAS": "eba_BA:x17",
                                "eba_dim:CPS": "eba_CT:x640",
                                "eba_dim:GBC": "eba_AP:x235",
                                "eba_dim:MCY": "eba_MC:x143"
                            },
                            "eba:documentation": {
                                "CellCode": "{D 08.00.e, r0080, c0160}",
                                "DataPointVersionId": "472808"
                            }
                        },
                        "dp472809": {
                            "decimals": "$decimalsPercentage",
                            "dimensions": {
                                "concept": "eba_met:pi950",
                                "eba_dim:APL": "eba_PL:x772",
                                "eba_dim:BAS": "eba_BA:x17",
                                "eba_dim:CPS": "eba_CT:x640",
                                "eba_dim:GBC": "eba_AP:x236",
                                "eba_dim:MCY": "eba_MC:x143"
                            },
                            "eba:documentation": {
                                "CellCode": "{D 08.00.e, r0080, c0320}",
                                "DataPointVersionId": "472809"
                            }
                        },
                        "dp472840": {
                            "decimals": "$decimalsPercentage",
                            "dimensions": {
                                "concept": "eba_met:pi950",
                                "eba_dim:APL": "eba_PL:x772",
                                "eba_dim:BAS": "eba_BA:x17",
                                "eba_dim:GBC": "eba_AP:x235",
                                "eba_dim:MCY": "eba_MC:x143"
                            },
                            "eba:documentation": {
                                "CellCode": "{D 08.00.e, r0020, c0160}",
                                "DataPointVersionId": "472840"
                            }
                        },
                        "dp472841": {
                            "decimals": "$decimalsPercentage",
                            "dimensions": {
                                "concept": "eba_met:pi950",
                                "eba_dim:APL": "eba_PL:x772",
                                "eba_dim:BAS": "eba_BA:x17",
                                "eba_dim:GBC": "eba_AP:x236",
                                "eba_dim:MCY": "eba_MC:x143"
                            },
                            "eba:documentation": {
                                "CellCode": "{D 08.00.e, r0020, c0320}",
                                "DataPointVersionId": "472841"
                            }
                        },
                        "dp475706": {
                            "decimals": "$decimalsPercentage",
                            "dimensions": {
                                "concept": "eba_met:pi950",
                                "eba_dim:BAS": "eba_BA:x17",
                                "eba_dim:GBC": "eba_AP:x235"
                            },
                            "eba:documentation": {
                                "CellCode": "{D 08.00.e, r0010, c0160}",
                                "DataPointVersionId": "475706"
                            }
                        },
                        "dp475707": {
                            "decimals": "$decimalsPercentage",
                            "dimensions": {
                                "concept": "eba_met:pi950",
                                "eba_dim:BAS": "eba_BA:x17",
                                "eba_dim:GBC": "eba_AP:x236"
                            },
                            "eba:documentation": {
                                "CellCode": "{D 08.00.e, r0010, c0320}",
                                "DataPointVersionId": "475707"
                            }
                        }
                    }
                },
                "factValue": {
                    "dimensions": {},
                    "propertiesFrom": [
                        "datapoint"
                    ]
                }
            }
        }
    }
}