﻿<?xml version="1.0" encoding="utf-8"?>
<?taxonomy-version 1.0.0.0 ?>  <?taxonomy-set-overall-version 3.3.0.0 ?>
<!--(C) EBA-->
<link:linkbase xmlns:xsi="http://www.w3.org/2001/XMLSchema-instance" xmlns:xlink="http://www.w3.org/1999/xlink" xmlns:link="http://www.xbrl.org/2003/linkbase" xmlns:gen="http://xbrl.org/2008/generic" xmlns:label="http://xbrl.org/2008/label" xsi:schemaLocation="http://www.xbrl.org/2003/linkbase http://www.xbrl.org/2003/xbrl-linkbase-2003-12-31.xsd http://xbrl.org/2008/generic http://www.xbrl.org/2008/generic-link.xsd http://xbrl.org/2008/label http://www.xbrl.org/2008/generic-label.xsd">
  <link:arcroleRef arcroleURI="http://xbrl.org/arcrole/2008/element-label" xlink:type="simple" xlink:href="http://www.xbrl.org/2008/generic-label.xsd#element-label" />
  <link:roleRef roleURI="http://www.eba.europa.eu/xbrl/role/dpm-db-id" xlink:type="simple" xlink:href="http://www.eba.europa.eu/eu/fr/xbrl/ext/model.xsd#dpm-db-id" />
  <link:roleRef roleURI="http://www.eurofiling.info/xbrl/role/filing-indicator-code" xlink:type="simple" xlink:href="http://www.eurofiling.info/eu/fr/xbrl/ext/model.xsd#filing-indicator-code" />
  <link:roleRef roleURI="http://www.eurofiling.info/xbrl/role/rc-code" xlink:type="simple" xlink:href="http://www.eurofiling.info/eu/fr/xbrl/ext/model.xsd#rc-code" />
  <gen:link xlink:type="extended" xlink:role="http://www.xbrl.org/2003/role/link">
    <link:loc xlink:type="locator" xlink:href="k_05.00.b-rend.xml#eba_tK_05.00.b" xlink:label="loc_eba_tK_05.00.b" />
    <label:label xlink:type="resource" xlink:label="label_eba_tK_05.00.b" xml:lang="en" xlink:role="http://www.eurofiling.info/xbrl/role/rc-code">K 05.00.b</label:label>
    <gen:arc xlink:type="arc" xlink:arcrole="http://xbrl.org/arcrole/2008/element-label" xlink:from="loc_eba_tK_05.00.b" xlink:to="label_eba_tK_05.00.b" />
    <link:loc xlink:type="locator" xlink:href="k_05.00.b-rend.xml#eba_c87008" xlink:label="loc_eba_c87008" />
    <label:label xlink:type="resource" xlink:label="label_eba_c87008" xml:lang="en" xlink:role="http://www.eurofiling.info/xbrl/role/rc-code">0001</label:label>
    <gen:arc xlink:type="arc" xlink:arcrole="http://xbrl.org/arcrole/2008/element-label" xlink:from="loc_eba_c87008" xlink:to="label_eba_c87008" />
    <link:loc xlink:type="locator" xlink:href="k_05.00.b-rend.xml#eba_c87009" xlink:label="loc_eba_c87009" />
    <label:label xlink:type="resource" xlink:label="label_eba_c87009" xml:lang="en" xlink:role="http://www.eurofiling.info/xbrl/role/rc-code">0003</label:label>
    <gen:arc xlink:type="arc" xlink:arcrole="http://xbrl.org/arcrole/2008/element-label" xlink:from="loc_eba_c87009" xlink:to="label_eba_c87009" />
    <link:loc xlink:type="locator" xlink:href="k_05.00.b-rend.xml#eba_c87010" xlink:label="loc_eba_c87010" />
    <label:label xlink:type="resource" xlink:label="label_eba_c87010" xml:lang="en" xlink:role="http://www.eurofiling.info/xbrl/role/rc-code">0030</label:label>
    <gen:arc xlink:type="arc" xlink:arcrole="http://xbrl.org/arcrole/2008/element-label" xlink:from="loc_eba_c87010" xlink:to="label_eba_c87010" />
    <link:loc xlink:type="locator" xlink:href="k_05.00.b-rend.xml#eba_c87013" xlink:label="loc_eba_c87013" />
    <label:label xlink:type="resource" xlink:label="label_eba_c87013" xml:lang="en" xlink:role="http://www.eurofiling.info/xbrl/role/rc-code">0040</label:label>
    <gen:arc xlink:type="arc" xlink:arcrole="http://xbrl.org/arcrole/2008/element-label" xlink:from="loc_eba_c87013" xlink:to="label_eba_c87013" />
    <link:loc xlink:type="locator" xlink:href="k_05.00.b-rend.xml#eba_c87016" xlink:label="loc_eba_c87016" />
    <label:label xlink:type="resource" xlink:label="label_eba_c87016" xml:lang="en" xlink:role="http://www.eurofiling.info/xbrl/role/rc-code">0041</label:label>
    <gen:arc xlink:type="arc" xlink:arcrole="http://xbrl.org/arcrole/2008/element-label" xlink:from="loc_eba_c87016" xlink:to="label_eba_c87016" />
    <link:loc xlink:type="locator" xlink:href="k_05.00.b-rend.xml#eba_c87017" xlink:label="loc_eba_c87017" />
    <label:label xlink:type="resource" xlink:label="label_eba_c87017" xml:lang="en" xlink:role="http://www.eurofiling.info/xbrl/role/rc-code">0061</label:label>
    <gen:arc xlink:type="arc" xlink:arcrole="http://xbrl.org/arcrole/2008/element-label" xlink:from="loc_eba_c87017" xlink:to="label_eba_c87017" />
    <link:loc xlink:type="locator" xlink:href="k_05.00.b-rend.xml#eba_c87018" xlink:label="loc_eba_c87018" />
    <label:label xlink:type="resource" xlink:label="label_eba_c87018" xml:lang="en" xlink:role="http://www.eurofiling.info/xbrl/role/rc-code">0070</label:label>
    <gen:arc xlink:type="arc" xlink:arcrole="http://xbrl.org/arcrole/2008/element-label" xlink:from="loc_eba_c87018" xlink:to="label_eba_c87018" />
    <link:loc xlink:type="locator" xlink:href="k_05.00.b-rend.xml#eba_c87021" xlink:label="loc_eba_c87021" />
    <label:label xlink:type="resource" xlink:label="label_eba_c87021" xml:lang="en" xlink:role="http://www.eurofiling.info/xbrl/role/rc-code">0080</label:label>
    <gen:arc xlink:type="arc" xlink:arcrole="http://xbrl.org/arcrole/2008/element-label" xlink:from="loc_eba_c87021" xlink:to="label_eba_c87021" />
    <link:loc xlink:type="locator" xlink:href="k_05.00.b-rend.xml#eba_c87033" xlink:label="loc_eba_c87033" />
    <label:label xlink:type="resource" xlink:label="label_eba_c87033" xml:lang="en" xlink:role="http://www.eurofiling.info/xbrl/role/rc-code">0090</label:label>
    <gen:arc xlink:type="arc" xlink:arcrole="http://xbrl.org/arcrole/2008/element-label" xlink:from="loc_eba_c87033" xlink:to="label_eba_c87033" />
    <link:loc xlink:type="locator" xlink:href="k_05.00.b-rend.xml#eba_c87025" xlink:label="loc_eba_c87025" />
    <label:label xlink:type="resource" xlink:label="label_eba_c87025" xml:lang="en" xlink:role="http://www.eurofiling.info/xbrl/role/rc-code">0010</label:label>
    <gen:arc xlink:type="arc" xlink:arcrole="http://xbrl.org/arcrole/2008/element-label" xlink:from="loc_eba_c87025" xlink:to="label_eba_c87025" />
    <link:loc xlink:type="locator" xlink:href="k_05.00.b-rend.xml#eba_c87026" xlink:label="loc_eba_c87026" />
    <label:label xlink:type="resource" xlink:label="label_eba_c87026" xml:lang="en" xlink:role="http://www.eurofiling.info/xbrl/role/rc-code">0020</label:label>
    <gen:arc xlink:type="arc" xlink:arcrole="http://xbrl.org/arcrole/2008/element-label" xlink:from="loc_eba_c87026" xlink:to="label_eba_c87026" />
    <link:loc xlink:type="locator" xlink:href="k_05.00.b-rend.xml#eba_c87027" xlink:label="loc_eba_c87027" />
    <label:label xlink:type="resource" xlink:label="label_eba_c87027" xml:lang="en" xlink:role="http://www.eurofiling.info/xbrl/role/rc-code">0030</label:label>
    <gen:arc xlink:type="arc" xlink:arcrole="http://xbrl.org/arcrole/2008/element-label" xlink:from="loc_eba_c87027" xlink:to="label_eba_c87027" />
    <link:loc xlink:type="locator" xlink:href="k_05.00.b-rend.xml#eba_c87028" xlink:label="loc_eba_c87028" />
    <label:label xlink:type="resource" xlink:label="label_eba_c87028" xml:lang="en" xlink:role="http://www.eurofiling.info/xbrl/role/rc-code">0040</label:label>
    <gen:arc xlink:type="arc" xlink:arcrole="http://xbrl.org/arcrole/2008/element-label" xlink:from="loc_eba_c87028" xlink:to="label_eba_c87028" />
    <link:loc xlink:type="locator" xlink:href="k_05.00.b-rend.xml#eba_c87029" xlink:label="loc_eba_c87029" />
    <label:label xlink:type="resource" xlink:label="label_eba_c87029" xml:lang="en" xlink:role="http://www.eurofiling.info/xbrl/role/rc-code">0050</label:label>
    <gen:arc xlink:type="arc" xlink:arcrole="http://xbrl.org/arcrole/2008/element-label" xlink:from="loc_eba_c87029" xlink:to="label_eba_c87029" />
    <link:loc xlink:type="locator" xlink:href="k_05.00.b-rend.xml#eba_c87030" xlink:label="loc_eba_c87030" />
    <label:label xlink:type="resource" xlink:label="label_eba_c87030" xml:lang="en" xlink:role="http://www.eurofiling.info/xbrl/role/rc-code">0060</label:label>
    <gen:arc xlink:type="arc" xlink:arcrole="http://xbrl.org/arcrole/2008/element-label" xlink:from="loc_eba_c87030" xlink:to="label_eba_c87030" />
    <link:loc xlink:type="locator" xlink:href="k_05.00.b-rend.xml#eba_c87031" xlink:label="loc_eba_c87031" />
    <label:label xlink:type="resource" xlink:label="label_eba_c87031" xml:lang="en" xlink:role="http://www.eurofiling.info/xbrl/role/rc-code">0070</label:label>
    <gen:arc xlink:type="arc" xlink:arcrole="http://xbrl.org/arcrole/2008/element-label" xlink:from="loc_eba_c87031" xlink:to="label_eba_c87031" />
    <link:loc xlink:type="locator" xlink:href="k_05.00.b-rend.xml#eba_c87032" xlink:label="loc_eba_c87032" />
    <label:label xlink:type="resource" xlink:label="label_eba_c87032" xml:lang="en" xlink:role="http://www.eurofiling.info/xbrl/role/rc-code">0080</label:label>
    <gen:arc xlink:type="arc" xlink:arcrole="http://xbrl.org/arcrole/2008/element-label" xlink:from="loc_eba_c87032" xlink:to="label_eba_c87032" />
    <label:label xlink:type="resource" xlink:label="label_eba_tK_05.00.b_1" xml:lang="en" xlink:role="http://www.eurofiling.info/xbrl/role/filing-indicator-code">K_05.00</label:label>
    <gen:arc xlink:type="arc" xlink:arcrole="http://xbrl.org/arcrole/2008/element-label" xlink:from="loc_eba_tK_05.00.b" xlink:to="label_eba_tK_05.00.b_1" />
    <label:label xlink:type="resource" xlink:label="label_eba_tK_05.00.b_2" xml:lang="en" xlink:role="http://www.eba.europa.eu/xbrl/role/dpm-db-id">827.2324</label:label>
    <gen:arc xlink:type="arc" xlink:arcrole="http://xbrl.org/arcrole/2008/element-label" xlink:from="loc_eba_tK_05.00.b" xlink:to="label_eba_tK_05.00.b_2" />
    <label:label xlink:type="resource" xlink:label="label_eba_c87008_1" xml:lang="en" xlink:role="http://www.eba.europa.eu/xbrl/role/dpm-db-id">87008</label:label>
    <gen:arc xlink:type="arc" xlink:arcrole="http://xbrl.org/arcrole/2008/element-label" xlink:from="loc_eba_c87008" xlink:to="label_eba_c87008_1" />
    <label:label xlink:type="resource" xlink:label="label_eba_c87009_1" xml:lang="en" xlink:role="http://www.eba.europa.eu/xbrl/role/dpm-db-id">87009</label:label>
    <gen:arc xlink:type="arc" xlink:arcrole="http://xbrl.org/arcrole/2008/element-label" xlink:from="loc_eba_c87009" xlink:to="label_eba_c87009_1" />
    <label:label xlink:type="resource" xlink:label="label_eba_c87010_1" xml:lang="en" xlink:role="http://www.eba.europa.eu/xbrl/role/dpm-db-id">87010</label:label>
    <gen:arc xlink:type="arc" xlink:arcrole="http://xbrl.org/arcrole/2008/element-label" xlink:from="loc_eba_c87010" xlink:to="label_eba_c87010_1" />
    <label:label xlink:type="resource" xlink:label="label_eba_c87013_1" xml:lang="en" xlink:role="http://www.eba.europa.eu/xbrl/role/dpm-db-id">87013</label:label>
    <gen:arc xlink:type="arc" xlink:arcrole="http://xbrl.org/arcrole/2008/element-label" xlink:from="loc_eba_c87013" xlink:to="label_eba_c87013_1" />
    <label:label xlink:type="resource" xlink:label="label_eba_c87016_1" xml:lang="en" xlink:role="http://www.eba.europa.eu/xbrl/role/dpm-db-id">87016</label:label>
    <gen:arc xlink:type="arc" xlink:arcrole="http://xbrl.org/arcrole/2008/element-label" xlink:from="loc_eba_c87016" xlink:to="label_eba_c87016_1" />
    <label:label xlink:type="resource" xlink:label="label_eba_c87017_1" xml:lang="en" xlink:role="http://www.eba.europa.eu/xbrl/role/dpm-db-id">87017</label:label>
    <gen:arc xlink:type="arc" xlink:arcrole="http://xbrl.org/arcrole/2008/element-label" xlink:from="loc_eba_c87017" xlink:to="label_eba_c87017_1" />
    <label:label xlink:type="resource" xlink:label="label_eba_c87018_1" xml:lang="en" xlink:role="http://www.eba.europa.eu/xbrl/role/dpm-db-id">87018</label:label>
    <gen:arc xlink:type="arc" xlink:arcrole="http://xbrl.org/arcrole/2008/element-label" xlink:from="loc_eba_c87018" xlink:to="label_eba_c87018_1" />
    <label:label xlink:type="resource" xlink:label="label_eba_c87021_1" xml:lang="en" xlink:role="http://www.eba.europa.eu/xbrl/role/dpm-db-id">87021</label:label>
    <gen:arc xlink:type="arc" xlink:arcrole="http://xbrl.org/arcrole/2008/element-label" xlink:from="loc_eba_c87021" xlink:to="label_eba_c87021_1" />
    <label:label xlink:type="resource" xlink:label="label_eba_c87033_1" xml:lang="en" xlink:role="http://www.eba.europa.eu/xbrl/role/dpm-db-id">87033</label:label>
    <gen:arc xlink:type="arc" xlink:arcrole="http://xbrl.org/arcrole/2008/element-label" xlink:from="loc_eba_c87033" xlink:to="label_eba_c87033_1" />
    <label:label xlink:type="resource" xlink:label="label_eba_c87025_1" xml:lang="en" xlink:role="http://www.eba.europa.eu/xbrl/role/dpm-db-id">87025</label:label>
    <gen:arc xlink:type="arc" xlink:arcrole="http://xbrl.org/arcrole/2008/element-label" xlink:from="loc_eba_c87025" xlink:to="label_eba_c87025_1" />
    <label:label xlink:type="resource" xlink:label="label_eba_c87026_1" xml:lang="en" xlink:role="http://www.eba.europa.eu/xbrl/role/dpm-db-id">87026</label:label>
    <gen:arc xlink:type="arc" xlink:arcrole="http://xbrl.org/arcrole/2008/element-label" xlink:from="loc_eba_c87026" xlink:to="label_eba_c87026_1" />
    <label:label xlink:type="resource" xlink:label="label_eba_c87027_1" xml:lang="en" xlink:role="http://www.eba.europa.eu/xbrl/role/dpm-db-id">87027</label:label>
    <gen:arc xlink:type="arc" xlink:arcrole="http://xbrl.org/arcrole/2008/element-label" xlink:from="loc_eba_c87027" xlink:to="label_eba_c87027_1" />
    <label:label xlink:type="resource" xlink:label="label_eba_c87028_1" xml:lang="en" xlink:role="http://www.eba.europa.eu/xbrl/role/dpm-db-id">87028</label:label>
    <gen:arc xlink:type="arc" xlink:arcrole="http://xbrl.org/arcrole/2008/element-label" xlink:from="loc_eba_c87028" xlink:to="label_eba_c87028_1" />
    <label:label xlink:type="resource" xlink:label="label_eba_c87029_1" xml:lang="en" xlink:role="http://www.eba.europa.eu/xbrl/role/dpm-db-id">87029</label:label>
    <gen:arc xlink:type="arc" xlink:arcrole="http://xbrl.org/arcrole/2008/element-label" xlink:from="loc_eba_c87029" xlink:to="label_eba_c87029_1" />
    <label:label xlink:type="resource" xlink:label="label_eba_c87030_1" xml:lang="en" xlink:role="http://www.eba.europa.eu/xbrl/role/dpm-db-id">87030</label:label>
    <gen:arc xlink:type="arc" xlink:arcrole="http://xbrl.org/arcrole/2008/element-label" xlink:from="loc_eba_c87030" xlink:to="label_eba_c87030_1" />
    <label:label xlink:type="resource" xlink:label="label_eba_c87031_1" xml:lang="en" xlink:role="http://www.eba.europa.eu/xbrl/role/dpm-db-id">87031</label:label>
    <gen:arc xlink:type="arc" xlink:arcrole="http://xbrl.org/arcrole/2008/element-label" xlink:from="loc_eba_c87031" xlink:to="label_eba_c87031_1" />
    <label:label xlink:type="resource" xlink:label="label_eba_c87032_1" xml:lang="en" xlink:role="http://www.eba.europa.eu/xbrl/role/dpm-db-id">87032</label:label>
    <gen:arc xlink:type="arc" xlink:arcrole="http://xbrl.org/arcrole/2008/element-label" xlink:from="loc_eba_c87032" xlink:to="label_eba_c87032_1" />
  </gen:link>
</link:linkbase>