{
    "documentInfo": {
        "documentType": "https://xbrl.org/CR/2021-02-03/xbrl-csv",
        "namespaces": {
            "eba": "http://www.eba.europa.eu",
            "eba_AP": "http://www.eba.europa.eu/xbrl/crr/dict/dom/AP",
            "eba_BA": "http://www.eba.europa.eu/xbrl/crr/dict/dom/BA",
            "eba_CT": "http://www.eba.europa.eu/xbrl/crr/dict/dom/CT",
            "eba_GA": "http://www.eba.europa.eu/xbrl/crr/dict/dom/GA",
            "eba_MC": "http://www.eba.europa.eu/xbrl/crr/dict/dom/MC",
            "eba_PL": "http://www.eba.europa.eu/xbrl/crr/dict/dom/PL",
            "eba_PU": "http://www.eba.europa.eu/xbrl/crr/dict/dom/PU",
            "eba_dim": "http://www.eba.europa.eu/xbrl/crr/dict/dim",
            "eba_met": "http://www.eba.europa.eu/xbrl/crr/dict/met"
        }
    },
    "tableTemplates": {
        "D_09-02-c": {
            "columns": {
                "datapoint": {
                    "propertyGroups": {
                        "dp472596": {
                            "decimals": "$decimalsPercentage",
                            "dimensions": {
                                "concept": "eba_met:pi950",
                                "eba_dim:APL": "eba_PL:x772",
                                "eba_dim:BAS": "eba_BA:x17",
                                "eba_dim:CPS": "eba_CT:x20",
                                "eba_dim:CPY": "eba_CT:x642",
                                "eba_dim:GBC": "eba_AP:x239",
                                "eba_dim:MCG": "eba_MC:x292",
                                "eba_dim:MCY": "eba_MC:x469",
                                "eba_dim:RCP": "eba_GA:x33"
                            },
                            "eba:documentation": {
                                "CellCode": "{D 09.02.c, r0040, c0160}",
                                "DataPointVersionId": "472596"
                            }
                        },
                        "dp472597": {
                            "decimals": "$decimalsPercentage",
                            "dimensions": {
                                "concept": "eba_met:pi950",
                                "eba_dim:APL": "eba_PL:x772",
                                "eba_dim:BAS": "eba_BA:x17",
                                "eba_dim:CPS": "eba_CT:x20",
                                "eba_dim:CPY": "eba_CT:x642",
                                "eba_dim:GBC": "eba_AP:x239",
                                "eba_dim:MCY": "eba_MC:x143",
                                "eba_dim:RCP": "eba_GA:x33"
                            },
                            "eba:documentation": {
                                "CellCode": "{D 09.02.c, r0030, c0160}",
                                "DataPointVersionId": "472597"
                            }
                        },
                        "dp472598": {
                            "decimals": "$decimalsPercentage",
                            "dimensions": {
                                "concept": "eba_met:pi950",
                                "eba_dim:APL": "eba_PL:x772",
                                "eba_dim:BAS": "eba_BA:x17",
                                "eba_dim:CPS": "eba_CT:x20",
                                "eba_dim:CPY": "eba_CT:x642",
                                "eba_dim:GBC": "eba_AP:x239",
                                "eba_dim:MCY": "eba_MC:x143",
                                "eba_dim:RCP": "eba_GA:x41"
                            },
                            "eba:documentation": {
                                "CellCode": "{D 09.02.c, r0060, c0160}",
                                "DataPointVersionId": "472598"
                            }
                        },
                        "dp472599": {
                            "decimals": "$decimalsPercentage",
                            "dimensions": {
                                "concept": "eba_met:pi950",
                                "eba_dim:APL": "eba_PL:x772",
                                "eba_dim:BAS": "eba_BA:x17",
                                "eba_dim:CPS": "eba_CT:x20",
                                "eba_dim:CPY": "eba_CT:x642",
                                "eba_dim:GBC": "eba_AP:x239",
                                "eba_dim:MCY": "eba_MC:x469",
                                "eba_dim:PUR": "eba_PU:x41",
                                "eba_dim:RCP": "eba_GA:x33"
                            },
                            "eba:documentation": {
                                "CellCode": "{D 09.02.c, r0050, c0160}",
                                "DataPointVersionId": "472599"
                            }
                        },
                        "dp472600": {
                            "decimals": "$decimalsPercentage",
                            "dimensions": {
                                "concept": "eba_met:pi950",
                                "eba_dim:APL": "eba_PL:x772",
                                "eba_dim:BAS": "eba_BA:x17",
                                "eba_dim:CPS": "eba_CT:x20",
                                "eba_dim:CPY": "eba_CT:x642",
                                "eba_dim:GBC": "eba_AP:x240",
                                "eba_dim:MCG": "eba_MC:x292",
                                "eba_dim:MCY": "eba_MC:x469",
                                "eba_dim:RCP": "eba_GA:x33"
                            },
                            "eba:documentation": {
                                "CellCode": "{D 09.02.c, r0040, c0320}",
                                "DataPointVersionId": "472600"
                            }
                        },
                        "dp472601": {
                            "decimals": "$decimalsPercentage",
                            "dimensions": {
                                "concept": "eba_met:pi950",
                                "eba_dim:APL": "eba_PL:x772",
                                "eba_dim:BAS": "eba_BA:x17",
                                "eba_dim:CPS": "eba_CT:x20",
                                "eba_dim:CPY": "eba_CT:x642",
                                "eba_dim:GBC": "eba_AP:x240",
                                "eba_dim:MCY": "eba_MC:x143",
                                "eba_dim:RCP": "eba_GA:x33"
                            },
                            "eba:documentation": {
                                "CellCode": "{D 09.02.c, r0030, c0320}",
                                "DataPointVersionId": "472601"
                            }
                        },
                        "dp472602": {
                            "decimals": "$decimalsPercentage",
                            "dimensions": {
                                "concept": "eba_met:pi950",
                                "eba_dim:APL": "eba_PL:x772",
                                "eba_dim:BAS": "eba_BA:x17",
                                "eba_dim:CPS": "eba_CT:x20",
                                "eba_dim:CPY": "eba_CT:x642",
                                "eba_dim:GBC": "eba_AP:x240",
                                "eba_dim:MCY": "eba_MC:x143",
                                "eba_dim:RCP": "eba_GA:x41"
                            },
                            "eba:documentation": {
                                "CellCode": "{D 09.02.c, r0060, c0320}",
                                "DataPointVersionId": "472602"
                            }
                        },
                        "dp472603": {
                            "decimals": "$decimalsPercentage",
                            "dimensions": {
                                "concept": "eba_met:pi950",
                                "eba_dim:APL": "eba_PL:x772",
                                "eba_dim:BAS": "eba_BA:x17",
                                "eba_dim:CPS": "eba_CT:x20",
                                "eba_dim:CPY": "eba_CT:x642",
                                "eba_dim:GBC": "eba_AP:x240",
                                "eba_dim:MCY": "eba_MC:x469",
                                "eba_dim:PUR": "eba_PU:x41",
                                "eba_dim:RCP": "eba_GA:x33"
                            },
                            "eba:documentation": {
                                "CellCode": "{D 09.02.c, r0050, c0320}",
                                "DataPointVersionId": "472603"
                            }
                        },
                        "dp475708": {
                            "decimals": "$decimalsPercentage",
                            "dimensions": {
                                "concept": "eba_met:pi950",
                                "eba_dim:BAS": "eba_BA:x17",
                                "eba_dim:GBC": "eba_AP:x239"
                            },
                            "eba:documentation": {
                                "CellCode": "{D 09.02.c, r0010, c0160}",
                                "DataPointVersionId": "475708"
                            }
                        },
                        "dp475709": {
                            "decimals": "$decimalsPercentage",
                            "dimensions": {
                                "concept": "eba_met:pi950",
                                "eba_dim:BAS": "eba_BA:x17",
                                "eba_dim:GBC": "eba_AP:x240"
                            },
                            "eba:documentation": {
                                "CellCode": "{D 09.02.c, r0010, c0320}",
                                "DataPointVersionId": "475709"
                            }
                        }
                    }
                },
                "factValue": {
                    "dimensions": {},
                    "propertiesFrom": [
                        "datapoint"
                    ]
                }
            }
        }
    }
}