<?xml version="1.0" encoding="UTF-8"?>
<!--
*******************************************************************************************
Copyright © 2022 Comisión para el Mercado Financiero de Chile (CMF) 
This material is copyright of the CMF Chile and all rights are reserved. 
No part of this material may be translated, reprinted, reproduced or utilised in 
any form or manner that is not expressly permitted by the CMF Chile 
IP Policy see: http://www.cmfchile.cl/sitio/pop/politica.html
*******************************************************************************************
-->
<!-- Generated with Reporting Standard S.L. XBRL Taxonomy builder version 3.7.1.1364 - http://www.reportingstandard.com -->
<link:linkbase xmlns:link="http://www.xbrl.org/2003/linkbase"
               xmlns:xs="http://www.w3.org/2001/XMLSchema"
               xmlns:xbrli="http://www.xbrl.org/2003/instance"
               xmlns:xfi="http://www.xbrl.org/2008/function/instance"
               xmlns:gen="http://xbrl.org/2008/generic"
               xmlns:xlink="http://www.w3.org/1999/xlink"
               xmlns:xsi="http://www.w3.org/2001/XMLSchema-instance"
               xmlns:va="http://xbrl.org/2008/assertion/value"
               xmlns:variable="http://xbrl.org/2008/variable"
               xmlns:cf="http://xbrl.org/2008/filter/concept"
               xmlns:ifrs-full="http://xbrl.ifrs.org/taxonomy/2021-03-24/ifrs-full"
               xmlns:df="http://xbrl.org/2008/filter/dimension"
               xmlns:label="http://xbrl.org/2008/label"
               xmlns:msg="http://xbrl.org/2010/message"
               xsi:schemaLocation="http://xbrl.org/2008/assertion/value http://www.xbrl.org/2008/value-assertion.xsd http://xbrl.org/2008/variable http://www.xbrl.org/2008/variable.xsd http://xbrl.org/2008/filter/concept http://www.xbrl.org/2008/concept-filter.xsd http://xbrl.org/2008/filter/dimension http://www.xbrl.org/2008/dimension-filter.xsd http://xbrl.org/2008/label http://www.xbrl.org/2008/generic-label.xsd http://xbrl.org/2010/message http://www.xbrl.org/2010/generic-message.xsd http://xbrl.org/2008/generic http://www.xbrl.org/2008/generic-link.xsd http://xbrl.ifrs.org/taxonomy/2021-03-24/ifrs-full http://xbrl.ifrs.org/taxonomy/2021-03-24/full_ifrs/full_ifrs-cor_2021-03-24.xsd">
  <link:roleRef xlink:type="simple" roleURI="http://www.cmfchile.cl/cl/fr/ci/role/ias-36_2021-03-24_role-832410" xlink:href="../cl-ci_ias-36_2021-03-24_role-832410.xsd#ias-36_2021-03-24_role-832410"/>
  <link:roleRef xlink:type="simple" roleURI="http://www.xbrl.org/2010/role/message" xlink:href="http://www.xbrl.org/2010/generic-message.xsd#standard-message"/>
  <link:arcroleRef xlink:type="simple" arcroleURI="http://xbrl.org/arcrole/2008/variable-set" xlink:href="http://www.xbrl.org/2008/variable.xsd#variable-set"/>
  <link:arcroleRef xlink:type="simple" arcroleURI="http://xbrl.org/arcrole/2008/variable-filter" xlink:href="http://www.xbrl.org/2008/variable.xsd#variable-filter"/>
  <link:arcroleRef xlink:type="simple" arcroleURI="http://xbrl.org/arcrole/2008/element-label" xlink:href="http://www.xbrl.org/2008/generic-label.xsd#element-label"/>
  <link:arcroleRef xlink:type="simple" arcroleURI="http://xbrl.org/arcrole/2010/assertion-satisfied-message" xlink:href="http://www.xbrl.org/2010/validation-message.xsd#assertion-satisfied-message"/>
  <link:arcroleRef xlink:type="simple" arcroleURI="http://xbrl.org/arcrole/2010/assertion-unsatisfied-message" xlink:href="http://www.xbrl.org/2010/validation-message.xsd#assertion-unsatisfied-message"/>
  <gen:link xlink:type="extended" xlink:role="http://www.cmfchile.cl/cl/fr/ci/role/ias-36_2021-03-24_role-832410">
    <va:valueAssertion xlink:type="resource" id="regla832411" aspectModel="dimensional" implicitFiltering="true" test="$ifrs-full:ImpairmentLossRecognisedInProfitOrLoss = sum($ifrs-full:ImpairmentLossRecognisedInProfitOrLoss2)" xlink:label="lbl25217"/>
    <variable:factVariable xlink:type="resource" bindAsSequence="true" xlink:label="lbl25218" id="id12740"/>
    <variable:variableArc xlink:type="arc" xlink:arcrole="http://xbrl.org/arcrole/2008/variable-set" name="ifrs-full:ImpairmentLossRecognisedInProfitOrLoss" xlink:from="lbl25217" xlink:to="lbl25218"/>
    <variable:factVariable xlink:type="resource" bindAsSequence="true" xlink:label="lbl25221" id="id12741"/>
    <variable:variableArc xlink:type="arc" xlink:arcrole="http://xbrl.org/arcrole/2008/variable-set" name="ifrs-full:ImpairmentLossRecognisedInProfitOrLoss2" xlink:from="lbl25217" xlink:to="lbl25221"/>
    <va:valueAssertion xlink:type="resource" id="regla832412" aspectModel="dimensional" implicitFiltering="true" test="$ifrs-full:ReversalOfImpairmentLossRecognisedInProfitOrLoss = sum($ifrs-full:ReversalOfImpairmentLossRecognisedInProfitOrLoss2)" xlink:label="lbl25226"/>
    <variable:factVariable xlink:type="resource" bindAsSequence="true" xlink:label="lbl25227" id="id12742"/>
    <variable:variableArc xlink:type="arc" xlink:arcrole="http://xbrl.org/arcrole/2008/variable-set" name="ifrs-full:ReversalOfImpairmentLossRecognisedInProfitOrLoss" xlink:from="lbl25226" xlink:to="lbl25227"/>
    <variable:factVariable xlink:type="resource" bindAsSequence="true" xlink:label="lbl25229" id="id12743"/>
    <variable:variableArc xlink:type="arc" xlink:arcrole="http://xbrl.org/arcrole/2008/variable-set" name="ifrs-full:ReversalOfImpairmentLossRecognisedInProfitOrLoss2" xlink:from="lbl25226" xlink:to="lbl25229"/>
    <va:valueAssertion xlink:type="resource" id="regla832413" aspectModel="dimensional" implicitFiltering="true" test="$ifrs-full:ImpairmentLossRecognisedInOtherComprehensiveIncome = sum($ifrs-full:ImpairmentLossRecognisedInOtherComprehensiveIncome2)" xlink:label="lbl25233"/>
    <variable:factVariable xlink:type="resource" bindAsSequence="true" xlink:label="lbl25234" id="id12744"/>
    <variable:variableArc xlink:type="arc" xlink:arcrole="http://xbrl.org/arcrole/2008/variable-set" name="ifrs-full:ImpairmentLossRecognisedInOtherComprehensiveIncome" xlink:from="lbl25233" xlink:to="lbl25234"/>
    <variable:factVariable xlink:type="resource" bindAsSequence="true" xlink:label="lbl25236" id="id12745"/>
    <variable:variableArc xlink:type="arc" xlink:arcrole="http://xbrl.org/arcrole/2008/variable-set" name="ifrs-full:ImpairmentLossRecognisedInOtherComprehensiveIncome2" xlink:from="lbl25233" xlink:to="lbl25236"/>
    <va:valueAssertion xlink:type="resource" id="regla832414" aspectModel="dimensional" implicitFiltering="true" test="$ifrs-full:ReversalOfImpairmentLossRecognisedInOtherComprehensiveIncome = sum($ifrs-full:ReversalOfImpairmentLossRecognisedInOtherComprehensiveIncome2)" xlink:label="lbl25240"/>
    <variable:factVariable xlink:type="resource" bindAsSequence="true" xlink:label="lbl25241" id="id12746"/>
    <variable:variableArc xlink:type="arc" xlink:arcrole="http://xbrl.org/arcrole/2008/variable-set" name="ifrs-full:ReversalOfImpairmentLossRecognisedInOtherComprehensiveIncome" xlink:from="lbl25240" xlink:to="lbl25241"/>
    <variable:factVariable xlink:type="resource" bindAsSequence="true" xlink:label="lbl25243" id="id12747"/>
    <variable:variableArc xlink:type="arc" xlink:arcrole="http://xbrl.org/arcrole/2008/variable-set" name="ifrs-full:ReversalOfImpairmentLossRecognisedInOtherComprehensiveIncome2" xlink:from="lbl25240" xlink:to="lbl25243"/>
    <va:valueAssertion xlink:type="resource" id="regla832415" aspectModel="dimensional" implicitFiltering="true" test="$ifrs-full:ImpairmentLoss = sum($ifrs-full:ImpairmentLoss2)" xlink:label="lbl25247"/>
    <variable:factVariable xlink:type="resource" bindAsSequence="true" xlink:label="lbl25248" id="id12748"/>
    <variable:variableArc xlink:type="arc" xlink:arcrole="http://xbrl.org/arcrole/2008/variable-set" name="ifrs-full:ImpairmentLoss" xlink:from="lbl25247" xlink:to="lbl25248"/>
    <variable:factVariable xlink:type="resource" bindAsSequence="true" xlink:label="lbl25251" id="id12749"/>
    <variable:variableArc xlink:type="arc" xlink:arcrole="http://xbrl.org/arcrole/2008/variable-set" name="ifrs-full:ImpairmentLoss2" xlink:from="lbl25247" xlink:to="lbl25251"/>
    <va:valueAssertion xlink:type="resource" id="regla832416" aspectModel="dimensional" implicitFiltering="true" test="$ifrs-full:ReversalOfImpairmentLoss = sum($ifrs-full:ReversalOfImpairmentLoss2)" xlink:label="lbl25256"/>
    <variable:factVariable xlink:type="resource" bindAsSequence="true" xlink:label="lbl25257" id="id12750"/>
    <variable:variableArc xlink:type="arc" xlink:arcrole="http://xbrl.org/arcrole/2008/variable-set" name="ifrs-full:ReversalOfImpairmentLoss" xlink:from="lbl25256" xlink:to="lbl25257"/>
    <variable:factVariable xlink:type="resource" bindAsSequence="true" xlink:label="lbl25259" id="id12751"/>
    <variable:variableArc xlink:type="arc" xlink:arcrole="http://xbrl.org/arcrole/2008/variable-set" name="ifrs-full:ReversalOfImpairmentLoss2" xlink:from="lbl25256" xlink:to="lbl25259"/>
    <va:valueAssertion xlink:type="resource" id="regla832417" aspectModel="dimensional" implicitFiltering="true" test="$ifrs-full:RecoverableAmountOfAssetOrCashgeneratingUnit = sum($ifrs-full:RecoverableAmountOfAssetOrCashgeneratingUnit2)" xlink:label="lbl25263"/>
    <variable:factVariable xlink:type="resource" bindAsSequence="true" xlink:label="lbl25264" id="id12752"/>
    <variable:variableArc xlink:type="arc" xlink:arcrole="http://xbrl.org/arcrole/2008/variable-set" name="ifrs-full:RecoverableAmountOfAssetOrCashgeneratingUnit" xlink:from="lbl25263" xlink:to="lbl25264"/>
    <variable:factVariable xlink:type="resource" bindAsSequence="true" xlink:label="lbl25266" id="id12753"/>
    <variable:variableArc xlink:type="arc" xlink:arcrole="http://xbrl.org/arcrole/2008/variable-set" name="ifrs-full:RecoverableAmountOfAssetOrCashgeneratingUnit2" xlink:from="lbl25263" xlink:to="lbl25266"/>
    <va:valueAssertion xlink:type="resource" id="regla832418" aspectModel="dimensional" implicitFiltering="true" test="$ifrs-full:Goodwill = sum($ifrs-full:Goodwill2)" xlink:label="lbl25270"/>
    <variable:factVariable xlink:type="resource" bindAsSequence="true" xlink:label="lbl25271" id="id12754"/>
    <variable:variableArc xlink:type="arc" xlink:arcrole="http://xbrl.org/arcrole/2008/variable-set" name="ifrs-full:Goodwill" xlink:from="lbl25270" xlink:to="lbl25271"/>
    <variable:factVariable xlink:type="resource" bindAsSequence="true" xlink:label="lbl25274" id="id12755"/>
    <variable:variableArc xlink:type="arc" xlink:arcrole="http://xbrl.org/arcrole/2008/variable-set" name="ifrs-full:Goodwill2" xlink:from="lbl25270" xlink:to="lbl25274"/>
    <va:valueAssertion xlink:type="resource" id="regla832419" aspectModel="dimensional" implicitFiltering="true" test="$ifrs-full:IntangibleAssetsWithIndefiniteUsefulLife = sum($ifrs-full:IntangibleAssetsWithIndefiniteUsefulLife2)" xlink:label="lbl25279"/>
    <variable:factVariable xlink:type="resource" bindAsSequence="true" xlink:label="lbl25280" id="id12756"/>
    <variable:variableArc xlink:type="arc" xlink:arcrole="http://xbrl.org/arcrole/2008/variable-set" name="ifrs-full:IntangibleAssetsWithIndefiniteUsefulLife" xlink:from="lbl25279" xlink:to="lbl25280"/>
    <variable:factVariable xlink:type="resource" bindAsSequence="true" xlink:label="lbl25282" id="id12757"/>
    <variable:variableArc xlink:type="arc" xlink:arcrole="http://xbrl.org/arcrole/2008/variable-set" name="ifrs-full:IntangibleAssetsWithIndefiniteUsefulLife2" xlink:from="lbl25279" xlink:to="lbl25282"/>
    <cf:conceptName xlink:type="resource" xlink:label="lbl25219" id="id12758">
      <cf:concept>
        <cf:qname>ifrs-full:ImpairmentLossRecognisedInProfitOrLoss</cf:qname>
      </cf:concept>
    </cf:conceptName>
    <variable:variableFilterArc xlink:type="arc" xlink:arcrole="http://xbrl.org/arcrole/2008/variable-filter" complement="false" cover="true" xlink:from="lbl25218" xlink:to="lbl25219"/>
    <df:explicitDimension xlink:type="resource" xlink:label="lbl25220" id="id12759">
      <df:dimension>
        <df:qname>ifrs-full:ClassesOfAssetsAxis</df:qname>
      </df:dimension>
      <df:member>
        <df:qname>ifrs-full:ClassesOfAssetsMember</df:qname>
      </df:member>
    </df:explicitDimension>
    <variable:variableFilterArc xlink:type="arc" xlink:arcrole="http://xbrl.org/arcrole/2008/variable-filter" complement="false" cover="true" xlink:from="lbl25218" xlink:to="lbl25220"/>
    <variable:variableFilterArc xlink:type="arc" xlink:arcrole="http://xbrl.org/arcrole/2008/variable-filter" complement="false" cover="true" xlink:from="lbl25221" xlink:to="lbl25219"/>
    <df:explicitDimension xlink:type="resource" xlink:label="lbl25222" id="id12760">
      <df:dimension>
        <df:qname>ifrs-full:ClassesOfAssetsAxis</df:qname>
      </df:dimension>
      <df:member>
        <df:qname>ifrs-full:ClassesOfAssetsMember</df:qname>
        <df:linkrole>http://www.cmfchile.cl/cl/fr/ci/role/ias-36_2021-03-24_role-832410a</df:linkrole>
        <df:arcrole>http://xbrl.org/int/dim/arcrole/domain-member</df:arcrole>
        <df:axis>child</df:axis>
      </df:member>
    </df:explicitDimension>
    <variable:variableFilterArc xlink:type="arc" xlink:arcrole="http://xbrl.org/arcrole/2008/variable-filter" complement="false" cover="true" xlink:from="lbl25221" xlink:to="lbl25222"/>
    <cf:conceptName xlink:type="resource" xlink:label="lbl25228" id="id12761">
      <cf:concept>
        <cf:qname>ifrs-full:ReversalOfImpairmentLossRecognisedInProfitOrLoss</cf:qname>
      </cf:concept>
    </cf:conceptName>
    <variable:variableFilterArc xlink:type="arc" xlink:arcrole="http://xbrl.org/arcrole/2008/variable-filter" complement="false" cover="true" xlink:from="lbl25227" xlink:to="lbl25228"/>
    <variable:variableFilterArc xlink:type="arc" xlink:arcrole="http://xbrl.org/arcrole/2008/variable-filter" complement="false" cover="true" xlink:from="lbl25227" xlink:to="lbl25220"/>
    <variable:variableFilterArc xlink:type="arc" xlink:arcrole="http://xbrl.org/arcrole/2008/variable-filter" complement="false" cover="true" xlink:from="lbl25229" xlink:to="lbl25228"/>
    <variable:variableFilterArc xlink:type="arc" xlink:arcrole="http://xbrl.org/arcrole/2008/variable-filter" complement="false" cover="true" xlink:from="lbl25229" xlink:to="lbl25222"/>
    <cf:conceptName xlink:type="resource" xlink:label="lbl25235" id="id12762">
      <cf:concept>
        <cf:qname>ifrs-full:ImpairmentLossRecognisedInOtherComprehensiveIncome</cf:qname>
      </cf:concept>
    </cf:conceptName>
    <variable:variableFilterArc xlink:type="arc" xlink:arcrole="http://xbrl.org/arcrole/2008/variable-filter" complement="false" cover="true" xlink:from="lbl25234" xlink:to="lbl25235"/>
    <variable:variableFilterArc xlink:type="arc" xlink:arcrole="http://xbrl.org/arcrole/2008/variable-filter" complement="false" cover="true" xlink:from="lbl25234" xlink:to="lbl25220"/>
    <variable:variableFilterArc xlink:type="arc" xlink:arcrole="http://xbrl.org/arcrole/2008/variable-filter" complement="false" cover="true" xlink:from="lbl25236" xlink:to="lbl25235"/>
    <variable:variableFilterArc xlink:type="arc" xlink:arcrole="http://xbrl.org/arcrole/2008/variable-filter" complement="false" cover="true" xlink:from="lbl25236" xlink:to="lbl25222"/>
    <cf:conceptName xlink:type="resource" xlink:label="lbl25242" id="id12763">
      <cf:concept>
        <cf:qname>ifrs-full:ReversalOfImpairmentLossRecognisedInOtherComprehensiveIncome</cf:qname>
      </cf:concept>
    </cf:conceptName>
    <variable:variableFilterArc xlink:type="arc" xlink:arcrole="http://xbrl.org/arcrole/2008/variable-filter" complement="false" cover="true" xlink:from="lbl25241" xlink:to="lbl25242"/>
    <variable:variableFilterArc xlink:type="arc" xlink:arcrole="http://xbrl.org/arcrole/2008/variable-filter" complement="false" cover="true" xlink:from="lbl25241" xlink:to="lbl25220"/>
    <variable:variableFilterArc xlink:type="arc" xlink:arcrole="http://xbrl.org/arcrole/2008/variable-filter" complement="false" cover="true" xlink:from="lbl25243" xlink:to="lbl25242"/>
    <variable:variableFilterArc xlink:type="arc" xlink:arcrole="http://xbrl.org/arcrole/2008/variable-filter" complement="false" cover="true" xlink:from="lbl25243" xlink:to="lbl25222"/>
    <cf:conceptName xlink:type="resource" xlink:label="lbl25249" id="id12764">
      <cf:concept>
        <cf:qname>ifrs-full:ImpairmentLoss</cf:qname>
      </cf:concept>
    </cf:conceptName>
    <variable:variableFilterArc xlink:type="arc" xlink:arcrole="http://xbrl.org/arcrole/2008/variable-filter" complement="false" cover="true" xlink:from="lbl25248" xlink:to="lbl25249"/>
    <df:explicitDimension xlink:type="resource" xlink:label="lbl25250" id="id12765">
      <df:dimension>
        <df:qname>ifrs-full:IndividualAssetsOrCashgeneratingUnitsAxis</df:qname>
      </df:dimension>
      <df:member>
        <df:qname>ifrs-full:IndividualAssetsOrCashgeneratingUnitsMember</df:qname>
      </df:member>
    </df:explicitDimension>
    <variable:variableFilterArc xlink:type="arc" xlink:arcrole="http://xbrl.org/arcrole/2008/variable-filter" complement="false" cover="true" xlink:from="lbl25248" xlink:to="lbl25250"/>
    <variable:variableFilterArc xlink:type="arc" xlink:arcrole="http://xbrl.org/arcrole/2008/variable-filter" complement="false" cover="true" xlink:from="lbl25251" xlink:to="lbl25249"/>
    <df:explicitDimension xlink:type="resource" xlink:label="lbl25252" id="id12766">
      <df:dimension>
        <df:qname>ifrs-full:IndividualAssetsOrCashgeneratingUnitsAxis</df:qname>
      </df:dimension>
      <df:member>
        <df:qname>ifrs-full:IndividualAssetsOrCashgeneratingUnitsMember</df:qname>
        <df:linkrole>http://www.cmfchile.cl/cl/fr/ci/role/ias-36_2021-03-24_role-832410b</df:linkrole>
        <df:arcrole>http://xbrl.org/int/dim/arcrole/domain-member</df:arcrole>
        <df:axis>child</df:axis>
      </df:member>
    </df:explicitDimension>
    <variable:variableFilterArc xlink:type="arc" xlink:arcrole="http://xbrl.org/arcrole/2008/variable-filter" complement="false" cover="true" xlink:from="lbl25251" xlink:to="lbl25252"/>
    <cf:conceptName xlink:type="resource" xlink:label="lbl25258" id="id12767">
      <cf:concept>
        <cf:qname>ifrs-full:ReversalOfImpairmentLoss</cf:qname>
      </cf:concept>
    </cf:conceptName>
    <variable:variableFilterArc xlink:type="arc" xlink:arcrole="http://xbrl.org/arcrole/2008/variable-filter" complement="false" cover="true" xlink:from="lbl25257" xlink:to="lbl25258"/>
    <variable:variableFilterArc xlink:type="arc" xlink:arcrole="http://xbrl.org/arcrole/2008/variable-filter" complement="false" cover="true" xlink:from="lbl25257" xlink:to="lbl25250"/>
    <variable:variableFilterArc xlink:type="arc" xlink:arcrole="http://xbrl.org/arcrole/2008/variable-filter" complement="false" cover="true" xlink:from="lbl25259" xlink:to="lbl25258"/>
    <variable:variableFilterArc xlink:type="arc" xlink:arcrole="http://xbrl.org/arcrole/2008/variable-filter" complement="false" cover="true" xlink:from="lbl25259" xlink:to="lbl25252"/>
    <cf:conceptName xlink:type="resource" xlink:label="lbl25265" id="id12768">
      <cf:concept>
        <cf:qname>ifrs-full:RecoverableAmountOfAssetOrCashgeneratingUnit</cf:qname>
      </cf:concept>
    </cf:conceptName>
    <variable:variableFilterArc xlink:type="arc" xlink:arcrole="http://xbrl.org/arcrole/2008/variable-filter" complement="false" cover="true" xlink:from="lbl25264" xlink:to="lbl25265"/>
    <variable:variableFilterArc xlink:type="arc" xlink:arcrole="http://xbrl.org/arcrole/2008/variable-filter" complement="false" cover="true" xlink:from="lbl25264" xlink:to="lbl25250"/>
    <variable:variableFilterArc xlink:type="arc" xlink:arcrole="http://xbrl.org/arcrole/2008/variable-filter" complement="false" cover="true" xlink:from="lbl25266" xlink:to="lbl25265"/>
    <variable:variableFilterArc xlink:type="arc" xlink:arcrole="http://xbrl.org/arcrole/2008/variable-filter" complement="false" cover="true" xlink:from="lbl25266" xlink:to="lbl25252"/>
    <cf:conceptName xlink:type="resource" xlink:label="lbl25272" id="id12769">
      <cf:concept>
        <cf:qname>ifrs-full:Goodwill</cf:qname>
      </cf:concept>
    </cf:conceptName>
    <variable:variableFilterArc xlink:type="arc" xlink:arcrole="http://xbrl.org/arcrole/2008/variable-filter" complement="false" cover="true" xlink:from="lbl25271" xlink:to="lbl25272"/>
    <df:explicitDimension xlink:type="resource" xlink:label="lbl25273" id="id12770">
      <df:dimension>
        <df:qname>ifrs-full:IndividualAssetsOrCashgeneratingUnitsWithSignificantAmountOfGoodwillOrIntangibleAssetsWithIndefiniteUsefulLivesAxis</df:qname>
      </df:dimension>
      <df:member>
        <df:qname>ifrs-full:IndividualAssetsOrCashgeneratingUnitsWithSignificantAmountOfGoodwillOrIntangibleAssetsWithIndefiniteUsefulLivesMember</df:qname>
      </df:member>
    </df:explicitDimension>
    <variable:variableFilterArc xlink:type="arc" xlink:arcrole="http://xbrl.org/arcrole/2008/variable-filter" complement="false" cover="true" xlink:from="lbl25271" xlink:to="lbl25273"/>
    <variable:variableFilterArc xlink:type="arc" xlink:arcrole="http://xbrl.org/arcrole/2008/variable-filter" complement="false" cover="true" xlink:from="lbl25274" xlink:to="lbl25272"/>
    <df:explicitDimension xlink:type="resource" xlink:label="lbl25275" id="id12771">
      <df:dimension>
        <df:qname>ifrs-full:IndividualAssetsOrCashgeneratingUnitsWithSignificantAmountOfGoodwillOrIntangibleAssetsWithIndefiniteUsefulLivesAxis</df:qname>
      </df:dimension>
      <df:member>
        <df:qname>ifrs-full:IndividualAssetsOrCashgeneratingUnitsWithSignificantAmountOfGoodwillOrIntangibleAssetsWithIndefiniteUsefulLivesMember</df:qname>
        <df:linkrole>http://www.cmfchile.cl/cl/fr/ci/role/ias-36_2021-03-24_role-832410c</df:linkrole>
        <df:arcrole>http://xbrl.org/int/dim/arcrole/domain-member</df:arcrole>
        <df:axis>child</df:axis>
      </df:member>
    </df:explicitDimension>
    <variable:variableFilterArc xlink:type="arc" xlink:arcrole="http://xbrl.org/arcrole/2008/variable-filter" complement="false" cover="true" xlink:from="lbl25274" xlink:to="lbl25275"/>
    <cf:conceptName xlink:type="resource" xlink:label="lbl25281" id="id12772">
      <cf:concept>
        <cf:qname>ifrs-full:IntangibleAssetsWithIndefiniteUsefulLife</cf:qname>
      </cf:concept>
    </cf:conceptName>
    <variable:variableFilterArc xlink:type="arc" xlink:arcrole="http://xbrl.org/arcrole/2008/variable-filter" complement="false" cover="true" xlink:from="lbl25280" xlink:to="lbl25281"/>
    <variable:variableFilterArc xlink:type="arc" xlink:arcrole="http://xbrl.org/arcrole/2008/variable-filter" complement="false" cover="true" xlink:from="lbl25280" xlink:to="lbl25273"/>
    <variable:variableFilterArc xlink:type="arc" xlink:arcrole="http://xbrl.org/arcrole/2008/variable-filter" complement="false" cover="true" xlink:from="lbl25282" xlink:to="lbl25281"/>
    <variable:variableFilterArc xlink:type="arc" xlink:arcrole="http://xbrl.org/arcrole/2008/variable-filter" complement="false" cover="true" xlink:from="lbl25282" xlink:to="lbl25275"/>
    <label:label xlink:type="resource" xml:lang="es" id="id12713" xlink:label="lbl25223">832411</label:label>
    <gen:arc xlink:type="arc" xlink:arcrole="http://xbrl.org/arcrole/2008/element-label" xlink:from="lbl25217" xlink:to="lbl25223"/>
    <label:label xlink:type="resource" xml:lang="es" id="id12716" xlink:label="lbl25230">832412</label:label>
    <gen:arc xlink:type="arc" xlink:arcrole="http://xbrl.org/arcrole/2008/element-label" xlink:from="lbl25226" xlink:to="lbl25230"/>
    <label:label xlink:type="resource" xml:lang="es" id="id12719" xlink:label="lbl25237">832413</label:label>
    <gen:arc xlink:type="arc" xlink:arcrole="http://xbrl.org/arcrole/2008/element-label" xlink:from="lbl25233" xlink:to="lbl25237"/>
    <label:label xlink:type="resource" xml:lang="es" id="id12722" xlink:label="lbl25244">832414</label:label>
    <gen:arc xlink:type="arc" xlink:arcrole="http://xbrl.org/arcrole/2008/element-label" xlink:from="lbl25240" xlink:to="lbl25244"/>
    <label:label xlink:type="resource" xml:lang="es" id="id12725" xlink:label="lbl25253">832415</label:label>
    <gen:arc xlink:type="arc" xlink:arcrole="http://xbrl.org/arcrole/2008/element-label" xlink:from="lbl25247" xlink:to="lbl25253"/>
    <label:label xlink:type="resource" xml:lang="es" id="id12728" xlink:label="lbl25260">832416</label:label>
    <gen:arc xlink:type="arc" xlink:arcrole="http://xbrl.org/arcrole/2008/element-label" xlink:from="lbl25256" xlink:to="lbl25260"/>
    <label:label xlink:type="resource" xml:lang="es" id="id12731" xlink:label="lbl25267">832417</label:label>
    <gen:arc xlink:type="arc" xlink:arcrole="http://xbrl.org/arcrole/2008/element-label" xlink:from="lbl25263" xlink:to="lbl25267"/>
    <label:label xlink:type="resource" xml:lang="es" id="id12734" xlink:label="lbl25276">832418</label:label>
    <gen:arc xlink:type="arc" xlink:arcrole="http://xbrl.org/arcrole/2008/element-label" xlink:from="lbl25270" xlink:to="lbl25276"/>
    <label:label xlink:type="resource" xml:lang="es" id="id12737" xlink:label="lbl25283">832419</label:label>
    <gen:arc xlink:type="arc" xlink:arcrole="http://xbrl.org/arcrole/2008/element-label" xlink:from="lbl25279" xlink:to="lbl25283"/>
    <msg:message xlink:type="resource" id="id12714" xml:lang="es" xlink:role="http://www.xbrl.org/2010/role/message" xlink:label="lbl25224">Rol[832410a] Regla832411: Suma dimensiones Pérdidas por deterioro de valor reconocidas en el resultado del periodo OK; contexto  {$ifrs-full:ImpairmentLossRecognisedInProfitOrLoss/@contextRef}</msg:message>
    <gen:arc xlink:type="arc" xlink:arcrole="http://xbrl.org/arcrole/2010/assertion-satisfied-message" xlink:from="lbl25217" xlink:to="lbl25224"/>
    <msg:message xlink:type="resource" id="id12717" xml:lang="es" xlink:role="http://www.xbrl.org/2010/role/message" xlink:label="lbl25231">Rol[832410a] Regla832412: Suma dimensiones Reversión de pérdidas por deterioro de valor reconocidas en el resultado del periodo OK; contexto  {$ifrs-full:ReversalOfImpairmentLossRecognisedInProfitOrLoss/@contextRef}</msg:message>
    <gen:arc xlink:type="arc" xlink:arcrole="http://xbrl.org/arcrole/2010/assertion-satisfied-message" xlink:from="lbl25226" xlink:to="lbl25231"/>
    <msg:message xlink:type="resource" id="id12720" xml:lang="es" xlink:role="http://www.xbrl.org/2010/role/message" xlink:label="lbl25238">Rol[832410a] Regla832413: Suma dimensiones Pérdidas por deterioro de valor reconocidas en otro resultado integral OK; contexto  {$ifrs-full:ImpairmentLossRecognisedInOtherComprehensiveIncome/@contextRef}</msg:message>
    <gen:arc xlink:type="arc" xlink:arcrole="http://xbrl.org/arcrole/2010/assertion-satisfied-message" xlink:from="lbl25233" xlink:to="lbl25238"/>
    <msg:message xlink:type="resource" id="id12723" xml:lang="es" xlink:role="http://www.xbrl.org/2010/role/message" xlink:label="lbl25245">Rol[832410a] Regla832414: Suma dimensiones Reversión de pérdidas por deterioro de valor reconocidas en otro resultado integral OK; contexto  {$ifrs-full:ReversalOfImpairmentLossRecognisedInOtherComprehensiveIncome/@contextRef}</msg:message>
    <gen:arc xlink:type="arc" xlink:arcrole="http://xbrl.org/arcrole/2010/assertion-satisfied-message" xlink:from="lbl25240" xlink:to="lbl25245"/>
    <msg:message xlink:type="resource" id="id12726" xml:lang="es" xlink:role="http://www.xbrl.org/2010/role/message" xlink:label="lbl25254">Rol[832410b] Regla832415: Suma dimensiones Pérdidas por deterioro de valor OK; contexto  {$ifrs-full:ImpairmentLoss/@contextRef}</msg:message>
    <gen:arc xlink:type="arc" xlink:arcrole="http://xbrl.org/arcrole/2010/assertion-satisfied-message" xlink:from="lbl25247" xlink:to="lbl25254"/>
    <msg:message xlink:type="resource" id="id12729" xml:lang="es" xlink:role="http://www.xbrl.org/2010/role/message" xlink:label="lbl25261">Rol[832410b] Regla832416: Suma dimensiones Reversión de la pérdida por deterioro de valor OK; contexto  {$ifrs-full:ReversalOfImpairmentLoss/@contextRef}</msg:message>
    <gen:arc xlink:type="arc" xlink:arcrole="http://xbrl.org/arcrole/2010/assertion-satisfied-message" xlink:from="lbl25256" xlink:to="lbl25261"/>
    <msg:message xlink:type="resource" id="id12732" xml:lang="es" xlink:role="http://www.xbrl.org/2010/role/message" xlink:label="lbl25268">Rol[832410b] Regla832417: Suma dimensiones Importe recuperable de activos o unidades generadoras de efectivo OK; contexto  {$ifrs-full:RecoverableAmountOfAssetOrCashgeneratingUnit/@contextRef}</msg:message>
    <gen:arc xlink:type="arc" xlink:arcrole="http://xbrl.org/arcrole/2010/assertion-satisfied-message" xlink:from="lbl25263" xlink:to="lbl25268"/>
    <msg:message xlink:type="resource" id="id12735" xml:lang="es" xlink:role="http://www.xbrl.org/2010/role/message" xlink:label="lbl25277">Rol[832410c] Regla832418: Suma dimensiones Plusvalía OK; contexto  {$ifrs-full:Goodwill/@contextRef}</msg:message>
    <gen:arc xlink:type="arc" xlink:arcrole="http://xbrl.org/arcrole/2010/assertion-satisfied-message" xlink:from="lbl25270" xlink:to="lbl25277"/>
    <msg:message xlink:type="resource" id="id12738" xml:lang="es" xlink:role="http://www.xbrl.org/2010/role/message" xlink:label="lbl25284">Rol[832410c] Regla832419: Suma dimensiones Activos intangibles con vidas útiles indefinidas OK; contexto  {$ifrs-full:IntangibleAssetsWithIndefiniteUsefulLife/@contextRef}</msg:message>
    <gen:arc xlink:type="arc" xlink:arcrole="http://xbrl.org/arcrole/2010/assertion-satisfied-message" xlink:from="lbl25279" xlink:to="lbl25284"/>
    <msg:message xlink:type="resource" id="id12715" xml:lang="es" xlink:role="http://www.xbrl.org/2010/role/message" xlink:label="lbl25225">Rol[832410a] Regla832411: Error en suma dimensiones Pérdidas por deterioro de valor reconocidas en el resultado del periodo; contexto  {$ifrs-full:ImpairmentLossRecognisedInProfitOrLoss/@contextRef}</msg:message>
    <gen:arc xlink:type="arc" xlink:arcrole="http://xbrl.org/arcrole/2010/assertion-unsatisfied-message" xlink:from="lbl25217" xlink:to="lbl25225"/>
    <msg:message xlink:type="resource" id="id12718" xml:lang="es" xlink:role="http://www.xbrl.org/2010/role/message" xlink:label="lbl25232">Rol[832410a] Regla832412: Error en suma dimensiones Reversión de pérdidas por deterioro de valor reconocidas en el resultado del periodo; contexto  {$ifrs-full:ReversalOfImpairmentLossRecognisedInProfitOrLoss/@contextRef}</msg:message>
    <gen:arc xlink:type="arc" xlink:arcrole="http://xbrl.org/arcrole/2010/assertion-unsatisfied-message" xlink:from="lbl25226" xlink:to="lbl25232"/>
    <msg:message xlink:type="resource" id="id12721" xml:lang="es" xlink:role="http://www.xbrl.org/2010/role/message" xlink:label="lbl25239">Rol[832410a] Regla832413: Error en suma dimensiones Pérdidas por deterioro de valor reconocidas en otro resultado integral; contexto  {$ifrs-full:ImpairmentLossRecognisedInOtherComprehensiveIncome/@contextRef}</msg:message>
    <gen:arc xlink:type="arc" xlink:arcrole="http://xbrl.org/arcrole/2010/assertion-unsatisfied-message" xlink:from="lbl25233" xlink:to="lbl25239"/>
    <msg:message xlink:type="resource" id="id12724" xml:lang="es" xlink:role="http://www.xbrl.org/2010/role/message" xlink:label="lbl25246">Rol[832410a] Regla832414: Error en suma dimensiones Reversión de pérdidas por deterioro de valor reconocidas en otro resultado integral; contexto  {$ifrs-full:ReversalOfImpairmentLossRecognisedInOtherComprehensiveIncome/@contextRef}</msg:message>
    <gen:arc xlink:type="arc" xlink:arcrole="http://xbrl.org/arcrole/2010/assertion-unsatisfied-message" xlink:from="lbl25240" xlink:to="lbl25246"/>
    <msg:message xlink:type="resource" id="id12727" xml:lang="es" xlink:role="http://www.xbrl.org/2010/role/message" xlink:label="lbl25255">Rol[832410b] Regla832415: Error en suma dimensiones Pérdidas por deterioro de valor; contexto  {$ifrs-full:ImpairmentLoss/@contextRef}</msg:message>
    <gen:arc xlink:type="arc" xlink:arcrole="http://xbrl.org/arcrole/2010/assertion-unsatisfied-message" xlink:from="lbl25247" xlink:to="lbl25255"/>
    <msg:message xlink:type="resource" id="id12730" xml:lang="es" xlink:role="http://www.xbrl.org/2010/role/message" xlink:label="lbl25262">Rol[832410b] Regla832416: Error en suma dimensiones Reversión de la pérdida por deterioro de valor; contexto  {$ifrs-full:ReversalOfImpairmentLoss/@contextRef}</msg:message>
    <gen:arc xlink:type="arc" xlink:arcrole="http://xbrl.org/arcrole/2010/assertion-unsatisfied-message" xlink:from="lbl25256" xlink:to="lbl25262"/>
    <msg:message xlink:type="resource" id="id12733" xml:lang="es" xlink:role="http://www.xbrl.org/2010/role/message" xlink:label="lbl25269">Rol[832410b] Regla832417: Error en suma dimensiones Importe recuperable de activos o unidades generadoras de efectivo; contexto  {$ifrs-full:RecoverableAmountOfAssetOrCashgeneratingUnit/@contextRef}</msg:message>
    <gen:arc xlink:type="arc" xlink:arcrole="http://xbrl.org/arcrole/2010/assertion-unsatisfied-message" xlink:from="lbl25263" xlink:to="lbl25269"/>
    <msg:message xlink:type="resource" id="id12736" xml:lang="es" xlink:role="http://www.xbrl.org/2010/role/message" xlink:label="lbl25278">Rol[832410c] Regla832418: Error en suma dimensiones Plusvalía; contexto  {$ifrs-full:Goodwill/@contextRef}</msg:message>
    <gen:arc xlink:type="arc" xlink:arcrole="http://xbrl.org/arcrole/2010/assertion-unsatisfied-message" xlink:from="lbl25270" xlink:to="lbl25278"/>
    <msg:message xlink:type="resource" id="id12739" xml:lang="es" xlink:role="http://www.xbrl.org/2010/role/message" xlink:label="lbl25285">Rol[832410c] Regla832419: Error en suma dimensiones Activos intangibles con vidas útiles indefinidas; contexto  {$ifrs-full:IntangibleAssetsWithIndefiniteUsefulLife/@contextRef}</msg:message>
    <gen:arc xlink:type="arc" xlink:arcrole="http://xbrl.org/arcrole/2010/assertion-unsatisfied-message" xlink:from="lbl25279" xlink:to="lbl25285"/>
  </gen:link>
</link:linkbase>