﻿<?xml version="1.0" encoding="utf-8"?>
<?taxonomy-version 1.0.0.0 ?>  <?taxonomy-set-overall-version 3.3.0.0 ?>
<!--(C) EBA-->
<link:linkbase xmlns:xsi="http://www.w3.org/2001/XMLSchema-instance" xmlns:xlink="http://www.w3.org/1999/xlink" xmlns:link="http://www.xbrl.org/2003/linkbase" xmlns:gen="http://xbrl.org/2008/generic" xmlns:label="http://xbrl.org/2008/label" xmlns:formula="http://xbrl.org/2008/formula" xmlns:df="http://xbrl.org/2008/filter/dimension" xmlns:table="http://xbrl.org/2014/table" xmlns:model="http://www.eurofiling.info/xbrl/ext/model" xmlns:eba_dim="http://www.eba.europa.eu/xbrl/crr/dict/dim" xmlns:eba_EA="http://www.eba.europa.eu/xbrl/crr/dict/dom/EA" xmlns:eba_AP="http://www.eba.europa.eu/xbrl/crr/dict/dom/AP" xmlns:eba_met="http://www.eba.europa.eu/xbrl/crr/dict/met" xmlns:eba_EC="http://www.eba.europa.eu/xbrl/crr/dict/dom/EC" xmlns:eba_PU="http://www.eba.europa.eu/xbrl/crr/dict/dom/PU" xmlns:eba_BA="http://www.eba.europa.eu/xbrl/crr/dict/dom/BA" xmlns:eba_MC="http://www.eba.europa.eu/xbrl/crr/dict/dom/MC" xmlns:eba_PL="http://www.eba.europa.eu/xbrl/crr/dict/dom/PL" xmlns:eba_CT="http://www.eba.europa.eu/xbrl/crr/dict/dom/CT" xsi:schemaLocation="http://www.xbrl.org/2003/linkbase http://www.xbrl.org/2003/xbrl-linkbase-2003-12-31.xsd http://xbrl.org/2008/generic http://www.xbrl.org/2008/generic-link.xsd http://xbrl.org/2008/label http://www.xbrl.org/2008/generic-label.xsd http://xbrl.org/2008/formula http://www.xbrl.org/2008/formula.xsd http://xbrl.org/2008/filter/dimension http://www.xbrl.org/2008/dimension-filter.xsd http://xbrl.org/2014/table http://www.xbrl.org/2014/table.xsd http://www.eurofiling.info/xbrl/ext/model http://www.eurofiling.info/eu/fr/xbrl/ext/model.xsd">
  <link:arcroleRef arcroleURI="http://xbrl.org/arcrole/2014/breakdown-tree" xlink:type="simple" xlink:href="http://www.xbrl.org/2014/table.xsd#breakdown-tree" />
  <link:arcroleRef arcroleURI="http://xbrl.org/arcrole/2014/definition-node-subtree" xlink:type="simple" xlink:href="http://www.xbrl.org/2014/table.xsd#definition-node-subtree" />
  <link:arcroleRef arcroleURI="http://xbrl.org/arcrole/2014/table-breakdown" xlink:type="simple" xlink:href="http://www.xbrl.org/2014/table.xsd#table-breakdown" />
  <link:roleRef roleURI="http://www.eba.europa.eu/xbrl/crr/role/fws/ESG/its-2021-637/2023-05-30/tab/D_08.00.a" xlink:type="simple" xlink:href="d_08.00.a.xsd#role" />
  <gen:link xlink:type="extended" xlink:role="http://www.eba.europa.eu/xbrl/crr/role/fws/ESG/its-2021-637/2023-05-30/tab/D_08.00.a">
    <table:table xlink:type="resource" xlink:label="eba_tD_08.00.a" id="eba_tD_08.00.a" />
    <table:breakdown xlink:type="resource" xlink:label="eba_a1" parentChildOrder="parent-first" id="eba_a1" />
    <table:ruleNode xlink:type="resource" xlink:label="eba_a1.root" abstract="true" merge="true" id="eba_a1.root">
      <formula:explicitDimension dimension="eba_dim:EPC">
        <formula:member>
          <formula:qname>eba_EA:x20</formula:qname>
        </formula:member>
      </formula:explicitDimension>
      <formula:explicitDimension dimension="eba_dim:GBC">
        <formula:member>
          <formula:qname>eba_AP:x233</formula:qname>
        </formula:member>
      </formula:explicitDimension>
    </table:ruleNode>
    <table:breakdownTreeArc xlink:type="arc" xlink:arcrole="http://xbrl.org/arcrole/2014/breakdown-tree" xlink:from="eba_a1" xlink:to="eba_a1.root" order="0" />
    <table:ruleNode xlink:type="resource" xlink:label="eba_c86606" abstract="true" id="eba_c86606" />
    <table:ruleNode xlink:type="resource" xlink:label="eba_c86607" abstract="true" id="eba_c86607">
      <formula:explicitDimension dimension="eba_dim:EAQ">
        <formula:member>
          <formula:qname>eba_EA:x21</formula:qname>
        </formula:member>
      </formula:explicitDimension>
    </table:ruleNode>
    <table:ruleNode xlink:type="resource" xlink:label="eba_c86608" id="eba_c86608">
      <formula:concept>
        <formula:qname>eba_met:pi950</formula:qname>
      </formula:concept>
    </table:ruleNode>
    <table:ruleNode xlink:type="resource" xlink:label="eba_c86609" id="eba_c86609">
      <formula:concept>
        <formula:qname>eba_met:pi950</formula:qname>
      </formula:concept>
      <formula:explicitDimension dimension="eba_dim:EPC">
        <formula:member>
          <formula:qname>eba_EA:x19</formula:qname>
        </formula:member>
      </formula:explicitDimension>
    </table:ruleNode>
    <table:ruleNode xlink:type="resource" xlink:label="eba_c86610" id="eba_c86610">
      <formula:concept>
        <formula:qname>eba_met:pi950</formula:qname>
      </formula:concept>
      <formula:explicitDimension dimension="eba_dim:EXC">
        <formula:member>
          <formula:qname>eba_EC:x3</formula:qname>
        </formula:member>
      </formula:explicitDimension>
      <formula:explicitDimension dimension="eba_dim:KUP">
        <formula:member>
          <formula:qname>eba_PU:x45</formula:qname>
        </formula:member>
      </formula:explicitDimension>
    </table:ruleNode>
    <table:definitionNodeSubtreeArc xlink:type="arc" xlink:arcrole="http://xbrl.org/arcrole/2014/definition-node-subtree" xlink:from="eba_c86609" xlink:to="eba_c86610" order="1" />
    <table:ruleNode xlink:type="resource" xlink:label="eba_c86611" id="eba_c86611">
      <formula:concept>
        <formula:qname>eba_met:pi950</formula:qname>
      </formula:concept>
      <formula:explicitDimension dimension="eba_dim:EAW">
        <formula:member>
          <formula:qname>eba_EA:x25</formula:qname>
        </formula:member>
      </formula:explicitDimension>
    </table:ruleNode>
    <table:definitionNodeSubtreeArc xlink:type="arc" xlink:arcrole="http://xbrl.org/arcrole/2014/definition-node-subtree" xlink:from="eba_c86609" xlink:to="eba_c86611" order="2" />
    <table:ruleNode xlink:type="resource" xlink:label="eba_c86612" id="eba_c86612">
      <formula:concept>
        <formula:qname>eba_met:pi950</formula:qname>
      </formula:concept>
      <formula:explicitDimension dimension="eba_dim:EAW">
        <formula:member>
          <formula:qname>eba_EA:x24</formula:qname>
        </formula:member>
      </formula:explicitDimension>
    </table:ruleNode>
    <table:definitionNodeSubtreeArc xlink:type="arc" xlink:arcrole="http://xbrl.org/arcrole/2014/definition-node-subtree" xlink:from="eba_c86609" xlink:to="eba_c86612" order="3" />
    <table:definitionNodeSubtreeArc xlink:type="arc" xlink:arcrole="http://xbrl.org/arcrole/2014/definition-node-subtree" xlink:from="eba_c86608" xlink:to="eba_c86609" order="1" />
    <table:definitionNodeSubtreeArc xlink:type="arc" xlink:arcrole="http://xbrl.org/arcrole/2014/definition-node-subtree" xlink:from="eba_c86607" xlink:to="eba_c86608" order="1" />
    <table:definitionNodeSubtreeArc xlink:type="arc" xlink:arcrole="http://xbrl.org/arcrole/2014/definition-node-subtree" xlink:from="eba_c86606" xlink:to="eba_c86607" order="1" />
    <table:ruleNode xlink:type="resource" xlink:label="eba_c86613" abstract="true" id="eba_c86613">
      <formula:explicitDimension dimension="eba_dim:EAQ">
        <formula:member>
          <formula:qname>eba_EA:x22</formula:qname>
        </formula:member>
      </formula:explicitDimension>
    </table:ruleNode>
    <table:ruleNode xlink:type="resource" xlink:label="eba_c86614" id="eba_c86614">
      <formula:concept>
        <formula:qname>eba_met:pi950</formula:qname>
      </formula:concept>
    </table:ruleNode>
    <table:ruleNode xlink:type="resource" xlink:label="eba_c86615" id="eba_c86615">
      <formula:concept>
        <formula:qname>eba_met:pi950</formula:qname>
      </formula:concept>
      <formula:explicitDimension dimension="eba_dim:EPC">
        <formula:member>
          <formula:qname>eba_EA:x19</formula:qname>
        </formula:member>
      </formula:explicitDimension>
    </table:ruleNode>
    <table:ruleNode xlink:type="resource" xlink:label="eba_c86616" id="eba_c86616">
      <formula:concept>
        <formula:qname>eba_met:pi950</formula:qname>
      </formula:concept>
      <formula:explicitDimension dimension="eba_dim:EXC">
        <formula:member>
          <formula:qname>eba_EC:x3</formula:qname>
        </formula:member>
      </formula:explicitDimension>
      <formula:explicitDimension dimension="eba_dim:KUP">
        <formula:member>
          <formula:qname>eba_PU:x45</formula:qname>
        </formula:member>
      </formula:explicitDimension>
    </table:ruleNode>
    <table:definitionNodeSubtreeArc xlink:type="arc" xlink:arcrole="http://xbrl.org/arcrole/2014/definition-node-subtree" xlink:from="eba_c86615" xlink:to="eba_c86616" order="1" />
    <table:ruleNode xlink:type="resource" xlink:label="eba_c86617" id="eba_c86617">
      <formula:concept>
        <formula:qname>eba_met:pi950</formula:qname>
      </formula:concept>
      <formula:explicitDimension dimension="eba_dim:EAW">
        <formula:member>
          <formula:qname>eba_EA:x26</formula:qname>
        </formula:member>
      </formula:explicitDimension>
    </table:ruleNode>
    <table:definitionNodeSubtreeArc xlink:type="arc" xlink:arcrole="http://xbrl.org/arcrole/2014/definition-node-subtree" xlink:from="eba_c86615" xlink:to="eba_c86617" order="2" />
    <table:ruleNode xlink:type="resource" xlink:label="eba_c86618" id="eba_c86618">
      <formula:concept>
        <formula:qname>eba_met:pi950</formula:qname>
      </formula:concept>
      <formula:explicitDimension dimension="eba_dim:EAW">
        <formula:member>
          <formula:qname>eba_EA:x24</formula:qname>
        </formula:member>
      </formula:explicitDimension>
    </table:ruleNode>
    <table:definitionNodeSubtreeArc xlink:type="arc" xlink:arcrole="http://xbrl.org/arcrole/2014/definition-node-subtree" xlink:from="eba_c86615" xlink:to="eba_c86618" order="3" />
    <table:definitionNodeSubtreeArc xlink:type="arc" xlink:arcrole="http://xbrl.org/arcrole/2014/definition-node-subtree" xlink:from="eba_c86614" xlink:to="eba_c86615" order="1" />
    <table:definitionNodeSubtreeArc xlink:type="arc" xlink:arcrole="http://xbrl.org/arcrole/2014/definition-node-subtree" xlink:from="eba_c86613" xlink:to="eba_c86614" order="1" />
    <table:definitionNodeSubtreeArc xlink:type="arc" xlink:arcrole="http://xbrl.org/arcrole/2014/definition-node-subtree" xlink:from="eba_c86606" xlink:to="eba_c86613" order="2" />
    <table:ruleNode xlink:type="resource" xlink:label="eba_c86619" abstract="true" id="eba_c86619">
      <formula:explicitDimension dimension="eba_dim:EAQ">
        <formula:member>
          <formula:qname>eba_EA:x23</formula:qname>
        </formula:member>
      </formula:explicitDimension>
    </table:ruleNode>
    <table:ruleNode xlink:type="resource" xlink:label="eba_c86620" id="eba_c86620">
      <formula:concept>
        <formula:qname>eba_met:pi950</formula:qname>
      </formula:concept>
    </table:ruleNode>
    <table:ruleNode xlink:type="resource" xlink:label="eba_c86621" id="eba_c86621">
      <formula:concept>
        <formula:qname>eba_met:pi950</formula:qname>
      </formula:concept>
      <formula:explicitDimension dimension="eba_dim:EPC">
        <formula:member>
          <formula:qname>eba_EA:x19</formula:qname>
        </formula:member>
      </formula:explicitDimension>
    </table:ruleNode>
    <table:ruleNode xlink:type="resource" xlink:label="eba_c86622" id="eba_c86622">
      <formula:concept>
        <formula:qname>eba_met:pi950</formula:qname>
      </formula:concept>
      <formula:explicitDimension dimension="eba_dim:EXC">
        <formula:member>
          <formula:qname>eba_EC:x3</formula:qname>
        </formula:member>
      </formula:explicitDimension>
      <formula:explicitDimension dimension="eba_dim:KUP">
        <formula:member>
          <formula:qname>eba_PU:x45</formula:qname>
        </formula:member>
      </formula:explicitDimension>
    </table:ruleNode>
    <table:definitionNodeSubtreeArc xlink:type="arc" xlink:arcrole="http://xbrl.org/arcrole/2014/definition-node-subtree" xlink:from="eba_c86621" xlink:to="eba_c86622" order="1" />
    <table:ruleNode xlink:type="resource" xlink:label="eba_c86623" id="eba_c86623">
      <formula:concept>
        <formula:qname>eba_met:pi950</formula:qname>
      </formula:concept>
      <formula:explicitDimension dimension="eba_dim:EAW">
        <formula:member>
          <formula:qname>eba_EA:x32</formula:qname>
        </formula:member>
      </formula:explicitDimension>
    </table:ruleNode>
    <table:definitionNodeSubtreeArc xlink:type="arc" xlink:arcrole="http://xbrl.org/arcrole/2014/definition-node-subtree" xlink:from="eba_c86621" xlink:to="eba_c86623" order="2" />
    <table:ruleNode xlink:type="resource" xlink:label="eba_c86624" id="eba_c86624">
      <formula:concept>
        <formula:qname>eba_met:pi950</formula:qname>
      </formula:concept>
      <formula:explicitDimension dimension="eba_dim:EAW">
        <formula:member>
          <formula:qname>eba_EA:x24</formula:qname>
        </formula:member>
      </formula:explicitDimension>
    </table:ruleNode>
    <table:definitionNodeSubtreeArc xlink:type="arc" xlink:arcrole="http://xbrl.org/arcrole/2014/definition-node-subtree" xlink:from="eba_c86621" xlink:to="eba_c86624" order="3" />
    <table:definitionNodeSubtreeArc xlink:type="arc" xlink:arcrole="http://xbrl.org/arcrole/2014/definition-node-subtree" xlink:from="eba_c86620" xlink:to="eba_c86621" order="1" />
    <table:definitionNodeSubtreeArc xlink:type="arc" xlink:arcrole="http://xbrl.org/arcrole/2014/definition-node-subtree" xlink:from="eba_c86619" xlink:to="eba_c86620" order="1" />
    <table:definitionNodeSubtreeArc xlink:type="arc" xlink:arcrole="http://xbrl.org/arcrole/2014/definition-node-subtree" xlink:from="eba_c86606" xlink:to="eba_c86619" order="3" />
    <table:definitionNodeSubtreeArc xlink:type="arc" xlink:arcrole="http://xbrl.org/arcrole/2014/definition-node-subtree" xlink:from="eba_a1.root" xlink:to="eba_c86606" order="1" />
    <table:tableBreakdownArc xlink:type="arc" xlink:arcrole="http://xbrl.org/arcrole/2014/table-breakdown" xlink:from="eba_tD_08.00.a" xlink:to="eba_a1" axis="x" order="1" />
    <table:breakdown xlink:type="resource" xlink:label="eba_a2" parentChildOrder="parent-first" id="eba_a2" />
    <table:ruleNode xlink:type="resource" xlink:label="eba_a2.root" abstract="true" merge="true" id="eba_a2.root">
      <formula:explicitDimension dimension="eba_dim:BAS">
        <formula:member>
          <formula:qname>eba_BA:x17</formula:qname>
        </formula:member>
      </formula:explicitDimension>
    </table:ruleNode>
    <table:breakdownTreeArc xlink:type="arc" xlink:arcrole="http://xbrl.org/arcrole/2014/breakdown-tree" xlink:from="eba_a2" xlink:to="eba_a2.root" order="0" />
    <table:ruleNode xlink:type="resource" xlink:label="eba_c86644" id="eba_c86644" />
    <table:ruleNode xlink:type="resource" xlink:label="eba_c86645" id="eba_c86645">
      <formula:explicitDimension dimension="eba_dim:MCY">
        <formula:member>
          <formula:qname>eba_MC:x143</formula:qname>
        </formula:member>
      </formula:explicitDimension>
      <formula:explicitDimension dimension="eba_dim:APL">
        <formula:member>
          <formula:qname>eba_PL:x772</formula:qname>
        </formula:member>
      </formula:explicitDimension>
    </table:ruleNode>
    <table:ruleNode xlink:type="resource" xlink:label="eba_c86646" id="eba_c86646">
      <formula:explicitDimension dimension="eba_dim:MCY">
        <formula:member>
          <formula:qname>eba_MC:x143</formula:qname>
        </formula:member>
      </formula:explicitDimension>
      <formula:explicitDimension dimension="eba_dim:CPS">
        <formula:member>
          <formula:qname>eba_CT:x8</formula:qname>
        </formula:member>
      </formula:explicitDimension>
    </table:ruleNode>
    <table:ruleNode xlink:type="resource" xlink:label="eba_c86647" id="eba_c86647">
      <formula:explicitDimension dimension="eba_dim:CPS">
        <formula:member>
          <formula:qname>eba_CT:x12</formula:qname>
        </formula:member>
      </formula:explicitDimension>
    </table:ruleNode>
    <table:definitionNodeSubtreeArc xlink:type="arc" xlink:arcrole="http://xbrl.org/arcrole/2014/definition-node-subtree" xlink:from="eba_c86646" xlink:to="eba_c86647" order="1" />
    <table:ruleNode xlink:type="resource" xlink:label="eba_c86648" id="eba_c86648">
      <formula:explicitDimension dimension="eba_dim:CPS">
        <formula:member>
          <formula:qname>eba_CT:x66</formula:qname>
        </formula:member>
      </formula:explicitDimension>
    </table:ruleNode>
    <table:ruleNode xlink:type="resource" xlink:label="eba_c86649" id="eba_c86649">
      <formula:explicitDimension dimension="eba_dim:CPS">
        <formula:member>
          <formula:qname>eba_CT:x599</formula:qname>
        </formula:member>
      </formula:explicitDimension>
    </table:ruleNode>
    <table:definitionNodeSubtreeArc xlink:type="arc" xlink:arcrole="http://xbrl.org/arcrole/2014/definition-node-subtree" xlink:from="eba_c86648" xlink:to="eba_c86649" order="1" />
    <table:ruleNode xlink:type="resource" xlink:label="eba_c86650" id="eba_c86650">
      <formula:explicitDimension dimension="eba_dim:CPS">
        <formula:member>
          <formula:qname>eba_CT:x639</formula:qname>
        </formula:member>
      </formula:explicitDimension>
    </table:ruleNode>
    <table:definitionNodeSubtreeArc xlink:type="arc" xlink:arcrole="http://xbrl.org/arcrole/2014/definition-node-subtree" xlink:from="eba_c86648" xlink:to="eba_c86650" order="2" />
    <table:ruleNode xlink:type="resource" xlink:label="eba_c86651" id="eba_c86651">
      <formula:explicitDimension dimension="eba_dim:CPS">
        <formula:member>
          <formula:qname>eba_CT:x640</formula:qname>
        </formula:member>
      </formula:explicitDimension>
    </table:ruleNode>
    <table:definitionNodeSubtreeArc xlink:type="arc" xlink:arcrole="http://xbrl.org/arcrole/2014/definition-node-subtree" xlink:from="eba_c86648" xlink:to="eba_c86651" order="3" />
    <table:definitionNodeSubtreeArc xlink:type="arc" xlink:arcrole="http://xbrl.org/arcrole/2014/definition-node-subtree" xlink:from="eba_c86646" xlink:to="eba_c86648" order="2" />
    <table:definitionNodeSubtreeArc xlink:type="arc" xlink:arcrole="http://xbrl.org/arcrole/2014/definition-node-subtree" xlink:from="eba_c86645" xlink:to="eba_c86646" order="1" />
    <table:ruleNode xlink:type="resource" xlink:label="eba_c86652" id="eba_c86652">
      <formula:explicitDimension dimension="eba_dim:MCY">
        <formula:member>
          <formula:qname>eba_MC:x143</formula:qname>
        </formula:member>
      </formula:explicitDimension>
      <formula:explicitDimension dimension="eba_dim:CPS">
        <formula:member>
          <formula:qname>eba_CT:x20</formula:qname>
        </formula:member>
      </formula:explicitDimension>
      <formula:explicitDimension dimension="eba_dim:CPY">
        <formula:member>
          <formula:qname>eba_CT:x641</formula:qname>
        </formula:member>
      </formula:explicitDimension>
    </table:ruleNode>
    <table:definitionNodeSubtreeArc xlink:type="arc" xlink:arcrole="http://xbrl.org/arcrole/2014/definition-node-subtree" xlink:from="eba_c86645" xlink:to="eba_c86652" order="2" />
    <table:ruleNode xlink:type="resource" xlink:label="eba_c86653" id="eba_c86653">
      <formula:explicitDimension dimension="eba_dim:MCY">
        <formula:member>
          <formula:qname>eba_MC:x469</formula:qname>
        </formula:member>
      </formula:explicitDimension>
      <formula:explicitDimension dimension="eba_dim:CPS">
        <formula:member>
          <formula:qname>eba_CT:x5</formula:qname>
        </formula:member>
      </formula:explicitDimension>
    </table:ruleNode>
    <table:ruleNode xlink:type="resource" xlink:label="eba_c86654" id="eba_c86654">
      <formula:explicitDimension dimension="eba_dim:MCG">
        <formula:member>
          <formula:qname>eba_MC:x294</formula:qname>
        </formula:member>
      </formula:explicitDimension>
    </table:ruleNode>
    <table:definitionNodeSubtreeArc xlink:type="arc" xlink:arcrole="http://xbrl.org/arcrole/2014/definition-node-subtree" xlink:from="eba_c86653" xlink:to="eba_c86654" order="1" />
    <table:ruleNode xlink:type="resource" xlink:label="eba_c86655" id="eba_c86655">
      <formula:explicitDimension dimension="eba_dim:PUR">
        <formula:member>
          <formula:qname>eba_PU:x41</formula:qname>
        </formula:member>
      </formula:explicitDimension>
    </table:ruleNode>
    <table:definitionNodeSubtreeArc xlink:type="arc" xlink:arcrole="http://xbrl.org/arcrole/2014/definition-node-subtree" xlink:from="eba_c86653" xlink:to="eba_c86655" order="2" />
    <table:ruleNode xlink:type="resource" xlink:label="eba_c86656" id="eba_c86656">
      <formula:explicitDimension dimension="eba_dim:PUR">
        <formula:member>
          <formula:qname>eba_PU:x42</formula:qname>
        </formula:member>
      </formula:explicitDimension>
    </table:ruleNode>
    <table:definitionNodeSubtreeArc xlink:type="arc" xlink:arcrole="http://xbrl.org/arcrole/2014/definition-node-subtree" xlink:from="eba_c86653" xlink:to="eba_c86656" order="3" />
    <table:definitionNodeSubtreeArc xlink:type="arc" xlink:arcrole="http://xbrl.org/arcrole/2014/definition-node-subtree" xlink:from="eba_c86645" xlink:to="eba_c86653" order="3" />
    <table:ruleNode xlink:type="resource" xlink:label="eba_c86657" id="eba_c86657">
      <formula:explicitDimension dimension="eba_dim:MCY">
        <formula:member>
          <formula:qname>eba_MC:x469</formula:qname>
        </formula:member>
      </formula:explicitDimension>
      <formula:explicitDimension dimension="eba_dim:CPS">
        <formula:member>
          <formula:qname>eba_CT:x68</formula:qname>
        </formula:member>
      </formula:explicitDimension>
    </table:ruleNode>
    <table:ruleNode xlink:type="resource" xlink:label="eba_c86658" id="eba_c86658">
      <formula:explicitDimension dimension="eba_dim:PUR">
        <formula:member>
          <formula:qname>eba_PU:x43</formula:qname>
        </formula:member>
      </formula:explicitDimension>
    </table:ruleNode>
    <table:definitionNodeSubtreeArc xlink:type="arc" xlink:arcrole="http://xbrl.org/arcrole/2014/definition-node-subtree" xlink:from="eba_c86657" xlink:to="eba_c86658" order="1" />
    <table:definitionNodeSubtreeArc xlink:type="arc" xlink:arcrole="http://xbrl.org/arcrole/2014/definition-node-subtree" xlink:from="eba_c86645" xlink:to="eba_c86657" order="4" />
    <table:definitionNodeSubtreeArc xlink:type="arc" xlink:arcrole="http://xbrl.org/arcrole/2014/definition-node-subtree" xlink:from="eba_c86644" xlink:to="eba_c86645" order="1" />
    <table:ruleNode xlink:type="resource" xlink:label="eba_c86660" id="eba_c86660">
      <formula:explicitDimension dimension="eba_dim:MCY">
        <formula:member>
          <formula:qname>eba_MC:x329</formula:qname>
        </formula:member>
      </formula:explicitDimension>
      <formula:explicitDimension dimension="eba_dim:APL">
        <formula:member>
          <formula:qname>eba_PL:x491</formula:qname>
        </formula:member>
      </formula:explicitDimension>
      <formula:explicitDimension dimension="eba_dim:MCB">
        <formula:member>
          <formula:qname>eba_MC:x292</formula:qname>
        </formula:member>
      </formula:explicitDimension>
    </table:ruleNode>
    <table:definitionNodeSubtreeArc xlink:type="arc" xlink:arcrole="http://xbrl.org/arcrole/2014/definition-node-subtree" xlink:from="eba_c86644" xlink:to="eba_c86660" order="2" />
    <table:definitionNodeSubtreeArc xlink:type="arc" xlink:arcrole="http://xbrl.org/arcrole/2014/definition-node-subtree" xlink:from="eba_a2.root" xlink:to="eba_c86644" order="1" />
    <table:tableBreakdownArc xlink:type="arc" xlink:arcrole="http://xbrl.org/arcrole/2014/table-breakdown" xlink:from="eba_tD_08.00.a" xlink:to="eba_a2" axis="y" order="2" />
  </gen:link>
</link:linkbase>