﻿<?xml version="1.0" encoding="utf-8"?>
<?taxonomy-version 1.0.0.0 ?>  <?taxonomy-set-overall-version 3.3.0.0 ?>
<!--(C) EBA-->
<link:linkbase xmlns:xsi="http://www.w3.org/2001/XMLSchema-instance" xmlns:xlink="http://www.w3.org/1999/xlink" xmlns:link="http://www.xbrl.org/2003/linkbase" xmlns:gen="http://xbrl.org/2008/generic" xmlns:label="http://xbrl.org/2008/label" xsi:schemaLocation="http://www.xbrl.org/2003/linkbase http://www.xbrl.org/2003/xbrl-linkbase-2003-12-31.xsd http://xbrl.org/2008/generic http://www.xbrl.org/2008/generic-link.xsd http://xbrl.org/2008/label http://www.xbrl.org/2008/generic-label.xsd">
  <link:arcroleRef arcroleURI="http://xbrl.org/arcrole/2008/element-label" xlink:type="simple" xlink:href="http://www.xbrl.org/2008/generic-label.xsd#element-label" />
  <link:roleRef roleURI="http://www.eba.europa.eu/xbrl/role/dpm-db-id" xlink:type="simple" xlink:href="http://www.eba.europa.eu/eu/fr/xbrl/ext/model.xsd#dpm-db-id" />
  <link:roleRef roleURI="http://www.eurofiling.info/xbrl/role/filing-indicator-code" xlink:type="simple" xlink:href="http://www.eurofiling.info/eu/fr/xbrl/ext/model.xsd#filing-indicator-code" />
  <link:roleRef roleURI="http://www.eurofiling.info/xbrl/role/rc-code" xlink:type="simple" xlink:href="http://www.eurofiling.info/eu/fr/xbrl/ext/model.xsd#rc-code" />
  <gen:link xlink:type="extended" xlink:role="http://www.xbrl.org/2003/role/link">
    <link:loc xlink:type="locator" xlink:href="d_08.00.a-rend.xml#eba_tD_08.00.a" xlink:label="loc_eba_tD_08.00.a" />
    <label:label xlink:type="resource" xlink:label="label_eba_tD_08.00.a" xml:lang="en" xlink:role="http://www.eurofiling.info/xbrl/role/rc-code">D 08.00.a</label:label>
    <gen:arc xlink:type="arc" xlink:arcrole="http://xbrl.org/arcrole/2008/element-label" xlink:from="loc_eba_tD_08.00.a" xlink:to="label_eba_tD_08.00.a" />
    <link:loc xlink:type="locator" xlink:href="d_08.00.a-rend.xml#eba_c86606" xlink:label="loc_eba_c86606" />
    <label:label xlink:type="resource" xlink:label="label_eba_c86606" xml:lang="en" xlink:role="http://www.eurofiling.info/xbrl/role/rc-code">0004</label:label>
    <gen:arc xlink:type="arc" xlink:arcrole="http://xbrl.org/arcrole/2008/element-label" xlink:from="loc_eba_c86606" xlink:to="label_eba_c86606" />
    <link:loc xlink:type="locator" xlink:href="d_08.00.a-rend.xml#eba_c86607" xlink:label="loc_eba_c86607" />
    <label:label xlink:type="resource" xlink:label="label_eba_c86607" xml:lang="en" xlink:role="http://www.eurofiling.info/xbrl/role/rc-code">0005</label:label>
    <gen:arc xlink:type="arc" xlink:arcrole="http://xbrl.org/arcrole/2008/element-label" xlink:from="loc_eba_c86607" xlink:to="label_eba_c86607" />
    <link:loc xlink:type="locator" xlink:href="d_08.00.a-rend.xml#eba_c86608" xlink:label="loc_eba_c86608" />
    <label:label xlink:type="resource" xlink:label="label_eba_c86608" xml:lang="en" xlink:role="http://www.eurofiling.info/xbrl/role/rc-code">0010</label:label>
    <gen:arc xlink:type="arc" xlink:arcrole="http://xbrl.org/arcrole/2008/element-label" xlink:from="loc_eba_c86608" xlink:to="label_eba_c86608" />
    <link:loc xlink:type="locator" xlink:href="d_08.00.a-rend.xml#eba_c86609" xlink:label="loc_eba_c86609" />
    <label:label xlink:type="resource" xlink:label="label_eba_c86609" xml:lang="en" xlink:role="http://www.eurofiling.info/xbrl/role/rc-code">0020</label:label>
    <gen:arc xlink:type="arc" xlink:arcrole="http://xbrl.org/arcrole/2008/element-label" xlink:from="loc_eba_c86609" xlink:to="label_eba_c86609" />
    <link:loc xlink:type="locator" xlink:href="d_08.00.a-rend.xml#eba_c86610" xlink:label="loc_eba_c86610" />
    <label:label xlink:type="resource" xlink:label="label_eba_c86610" xml:lang="en" xlink:role="http://www.eurofiling.info/xbrl/role/rc-code">0030</label:label>
    <gen:arc xlink:type="arc" xlink:arcrole="http://xbrl.org/arcrole/2008/element-label" xlink:from="loc_eba_c86610" xlink:to="label_eba_c86610" />
    <link:loc xlink:type="locator" xlink:href="d_08.00.a-rend.xml#eba_c86611" xlink:label="loc_eba_c86611" />
    <label:label xlink:type="resource" xlink:label="label_eba_c86611" xml:lang="en" xlink:role="http://www.eurofiling.info/xbrl/role/rc-code">0040</label:label>
    <gen:arc xlink:type="arc" xlink:arcrole="http://xbrl.org/arcrole/2008/element-label" xlink:from="loc_eba_c86611" xlink:to="label_eba_c86611" />
    <link:loc xlink:type="locator" xlink:href="d_08.00.a-rend.xml#eba_c86612" xlink:label="loc_eba_c86612" />
    <label:label xlink:type="resource" xlink:label="label_eba_c86612" xml:lang="en" xlink:role="http://www.eurofiling.info/xbrl/role/rc-code">0050</label:label>
    <gen:arc xlink:type="arc" xlink:arcrole="http://xbrl.org/arcrole/2008/element-label" xlink:from="loc_eba_c86612" xlink:to="label_eba_c86612" />
    <link:loc xlink:type="locator" xlink:href="d_08.00.a-rend.xml#eba_c86613" xlink:label="loc_eba_c86613" />
    <label:label xlink:type="resource" xlink:label="label_eba_c86613" xml:lang="en" xlink:role="http://www.eurofiling.info/xbrl/role/rc-code">0055</label:label>
    <gen:arc xlink:type="arc" xlink:arcrole="http://xbrl.org/arcrole/2008/element-label" xlink:from="loc_eba_c86613" xlink:to="label_eba_c86613" />
    <link:loc xlink:type="locator" xlink:href="d_08.00.a-rend.xml#eba_c86614" xlink:label="loc_eba_c86614" />
    <label:label xlink:type="resource" xlink:label="label_eba_c86614" xml:lang="en" xlink:role="http://www.eurofiling.info/xbrl/role/rc-code">0060</label:label>
    <gen:arc xlink:type="arc" xlink:arcrole="http://xbrl.org/arcrole/2008/element-label" xlink:from="loc_eba_c86614" xlink:to="label_eba_c86614" />
    <link:loc xlink:type="locator" xlink:href="d_08.00.a-rend.xml#eba_c86615" xlink:label="loc_eba_c86615" />
    <label:label xlink:type="resource" xlink:label="label_eba_c86615" xml:lang="en" xlink:role="http://www.eurofiling.info/xbrl/role/rc-code">0070</label:label>
    <gen:arc xlink:type="arc" xlink:arcrole="http://xbrl.org/arcrole/2008/element-label" xlink:from="loc_eba_c86615" xlink:to="label_eba_c86615" />
    <link:loc xlink:type="locator" xlink:href="d_08.00.a-rend.xml#eba_c86616" xlink:label="loc_eba_c86616" />
    <label:label xlink:type="resource" xlink:label="label_eba_c86616" xml:lang="en" xlink:role="http://www.eurofiling.info/xbrl/role/rc-code">0080</label:label>
    <gen:arc xlink:type="arc" xlink:arcrole="http://xbrl.org/arcrole/2008/element-label" xlink:from="loc_eba_c86616" xlink:to="label_eba_c86616" />
    <link:loc xlink:type="locator" xlink:href="d_08.00.a-rend.xml#eba_c86617" xlink:label="loc_eba_c86617" />
    <label:label xlink:type="resource" xlink:label="label_eba_c86617" xml:lang="en" xlink:role="http://www.eurofiling.info/xbrl/role/rc-code">0090</label:label>
    <gen:arc xlink:type="arc" xlink:arcrole="http://xbrl.org/arcrole/2008/element-label" xlink:from="loc_eba_c86617" xlink:to="label_eba_c86617" />
    <link:loc xlink:type="locator" xlink:href="d_08.00.a-rend.xml#eba_c86618" xlink:label="loc_eba_c86618" />
    <label:label xlink:type="resource" xlink:label="label_eba_c86618" xml:lang="en" xlink:role="http://www.eurofiling.info/xbrl/role/rc-code">0100</label:label>
    <gen:arc xlink:type="arc" xlink:arcrole="http://xbrl.org/arcrole/2008/element-label" xlink:from="loc_eba_c86618" xlink:to="label_eba_c86618" />
    <link:loc xlink:type="locator" xlink:href="d_08.00.a-rend.xml#eba_c86619" xlink:label="loc_eba_c86619" />
    <label:label xlink:type="resource" xlink:label="label_eba_c86619" xml:lang="en" xlink:role="http://www.eurofiling.info/xbrl/role/rc-code">0105</label:label>
    <gen:arc xlink:type="arc" xlink:arcrole="http://xbrl.org/arcrole/2008/element-label" xlink:from="loc_eba_c86619" xlink:to="label_eba_c86619" />
    <link:loc xlink:type="locator" xlink:href="d_08.00.a-rend.xml#eba_c86620" xlink:label="loc_eba_c86620" />
    <label:label xlink:type="resource" xlink:label="label_eba_c86620" xml:lang="en" xlink:role="http://www.eurofiling.info/xbrl/role/rc-code">0110</label:label>
    <gen:arc xlink:type="arc" xlink:arcrole="http://xbrl.org/arcrole/2008/element-label" xlink:from="loc_eba_c86620" xlink:to="label_eba_c86620" />
    <link:loc xlink:type="locator" xlink:href="d_08.00.a-rend.xml#eba_c86621" xlink:label="loc_eba_c86621" />
    <label:label xlink:type="resource" xlink:label="label_eba_c86621" xml:lang="en" xlink:role="http://www.eurofiling.info/xbrl/role/rc-code">0120</label:label>
    <gen:arc xlink:type="arc" xlink:arcrole="http://xbrl.org/arcrole/2008/element-label" xlink:from="loc_eba_c86621" xlink:to="label_eba_c86621" />
    <link:loc xlink:type="locator" xlink:href="d_08.00.a-rend.xml#eba_c86622" xlink:label="loc_eba_c86622" />
    <label:label xlink:type="resource" xlink:label="label_eba_c86622" xml:lang="en" xlink:role="http://www.eurofiling.info/xbrl/role/rc-code">0130</label:label>
    <gen:arc xlink:type="arc" xlink:arcrole="http://xbrl.org/arcrole/2008/element-label" xlink:from="loc_eba_c86622" xlink:to="label_eba_c86622" />
    <link:loc xlink:type="locator" xlink:href="d_08.00.a-rend.xml#eba_c86623" xlink:label="loc_eba_c86623" />
    <label:label xlink:type="resource" xlink:label="label_eba_c86623" xml:lang="en" xlink:role="http://www.eurofiling.info/xbrl/role/rc-code">0140</label:label>
    <gen:arc xlink:type="arc" xlink:arcrole="http://xbrl.org/arcrole/2008/element-label" xlink:from="loc_eba_c86623" xlink:to="label_eba_c86623" />
    <link:loc xlink:type="locator" xlink:href="d_08.00.a-rend.xml#eba_c86624" xlink:label="loc_eba_c86624" />
    <label:label xlink:type="resource" xlink:label="label_eba_c86624" xml:lang="en" xlink:role="http://www.eurofiling.info/xbrl/role/rc-code">0150</label:label>
    <gen:arc xlink:type="arc" xlink:arcrole="http://xbrl.org/arcrole/2008/element-label" xlink:from="loc_eba_c86624" xlink:to="label_eba_c86624" />
    <link:loc xlink:type="locator" xlink:href="d_08.00.a-rend.xml#eba_c86644" xlink:label="loc_eba_c86644" />
    <label:label xlink:type="resource" xlink:label="label_eba_c86644" xml:lang="en" xlink:role="http://www.eurofiling.info/xbrl/role/rc-code">0010</label:label>
    <gen:arc xlink:type="arc" xlink:arcrole="http://xbrl.org/arcrole/2008/element-label" xlink:from="loc_eba_c86644" xlink:to="label_eba_c86644" />
    <link:loc xlink:type="locator" xlink:href="d_08.00.a-rend.xml#eba_c86645" xlink:label="loc_eba_c86645" />
    <label:label xlink:type="resource" xlink:label="label_eba_c86645" xml:lang="en" xlink:role="http://www.eurofiling.info/xbrl/role/rc-code">0020</label:label>
    <gen:arc xlink:type="arc" xlink:arcrole="http://xbrl.org/arcrole/2008/element-label" xlink:from="loc_eba_c86645" xlink:to="label_eba_c86645" />
    <link:loc xlink:type="locator" xlink:href="d_08.00.a-rend.xml#eba_c86646" xlink:label="loc_eba_c86646" />
    <label:label xlink:type="resource" xlink:label="label_eba_c86646" xml:lang="en" xlink:role="http://www.eurofiling.info/xbrl/role/rc-code">0030</label:label>
    <gen:arc xlink:type="arc" xlink:arcrole="http://xbrl.org/arcrole/2008/element-label" xlink:from="loc_eba_c86646" xlink:to="label_eba_c86646" />
    <link:loc xlink:type="locator" xlink:href="d_08.00.a-rend.xml#eba_c86647" xlink:label="loc_eba_c86647" />
    <label:label xlink:type="resource" xlink:label="label_eba_c86647" xml:lang="en" xlink:role="http://www.eurofiling.info/xbrl/role/rc-code">0040</label:label>
    <gen:arc xlink:type="arc" xlink:arcrole="http://xbrl.org/arcrole/2008/element-label" xlink:from="loc_eba_c86647" xlink:to="label_eba_c86647" />
    <link:loc xlink:type="locator" xlink:href="d_08.00.a-rend.xml#eba_c86648" xlink:label="loc_eba_c86648" />
    <label:label xlink:type="resource" xlink:label="label_eba_c86648" xml:lang="en" xlink:role="http://www.eurofiling.info/xbrl/role/rc-code">0050</label:label>
    <gen:arc xlink:type="arc" xlink:arcrole="http://xbrl.org/arcrole/2008/element-label" xlink:from="loc_eba_c86648" xlink:to="label_eba_c86648" />
    <link:loc xlink:type="locator" xlink:href="d_08.00.a-rend.xml#eba_c86649" xlink:label="loc_eba_c86649" />
    <label:label xlink:type="resource" xlink:label="label_eba_c86649" xml:lang="en" xlink:role="http://www.eurofiling.info/xbrl/role/rc-code">0060</label:label>
    <gen:arc xlink:type="arc" xlink:arcrole="http://xbrl.org/arcrole/2008/element-label" xlink:from="loc_eba_c86649" xlink:to="label_eba_c86649" />
    <link:loc xlink:type="locator" xlink:href="d_08.00.a-rend.xml#eba_c86650" xlink:label="loc_eba_c86650" />
    <label:label xlink:type="resource" xlink:label="label_eba_c86650" xml:lang="en" xlink:role="http://www.eurofiling.info/xbrl/role/rc-code">0070</label:label>
    <gen:arc xlink:type="arc" xlink:arcrole="http://xbrl.org/arcrole/2008/element-label" xlink:from="loc_eba_c86650" xlink:to="label_eba_c86650" />
    <link:loc xlink:type="locator" xlink:href="d_08.00.a-rend.xml#eba_c86651" xlink:label="loc_eba_c86651" />
    <label:label xlink:type="resource" xlink:label="label_eba_c86651" xml:lang="en" xlink:role="http://www.eurofiling.info/xbrl/role/rc-code">0080</label:label>
    <gen:arc xlink:type="arc" xlink:arcrole="http://xbrl.org/arcrole/2008/element-label" xlink:from="loc_eba_c86651" xlink:to="label_eba_c86651" />
    <link:loc xlink:type="locator" xlink:href="d_08.00.a-rend.xml#eba_c86652" xlink:label="loc_eba_c86652" />
    <label:label xlink:type="resource" xlink:label="label_eba_c86652" xml:lang="en" xlink:role="http://www.eurofiling.info/xbrl/role/rc-code">0090</label:label>
    <gen:arc xlink:type="arc" xlink:arcrole="http://xbrl.org/arcrole/2008/element-label" xlink:from="loc_eba_c86652" xlink:to="label_eba_c86652" />
    <link:loc xlink:type="locator" xlink:href="d_08.00.a-rend.xml#eba_c86653" xlink:label="loc_eba_c86653" />
    <label:label xlink:type="resource" xlink:label="label_eba_c86653" xml:lang="en" xlink:role="http://www.eurofiling.info/xbrl/role/rc-code">0100</label:label>
    <gen:arc xlink:type="arc" xlink:arcrole="http://xbrl.org/arcrole/2008/element-label" xlink:from="loc_eba_c86653" xlink:to="label_eba_c86653" />
    <link:loc xlink:type="locator" xlink:href="d_08.00.a-rend.xml#eba_c86654" xlink:label="loc_eba_c86654" />
    <label:label xlink:type="resource" xlink:label="label_eba_c86654" xml:lang="en" xlink:role="http://www.eurofiling.info/xbrl/role/rc-code">0110</label:label>
    <gen:arc xlink:type="arc" xlink:arcrole="http://xbrl.org/arcrole/2008/element-label" xlink:from="loc_eba_c86654" xlink:to="label_eba_c86654" />
    <link:loc xlink:type="locator" xlink:href="d_08.00.a-rend.xml#eba_c86655" xlink:label="loc_eba_c86655" />
    <label:label xlink:type="resource" xlink:label="label_eba_c86655" xml:lang="en" xlink:role="http://www.eurofiling.info/xbrl/role/rc-code">0120</label:label>
    <gen:arc xlink:type="arc" xlink:arcrole="http://xbrl.org/arcrole/2008/element-label" xlink:from="loc_eba_c86655" xlink:to="label_eba_c86655" />
    <link:loc xlink:type="locator" xlink:href="d_08.00.a-rend.xml#eba_c86656" xlink:label="loc_eba_c86656" />
    <label:label xlink:type="resource" xlink:label="label_eba_c86656" xml:lang="en" xlink:role="http://www.eurofiling.info/xbrl/role/rc-code">0130</label:label>
    <gen:arc xlink:type="arc" xlink:arcrole="http://xbrl.org/arcrole/2008/element-label" xlink:from="loc_eba_c86656" xlink:to="label_eba_c86656" />
    <link:loc xlink:type="locator" xlink:href="d_08.00.a-rend.xml#eba_c86657" xlink:label="loc_eba_c86657" />
    <label:label xlink:type="resource" xlink:label="label_eba_c86657" xml:lang="en" xlink:role="http://www.eurofiling.info/xbrl/role/rc-code">0140</label:label>
    <gen:arc xlink:type="arc" xlink:arcrole="http://xbrl.org/arcrole/2008/element-label" xlink:from="loc_eba_c86657" xlink:to="label_eba_c86657" />
    <link:loc xlink:type="locator" xlink:href="d_08.00.a-rend.xml#eba_c86658" xlink:label="loc_eba_c86658" />
    <label:label xlink:type="resource" xlink:label="label_eba_c86658" xml:lang="en" xlink:role="http://www.eurofiling.info/xbrl/role/rc-code">0150</label:label>
    <gen:arc xlink:type="arc" xlink:arcrole="http://xbrl.org/arcrole/2008/element-label" xlink:from="loc_eba_c86658" xlink:to="label_eba_c86658" />
    <link:loc xlink:type="locator" xlink:href="d_08.00.a-rend.xml#eba_c86660" xlink:label="loc_eba_c86660" />
    <label:label xlink:type="resource" xlink:label="label_eba_c86660" xml:lang="en" xlink:role="http://www.eurofiling.info/xbrl/role/rc-code">0170</label:label>
    <gen:arc xlink:type="arc" xlink:arcrole="http://xbrl.org/arcrole/2008/element-label" xlink:from="loc_eba_c86660" xlink:to="label_eba_c86660" />
    <label:label xlink:type="resource" xlink:label="label_eba_tD_08.00.a_1" xml:lang="en" xlink:role="http://www.eurofiling.info/xbrl/role/filing-indicator-code">D_08.00</label:label>
    <gen:arc xlink:type="arc" xlink:arcrole="http://xbrl.org/arcrole/2008/element-label" xlink:from="loc_eba_tD_08.00.a" xlink:to="label_eba_tD_08.00.a_1" />
    <label:label xlink:type="resource" xlink:label="label_eba_tD_08.00.a_2" xml:lang="en" xlink:role="http://www.eba.europa.eu/xbrl/role/dpm-db-id">810.2307</label:label>
    <gen:arc xlink:type="arc" xlink:arcrole="http://xbrl.org/arcrole/2008/element-label" xlink:from="loc_eba_tD_08.00.a" xlink:to="label_eba_tD_08.00.a_2" />
    <label:label xlink:type="resource" xlink:label="label_eba_c86606_1" xml:lang="en" xlink:role="http://www.eba.europa.eu/xbrl/role/dpm-db-id">86606</label:label>
    <gen:arc xlink:type="arc" xlink:arcrole="http://xbrl.org/arcrole/2008/element-label" xlink:from="loc_eba_c86606" xlink:to="label_eba_c86606_1" />
    <label:label xlink:type="resource" xlink:label="label_eba_c86607_1" xml:lang="en" xlink:role="http://www.eba.europa.eu/xbrl/role/dpm-db-id">86607</label:label>
    <gen:arc xlink:type="arc" xlink:arcrole="http://xbrl.org/arcrole/2008/element-label" xlink:from="loc_eba_c86607" xlink:to="label_eba_c86607_1" />
    <label:label xlink:type="resource" xlink:label="label_eba_c86608_1" xml:lang="en" xlink:role="http://www.eba.europa.eu/xbrl/role/dpm-db-id">86608</label:label>
    <gen:arc xlink:type="arc" xlink:arcrole="http://xbrl.org/arcrole/2008/element-label" xlink:from="loc_eba_c86608" xlink:to="label_eba_c86608_1" />
    <label:label xlink:type="resource" xlink:label="label_eba_c86609_1" xml:lang="en" xlink:role="http://www.eba.europa.eu/xbrl/role/dpm-db-id">86609</label:label>
    <gen:arc xlink:type="arc" xlink:arcrole="http://xbrl.org/arcrole/2008/element-label" xlink:from="loc_eba_c86609" xlink:to="label_eba_c86609_1" />
    <label:label xlink:type="resource" xlink:label="label_eba_c86610_1" xml:lang="en" xlink:role="http://www.eba.europa.eu/xbrl/role/dpm-db-id">86610</label:label>
    <gen:arc xlink:type="arc" xlink:arcrole="http://xbrl.org/arcrole/2008/element-label" xlink:from="loc_eba_c86610" xlink:to="label_eba_c86610_1" />
    <label:label xlink:type="resource" xlink:label="label_eba_c86611_1" xml:lang="en" xlink:role="http://www.eba.europa.eu/xbrl/role/dpm-db-id">86611</label:label>
    <gen:arc xlink:type="arc" xlink:arcrole="http://xbrl.org/arcrole/2008/element-label" xlink:from="loc_eba_c86611" xlink:to="label_eba_c86611_1" />
    <label:label xlink:type="resource" xlink:label="label_eba_c86612_1" xml:lang="en" xlink:role="http://www.eba.europa.eu/xbrl/role/dpm-db-id">86612</label:label>
    <gen:arc xlink:type="arc" xlink:arcrole="http://xbrl.org/arcrole/2008/element-label" xlink:from="loc_eba_c86612" xlink:to="label_eba_c86612_1" />
    <label:label xlink:type="resource" xlink:label="label_eba_c86613_1" xml:lang="en" xlink:role="http://www.eba.europa.eu/xbrl/role/dpm-db-id">86613</label:label>
    <gen:arc xlink:type="arc" xlink:arcrole="http://xbrl.org/arcrole/2008/element-label" xlink:from="loc_eba_c86613" xlink:to="label_eba_c86613_1" />
    <label:label xlink:type="resource" xlink:label="label_eba_c86614_1" xml:lang="en" xlink:role="http://www.eba.europa.eu/xbrl/role/dpm-db-id">86614</label:label>
    <gen:arc xlink:type="arc" xlink:arcrole="http://xbrl.org/arcrole/2008/element-label" xlink:from="loc_eba_c86614" xlink:to="label_eba_c86614_1" />
    <label:label xlink:type="resource" xlink:label="label_eba_c86615_1" xml:lang="en" xlink:role="http://www.eba.europa.eu/xbrl/role/dpm-db-id">86615</label:label>
    <gen:arc xlink:type="arc" xlink:arcrole="http://xbrl.org/arcrole/2008/element-label" xlink:from="loc_eba_c86615" xlink:to="label_eba_c86615_1" />
    <label:label xlink:type="resource" xlink:label="label_eba_c86616_1" xml:lang="en" xlink:role="http://www.eba.europa.eu/xbrl/role/dpm-db-id">86616</label:label>
    <gen:arc xlink:type="arc" xlink:arcrole="http://xbrl.org/arcrole/2008/element-label" xlink:from="loc_eba_c86616" xlink:to="label_eba_c86616_1" />
    <label:label xlink:type="resource" xlink:label="label_eba_c86617_1" xml:lang="en" xlink:role="http://www.eba.europa.eu/xbrl/role/dpm-db-id">86617</label:label>
    <gen:arc xlink:type="arc" xlink:arcrole="http://xbrl.org/arcrole/2008/element-label" xlink:from="loc_eba_c86617" xlink:to="label_eba_c86617_1" />
    <label:label xlink:type="resource" xlink:label="label_eba_c86618_1" xml:lang="en" xlink:role="http://www.eba.europa.eu/xbrl/role/dpm-db-id">86618</label:label>
    <gen:arc xlink:type="arc" xlink:arcrole="http://xbrl.org/arcrole/2008/element-label" xlink:from="loc_eba_c86618" xlink:to="label_eba_c86618_1" />
    <label:label xlink:type="resource" xlink:label="label_eba_c86619_1" xml:lang="en" xlink:role="http://www.eba.europa.eu/xbrl/role/dpm-db-id">86619</label:label>
    <gen:arc xlink:type="arc" xlink:arcrole="http://xbrl.org/arcrole/2008/element-label" xlink:from="loc_eba_c86619" xlink:to="label_eba_c86619_1" />
    <label:label xlink:type="resource" xlink:label="label_eba_c86620_1" xml:lang="en" xlink:role="http://www.eba.europa.eu/xbrl/role/dpm-db-id">86620</label:label>
    <gen:arc xlink:type="arc" xlink:arcrole="http://xbrl.org/arcrole/2008/element-label" xlink:from="loc_eba_c86620" xlink:to="label_eba_c86620_1" />
    <label:label xlink:type="resource" xlink:label="label_eba_c86621_1" xml:lang="en" xlink:role="http://www.eba.europa.eu/xbrl/role/dpm-db-id">86621</label:label>
    <gen:arc xlink:type="arc" xlink:arcrole="http://xbrl.org/arcrole/2008/element-label" xlink:from="loc_eba_c86621" xlink:to="label_eba_c86621_1" />
    <label:label xlink:type="resource" xlink:label="label_eba_c86622_1" xml:lang="en" xlink:role="http://www.eba.europa.eu/xbrl/role/dpm-db-id">86622</label:label>
    <gen:arc xlink:type="arc" xlink:arcrole="http://xbrl.org/arcrole/2008/element-label" xlink:from="loc_eba_c86622" xlink:to="label_eba_c86622_1" />
    <label:label xlink:type="resource" xlink:label="label_eba_c86623_1" xml:lang="en" xlink:role="http://www.eba.europa.eu/xbrl/role/dpm-db-id">86623</label:label>
    <gen:arc xlink:type="arc" xlink:arcrole="http://xbrl.org/arcrole/2008/element-label" xlink:from="loc_eba_c86623" xlink:to="label_eba_c86623_1" />
    <label:label xlink:type="resource" xlink:label="label_eba_c86624_1" xml:lang="en" xlink:role="http://www.eba.europa.eu/xbrl/role/dpm-db-id">86624</label:label>
    <gen:arc xlink:type="arc" xlink:arcrole="http://xbrl.org/arcrole/2008/element-label" xlink:from="loc_eba_c86624" xlink:to="label_eba_c86624_1" />
    <label:label xlink:type="resource" xlink:label="label_eba_c86644_1" xml:lang="en" xlink:role="http://www.eba.europa.eu/xbrl/role/dpm-db-id">86644</label:label>
    <gen:arc xlink:type="arc" xlink:arcrole="http://xbrl.org/arcrole/2008/element-label" xlink:from="loc_eba_c86644" xlink:to="label_eba_c86644_1" />
    <label:label xlink:type="resource" xlink:label="label_eba_c86645_1" xml:lang="en" xlink:role="http://www.eba.europa.eu/xbrl/role/dpm-db-id">86645</label:label>
    <gen:arc xlink:type="arc" xlink:arcrole="http://xbrl.org/arcrole/2008/element-label" xlink:from="loc_eba_c86645" xlink:to="label_eba_c86645_1" />
    <label:label xlink:type="resource" xlink:label="label_eba_c86646_1" xml:lang="en" xlink:role="http://www.eba.europa.eu/xbrl/role/dpm-db-id">86646</label:label>
    <gen:arc xlink:type="arc" xlink:arcrole="http://xbrl.org/arcrole/2008/element-label" xlink:from="loc_eba_c86646" xlink:to="label_eba_c86646_1" />
    <label:label xlink:type="resource" xlink:label="label_eba_c86647_1" xml:lang="en" xlink:role="http://www.eba.europa.eu/xbrl/role/dpm-db-id">86647</label:label>
    <gen:arc xlink:type="arc" xlink:arcrole="http://xbrl.org/arcrole/2008/element-label" xlink:from="loc_eba_c86647" xlink:to="label_eba_c86647_1" />
    <label:label xlink:type="resource" xlink:label="label_eba_c86648_1" xml:lang="en" xlink:role="http://www.eba.europa.eu/xbrl/role/dpm-db-id">86648</label:label>
    <gen:arc xlink:type="arc" xlink:arcrole="http://xbrl.org/arcrole/2008/element-label" xlink:from="loc_eba_c86648" xlink:to="label_eba_c86648_1" />
    <label:label xlink:type="resource" xlink:label="label_eba_c86649_1" xml:lang="en" xlink:role="http://www.eba.europa.eu/xbrl/role/dpm-db-id">86649</label:label>
    <gen:arc xlink:type="arc" xlink:arcrole="http://xbrl.org/arcrole/2008/element-label" xlink:from="loc_eba_c86649" xlink:to="label_eba_c86649_1" />
    <label:label xlink:type="resource" xlink:label="label_eba_c86650_1" xml:lang="en" xlink:role="http://www.eba.europa.eu/xbrl/role/dpm-db-id">86650</label:label>
    <gen:arc xlink:type="arc" xlink:arcrole="http://xbrl.org/arcrole/2008/element-label" xlink:from="loc_eba_c86650" xlink:to="label_eba_c86650_1" />
    <label:label xlink:type="resource" xlink:label="label_eba_c86651_1" xml:lang="en" xlink:role="http://www.eba.europa.eu/xbrl/role/dpm-db-id">86651</label:label>
    <gen:arc xlink:type="arc" xlink:arcrole="http://xbrl.org/arcrole/2008/element-label" xlink:from="loc_eba_c86651" xlink:to="label_eba_c86651_1" />
    <label:label xlink:type="resource" xlink:label="label_eba_c86652_1" xml:lang="en" xlink:role="http://www.eba.europa.eu/xbrl/role/dpm-db-id">86652</label:label>
    <gen:arc xlink:type="arc" xlink:arcrole="http://xbrl.org/arcrole/2008/element-label" xlink:from="loc_eba_c86652" xlink:to="label_eba_c86652_1" />
    <label:label xlink:type="resource" xlink:label="label_eba_c86653_1" xml:lang="en" xlink:role="http://www.eba.europa.eu/xbrl/role/dpm-db-id">86653</label:label>
    <gen:arc xlink:type="arc" xlink:arcrole="http://xbrl.org/arcrole/2008/element-label" xlink:from="loc_eba_c86653" xlink:to="label_eba_c86653_1" />
    <label:label xlink:type="resource" xlink:label="label_eba_c86654_1" xml:lang="en" xlink:role="http://www.eba.europa.eu/xbrl/role/dpm-db-id">86654</label:label>
    <gen:arc xlink:type="arc" xlink:arcrole="http://xbrl.org/arcrole/2008/element-label" xlink:from="loc_eba_c86654" xlink:to="label_eba_c86654_1" />
    <label:label xlink:type="resource" xlink:label="label_eba_c86655_1" xml:lang="en" xlink:role="http://www.eba.europa.eu/xbrl/role/dpm-db-id">86655</label:label>
    <gen:arc xlink:type="arc" xlink:arcrole="http://xbrl.org/arcrole/2008/element-label" xlink:from="loc_eba_c86655" xlink:to="label_eba_c86655_1" />
    <label:label xlink:type="resource" xlink:label="label_eba_c86656_1" xml:lang="en" xlink:role="http://www.eba.europa.eu/xbrl/role/dpm-db-id">86656</label:label>
    <gen:arc xlink:type="arc" xlink:arcrole="http://xbrl.org/arcrole/2008/element-label" xlink:from="loc_eba_c86656" xlink:to="label_eba_c86656_1" />
    <label:label xlink:type="resource" xlink:label="label_eba_c86657_1" xml:lang="en" xlink:role="http://www.eba.europa.eu/xbrl/role/dpm-db-id">86657</label:label>
    <gen:arc xlink:type="arc" xlink:arcrole="http://xbrl.org/arcrole/2008/element-label" xlink:from="loc_eba_c86657" xlink:to="label_eba_c86657_1" />
    <label:label xlink:type="resource" xlink:label="label_eba_c86658_1" xml:lang="en" xlink:role="http://www.eba.europa.eu/xbrl/role/dpm-db-id">86658</label:label>
    <gen:arc xlink:type="arc" xlink:arcrole="http://xbrl.org/arcrole/2008/element-label" xlink:from="loc_eba_c86658" xlink:to="label_eba_c86658_1" />
    <label:label xlink:type="resource" xlink:label="label_eba_c86660_1" xml:lang="en" xlink:role="http://www.eba.europa.eu/xbrl/role/dpm-db-id">86660</label:label>
    <gen:arc xlink:type="arc" xlink:arcrole="http://xbrl.org/arcrole/2008/element-label" xlink:from="loc_eba_c86660" xlink:to="label_eba_c86660_1" />
  </gen:link>
</link:linkbase>