﻿<?xml version="1.0" encoding="utf-8"?>
<?taxonomy-version 1.0.0.0 ?>  <?taxonomy-set-overall-version 3.3.0.0 ?>
<!--(C) EBA-->
<link:linkbase xmlns:xsi="http://www.w3.org/2001/XMLSchema-instance" xmlns:xlink="http://www.w3.org/1999/xlink" xmlns:link="http://www.xbrl.org/2003/linkbase" xmlns:gen="http://xbrl.org/2008/generic" xmlns:label="http://xbrl.org/2008/label" xsi:schemaLocation="http://www.xbrl.org/2003/linkbase http://www.xbrl.org/2003/xbrl-linkbase-2003-12-31.xsd http://xbrl.org/2008/generic http://www.xbrl.org/2008/generic-link.xsd http://xbrl.org/2008/label http://www.xbrl.org/2008/generic-label.xsd">
  <link:arcroleRef arcroleURI="http://xbrl.org/arcrole/2008/element-label" xlink:type="simple" xlink:href="http://www.xbrl.org/2008/generic-label.xsd#element-label" />
  <link:roleRef roleURI="http://www.xbrl.org/2008/role/label" xlink:type="simple" xlink:href="http://www.xbrl.org/2008/generic-label.xsd#standard-label" />
  <link:roleRef roleURI="http://www.xbrl.org/2008/role/verboseLabel" xlink:type="simple" xlink:href="http://www.xbrl.org/2008/generic-label.xsd#verbose-label" />
  <gen:link xlink:type="extended" xlink:role="http://www.xbrl.org/2003/role/link">
    <link:loc xlink:type="locator" xlink:href="d_08.00.a-rend.xml#eba_tD_08.00.a" xlink:label="loc_eba_tD_08.00.a" />
    <label:label xlink:type="resource" xlink:label="label_eba_tD_08.00.a" xml:lang="en" xlink:role="http://www.xbrl.org/2008/role/label">D 08.00.a</label:label>
    <gen:arc xlink:type="arc" xlink:arcrole="http://xbrl.org/arcrole/2008/element-label" xlink:from="loc_eba_tD_08.00.a" xlink:to="label_eba_tD_08.00.a" />
    <label:label xlink:type="resource" xlink:label="label_eba_tD_08.00.a_1" xml:lang="en" xlink:role="http://www.xbrl.org/2008/role/verboseLabel">D 08.00.a GAR (%) (stock) (I)</label:label>
    <gen:arc xlink:type="arc" xlink:arcrole="http://xbrl.org/arcrole/2008/element-label" xlink:from="loc_eba_tD_08.00.a" xlink:to="label_eba_tD_08.00.a_1" />
    <link:loc xlink:type="locator" xlink:href="d_08.00.a-rend.xml#eba_a1" xlink:label="loc_eba_a1" />
    <label:label xlink:type="resource" xlink:label="label_eba_a1" xml:lang="en" xlink:role="http://www.xbrl.org/2008/role/label">Columns</label:label>
    <gen:arc xlink:type="arc" xlink:arcrole="http://xbrl.org/arcrole/2008/element-label" xlink:from="loc_eba_a1" xlink:to="label_eba_a1" />
    <link:loc xlink:type="locator" xlink:href="d_08.00.a-rend.xml#eba_c86606" xlink:label="loc_eba_c86606" />
    <label:label xlink:type="resource" xlink:label="label_eba_c86606" xml:lang="en" xlink:role="http://www.xbrl.org/2008/role/label">Disclosure reference date T: KPIs on stock</label:label>
    <gen:arc xlink:type="arc" xlink:arcrole="http://xbrl.org/arcrole/2008/element-label" xlink:from="loc_eba_c86606" xlink:to="label_eba_c86606" />
    <link:loc xlink:type="locator" xlink:href="d_08.00.a-rend.xml#eba_c86607" xlink:label="loc_eba_c86607" />
    <label:label xlink:type="resource" xlink:label="label_eba_c86607" xml:lang="en" xlink:role="http://www.xbrl.org/2008/role/label">Climate Change Mitigation (CCM)</label:label>
    <gen:arc xlink:type="arc" xlink:arcrole="http://xbrl.org/arcrole/2008/element-label" xlink:from="loc_eba_c86607" xlink:to="label_eba_c86607" />
    <link:loc xlink:type="locator" xlink:href="d_08.00.a-rend.xml#eba_c86608" xlink:label="loc_eba_c86608" />
    <label:label xlink:type="resource" xlink:label="label_eba_c86608" xml:lang="en" xlink:role="http://www.xbrl.org/2008/role/label">Proportion of eligible assets funding taxonomy relevant sectors</label:label>
    <gen:arc xlink:type="arc" xlink:arcrole="http://xbrl.org/arcrole/2008/element-label" xlink:from="loc_eba_c86608" xlink:to="label_eba_c86608" />
    <link:loc xlink:type="locator" xlink:href="d_08.00.a-rend.xml#eba_c86609" xlink:label="loc_eba_c86609" />
    <label:label xlink:type="resource" xlink:label="label_eba_c86609" xml:lang="en" xlink:role="http://www.xbrl.org/2008/role/label">Of which environmentally sustainable</label:label>
    <gen:arc xlink:type="arc" xlink:arcrole="http://xbrl.org/arcrole/2008/element-label" xlink:from="loc_eba_c86609" xlink:to="label_eba_c86609" />
    <link:loc xlink:type="locator" xlink:href="d_08.00.a-rend.xml#eba_c86610" xlink:label="loc_eba_c86610" />
    <label:label xlink:type="resource" xlink:label="label_eba_c86610" xml:lang="en" xlink:role="http://www.xbrl.org/2008/role/label">Of which specialised lending</label:label>
    <gen:arc xlink:type="arc" xlink:arcrole="http://xbrl.org/arcrole/2008/element-label" xlink:from="loc_eba_c86610" xlink:to="label_eba_c86610" />
    <link:loc xlink:type="locator" xlink:href="d_08.00.a-rend.xml#eba_c86611" xlink:label="loc_eba_c86611" />
    <label:label xlink:type="resource" xlink:label="label_eba_c86611" xml:lang="en" xlink:role="http://www.xbrl.org/2008/role/label">Of which transitional</label:label>
    <gen:arc xlink:type="arc" xlink:arcrole="http://xbrl.org/arcrole/2008/element-label" xlink:from="loc_eba_c86611" xlink:to="label_eba_c86611" />
    <link:loc xlink:type="locator" xlink:href="d_08.00.a-rend.xml#eba_c86612" xlink:label="loc_eba_c86612" />
    <label:label xlink:type="resource" xlink:label="label_eba_c86612" xml:lang="en" xlink:role="http://www.xbrl.org/2008/role/label">Of which enabling</label:label>
    <gen:arc xlink:type="arc" xlink:arcrole="http://xbrl.org/arcrole/2008/element-label" xlink:from="loc_eba_c86612" xlink:to="label_eba_c86612" />
    <link:loc xlink:type="locator" xlink:href="d_08.00.a-rend.xml#eba_c86613" xlink:label="loc_eba_c86613" />
    <label:label xlink:type="resource" xlink:label="label_eba_c86613" xml:lang="en" xlink:role="http://www.xbrl.org/2008/role/label">Climate Change Adaptation (CCA)</label:label>
    <gen:arc xlink:type="arc" xlink:arcrole="http://xbrl.org/arcrole/2008/element-label" xlink:from="loc_eba_c86613" xlink:to="label_eba_c86613" />
    <link:loc xlink:type="locator" xlink:href="d_08.00.a-rend.xml#eba_c86614" xlink:label="loc_eba_c86614" />
    <label:label xlink:type="resource" xlink:label="label_eba_c86614" xml:lang="en" xlink:role="http://www.xbrl.org/2008/role/label">Proportion of eligible assets funding taxonomy relevant sectors</label:label>
    <gen:arc xlink:type="arc" xlink:arcrole="http://xbrl.org/arcrole/2008/element-label" xlink:from="loc_eba_c86614" xlink:to="label_eba_c86614" />
    <link:loc xlink:type="locator" xlink:href="d_08.00.a-rend.xml#eba_c86615" xlink:label="loc_eba_c86615" />
    <label:label xlink:type="resource" xlink:label="label_eba_c86615" xml:lang="en" xlink:role="http://www.xbrl.org/2008/role/label">Of which environmentally sustainable</label:label>
    <gen:arc xlink:type="arc" xlink:arcrole="http://xbrl.org/arcrole/2008/element-label" xlink:from="loc_eba_c86615" xlink:to="label_eba_c86615" />
    <link:loc xlink:type="locator" xlink:href="d_08.00.a-rend.xml#eba_c86616" xlink:label="loc_eba_c86616" />
    <label:label xlink:type="resource" xlink:label="label_eba_c86616" xml:lang="en" xlink:role="http://www.xbrl.org/2008/role/label">Of which specialised lending</label:label>
    <gen:arc xlink:type="arc" xlink:arcrole="http://xbrl.org/arcrole/2008/element-label" xlink:from="loc_eba_c86616" xlink:to="label_eba_c86616" />
    <link:loc xlink:type="locator" xlink:href="d_08.00.a-rend.xml#eba_c86617" xlink:label="loc_eba_c86617" />
    <label:label xlink:type="resource" xlink:label="label_eba_c86617" xml:lang="en" xlink:role="http://www.xbrl.org/2008/role/label">Of which adaptation</label:label>
    <gen:arc xlink:type="arc" xlink:arcrole="http://xbrl.org/arcrole/2008/element-label" xlink:from="loc_eba_c86617" xlink:to="label_eba_c86617" />
    <link:loc xlink:type="locator" xlink:href="d_08.00.a-rend.xml#eba_c86618" xlink:label="loc_eba_c86618" />
    <label:label xlink:type="resource" xlink:label="label_eba_c86618" xml:lang="en" xlink:role="http://www.xbrl.org/2008/role/label">Of which enabling</label:label>
    <gen:arc xlink:type="arc" xlink:arcrole="http://xbrl.org/arcrole/2008/element-label" xlink:from="loc_eba_c86618" xlink:to="label_eba_c86618" />
    <link:loc xlink:type="locator" xlink:href="d_08.00.a-rend.xml#eba_c86619" xlink:label="loc_eba_c86619" />
    <label:label xlink:type="resource" xlink:label="label_eba_c86619" xml:lang="en" xlink:role="http://www.xbrl.org/2008/role/label">TOTAL (CCM + CCA)</label:label>
    <gen:arc xlink:type="arc" xlink:arcrole="http://xbrl.org/arcrole/2008/element-label" xlink:from="loc_eba_c86619" xlink:to="label_eba_c86619" />
    <link:loc xlink:type="locator" xlink:href="d_08.00.a-rend.xml#eba_c86620" xlink:label="loc_eba_c86620" />
    <label:label xlink:type="resource" xlink:label="label_eba_c86620" xml:lang="en" xlink:role="http://www.xbrl.org/2008/role/label">Proportion of eligible assets funding taxonomy relevant sectors</label:label>
    <gen:arc xlink:type="arc" xlink:arcrole="http://xbrl.org/arcrole/2008/element-label" xlink:from="loc_eba_c86620" xlink:to="label_eba_c86620" />
    <link:loc xlink:type="locator" xlink:href="d_08.00.a-rend.xml#eba_c86621" xlink:label="loc_eba_c86621" />
    <label:label xlink:type="resource" xlink:label="label_eba_c86621" xml:lang="en" xlink:role="http://www.xbrl.org/2008/role/label">Of which environmentally sustainable</label:label>
    <gen:arc xlink:type="arc" xlink:arcrole="http://xbrl.org/arcrole/2008/element-label" xlink:from="loc_eba_c86621" xlink:to="label_eba_c86621" />
    <link:loc xlink:type="locator" xlink:href="d_08.00.a-rend.xml#eba_c86622" xlink:label="loc_eba_c86622" />
    <label:label xlink:type="resource" xlink:label="label_eba_c86622" xml:lang="en" xlink:role="http://www.xbrl.org/2008/role/label">Of which specialised lending</label:label>
    <gen:arc xlink:type="arc" xlink:arcrole="http://xbrl.org/arcrole/2008/element-label" xlink:from="loc_eba_c86622" xlink:to="label_eba_c86622" />
    <link:loc xlink:type="locator" xlink:href="d_08.00.a-rend.xml#eba_c86623" xlink:label="loc_eba_c86623" />
    <label:label xlink:type="resource" xlink:label="label_eba_c86623" xml:lang="en" xlink:role="http://www.xbrl.org/2008/role/label">Of which transitional/adaptation</label:label>
    <gen:arc xlink:type="arc" xlink:arcrole="http://xbrl.org/arcrole/2008/element-label" xlink:from="loc_eba_c86623" xlink:to="label_eba_c86623" />
    <link:loc xlink:type="locator" xlink:href="d_08.00.a-rend.xml#eba_c86624" xlink:label="loc_eba_c86624" />
    <label:label xlink:type="resource" xlink:label="label_eba_c86624" xml:lang="en" xlink:role="http://www.xbrl.org/2008/role/label">Of which enabling</label:label>
    <gen:arc xlink:type="arc" xlink:arcrole="http://xbrl.org/arcrole/2008/element-label" xlink:from="loc_eba_c86624" xlink:to="label_eba_c86624" />
    <link:loc xlink:type="locator" xlink:href="d_08.00.a-rend.xml#eba_a2" xlink:label="loc_eba_a2" />
    <label:label xlink:type="resource" xlink:label="label_eba_a2" xml:lang="en" xlink:role="http://www.xbrl.org/2008/role/label">Rows</label:label>
    <gen:arc xlink:type="arc" xlink:arcrole="http://xbrl.org/arcrole/2008/element-label" xlink:from="loc_eba_a2" xlink:to="label_eba_a2" />
    <link:loc xlink:type="locator" xlink:href="d_08.00.a-rend.xml#eba_c86644" xlink:label="loc_eba_c86644" />
    <label:label xlink:type="resource" xlink:label="label_eba_c86644" xml:lang="en" xlink:role="http://www.xbrl.org/2008/role/label">GAR</label:label>
    <gen:arc xlink:type="arc" xlink:arcrole="http://xbrl.org/arcrole/2008/element-label" xlink:from="loc_eba_c86644" xlink:to="label_eba_c86644" />
    <link:loc xlink:type="locator" xlink:href="d_08.00.a-rend.xml#eba_c86645" xlink:label="loc_eba_c86645" />
    <label:label xlink:type="resource" xlink:label="label_eba_c86645" xml:lang="en" xlink:role="http://www.xbrl.org/2008/role/label">Loans and advances, debt securities and equity instruments not HfT eligible for GAR calculation</label:label>
    <gen:arc xlink:type="arc" xlink:arcrole="http://xbrl.org/arcrole/2008/element-label" xlink:from="loc_eba_c86645" xlink:to="label_eba_c86645" />
    <link:loc xlink:type="locator" xlink:href="d_08.00.a-rend.xml#eba_c86646" xlink:label="loc_eba_c86646" />
    <label:label xlink:type="resource" xlink:label="label_eba_c86646" xml:lang="en" xlink:role="http://www.xbrl.org/2008/role/label">Financial corporations</label:label>
    <gen:arc xlink:type="arc" xlink:arcrole="http://xbrl.org/arcrole/2008/element-label" xlink:from="loc_eba_c86646" xlink:to="label_eba_c86646" />
    <link:loc xlink:type="locator" xlink:href="d_08.00.a-rend.xml#eba_c86647" xlink:label="loc_eba_c86647" />
    <label:label xlink:type="resource" xlink:label="label_eba_c86647" xml:lang="en" xlink:role="http://www.xbrl.org/2008/role/label">Credit institutions</label:label>
    <gen:arc xlink:type="arc" xlink:arcrole="http://xbrl.org/arcrole/2008/element-label" xlink:from="loc_eba_c86647" xlink:to="label_eba_c86647" />
    <link:loc xlink:type="locator" xlink:href="d_08.00.a-rend.xml#eba_c86648" xlink:label="loc_eba_c86648" />
    <label:label xlink:type="resource" xlink:label="label_eba_c86648" xml:lang="en" xlink:role="http://www.xbrl.org/2008/role/label">Other financial corporations</label:label>
    <gen:arc xlink:type="arc" xlink:arcrole="http://xbrl.org/arcrole/2008/element-label" xlink:from="loc_eba_c86648" xlink:to="label_eba_c86648" />
    <link:loc xlink:type="locator" xlink:href="d_08.00.a-rend.xml#eba_c86649" xlink:label="loc_eba_c86649" />
    <label:label xlink:type="resource" xlink:label="label_eba_c86649" xml:lang="en" xlink:role="http://www.xbrl.org/2008/role/label">of which investment firms</label:label>
    <gen:arc xlink:type="arc" xlink:arcrole="http://xbrl.org/arcrole/2008/element-label" xlink:from="loc_eba_c86649" xlink:to="label_eba_c86649" />
    <link:loc xlink:type="locator" xlink:href="d_08.00.a-rend.xml#eba_c86650" xlink:label="loc_eba_c86650" />
    <label:label xlink:type="resource" xlink:label="label_eba_c86650" xml:lang="en" xlink:role="http://www.xbrl.org/2008/role/label">of which management companies</label:label>
    <gen:arc xlink:type="arc" xlink:arcrole="http://xbrl.org/arcrole/2008/element-label" xlink:from="loc_eba_c86650" xlink:to="label_eba_c86650" />
    <link:loc xlink:type="locator" xlink:href="d_08.00.a-rend.xml#eba_c86651" xlink:label="loc_eba_c86651" />
    <label:label xlink:type="resource" xlink:label="label_eba_c86651" xml:lang="en" xlink:role="http://www.xbrl.org/2008/role/label">of which insurance undertakings</label:label>
    <gen:arc xlink:type="arc" xlink:arcrole="http://xbrl.org/arcrole/2008/element-label" xlink:from="loc_eba_c86651" xlink:to="label_eba_c86651" />
    <link:loc xlink:type="locator" xlink:href="d_08.00.a-rend.xml#eba_c86652" xlink:label="loc_eba_c86652" />
    <label:label xlink:type="resource" xlink:label="label_eba_c86652" xml:lang="en" xlink:role="http://www.xbrl.org/2008/role/label">Non-financial corporations subject to NFRD disclosure obligations</label:label>
    <gen:arc xlink:type="arc" xlink:arcrole="http://xbrl.org/arcrole/2008/element-label" xlink:from="loc_eba_c86652" xlink:to="label_eba_c86652" />
    <link:loc xlink:type="locator" xlink:href="d_08.00.a-rend.xml#eba_c86653" xlink:label="loc_eba_c86653" />
    <label:label xlink:type="resource" xlink:label="label_eba_c86653" xml:lang="en" xlink:role="http://www.xbrl.org/2008/role/label">Households</label:label>
    <gen:arc xlink:type="arc" xlink:arcrole="http://xbrl.org/arcrole/2008/element-label" xlink:from="loc_eba_c86653" xlink:to="label_eba_c86653" />
    <link:loc xlink:type="locator" xlink:href="d_08.00.a-rend.xml#eba_c86654" xlink:label="loc_eba_c86654" />
    <label:label xlink:type="resource" xlink:label="label_eba_c86654" xml:lang="en" xlink:role="http://www.xbrl.org/2008/role/label">of which loans collateralised by residential immovable property</label:label>
    <gen:arc xlink:type="arc" xlink:arcrole="http://xbrl.org/arcrole/2008/element-label" xlink:from="loc_eba_c86654" xlink:to="label_eba_c86654" />
    <link:loc xlink:type="locator" xlink:href="d_08.00.a-rend.xml#eba_c86655" xlink:label="loc_eba_c86655" />
    <label:label xlink:type="resource" xlink:label="label_eba_c86655" xml:lang="en" xlink:role="http://www.xbrl.org/2008/role/label">of which building renovation loans</label:label>
    <gen:arc xlink:type="arc" xlink:arcrole="http://xbrl.org/arcrole/2008/element-label" xlink:from="loc_eba_c86655" xlink:to="label_eba_c86655" />
    <link:loc xlink:type="locator" xlink:href="d_08.00.a-rend.xml#eba_c86656" xlink:label="loc_eba_c86656" />
    <label:label xlink:type="resource" xlink:label="label_eba_c86656" xml:lang="en" xlink:role="http://www.xbrl.org/2008/role/label">of which motor vehicle loans</label:label>
    <gen:arc xlink:type="arc" xlink:arcrole="http://xbrl.org/arcrole/2008/element-label" xlink:from="loc_eba_c86656" xlink:to="label_eba_c86656" />
    <link:loc xlink:type="locator" xlink:href="d_08.00.a-rend.xml#eba_c86657" xlink:label="loc_eba_c86657" />
    <label:label xlink:type="resource" xlink:label="label_eba_c86657" xml:lang="en" xlink:role="http://www.xbrl.org/2008/role/label">Local government financing</label:label>
    <gen:arc xlink:type="arc" xlink:arcrole="http://xbrl.org/arcrole/2008/element-label" xlink:from="loc_eba_c86657" xlink:to="label_eba_c86657" />
    <link:loc xlink:type="locator" xlink:href="d_08.00.a-rend.xml#eba_c86658" xlink:label="loc_eba_c86658" />
    <label:label xlink:type="resource" xlink:label="label_eba_c86658" xml:lang="en" xlink:role="http://www.xbrl.org/2008/role/label">Housing financing</label:label>
    <gen:arc xlink:type="arc" xlink:arcrole="http://xbrl.org/arcrole/2008/element-label" xlink:from="loc_eba_c86658" xlink:to="label_eba_c86658" />
    <link:loc xlink:type="locator" xlink:href="d_08.00.a-rend.xml#eba_c86660" xlink:label="loc_eba_c86660" />
    <label:label xlink:type="resource" xlink:label="label_eba_c86660" xml:lang="en" xlink:role="http://www.xbrl.org/2008/role/label">Collateral obtained by taking possession: residential and commercial immovable properties</label:label>
    <gen:arc xlink:type="arc" xlink:arcrole="http://xbrl.org/arcrole/2008/element-label" xlink:from="loc_eba_c86660" xlink:to="label_eba_c86660" />
  </gen:link>
</link:linkbase>