﻿<?xml version="1.0" encoding="utf-8"?>
<?taxonomy-version 1.0.0.0 ?>  <?taxonomy-set-overall-version 3.3.0.0 ?>
<!--(C) EBA-->
<link:linkbase xmlns:xsi="http://www.w3.org/2001/XMLSchema-instance" xmlns:xlink="http://www.w3.org/1999/xlink" xmlns:link="http://www.xbrl.org/2003/linkbase" xmlns:gen="http://xbrl.org/2008/generic" xmlns:label="http://xbrl.org/2008/label" xsi:schemaLocation="http://www.xbrl.org/2003/linkbase http://www.xbrl.org/2003/xbrl-linkbase-2003-12-31.xsd http://xbrl.org/2008/generic http://www.xbrl.org/2008/generic-link.xsd http://xbrl.org/2008/label http://www.xbrl.org/2008/generic-label.xsd">
  <link:arcroleRef arcroleURI="http://xbrl.org/arcrole/2008/element-label" xlink:type="simple" xlink:href="http://www.xbrl.org/2008/generic-label.xsd#element-label" />
  <link:roleRef roleURI="http://www.xbrl.org/2008/role/label" xlink:type="simple" xlink:href="http://www.xbrl.org/2008/generic-label.xsd#standard-label" />
  <link:roleRef roleURI="http://www.xbrl.org/2008/role/verboseLabel" xlink:type="simple" xlink:href="http://www.xbrl.org/2008/generic-label.xsd#verbose-label" />
  <gen:link xlink:type="extended" xlink:role="http://www.xbrl.org/2003/role/link">
    <link:loc xlink:type="locator" xlink:href="d_08.00.c-rend.xml#eba_tD_08.00.c" xlink:label="loc_eba_tD_08.00.c" />
    <label:label xlink:type="resource" xlink:label="label_eba_tD_08.00.c" xml:lang="en" xlink:role="http://www.xbrl.org/2008/role/label">D 08.00.c</label:label>
    <gen:arc xlink:type="arc" xlink:arcrole="http://xbrl.org/arcrole/2008/element-label" xlink:from="loc_eba_tD_08.00.c" xlink:to="label_eba_tD_08.00.c" />
    <label:label xlink:type="resource" xlink:label="label_eba_tD_08.00.c_1" xml:lang="en" xlink:role="http://www.xbrl.org/2008/role/verboseLabel">D 08.00.c GAR (%) (flow) (III)</label:label>
    <gen:arc xlink:type="arc" xlink:arcrole="http://xbrl.org/arcrole/2008/element-label" xlink:from="loc_eba_tD_08.00.c" xlink:to="label_eba_tD_08.00.c_1" />
    <link:loc xlink:type="locator" xlink:href="d_08.00.c-rend.xml#eba_a1" xlink:label="loc_eba_a1" />
    <label:label xlink:type="resource" xlink:label="label_eba_a1" xml:lang="en" xlink:role="http://www.xbrl.org/2008/role/label">Columns</label:label>
    <gen:arc xlink:type="arc" xlink:arcrole="http://xbrl.org/arcrole/2008/element-label" xlink:from="loc_eba_a1" xlink:to="label_eba_a1" />
    <link:loc xlink:type="locator" xlink:href="d_08.00.c-rend.xml#eba_c86840" xlink:label="loc_eba_c86840" />
    <label:label xlink:type="resource" xlink:label="label_eba_c86840" xml:lang="en" xlink:role="http://www.xbrl.org/2008/role/label">Disclosure reference date T: KPIs on flows</label:label>
    <gen:arc xlink:type="arc" xlink:arcrole="http://xbrl.org/arcrole/2008/element-label" xlink:from="loc_eba_c86840" xlink:to="label_eba_c86840" />
    <link:loc xlink:type="locator" xlink:href="d_08.00.c-rend.xml#eba_c86841" xlink:label="loc_eba_c86841" />
    <label:label xlink:type="resource" xlink:label="label_eba_c86841" xml:lang="en" xlink:role="http://www.xbrl.org/2008/role/label">Climate Change Mitigation (CCM)</label:label>
    <gen:arc xlink:type="arc" xlink:arcrole="http://xbrl.org/arcrole/2008/element-label" xlink:from="loc_eba_c86841" xlink:to="label_eba_c86841" />
    <link:loc xlink:type="locator" xlink:href="d_08.00.c-rend.xml#eba_c86842" xlink:label="loc_eba_c86842" />
    <label:label xlink:type="resource" xlink:label="label_eba_c86842" xml:lang="en" xlink:role="http://www.xbrl.org/2008/role/label">Proportion of new eligible assets funding taxonomy relevant sectors</label:label>
    <gen:arc xlink:type="arc" xlink:arcrole="http://xbrl.org/arcrole/2008/element-label" xlink:from="loc_eba_c86842" xlink:to="label_eba_c86842" />
    <link:loc xlink:type="locator" xlink:href="d_08.00.c-rend.xml#eba_c86843" xlink:label="loc_eba_c86843" />
    <label:label xlink:type="resource" xlink:label="label_eba_c86843" xml:lang="en" xlink:role="http://www.xbrl.org/2008/role/label">Of which environmentally sustainable</label:label>
    <gen:arc xlink:type="arc" xlink:arcrole="http://xbrl.org/arcrole/2008/element-label" xlink:from="loc_eba_c86843" xlink:to="label_eba_c86843" />
    <link:loc xlink:type="locator" xlink:href="d_08.00.c-rend.xml#eba_c86844" xlink:label="loc_eba_c86844" />
    <label:label xlink:type="resource" xlink:label="label_eba_c86844" xml:lang="en" xlink:role="http://www.xbrl.org/2008/role/label">Of which specialised lending</label:label>
    <gen:arc xlink:type="arc" xlink:arcrole="http://xbrl.org/arcrole/2008/element-label" xlink:from="loc_eba_c86844" xlink:to="label_eba_c86844" />
    <link:loc xlink:type="locator" xlink:href="d_08.00.c-rend.xml#eba_c86845" xlink:label="loc_eba_c86845" />
    <label:label xlink:type="resource" xlink:label="label_eba_c86845" xml:lang="en" xlink:role="http://www.xbrl.org/2008/role/label">Of which transitional</label:label>
    <gen:arc xlink:type="arc" xlink:arcrole="http://xbrl.org/arcrole/2008/element-label" xlink:from="loc_eba_c86845" xlink:to="label_eba_c86845" />
    <link:loc xlink:type="locator" xlink:href="d_08.00.c-rend.xml#eba_c86846" xlink:label="loc_eba_c86846" />
    <label:label xlink:type="resource" xlink:label="label_eba_c86846" xml:lang="en" xlink:role="http://www.xbrl.org/2008/role/label">Of which enabling</label:label>
    <gen:arc xlink:type="arc" xlink:arcrole="http://xbrl.org/arcrole/2008/element-label" xlink:from="loc_eba_c86846" xlink:to="label_eba_c86846" />
    <link:loc xlink:type="locator" xlink:href="d_08.00.c-rend.xml#eba_c86847" xlink:label="loc_eba_c86847" />
    <label:label xlink:type="resource" xlink:label="label_eba_c86847" xml:lang="en" xlink:role="http://www.xbrl.org/2008/role/label">Climate Change Adaptation (CCA)</label:label>
    <gen:arc xlink:type="arc" xlink:arcrole="http://xbrl.org/arcrole/2008/element-label" xlink:from="loc_eba_c86847" xlink:to="label_eba_c86847" />
    <link:loc xlink:type="locator" xlink:href="d_08.00.c-rend.xml#eba_c86848" xlink:label="loc_eba_c86848" />
    <label:label xlink:type="resource" xlink:label="label_eba_c86848" xml:lang="en" xlink:role="http://www.xbrl.org/2008/role/label">Proportion of new eligible assets funding taxonomy relevant sectors</label:label>
    <gen:arc xlink:type="arc" xlink:arcrole="http://xbrl.org/arcrole/2008/element-label" xlink:from="loc_eba_c86848" xlink:to="label_eba_c86848" />
    <link:loc xlink:type="locator" xlink:href="d_08.00.c-rend.xml#eba_c86849" xlink:label="loc_eba_c86849" />
    <label:label xlink:type="resource" xlink:label="label_eba_c86849" xml:lang="en" xlink:role="http://www.xbrl.org/2008/role/label">Of which environmentally sustainable</label:label>
    <gen:arc xlink:type="arc" xlink:arcrole="http://xbrl.org/arcrole/2008/element-label" xlink:from="loc_eba_c86849" xlink:to="label_eba_c86849" />
    <link:loc xlink:type="locator" xlink:href="d_08.00.c-rend.xml#eba_c86850" xlink:label="loc_eba_c86850" />
    <label:label xlink:type="resource" xlink:label="label_eba_c86850" xml:lang="en" xlink:role="http://www.xbrl.org/2008/role/label">Of which specialised lending</label:label>
    <gen:arc xlink:type="arc" xlink:arcrole="http://xbrl.org/arcrole/2008/element-label" xlink:from="loc_eba_c86850" xlink:to="label_eba_c86850" />
    <link:loc xlink:type="locator" xlink:href="d_08.00.c-rend.xml#eba_c86851" xlink:label="loc_eba_c86851" />
    <label:label xlink:type="resource" xlink:label="label_eba_c86851" xml:lang="en" xlink:role="http://www.xbrl.org/2008/role/label">Of which adaptation</label:label>
    <gen:arc xlink:type="arc" xlink:arcrole="http://xbrl.org/arcrole/2008/element-label" xlink:from="loc_eba_c86851" xlink:to="label_eba_c86851" />
    <link:loc xlink:type="locator" xlink:href="d_08.00.c-rend.xml#eba_c86852" xlink:label="loc_eba_c86852" />
    <label:label xlink:type="resource" xlink:label="label_eba_c86852" xml:lang="en" xlink:role="http://www.xbrl.org/2008/role/label">Of which enabling</label:label>
    <gen:arc xlink:type="arc" xlink:arcrole="http://xbrl.org/arcrole/2008/element-label" xlink:from="loc_eba_c86852" xlink:to="label_eba_c86852" />
    <link:loc xlink:type="locator" xlink:href="d_08.00.c-rend.xml#eba_c86853" xlink:label="loc_eba_c86853" />
    <label:label xlink:type="resource" xlink:label="label_eba_c86853" xml:lang="en" xlink:role="http://www.xbrl.org/2008/role/label">TOTAL (CCM + CCA)</label:label>
    <gen:arc xlink:type="arc" xlink:arcrole="http://xbrl.org/arcrole/2008/element-label" xlink:from="loc_eba_c86853" xlink:to="label_eba_c86853" />
    <link:loc xlink:type="locator" xlink:href="d_08.00.c-rend.xml#eba_c86854" xlink:label="loc_eba_c86854" />
    <label:label xlink:type="resource" xlink:label="label_eba_c86854" xml:lang="en" xlink:role="http://www.xbrl.org/2008/role/label">Proportion of new eligible assets funding taxonomy relevant sectors</label:label>
    <gen:arc xlink:type="arc" xlink:arcrole="http://xbrl.org/arcrole/2008/element-label" xlink:from="loc_eba_c86854" xlink:to="label_eba_c86854" />
    <link:loc xlink:type="locator" xlink:href="d_08.00.c-rend.xml#eba_c86855" xlink:label="loc_eba_c86855" />
    <label:label xlink:type="resource" xlink:label="label_eba_c86855" xml:lang="en" xlink:role="http://www.xbrl.org/2008/role/label">Of which environmentally sustainable</label:label>
    <gen:arc xlink:type="arc" xlink:arcrole="http://xbrl.org/arcrole/2008/element-label" xlink:from="loc_eba_c86855" xlink:to="label_eba_c86855" />
    <link:loc xlink:type="locator" xlink:href="d_08.00.c-rend.xml#eba_c86856" xlink:label="loc_eba_c86856" />
    <label:label xlink:type="resource" xlink:label="label_eba_c86856" xml:lang="en" xlink:role="http://www.xbrl.org/2008/role/label">Of which specialised lending</label:label>
    <gen:arc xlink:type="arc" xlink:arcrole="http://xbrl.org/arcrole/2008/element-label" xlink:from="loc_eba_c86856" xlink:to="label_eba_c86856" />
    <link:loc xlink:type="locator" xlink:href="d_08.00.c-rend.xml#eba_c86857" xlink:label="loc_eba_c86857" />
    <label:label xlink:type="resource" xlink:label="label_eba_c86857" xml:lang="en" xlink:role="http://www.xbrl.org/2008/role/label">Of which transitional/adaptation</label:label>
    <gen:arc xlink:type="arc" xlink:arcrole="http://xbrl.org/arcrole/2008/element-label" xlink:from="loc_eba_c86857" xlink:to="label_eba_c86857" />
    <link:loc xlink:type="locator" xlink:href="d_08.00.c-rend.xml#eba_c86858" xlink:label="loc_eba_c86858" />
    <label:label xlink:type="resource" xlink:label="label_eba_c86858" xml:lang="en" xlink:role="http://www.xbrl.org/2008/role/label">Of which enabling</label:label>
    <gen:arc xlink:type="arc" xlink:arcrole="http://xbrl.org/arcrole/2008/element-label" xlink:from="loc_eba_c86858" xlink:to="label_eba_c86858" />
    <link:loc xlink:type="locator" xlink:href="d_08.00.c-rend.xml#eba_a2" xlink:label="loc_eba_a2" />
    <label:label xlink:type="resource" xlink:label="label_eba_a2" xml:lang="en" xlink:role="http://www.xbrl.org/2008/role/label">Rows</label:label>
    <gen:arc xlink:type="arc" xlink:arcrole="http://xbrl.org/arcrole/2008/element-label" xlink:from="loc_eba_a2" xlink:to="label_eba_a2" />
    <link:loc xlink:type="locator" xlink:href="d_08.00.c-rend.xml#eba_c86859" xlink:label="loc_eba_c86859" />
    <label:label xlink:type="resource" xlink:label="label_eba_c86859" xml:lang="en" xlink:role="http://www.xbrl.org/2008/role/label">GAR</label:label>
    <gen:arc xlink:type="arc" xlink:arcrole="http://xbrl.org/arcrole/2008/element-label" xlink:from="loc_eba_c86859" xlink:to="label_eba_c86859" />
    <link:loc xlink:type="locator" xlink:href="d_08.00.c-rend.xml#eba_c86860" xlink:label="loc_eba_c86860" />
    <label:label xlink:type="resource" xlink:label="label_eba_c86860" xml:lang="en" xlink:role="http://www.xbrl.org/2008/role/label">Loans and advances, debt securities and equity instruments not HfT eligible for GAR calculation</label:label>
    <gen:arc xlink:type="arc" xlink:arcrole="http://xbrl.org/arcrole/2008/element-label" xlink:from="loc_eba_c86860" xlink:to="label_eba_c86860" />
    <link:loc xlink:type="locator" xlink:href="d_08.00.c-rend.xml#eba_c86861" xlink:label="loc_eba_c86861" />
    <label:label xlink:type="resource" xlink:label="label_eba_c86861" xml:lang="en" xlink:role="http://www.xbrl.org/2008/role/label">Financial corporations</label:label>
    <gen:arc xlink:type="arc" xlink:arcrole="http://xbrl.org/arcrole/2008/element-label" xlink:from="loc_eba_c86861" xlink:to="label_eba_c86861" />
    <link:loc xlink:type="locator" xlink:href="d_08.00.c-rend.xml#eba_c86862" xlink:label="loc_eba_c86862" />
    <label:label xlink:type="resource" xlink:label="label_eba_c86862" xml:lang="en" xlink:role="http://www.xbrl.org/2008/role/label">Credit institutions</label:label>
    <gen:arc xlink:type="arc" xlink:arcrole="http://xbrl.org/arcrole/2008/element-label" xlink:from="loc_eba_c86862" xlink:to="label_eba_c86862" />
    <link:loc xlink:type="locator" xlink:href="d_08.00.c-rend.xml#eba_c86863" xlink:label="loc_eba_c86863" />
    <label:label xlink:type="resource" xlink:label="label_eba_c86863" xml:lang="en" xlink:role="http://www.xbrl.org/2008/role/label">Other financial corporations</label:label>
    <gen:arc xlink:type="arc" xlink:arcrole="http://xbrl.org/arcrole/2008/element-label" xlink:from="loc_eba_c86863" xlink:to="label_eba_c86863" />
    <link:loc xlink:type="locator" xlink:href="d_08.00.c-rend.xml#eba_c86864" xlink:label="loc_eba_c86864" />
    <label:label xlink:type="resource" xlink:label="label_eba_c86864" xml:lang="en" xlink:role="http://www.xbrl.org/2008/role/label">of which investment firms</label:label>
    <gen:arc xlink:type="arc" xlink:arcrole="http://xbrl.org/arcrole/2008/element-label" xlink:from="loc_eba_c86864" xlink:to="label_eba_c86864" />
    <link:loc xlink:type="locator" xlink:href="d_08.00.c-rend.xml#eba_c86865" xlink:label="loc_eba_c86865" />
    <label:label xlink:type="resource" xlink:label="label_eba_c86865" xml:lang="en" xlink:role="http://www.xbrl.org/2008/role/label">of which management companies</label:label>
    <gen:arc xlink:type="arc" xlink:arcrole="http://xbrl.org/arcrole/2008/element-label" xlink:from="loc_eba_c86865" xlink:to="label_eba_c86865" />
    <link:loc xlink:type="locator" xlink:href="d_08.00.c-rend.xml#eba_c86866" xlink:label="loc_eba_c86866" />
    <label:label xlink:type="resource" xlink:label="label_eba_c86866" xml:lang="en" xlink:role="http://www.xbrl.org/2008/role/label">of which insurance undertakings</label:label>
    <gen:arc xlink:type="arc" xlink:arcrole="http://xbrl.org/arcrole/2008/element-label" xlink:from="loc_eba_c86866" xlink:to="label_eba_c86866" />
    <link:loc xlink:type="locator" xlink:href="d_08.00.c-rend.xml#eba_c86867" xlink:label="loc_eba_c86867" />
    <label:label xlink:type="resource" xlink:label="label_eba_c86867" xml:lang="en" xlink:role="http://www.xbrl.org/2008/role/label">Non-financial corporations subject to NFRD disclosure obligations</label:label>
    <gen:arc xlink:type="arc" xlink:arcrole="http://xbrl.org/arcrole/2008/element-label" xlink:from="loc_eba_c86867" xlink:to="label_eba_c86867" />
    <link:loc xlink:type="locator" xlink:href="d_08.00.c-rend.xml#eba_c86868" xlink:label="loc_eba_c86868" />
    <label:label xlink:type="resource" xlink:label="label_eba_c86868" xml:lang="en" xlink:role="http://www.xbrl.org/2008/role/label">Households</label:label>
    <gen:arc xlink:type="arc" xlink:arcrole="http://xbrl.org/arcrole/2008/element-label" xlink:from="loc_eba_c86868" xlink:to="label_eba_c86868" />
    <link:loc xlink:type="locator" xlink:href="d_08.00.c-rend.xml#eba_c86869" xlink:label="loc_eba_c86869" />
    <label:label xlink:type="resource" xlink:label="label_eba_c86869" xml:lang="en" xlink:role="http://www.xbrl.org/2008/role/label">of which loans collateralised by residential immovable property</label:label>
    <gen:arc xlink:type="arc" xlink:arcrole="http://xbrl.org/arcrole/2008/element-label" xlink:from="loc_eba_c86869" xlink:to="label_eba_c86869" />
    <link:loc xlink:type="locator" xlink:href="d_08.00.c-rend.xml#eba_c86870" xlink:label="loc_eba_c86870" />
    <label:label xlink:type="resource" xlink:label="label_eba_c86870" xml:lang="en" xlink:role="http://www.xbrl.org/2008/role/label">of which building renovation loans</label:label>
    <gen:arc xlink:type="arc" xlink:arcrole="http://xbrl.org/arcrole/2008/element-label" xlink:from="loc_eba_c86870" xlink:to="label_eba_c86870" />
    <link:loc xlink:type="locator" xlink:href="d_08.00.c-rend.xml#eba_c86871" xlink:label="loc_eba_c86871" />
    <label:label xlink:type="resource" xlink:label="label_eba_c86871" xml:lang="en" xlink:role="http://www.xbrl.org/2008/role/label">of which motor vehicle loans</label:label>
    <gen:arc xlink:type="arc" xlink:arcrole="http://xbrl.org/arcrole/2008/element-label" xlink:from="loc_eba_c86871" xlink:to="label_eba_c86871" />
    <link:loc xlink:type="locator" xlink:href="d_08.00.c-rend.xml#eba_c86872" xlink:label="loc_eba_c86872" />
    <label:label xlink:type="resource" xlink:label="label_eba_c86872" xml:lang="en" xlink:role="http://www.xbrl.org/2008/role/label">Local government financing</label:label>
    <gen:arc xlink:type="arc" xlink:arcrole="http://xbrl.org/arcrole/2008/element-label" xlink:from="loc_eba_c86872" xlink:to="label_eba_c86872" />
    <link:loc xlink:type="locator" xlink:href="d_08.00.c-rend.xml#eba_c86873" xlink:label="loc_eba_c86873" />
    <label:label xlink:type="resource" xlink:label="label_eba_c86873" xml:lang="en" xlink:role="http://www.xbrl.org/2008/role/label">Housing financing</label:label>
    <gen:arc xlink:type="arc" xlink:arcrole="http://xbrl.org/arcrole/2008/element-label" xlink:from="loc_eba_c86873" xlink:to="label_eba_c86873" />
    <link:loc xlink:type="locator" xlink:href="d_08.00.c-rend.xml#eba_c86875" xlink:label="loc_eba_c86875" />
    <label:label xlink:type="resource" xlink:label="label_eba_c86875" xml:lang="en" xlink:role="http://www.xbrl.org/2008/role/label">Collateral obtained by taking possession: residential and commercial immovable properties</label:label>
    <gen:arc xlink:type="arc" xlink:arcrole="http://xbrl.org/arcrole/2008/element-label" xlink:from="loc_eba_c86875" xlink:to="label_eba_c86875" />
  </gen:link>
</link:linkbase>