﻿<?xml version="1.0" encoding="utf-8"?>
<?taxonomy-version 1.0.0.0 ?>  <?taxonomy-set-overall-version 3.3.0.0 ?>
<!--(C) EBA-->
<link:linkbase xmlns:xsi="http://www.w3.org/2001/XMLSchema-instance" xmlns:xlink="http://www.w3.org/1999/xlink" xmlns:link="http://www.xbrl.org/2003/linkbase" xmlns:gen="http://xbrl.org/2008/generic" xmlns:label="http://xbrl.org/2008/label" xsi:schemaLocation="http://www.xbrl.org/2003/linkbase http://www.xbrl.org/2003/xbrl-linkbase-2003-12-31.xsd http://xbrl.org/2008/generic http://www.xbrl.org/2008/generic-link.xsd http://xbrl.org/2008/label http://www.xbrl.org/2008/generic-label.xsd">
  <link:arcroleRef arcroleURI="http://xbrl.org/arcrole/2008/element-label" xlink:type="simple" xlink:href="http://www.xbrl.org/2008/generic-label.xsd#element-label" />
  <link:roleRef roleURI="http://www.xbrl.org/2008/role/label" xlink:type="simple" xlink:href="http://www.xbrl.org/2008/generic-label.xsd#standard-label" />
  <link:roleRef roleURI="http://www.xbrl.org/2008/role/verboseLabel" xlink:type="simple" xlink:href="http://www.xbrl.org/2008/generic-label.xsd#verbose-label" />
  <gen:link xlink:type="extended" xlink:role="http://www.xbrl.org/2003/role/link">
    <link:loc xlink:type="locator" xlink:href="d_09.02.d-rend.xml#eba_tD_09.02.d" xlink:label="loc_eba_tD_09.02.d" />
    <label:label xlink:type="resource" xlink:label="label_eba_tD_09.02.d" xml:lang="en" xlink:role="http://www.xbrl.org/2008/role/label">D 09.02.d</label:label>
    <gen:arc xlink:type="arc" xlink:arcrole="http://xbrl.org/arcrole/2008/element-label" xlink:from="loc_eba_tD_09.02.d" xlink:to="label_eba_tD_09.02.d" />
    <label:label xlink:type="resource" xlink:label="label_eba_tD_09.02.d_1" xml:lang="en" xlink:role="http://www.xbrl.org/2008/role/verboseLabel">D 09.02.d BTAR % (cov-gar) (IV)</label:label>
    <gen:arc xlink:type="arc" xlink:arcrole="http://xbrl.org/arcrole/2008/element-label" xlink:from="loc_eba_tD_09.02.d" xlink:to="label_eba_tD_09.02.d_1" />
    <link:loc xlink:type="locator" xlink:href="d_09.02.d-rend.xml#eba_a1" xlink:label="loc_eba_a1" />
    <label:label xlink:type="resource" xlink:label="label_eba_a1" xml:lang="en" xlink:role="http://www.xbrl.org/2008/role/label">Columns</label:label>
    <gen:arc xlink:type="arc" xlink:arcrole="http://xbrl.org/arcrole/2008/element-label" xlink:from="loc_eba_a1" xlink:to="label_eba_a1" />
    <link:loc xlink:type="locator" xlink:href="d_09.02.d-rend.xml#eba_c86764" xlink:label="loc_eba_c86764" />
    <label:label xlink:type="resource" xlink:label="label_eba_c86764" xml:lang="en" xlink:role="http://www.xbrl.org/2008/role/label">Disclosure reference date T: KPIs on stock</label:label>
    <gen:arc xlink:type="arc" xlink:arcrole="http://xbrl.org/arcrole/2008/element-label" xlink:from="loc_eba_c86764" xlink:to="label_eba_c86764" />
    <link:loc xlink:type="locator" xlink:href="d_09.02.d-rend.xml#eba_c86767" xlink:label="loc_eba_c86767" />
    <label:label xlink:type="resource" xlink:label="label_eba_c86767" xml:lang="en" xlink:role="http://www.xbrl.org/2008/role/label">Proportion of total assets covered</label:label>
    <gen:arc xlink:type="arc" xlink:arcrole="http://xbrl.org/arcrole/2008/element-label" xlink:from="loc_eba_c86767" xlink:to="label_eba_c86767" />
    <link:loc xlink:type="locator" xlink:href="d_09.02.d-rend.xml#eba_c87261" xlink:label="loc_eba_c87261" />
    <label:label xlink:type="resource" xlink:label="label_eba_c87261" xml:lang="en" xlink:role="http://www.xbrl.org/2008/role/label">Disclosure reference date T: KPIs on flows</label:label>
    <gen:arc xlink:type="arc" xlink:arcrole="http://xbrl.org/arcrole/2008/element-label" xlink:from="loc_eba_c87261" xlink:to="label_eba_c87261" />
    <link:loc xlink:type="locator" xlink:href="d_09.02.d-rend.xml#eba_c86768" xlink:label="loc_eba_c86768" />
    <label:label xlink:type="resource" xlink:label="label_eba_c86768" xml:lang="en" xlink:role="http://www.xbrl.org/2008/role/label">Proportion of total new assets covered</label:label>
    <gen:arc xlink:type="arc" xlink:arcrole="http://xbrl.org/arcrole/2008/element-label" xlink:from="loc_eba_c86768" xlink:to="label_eba_c86768" />
    <link:loc xlink:type="locator" xlink:href="d_09.02.d-rend.xml#eba_a2" xlink:label="loc_eba_a2" />
    <label:label xlink:type="resource" xlink:label="label_eba_a2" xml:lang="en" xlink:role="http://www.xbrl.org/2008/role/label">Rows</label:label>
    <gen:arc xlink:type="arc" xlink:arcrole="http://xbrl.org/arcrole/2008/element-label" xlink:from="loc_eba_a2" xlink:to="label_eba_a2" />
    <link:loc xlink:type="locator" xlink:href="d_09.02.d-rend.xml#eba_c86931" xlink:label="loc_eba_c86931" />
    <label:label xlink:type="resource" xlink:label="label_eba_c86931" xml:lang="en" xlink:role="http://www.xbrl.org/2008/role/label">BTAR</label:label>
    <gen:arc xlink:type="arc" xlink:arcrole="http://xbrl.org/arcrole/2008/element-label" xlink:from="loc_eba_c86931" xlink:to="label_eba_c86931" />
    <link:loc xlink:type="locator" xlink:href="d_09.02.d-rend.xml#eba_c86762" xlink:label="loc_eba_c86762" />
    <label:label xlink:type="resource" xlink:label="label_eba_c86762" xml:lang="en" xlink:role="http://www.xbrl.org/2008/role/label">GAR</label:label>
    <gen:arc xlink:type="arc" xlink:arcrole="http://xbrl.org/arcrole/2008/element-label" xlink:from="loc_eba_c86762" xlink:to="label_eba_c86762" />
  </gen:link>
</link:linkbase>