﻿<?xml version="1.0" encoding="utf-8"?>
<?taxonomy-version 1.0.0.0 ?>  <?taxonomy-set-overall-version 3.3.0.0 ?>
<!--(C) EBA-->
<link:linkbase xmlns:xsi="http://www.w3.org/2001/XMLSchema-instance" xmlns:xlink="http://www.w3.org/1999/xlink" xmlns:link="http://www.xbrl.org/2003/linkbase" xmlns:gen="http://xbrl.org/2008/generic" xmlns:label="http://xbrl.org/2008/label" xsi:schemaLocation="http://www.xbrl.org/2003/linkbase http://www.xbrl.org/2003/xbrl-linkbase-2003-12-31.xsd http://xbrl.org/2008/generic http://www.xbrl.org/2008/generic-link.xsd http://xbrl.org/2008/label http://www.xbrl.org/2008/generic-label.xsd">
  <link:arcroleRef arcroleURI="http://xbrl.org/arcrole/2008/element-label" xlink:type="simple" xlink:href="http://www.xbrl.org/2008/generic-label.xsd#element-label" />
  <link:roleRef roleURI="http://www.eba.europa.eu/xbrl/role/dpm-db-id" xlink:type="simple" xlink:href="http://www.eba.europa.eu/eu/fr/xbrl/ext/model.xsd#dpm-db-id" />
  <link:roleRef roleURI="http://www.eurofiling.info/xbrl/role/filing-indicator-code" xlink:type="simple" xlink:href="http://www.eurofiling.info/eu/fr/xbrl/ext/model.xsd#filing-indicator-code" />
  <link:roleRef roleURI="http://www.eurofiling.info/xbrl/role/rc-code" xlink:type="simple" xlink:href="http://www.eurofiling.info/eu/fr/xbrl/ext/model.xsd#rc-code" />
  <gen:link xlink:type="extended" xlink:role="http://www.xbrl.org/2003/role/link">
    <link:loc xlink:type="locator" xlink:href="d_09.02.d-rend.xml#eba_tD_09.02.d" xlink:label="loc_eba_tD_09.02.d" />
    <label:label xlink:type="resource" xlink:label="label_eba_tD_09.02.d" xml:lang="en" xlink:role="http://www.eurofiling.info/xbrl/role/rc-code">D 09.02.d</label:label>
    <gen:arc xlink:type="arc" xlink:arcrole="http://xbrl.org/arcrole/2008/element-label" xlink:from="loc_eba_tD_09.02.d" xlink:to="label_eba_tD_09.02.d" />
    <link:loc xlink:type="locator" xlink:href="d_09.02.d-rend.xml#eba_c86764" xlink:label="loc_eba_c86764" />
    <label:label xlink:type="resource" xlink:label="label_eba_c86764" xml:lang="en" xlink:role="http://www.eurofiling.info/xbrl/role/rc-code">0008</label:label>
    <gen:arc xlink:type="arc" xlink:arcrole="http://xbrl.org/arcrole/2008/element-label" xlink:from="loc_eba_c86764" xlink:to="label_eba_c86764" />
    <link:loc xlink:type="locator" xlink:href="d_09.02.d-rend.xml#eba_c86767" xlink:label="loc_eba_c86767" />
    <label:label xlink:type="resource" xlink:label="label_eba_c86767" xml:lang="en" xlink:role="http://www.eurofiling.info/xbrl/role/rc-code">0160</label:label>
    <gen:arc xlink:type="arc" xlink:arcrole="http://xbrl.org/arcrole/2008/element-label" xlink:from="loc_eba_c86767" xlink:to="label_eba_c86767" />
    <link:loc xlink:type="locator" xlink:href="d_09.02.d-rend.xml#eba_c87261" xlink:label="loc_eba_c87261" />
    <label:label xlink:type="resource" xlink:label="label_eba_c87261" xml:lang="en" xlink:role="http://www.eurofiling.info/xbrl/role/rc-code">0166</label:label>
    <gen:arc xlink:type="arc" xlink:arcrole="http://xbrl.org/arcrole/2008/element-label" xlink:from="loc_eba_c87261" xlink:to="label_eba_c87261" />
    <link:loc xlink:type="locator" xlink:href="d_09.02.d-rend.xml#eba_c86768" xlink:label="loc_eba_c86768" />
    <label:label xlink:type="resource" xlink:label="label_eba_c86768" xml:lang="en" xlink:role="http://www.eurofiling.info/xbrl/role/rc-code">0320</label:label>
    <gen:arc xlink:type="arc" xlink:arcrole="http://xbrl.org/arcrole/2008/element-label" xlink:from="loc_eba_c86768" xlink:to="label_eba_c86768" />
    <link:loc xlink:type="locator" xlink:href="d_09.02.d-rend.xml#eba_c86931" xlink:label="loc_eba_c86931" />
    <label:label xlink:type="resource" xlink:label="label_eba_c86931" xml:lang="en" xlink:role="http://www.eurofiling.info/xbrl/role/rc-code">0010</label:label>
    <gen:arc xlink:type="arc" xlink:arcrole="http://xbrl.org/arcrole/2008/element-label" xlink:from="loc_eba_c86931" xlink:to="label_eba_c86931" />
    <link:loc xlink:type="locator" xlink:href="d_09.02.d-rend.xml#eba_c86762" xlink:label="loc_eba_c86762" />
    <label:label xlink:type="resource" xlink:label="label_eba_c86762" xml:lang="en" xlink:role="http://www.eurofiling.info/xbrl/role/rc-code">0020</label:label>
    <gen:arc xlink:type="arc" xlink:arcrole="http://xbrl.org/arcrole/2008/element-label" xlink:from="loc_eba_c86762" xlink:to="label_eba_c86762" />
    <label:label xlink:type="resource" xlink:label="label_eba_tD_09.02.d_1" xml:lang="en" xlink:role="http://www.eurofiling.info/xbrl/role/filing-indicator-code">D_09.02</label:label>
    <gen:arc xlink:type="arc" xlink:arcrole="http://xbrl.org/arcrole/2008/element-label" xlink:from="loc_eba_tD_09.02.d" xlink:to="label_eba_tD_09.02.d_1" />
    <label:label xlink:type="resource" xlink:label="label_eba_tD_09.02.d_2" xml:lang="en" xlink:role="http://www.eba.europa.eu/xbrl/role/dpm-db-id">819.2316</label:label>
    <gen:arc xlink:type="arc" xlink:arcrole="http://xbrl.org/arcrole/2008/element-label" xlink:from="loc_eba_tD_09.02.d" xlink:to="label_eba_tD_09.02.d_2" />
    <label:label xlink:type="resource" xlink:label="label_eba_c86764_1" xml:lang="en" xlink:role="http://www.eba.europa.eu/xbrl/role/dpm-db-id">86764</label:label>
    <gen:arc xlink:type="arc" xlink:arcrole="http://xbrl.org/arcrole/2008/element-label" xlink:from="loc_eba_c86764" xlink:to="label_eba_c86764_1" />
    <label:label xlink:type="resource" xlink:label="label_eba_c86767_1" xml:lang="en" xlink:role="http://www.eba.europa.eu/xbrl/role/dpm-db-id">86767</label:label>
    <gen:arc xlink:type="arc" xlink:arcrole="http://xbrl.org/arcrole/2008/element-label" xlink:from="loc_eba_c86767" xlink:to="label_eba_c86767_1" />
    <label:label xlink:type="resource" xlink:label="label_eba_c87261_1" xml:lang="en" xlink:role="http://www.eba.europa.eu/xbrl/role/dpm-db-id">87261</label:label>
    <gen:arc xlink:type="arc" xlink:arcrole="http://xbrl.org/arcrole/2008/element-label" xlink:from="loc_eba_c87261" xlink:to="label_eba_c87261_1" />
    <label:label xlink:type="resource" xlink:label="label_eba_c86768_1" xml:lang="en" xlink:role="http://www.eba.europa.eu/xbrl/role/dpm-db-id">86768</label:label>
    <gen:arc xlink:type="arc" xlink:arcrole="http://xbrl.org/arcrole/2008/element-label" xlink:from="loc_eba_c86768" xlink:to="label_eba_c86768_1" />
    <label:label xlink:type="resource" xlink:label="label_eba_c86931_1" xml:lang="en" xlink:role="http://www.eba.europa.eu/xbrl/role/dpm-db-id">86931</label:label>
    <gen:arc xlink:type="arc" xlink:arcrole="http://xbrl.org/arcrole/2008/element-label" xlink:from="loc_eba_c86931" xlink:to="label_eba_c86931_1" />
    <label:label xlink:type="resource" xlink:label="label_eba_c86762_1" xml:lang="en" xlink:role="http://www.eba.europa.eu/xbrl/role/dpm-db-id">86762</label:label>
    <gen:arc xlink:type="arc" xlink:arcrole="http://xbrl.org/arcrole/2008/element-label" xlink:from="loc_eba_c86762" xlink:to="label_eba_c86762_1" />
  </gen:link>
</link:linkbase>