﻿<?xml version="1.0" encoding="utf-8"?>
<?taxonomy-version 1.0.0.0 ?>  <?taxonomy-set-overall-version 3.3.0.0 ?>
<!--(C) EBA-->
<link:linkbase xmlns:xsi="http://www.w3.org/2001/XMLSchema-instance" xmlns:xlink="http://www.w3.org/1999/xlink" xmlns:link="http://www.xbrl.org/2003/linkbase" xmlns:gen="http://xbrl.org/2008/generic" xmlns:label="http://xbrl.org/2008/label" xsi:schemaLocation="http://www.xbrl.org/2003/linkbase http://www.xbrl.org/2003/xbrl-linkbase-2003-12-31.xsd http://xbrl.org/2008/generic http://www.xbrl.org/2008/generic-link.xsd http://xbrl.org/2008/label http://www.xbrl.org/2008/generic-label.xsd">
  <link:arcroleRef arcroleURI="http://xbrl.org/arcrole/2008/element-label" xlink:type="simple" xlink:href="http://www.xbrl.org/2008/generic-label.xsd#element-label" />
  <link:roleRef roleURI="http://www.xbrl.org/2008/role/label" xlink:type="simple" xlink:href="http://www.xbrl.org/2008/generic-label.xsd#standard-label" />
  <link:roleRef roleURI="http://www.xbrl.org/2008/role/verboseLabel" xlink:type="simple" xlink:href="http://www.xbrl.org/2008/generic-label.xsd#verbose-label" />
  <gen:link xlink:type="extended" xlink:role="http://www.xbrl.org/2003/role/link">
    <link:loc xlink:type="locator" xlink:href="k_04.00.a-rend.xml#eba_tK_04.00.a" xlink:label="loc_eba_tK_04.00.a" />
    <label:label xlink:type="resource" xlink:label="label_eba_tK_04.00.a" xml:lang="en" xlink:role="http://www.xbrl.org/2008/role/label">K 04.00.a</label:label>
    <gen:arc xlink:type="arc" xlink:arcrole="http://xbrl.org/arcrole/2008/element-label" xlink:from="loc_eba_tK_04.00.a" xlink:to="label_eba_tK_04.00.a" />
    <label:label xlink:type="resource" xlink:label="label_eba_tK_04.00.a_1" xml:lang="en" xlink:role="http://www.xbrl.org/2008/role/verboseLabel">K 04.00.a EU CCR4 – IRB approach – CCR exposures by exposure class and PD scale (I)</label:label>
    <gen:arc xlink:type="arc" xlink:arcrole="http://xbrl.org/arcrole/2008/element-label" xlink:from="loc_eba_tK_04.00.a" xlink:to="label_eba_tK_04.00.a_1" />
    <link:loc xlink:type="locator" xlink:href="k_04.00.a-rend.xml#eba_a1" xlink:label="loc_eba_a1" />
    <label:label xlink:type="resource" xlink:label="label_eba_a1" xml:lang="en" xlink:role="http://www.xbrl.org/2008/role/label">Columns</label:label>
    <gen:arc xlink:type="arc" xlink:arcrole="http://xbrl.org/arcrole/2008/element-label" xlink:from="loc_eba_a1" xlink:to="label_eba_a1" />
    <link:loc xlink:type="locator" xlink:href="k_04.00.a-rend.xml#eba_c86940" xlink:label="loc_eba_c86940" />
    <label:label xlink:type="resource" xlink:label="label_eba_c86940" xml:lang="en" xlink:role="http://www.xbrl.org/2008/role/label">a. Exposure value</label:label>
    <gen:arc xlink:type="arc" xlink:arcrole="http://xbrl.org/arcrole/2008/element-label" xlink:from="loc_eba_c86940" xlink:to="label_eba_c86940" />
    <link:loc xlink:type="locator" xlink:href="k_04.00.a-rend.xml#eba_c86941" xlink:label="loc_eba_c86941" />
    <label:label xlink:type="resource" xlink:label="label_eba_c86941" xml:lang="en" xlink:role="http://www.xbrl.org/2008/role/label">b. Exposure weighted average PD (%)</label:label>
    <gen:arc xlink:type="arc" xlink:arcrole="http://xbrl.org/arcrole/2008/element-label" xlink:from="loc_eba_c86941" xlink:to="label_eba_c86941" />
    <link:loc xlink:type="locator" xlink:href="k_04.00.a-rend.xml#eba_c86942" xlink:label="loc_eba_c86942" />
    <label:label xlink:type="resource" xlink:label="label_eba_c86942" xml:lang="en" xlink:role="http://www.xbrl.org/2008/role/label">c. Number of obligors</label:label>
    <gen:arc xlink:type="arc" xlink:arcrole="http://xbrl.org/arcrole/2008/element-label" xlink:from="loc_eba_c86942" xlink:to="label_eba_c86942" />
    <link:loc xlink:type="locator" xlink:href="k_04.00.a-rend.xml#eba_c86943" xlink:label="loc_eba_c86943" />
    <label:label xlink:type="resource" xlink:label="label_eba_c86943" xml:lang="en" xlink:role="http://www.xbrl.org/2008/role/label">d. Exposure weighted average LGD (%)</label:label>
    <gen:arc xlink:type="arc" xlink:arcrole="http://xbrl.org/arcrole/2008/element-label" xlink:from="loc_eba_c86943" xlink:to="label_eba_c86943" />
    <link:loc xlink:type="locator" xlink:href="k_04.00.a-rend.xml#eba_c86944" xlink:label="loc_eba_c86944" />
    <label:label xlink:type="resource" xlink:label="label_eba_c86944" xml:lang="en" xlink:role="http://www.xbrl.org/2008/role/label">e. Exposure weighted average maturity (years)</label:label>
    <gen:arc xlink:type="arc" xlink:arcrole="http://xbrl.org/arcrole/2008/element-label" xlink:from="loc_eba_c86944" xlink:to="label_eba_c86944" />
    <link:loc xlink:type="locator" xlink:href="k_04.00.a-rend.xml#eba_c86945" xlink:label="loc_eba_c86945" />
    <label:label xlink:type="resource" xlink:label="label_eba_c86945" xml:lang="en" xlink:role="http://www.xbrl.org/2008/role/label">f. RWEA</label:label>
    <gen:arc xlink:type="arc" xlink:arcrole="http://xbrl.org/arcrole/2008/element-label" xlink:from="loc_eba_c86945" xlink:to="label_eba_c86945" />
    <link:loc xlink:type="locator" xlink:href="k_04.00.a-rend.xml#eba_c86946" xlink:label="loc_eba_c86946" />
    <label:label xlink:type="resource" xlink:label="label_eba_c86946" xml:lang="en" xlink:role="http://www.xbrl.org/2008/role/label">g. Density of risk weighted exposure amounts</label:label>
    <gen:arc xlink:type="arc" xlink:arcrole="http://xbrl.org/arcrole/2008/element-label" xlink:from="loc_eba_c86946" xlink:to="label_eba_c86946" />
    <link:loc xlink:type="locator" xlink:href="k_04.00.a-rend.xml#eba_a2" xlink:label="loc_eba_a2" />
    <label:label xlink:type="resource" xlink:label="label_eba_a2" xml:lang="en" xlink:role="http://www.xbrl.org/2008/role/label">Rows</label:label>
    <gen:arc xlink:type="arc" xlink:arcrole="http://xbrl.org/arcrole/2008/element-label" xlink:from="loc_eba_a2" xlink:to="label_eba_a2" />
    <link:loc xlink:type="locator" xlink:href="k_04.00.a-rend.xml#eba_c87544" xlink:label="loc_eba_c87544" />
    <label:label xlink:type="resource" xlink:label="label_eba_c87544" xml:lang="en" xlink:role="http://www.xbrl.org/2008/role/label">Sub-total (Exposure class X)</label:label>
    <gen:arc xlink:type="arc" xlink:arcrole="http://xbrl.org/arcrole/2008/element-label" xlink:from="loc_eba_c87544" xlink:to="label_eba_c87544" />
    <link:loc xlink:type="locator" xlink:href="k_04.00.a-rend.xml#eba_c86947" xlink:label="loc_eba_c86947" />
    <label:label xlink:type="resource" xlink:label="label_eba_c86947" xml:lang="en" xlink:role="http://www.xbrl.org/2008/role/label">1. 0.00 to &lt;0.15</label:label>
    <gen:arc xlink:type="arc" xlink:arcrole="http://xbrl.org/arcrole/2008/element-label" xlink:from="loc_eba_c86947" xlink:to="label_eba_c86947" />
    <link:loc xlink:type="locator" xlink:href="k_04.00.a-rend.xml#eba_c86950" xlink:label="loc_eba_c86950" />
    <label:label xlink:type="resource" xlink:label="label_eba_c86950" xml:lang="en" xlink:role="http://www.xbrl.org/2008/role/label">2. 0.15 to &lt;0.25</label:label>
    <gen:arc xlink:type="arc" xlink:arcrole="http://xbrl.org/arcrole/2008/element-label" xlink:from="loc_eba_c86950" xlink:to="label_eba_c86950" />
    <link:loc xlink:type="locator" xlink:href="k_04.00.a-rend.xml#eba_c86951" xlink:label="loc_eba_c86951" />
    <label:label xlink:type="resource" xlink:label="label_eba_c86951" xml:lang="en" xlink:role="http://www.xbrl.org/2008/role/label">3. 0.25 to &lt;0.50</label:label>
    <gen:arc xlink:type="arc" xlink:arcrole="http://xbrl.org/arcrole/2008/element-label" xlink:from="loc_eba_c86951" xlink:to="label_eba_c86951" />
    <link:loc xlink:type="locator" xlink:href="k_04.00.a-rend.xml#eba_c86952" xlink:label="loc_eba_c86952" />
    <label:label xlink:type="resource" xlink:label="label_eba_c86952" xml:lang="en" xlink:role="http://www.xbrl.org/2008/role/label">4. 0.50 to &lt;0.75</label:label>
    <gen:arc xlink:type="arc" xlink:arcrole="http://xbrl.org/arcrole/2008/element-label" xlink:from="loc_eba_c86952" xlink:to="label_eba_c86952" />
    <link:loc xlink:type="locator" xlink:href="k_04.00.a-rend.xml#eba_c86953" xlink:label="loc_eba_c86953" />
    <label:label xlink:type="resource" xlink:label="label_eba_c86953" xml:lang="en" xlink:role="http://www.xbrl.org/2008/role/label">5. 0.75 to &lt;2.5</label:label>
    <gen:arc xlink:type="arc" xlink:arcrole="http://xbrl.org/arcrole/2008/element-label" xlink:from="loc_eba_c86953" xlink:to="label_eba_c86953" />
    <link:loc xlink:type="locator" xlink:href="k_04.00.a-rend.xml#eba_c86956" xlink:label="loc_eba_c86956" />
    <label:label xlink:type="resource" xlink:label="label_eba_c86956" xml:lang="en" xlink:role="http://www.xbrl.org/2008/role/label">6. 2.5 to &lt;10</label:label>
    <gen:arc xlink:type="arc" xlink:arcrole="http://xbrl.org/arcrole/2008/element-label" xlink:from="loc_eba_c86956" xlink:to="label_eba_c86956" />
    <link:loc xlink:type="locator" xlink:href="k_04.00.a-rend.xml#eba_c86959" xlink:label="loc_eba_c86959" />
    <label:label xlink:type="resource" xlink:label="label_eba_c86959" xml:lang="en" xlink:role="http://www.xbrl.org/2008/role/label">7. 10 to &lt;100</label:label>
    <gen:arc xlink:type="arc" xlink:arcrole="http://xbrl.org/arcrole/2008/element-label" xlink:from="loc_eba_c86959" xlink:to="label_eba_c86959" />
    <link:loc xlink:type="locator" xlink:href="k_04.00.a-rend.xml#eba_c86963" xlink:label="loc_eba_c86963" />
    <label:label xlink:type="resource" xlink:label="label_eba_c86963" xml:lang="en" xlink:role="http://www.xbrl.org/2008/role/label">8. 100 (default)</label:label>
    <gen:arc xlink:type="arc" xlink:arcrole="http://xbrl.org/arcrole/2008/element-label" xlink:from="loc_eba_c86963" xlink:to="label_eba_c86963" />
    <link:loc xlink:type="locator" xlink:href="k_04.00.a-rend.xml#eba_a3" xlink:label="loc_eba_a3" />
    <label:label xlink:type="resource" xlink:label="label_eba_a3" xml:lang="en" xlink:role="http://www.xbrl.org/2008/role/label">Sheets</label:label>
    <gen:arc xlink:type="arc" xlink:arcrole="http://xbrl.org/arcrole/2008/element-label" xlink:from="loc_eba_a3" xlink:to="label_eba_a3" />
    <link:loc xlink:type="locator" xlink:href="k_04.00.a-rend.xml#eba_c86967" xlink:label="loc_eba_c86967" />
    <label:label xlink:type="resource" xlink:label="label_eba_c86967" xml:lang="en" xlink:role="http://www.xbrl.org/2008/role/label">Central governments and central banks (A-IRB)</label:label>
    <gen:arc xlink:type="arc" xlink:arcrole="http://xbrl.org/arcrole/2008/element-label" xlink:from="loc_eba_c86967" xlink:to="label_eba_c86967" />
    <link:loc xlink:type="locator" xlink:href="k_04.00.a-rend.xml#eba_c86968" xlink:label="loc_eba_c86968" />
    <label:label xlink:type="resource" xlink:label="label_eba_c86968" xml:lang="en" xlink:role="http://www.xbrl.org/2008/role/label">Central governments and central banks (F-IRB)</label:label>
    <gen:arc xlink:type="arc" xlink:arcrole="http://xbrl.org/arcrole/2008/element-label" xlink:from="loc_eba_c86968" xlink:to="label_eba_c86968" />
    <link:loc xlink:type="locator" xlink:href="k_04.00.a-rend.xml#eba_c86969" xlink:label="loc_eba_c86969" />
    <label:label xlink:type="resource" xlink:label="label_eba_c86969" xml:lang="en" xlink:role="http://www.xbrl.org/2008/role/label">Institutions (A-IRB)</label:label>
    <gen:arc xlink:type="arc" xlink:arcrole="http://xbrl.org/arcrole/2008/element-label" xlink:from="loc_eba_c86969" xlink:to="label_eba_c86969" />
    <link:loc xlink:type="locator" xlink:href="k_04.00.a-rend.xml#eba_c86970" xlink:label="loc_eba_c86970" />
    <label:label xlink:type="resource" xlink:label="label_eba_c86970" xml:lang="en" xlink:role="http://www.xbrl.org/2008/role/label">Institutions (F-IRB)</label:label>
    <gen:arc xlink:type="arc" xlink:arcrole="http://xbrl.org/arcrole/2008/element-label" xlink:from="loc_eba_c86970" xlink:to="label_eba_c86970" />
    <link:loc xlink:type="locator" xlink:href="k_04.00.a-rend.xml#eba_c86971" xlink:label="loc_eba_c86971" />
    <label:label xlink:type="resource" xlink:label="label_eba_c86971" xml:lang="en" xlink:role="http://www.xbrl.org/2008/role/label">Corporates (A-IRB)</label:label>
    <gen:arc xlink:type="arc" xlink:arcrole="http://xbrl.org/arcrole/2008/element-label" xlink:from="loc_eba_c86971" xlink:to="label_eba_c86971" />
    <link:loc xlink:type="locator" xlink:href="k_04.00.a-rend.xml#eba_c86972" xlink:label="loc_eba_c86972" />
    <label:label xlink:type="resource" xlink:label="label_eba_c86972" xml:lang="en" xlink:role="http://www.xbrl.org/2008/role/label">Corporates (F-IRB)</label:label>
    <gen:arc xlink:type="arc" xlink:arcrole="http://xbrl.org/arcrole/2008/element-label" xlink:from="loc_eba_c86972" xlink:to="label_eba_c86972" />
    <link:loc xlink:type="locator" xlink:href="k_04.00.a-rend.xml#eba_c86977" xlink:label="loc_eba_c86977" />
    <label:label xlink:type="resource" xlink:label="label_eba_c86977" xml:lang="en" xlink:role="http://www.xbrl.org/2008/role/label">Retail (A-IRB)</label:label>
    <gen:arc xlink:type="arc" xlink:arcrole="http://xbrl.org/arcrole/2008/element-label" xlink:from="loc_eba_c86977" xlink:to="label_eba_c86977" />
  </gen:link>
</link:linkbase>