﻿<?xml version="1.0" encoding="utf-8"?>
<?taxonomy-version 1.0.0.0 ?>  <?taxonomy-set-overall-version 3.3.0.0 ?>
<!--(C) EBA-->
<link:linkbase xmlns:xsi="http://www.w3.org/2001/XMLSchema-instance" xmlns:xlink="http://www.w3.org/1999/xlink" xmlns:link="http://www.xbrl.org/2003/linkbase" xmlns:gen="http://xbrl.org/2008/generic" xmlns:label="http://xbrl.org/2008/label" xsi:schemaLocation="http://www.xbrl.org/2003/linkbase http://www.xbrl.org/2003/xbrl-linkbase-2003-12-31.xsd http://xbrl.org/2008/generic http://www.xbrl.org/2008/generic-link.xsd http://xbrl.org/2008/label http://www.xbrl.org/2008/generic-label.xsd">
  <link:arcroleRef arcroleURI="http://xbrl.org/arcrole/2008/element-label" xlink:type="simple" xlink:href="http://www.xbrl.org/2008/generic-label.xsd#element-label" />
  <link:roleRef roleURI="http://www.xbrl.org/2008/role/label" xlink:type="simple" xlink:href="http://www.xbrl.org/2008/generic-label.xsd#standard-label" />
  <link:roleRef roleURI="http://www.xbrl.org/2008/role/verboseLabel" xlink:type="simple" xlink:href="http://www.xbrl.org/2008/generic-label.xsd#verbose-label" />
  <gen:link xlink:type="extended" xlink:role="http://www.xbrl.org/2003/role/link">
    <link:loc xlink:type="locator" xlink:href="d_01.00-rend.xml#eba_tD_01.00" xlink:label="loc_eba_tD_01.00" />
    <label:label xlink:type="resource" xlink:label="label_eba_tD_01.00" xml:lang="en" xlink:role="http://www.xbrl.org/2008/role/label">D 01.00</label:label>
    <gen:arc xlink:type="arc" xlink:arcrole="http://xbrl.org/arcrole/2008/element-label" xlink:from="loc_eba_tD_01.00" xlink:to="label_eba_tD_01.00" />
    <label:label xlink:type="resource" xlink:label="label_eba_tD_01.00_1" xml:lang="en" xlink:role="http://www.xbrl.org/2008/role/verboseLabel">D 01.00 Banking book- Indicators of potential climate Change transition risk: Credit quality of exposures by sector, emissions and residual maturity</label:label>
    <gen:arc xlink:type="arc" xlink:arcrole="http://xbrl.org/arcrole/2008/element-label" xlink:from="loc_eba_tD_01.00" xlink:to="label_eba_tD_01.00_1" />
    <link:loc xlink:type="locator" xlink:href="d_01.00-rend.xml#eba_a1" xlink:label="loc_eba_a1" />
    <label:label xlink:type="resource" xlink:label="label_eba_a1" xml:lang="en" xlink:role="http://www.xbrl.org/2008/role/label">Columns</label:label>
    <gen:arc xlink:type="arc" xlink:arcrole="http://xbrl.org/arcrole/2008/element-label" xlink:from="loc_eba_a1" xlink:to="label_eba_a1" />
    <link:loc xlink:type="locator" xlink:href="d_01.00-rend.xml#eba_c86363" xlink:label="loc_eba_c86363" />
    <label:label xlink:type="resource" xlink:label="label_eba_c86363" xml:lang="en" xlink:role="http://www.xbrl.org/2008/role/label">Gross carrying amount (Mln EUR)</label:label>
    <gen:arc xlink:type="arc" xlink:arcrole="http://xbrl.org/arcrole/2008/element-label" xlink:from="loc_eba_c86363" xlink:to="label_eba_c86363" />
    <link:loc xlink:type="locator" xlink:href="d_01.00-rend.xml#eba_c86398" xlink:label="loc_eba_c86398" />
    <label:label xlink:type="resource" xlink:label="label_eba_c86398" xml:lang="en" xlink:role="http://www.xbrl.org/2008/role/label">Of which exposures towards companies excluded from EU Paris-aligned Benchmarks in accordance with Article 12(1) points (d) to (g)  and Article 12(2) of Regulation (EU) 2020/1818</label:label>
    <gen:arc xlink:type="arc" xlink:arcrole="http://xbrl.org/arcrole/2008/element-label" xlink:from="loc_eba_c86398" xlink:to="label_eba_c86398" />
    <link:loc xlink:type="locator" xlink:href="d_01.00-rend.xml#eba_c86399" xlink:label="loc_eba_c86399" />
    <label:label xlink:type="resource" xlink:label="label_eba_c86399" xml:lang="en" xlink:role="http://www.xbrl.org/2008/role/label">Of which environmentally sustainable (CCM)</label:label>
    <gen:arc xlink:type="arc" xlink:arcrole="http://xbrl.org/arcrole/2008/element-label" xlink:from="loc_eba_c86399" xlink:to="label_eba_c86399" />
    <link:loc xlink:type="locator" xlink:href="d_01.00-rend.xml#eba_c86400" xlink:label="loc_eba_c86400" />
    <label:label xlink:type="resource" xlink:label="label_eba_c86400" xml:lang="en" xlink:role="http://www.xbrl.org/2008/role/label">Of which stage 2 exposures</label:label>
    <gen:arc xlink:type="arc" xlink:arcrole="http://xbrl.org/arcrole/2008/element-label" xlink:from="loc_eba_c86400" xlink:to="label_eba_c86400" />
    <link:loc xlink:type="locator" xlink:href="d_01.00-rend.xml#eba_c86401" xlink:label="loc_eba_c86401" />
    <label:label xlink:type="resource" xlink:label="label_eba_c86401" xml:lang="en" xlink:role="http://www.xbrl.org/2008/role/label">Of which non-performing exposures</label:label>
    <gen:arc xlink:type="arc" xlink:arcrole="http://xbrl.org/arcrole/2008/element-label" xlink:from="loc_eba_c86401" xlink:to="label_eba_c86401" />
    <link:loc xlink:type="locator" xlink:href="d_01.00-rend.xml#eba_c86402" xlink:label="loc_eba_c86402" />
    <label:label xlink:type="resource" xlink:label="label_eba_c86402" xml:lang="en" xlink:role="http://www.xbrl.org/2008/role/label">Accumulated impairment, accumulated negative changes in fair value due to credit risk and provisions (Mln EUR)</label:label>
    <gen:arc xlink:type="arc" xlink:arcrole="http://xbrl.org/arcrole/2008/element-label" xlink:from="loc_eba_c86402" xlink:to="label_eba_c86402" />
    <link:loc xlink:type="locator" xlink:href="d_01.00-rend.xml#eba_c86403" xlink:label="loc_eba_c86403" />
    <label:label xlink:type="resource" xlink:label="label_eba_c86403" xml:lang="en" xlink:role="http://www.xbrl.org/2008/role/label">Of which Stage 2 exposures</label:label>
    <gen:arc xlink:type="arc" xlink:arcrole="http://xbrl.org/arcrole/2008/element-label" xlink:from="loc_eba_c86403" xlink:to="label_eba_c86403" />
    <link:loc xlink:type="locator" xlink:href="d_01.00-rend.xml#eba_c86404" xlink:label="loc_eba_c86404" />
    <label:label xlink:type="resource" xlink:label="label_eba_c86404" xml:lang="en" xlink:role="http://www.xbrl.org/2008/role/label">Of which non-performing exposures</label:label>
    <gen:arc xlink:type="arc" xlink:arcrole="http://xbrl.org/arcrole/2008/element-label" xlink:from="loc_eba_c86404" xlink:to="label_eba_c86404" />
    <link:loc xlink:type="locator" xlink:href="d_01.00-rend.xml#eba_c86405" xlink:label="loc_eba_c86405" />
    <label:label xlink:type="resource" xlink:label="label_eba_c86405" xml:lang="en" xlink:role="http://www.xbrl.org/2008/role/label">GHG financed emissions (scope 1, scope 2 and scope 3 emissions of the counterparty) (in tons of CO2 equivalent)</label:label>
    <gen:arc xlink:type="arc" xlink:arcrole="http://xbrl.org/arcrole/2008/element-label" xlink:from="loc_eba_c86405" xlink:to="label_eba_c86405" />
    <link:loc xlink:type="locator" xlink:href="d_01.00-rend.xml#eba_c86406" xlink:label="loc_eba_c86406" />
    <label:label xlink:type="resource" xlink:label="label_eba_c86406" xml:lang="en" xlink:role="http://www.xbrl.org/2008/role/label">Of which Scope 3 financed emissions</label:label>
    <gen:arc xlink:type="arc" xlink:arcrole="http://xbrl.org/arcrole/2008/element-label" xlink:from="loc_eba_c86406" xlink:to="label_eba_c86406" />
    <link:loc xlink:type="locator" xlink:href="d_01.00-rend.xml#eba_c86407" xlink:label="loc_eba_c86407" />
    <label:label xlink:type="resource" xlink:label="label_eba_c86407" xml:lang="en" xlink:role="http://www.xbrl.org/2008/role/label">GHG emissions (column i): gross carrying amount percentage of the portfolio derived from company-specific reporting</label:label>
    <gen:arc xlink:type="arc" xlink:arcrole="http://xbrl.org/arcrole/2008/element-label" xlink:from="loc_eba_c86407" xlink:to="label_eba_c86407" />
    <link:loc xlink:type="locator" xlink:href="d_01.00-rend.xml#eba_c86408" xlink:label="loc_eba_c86408" />
    <label:label xlink:type="resource" xlink:label="label_eba_c86408" xml:lang="en" xlink:role="http://www.xbrl.org/2008/role/label"> &lt;= 5 years</label:label>
    <gen:arc xlink:type="arc" xlink:arcrole="http://xbrl.org/arcrole/2008/element-label" xlink:from="loc_eba_c86408" xlink:to="label_eba_c86408" />
    <link:loc xlink:type="locator" xlink:href="d_01.00-rend.xml#eba_c86409" xlink:label="loc_eba_c86409" />
    <label:label xlink:type="resource" xlink:label="label_eba_c86409" xml:lang="en" xlink:role="http://www.xbrl.org/2008/role/label">&gt; 5 year &lt;= 10 years</label:label>
    <gen:arc xlink:type="arc" xlink:arcrole="http://xbrl.org/arcrole/2008/element-label" xlink:from="loc_eba_c86409" xlink:to="label_eba_c86409" />
    <link:loc xlink:type="locator" xlink:href="d_01.00-rend.xml#eba_c86410" xlink:label="loc_eba_c86410" />
    <label:label xlink:type="resource" xlink:label="label_eba_c86410" xml:lang="en" xlink:role="http://www.xbrl.org/2008/role/label">&gt; 10 year &lt;= 20 years</label:label>
    <gen:arc xlink:type="arc" xlink:arcrole="http://xbrl.org/arcrole/2008/element-label" xlink:from="loc_eba_c86410" xlink:to="label_eba_c86410" />
    <link:loc xlink:type="locator" xlink:href="d_01.00-rend.xml#eba_c86411" xlink:label="loc_eba_c86411" />
    <label:label xlink:type="resource" xlink:label="label_eba_c86411" xml:lang="en" xlink:role="http://www.xbrl.org/2008/role/label">&gt; 20 years</label:label>
    <gen:arc xlink:type="arc" xlink:arcrole="http://xbrl.org/arcrole/2008/element-label" xlink:from="loc_eba_c86411" xlink:to="label_eba_c86411" />
    <link:loc xlink:type="locator" xlink:href="d_01.00-rend.xml#eba_c86412" xlink:label="loc_eba_c86412" />
    <label:label xlink:type="resource" xlink:label="label_eba_c86412" xml:lang="en" xlink:role="http://www.xbrl.org/2008/role/label">Average weighted maturity</label:label>
    <gen:arc xlink:type="arc" xlink:arcrole="http://xbrl.org/arcrole/2008/element-label" xlink:from="loc_eba_c86412" xlink:to="label_eba_c86412" />
    <link:loc xlink:type="locator" xlink:href="d_01.00-rend.xml#eba_a2" xlink:label="loc_eba_a2" />
    <label:label xlink:type="resource" xlink:label="label_eba_a2" xml:lang="en" xlink:role="http://www.xbrl.org/2008/role/label">Rows</label:label>
    <gen:arc xlink:type="arc" xlink:arcrole="http://xbrl.org/arcrole/2008/element-label" xlink:from="loc_eba_a2" xlink:to="label_eba_a2" />
    <link:loc xlink:type="locator" xlink:href="d_01.00-rend.xml#eba_c87250" xlink:label="loc_eba_c87250" />
    <label:label xlink:type="resource" xlink:label="label_eba_c87250" xml:lang="en" xlink:role="http://www.xbrl.org/2008/role/label">Exposures towards sectors that highly contribute to climate change</label:label>
    <gen:arc xlink:type="arc" xlink:arcrole="http://xbrl.org/arcrole/2008/element-label" xlink:from="loc_eba_c87250" xlink:to="label_eba_c87250" />
    <link:loc xlink:type="locator" xlink:href="d_01.00-rend.xml#eba_c87195" xlink:label="loc_eba_c87195" />
    <label:label xlink:type="resource" xlink:label="label_eba_c87195" xml:lang="en" xlink:role="http://www.xbrl.org/2008/role/label">A - Agriculture, forestry and fishing</label:label>
    <gen:arc xlink:type="arc" xlink:arcrole="http://xbrl.org/arcrole/2008/element-label" xlink:from="loc_eba_c87195" xlink:to="label_eba_c87195" />
    <link:loc xlink:type="locator" xlink:href="d_01.00-rend.xml#eba_c87196" xlink:label="loc_eba_c87196" />
    <label:label xlink:type="resource" xlink:label="label_eba_c87196" xml:lang="en" xlink:role="http://www.xbrl.org/2008/role/label">B - Mining and quarrying</label:label>
    <gen:arc xlink:type="arc" xlink:arcrole="http://xbrl.org/arcrole/2008/element-label" xlink:from="loc_eba_c87196" xlink:to="label_eba_c87196" />
    <link:loc xlink:type="locator" xlink:href="d_01.00-rend.xml#eba_c87197" xlink:label="loc_eba_c87197" />
    <label:label xlink:type="resource" xlink:label="label_eba_c87197" xml:lang="en" xlink:role="http://www.xbrl.org/2008/role/label">B.05 - Mining of coal and lignite</label:label>
    <gen:arc xlink:type="arc" xlink:arcrole="http://xbrl.org/arcrole/2008/element-label" xlink:from="loc_eba_c87197" xlink:to="label_eba_c87197" />
    <link:loc xlink:type="locator" xlink:href="d_01.00-rend.xml#eba_c87198" xlink:label="loc_eba_c87198" />
    <label:label xlink:type="resource" xlink:label="label_eba_c87198" xml:lang="en" xlink:role="http://www.xbrl.org/2008/role/label">B.06 - Extraction of crude petroleum and natural gas</label:label>
    <gen:arc xlink:type="arc" xlink:arcrole="http://xbrl.org/arcrole/2008/element-label" xlink:from="loc_eba_c87198" xlink:to="label_eba_c87198" />
    <link:loc xlink:type="locator" xlink:href="d_01.00-rend.xml#eba_c87199" xlink:label="loc_eba_c87199" />
    <label:label xlink:type="resource" xlink:label="label_eba_c87199" xml:lang="en" xlink:role="http://www.xbrl.org/2008/role/label">B.07 - Mining of metal ores</label:label>
    <gen:arc xlink:type="arc" xlink:arcrole="http://xbrl.org/arcrole/2008/element-label" xlink:from="loc_eba_c87199" xlink:to="label_eba_c87199" />
    <link:loc xlink:type="locator" xlink:href="d_01.00-rend.xml#eba_c87200" xlink:label="loc_eba_c87200" />
    <label:label xlink:type="resource" xlink:label="label_eba_c87200" xml:lang="en" xlink:role="http://www.xbrl.org/2008/role/label">B.08 - Other mining and quarrying</label:label>
    <gen:arc xlink:type="arc" xlink:arcrole="http://xbrl.org/arcrole/2008/element-label" xlink:from="loc_eba_c87200" xlink:to="label_eba_c87200" />
    <link:loc xlink:type="locator" xlink:href="d_01.00-rend.xml#eba_c87201" xlink:label="loc_eba_c87201" />
    <label:label xlink:type="resource" xlink:label="label_eba_c87201" xml:lang="en" xlink:role="http://www.xbrl.org/2008/role/label">B.09 - Mining support service activities</label:label>
    <gen:arc xlink:type="arc" xlink:arcrole="http://xbrl.org/arcrole/2008/element-label" xlink:from="loc_eba_c87201" xlink:to="label_eba_c87201" />
    <link:loc xlink:type="locator" xlink:href="d_01.00-rend.xml#eba_c87202" xlink:label="loc_eba_c87202" />
    <label:label xlink:type="resource" xlink:label="label_eba_c87202" xml:lang="en" xlink:role="http://www.xbrl.org/2008/role/label">C - Manufacturing</label:label>
    <gen:arc xlink:type="arc" xlink:arcrole="http://xbrl.org/arcrole/2008/element-label" xlink:from="loc_eba_c87202" xlink:to="label_eba_c87202" />
    <link:loc xlink:type="locator" xlink:href="d_01.00-rend.xml#eba_c87203" xlink:label="loc_eba_c87203" />
    <label:label xlink:type="resource" xlink:label="label_eba_c87203" xml:lang="en" xlink:role="http://www.xbrl.org/2008/role/label">C.10 - Manufacture of food products</label:label>
    <gen:arc xlink:type="arc" xlink:arcrole="http://xbrl.org/arcrole/2008/element-label" xlink:from="loc_eba_c87203" xlink:to="label_eba_c87203" />
    <link:loc xlink:type="locator" xlink:href="d_01.00-rend.xml#eba_c87204" xlink:label="loc_eba_c87204" />
    <label:label xlink:type="resource" xlink:label="label_eba_c87204" xml:lang="en" xlink:role="http://www.xbrl.org/2008/role/label">C.11 - Manufacture of beverages</label:label>
    <gen:arc xlink:type="arc" xlink:arcrole="http://xbrl.org/arcrole/2008/element-label" xlink:from="loc_eba_c87204" xlink:to="label_eba_c87204" />
    <link:loc xlink:type="locator" xlink:href="d_01.00-rend.xml#eba_c87205" xlink:label="loc_eba_c87205" />
    <label:label xlink:type="resource" xlink:label="label_eba_c87205" xml:lang="en" xlink:role="http://www.xbrl.org/2008/role/label">C.12 - Manufacture of tobacco products</label:label>
    <gen:arc xlink:type="arc" xlink:arcrole="http://xbrl.org/arcrole/2008/element-label" xlink:from="loc_eba_c87205" xlink:to="label_eba_c87205" />
    <link:loc xlink:type="locator" xlink:href="d_01.00-rend.xml#eba_c87206" xlink:label="loc_eba_c87206" />
    <label:label xlink:type="resource" xlink:label="label_eba_c87206" xml:lang="en" xlink:role="http://www.xbrl.org/2008/role/label">C.13 - Manufacture of textiles</label:label>
    <gen:arc xlink:type="arc" xlink:arcrole="http://xbrl.org/arcrole/2008/element-label" xlink:from="loc_eba_c87206" xlink:to="label_eba_c87206" />
    <link:loc xlink:type="locator" xlink:href="d_01.00-rend.xml#eba_c87207" xlink:label="loc_eba_c87207" />
    <label:label xlink:type="resource" xlink:label="label_eba_c87207" xml:lang="en" xlink:role="http://www.xbrl.org/2008/role/label">C.14 - Manufacture of wearing apparel</label:label>
    <gen:arc xlink:type="arc" xlink:arcrole="http://xbrl.org/arcrole/2008/element-label" xlink:from="loc_eba_c87207" xlink:to="label_eba_c87207" />
    <link:loc xlink:type="locator" xlink:href="d_01.00-rend.xml#eba_c87208" xlink:label="loc_eba_c87208" />
    <label:label xlink:type="resource" xlink:label="label_eba_c87208" xml:lang="en" xlink:role="http://www.xbrl.org/2008/role/label">C.15 - Manufacture of leather and related products</label:label>
    <gen:arc xlink:type="arc" xlink:arcrole="http://xbrl.org/arcrole/2008/element-label" xlink:from="loc_eba_c87208" xlink:to="label_eba_c87208" />
    <link:loc xlink:type="locator" xlink:href="d_01.00-rend.xml#eba_c87209" xlink:label="loc_eba_c87209" />
    <label:label xlink:type="resource" xlink:label="label_eba_c87209" xml:lang="en" xlink:role="http://www.xbrl.org/2008/role/label">C.16 - Manufacture of wood and of products of wood and cork, except furniture; manufacture of articles of straw and plaiting materials</label:label>
    <gen:arc xlink:type="arc" xlink:arcrole="http://xbrl.org/arcrole/2008/element-label" xlink:from="loc_eba_c87209" xlink:to="label_eba_c87209" />
    <link:loc xlink:type="locator" xlink:href="d_01.00-rend.xml#eba_c87210" xlink:label="loc_eba_c87210" />
    <label:label xlink:type="resource" xlink:label="label_eba_c87210" xml:lang="en" xlink:role="http://www.xbrl.org/2008/role/label">C.17 - Manufacture of paper and paper products</label:label>
    <gen:arc xlink:type="arc" xlink:arcrole="http://xbrl.org/arcrole/2008/element-label" xlink:from="loc_eba_c87210" xlink:to="label_eba_c87210" />
    <link:loc xlink:type="locator" xlink:href="d_01.00-rend.xml#eba_c87211" xlink:label="loc_eba_c87211" />
    <label:label xlink:type="resource" xlink:label="label_eba_c87211" xml:lang="en" xlink:role="http://www.xbrl.org/2008/role/label">C.18 - Printing and reproduction of recorded media</label:label>
    <gen:arc xlink:type="arc" xlink:arcrole="http://xbrl.org/arcrole/2008/element-label" xlink:from="loc_eba_c87211" xlink:to="label_eba_c87211" />
    <link:loc xlink:type="locator" xlink:href="d_01.00-rend.xml#eba_c87212" xlink:label="loc_eba_c87212" />
    <label:label xlink:type="resource" xlink:label="label_eba_c87212" xml:lang="en" xlink:role="http://www.xbrl.org/2008/role/label">C.19 - Manufacture of coke and refined petroleum products</label:label>
    <gen:arc xlink:type="arc" xlink:arcrole="http://xbrl.org/arcrole/2008/element-label" xlink:from="loc_eba_c87212" xlink:to="label_eba_c87212" />
    <link:loc xlink:type="locator" xlink:href="d_01.00-rend.xml#eba_c87213" xlink:label="loc_eba_c87213" />
    <label:label xlink:type="resource" xlink:label="label_eba_c87213" xml:lang="en" xlink:role="http://www.xbrl.org/2008/role/label">C.20 - Manufacture of chemicals and chemical products</label:label>
    <gen:arc xlink:type="arc" xlink:arcrole="http://xbrl.org/arcrole/2008/element-label" xlink:from="loc_eba_c87213" xlink:to="label_eba_c87213" />
    <link:loc xlink:type="locator" xlink:href="d_01.00-rend.xml#eba_c87214" xlink:label="loc_eba_c87214" />
    <label:label xlink:type="resource" xlink:label="label_eba_c87214" xml:lang="en" xlink:role="http://www.xbrl.org/2008/role/label">C.21 - Manufacture of basic pharmaceutical products and pharmaceutical preparations</label:label>
    <gen:arc xlink:type="arc" xlink:arcrole="http://xbrl.org/arcrole/2008/element-label" xlink:from="loc_eba_c87214" xlink:to="label_eba_c87214" />
    <link:loc xlink:type="locator" xlink:href="d_01.00-rend.xml#eba_c87215" xlink:label="loc_eba_c87215" />
    <label:label xlink:type="resource" xlink:label="label_eba_c87215" xml:lang="en" xlink:role="http://www.xbrl.org/2008/role/label">C.22 - Manufacture of rubber products</label:label>
    <gen:arc xlink:type="arc" xlink:arcrole="http://xbrl.org/arcrole/2008/element-label" xlink:from="loc_eba_c87215" xlink:to="label_eba_c87215" />
    <link:loc xlink:type="locator" xlink:href="d_01.00-rend.xml#eba_c87216" xlink:label="loc_eba_c87216" />
    <label:label xlink:type="resource" xlink:label="label_eba_c87216" xml:lang="en" xlink:role="http://www.xbrl.org/2008/role/label">C.23 - Manufacture of other non-metallic mineral products</label:label>
    <gen:arc xlink:type="arc" xlink:arcrole="http://xbrl.org/arcrole/2008/element-label" xlink:from="loc_eba_c87216" xlink:to="label_eba_c87216" />
    <link:loc xlink:type="locator" xlink:href="d_01.00-rend.xml#eba_c87217" xlink:label="loc_eba_c87217" />
    <label:label xlink:type="resource" xlink:label="label_eba_c87217" xml:lang="en" xlink:role="http://www.xbrl.org/2008/role/label">C.24 - Manufacture of basic metals</label:label>
    <gen:arc xlink:type="arc" xlink:arcrole="http://xbrl.org/arcrole/2008/element-label" xlink:from="loc_eba_c87217" xlink:to="label_eba_c87217" />
    <link:loc xlink:type="locator" xlink:href="d_01.00-rend.xml#eba_c87218" xlink:label="loc_eba_c87218" />
    <label:label xlink:type="resource" xlink:label="label_eba_c87218" xml:lang="en" xlink:role="http://www.xbrl.org/2008/role/label">C.25 - Manufacture of fabricated metal products, except machinery and equipment</label:label>
    <gen:arc xlink:type="arc" xlink:arcrole="http://xbrl.org/arcrole/2008/element-label" xlink:from="loc_eba_c87218" xlink:to="label_eba_c87218" />
    <link:loc xlink:type="locator" xlink:href="d_01.00-rend.xml#eba_c87219" xlink:label="loc_eba_c87219" />
    <label:label xlink:type="resource" xlink:label="label_eba_c87219" xml:lang="en" xlink:role="http://www.xbrl.org/2008/role/label">C.26 - Manufacture of computer, electronic and optical products</label:label>
    <gen:arc xlink:type="arc" xlink:arcrole="http://xbrl.org/arcrole/2008/element-label" xlink:from="loc_eba_c87219" xlink:to="label_eba_c87219" />
    <link:loc xlink:type="locator" xlink:href="d_01.00-rend.xml#eba_c87220" xlink:label="loc_eba_c87220" />
    <label:label xlink:type="resource" xlink:label="label_eba_c87220" xml:lang="en" xlink:role="http://www.xbrl.org/2008/role/label">C.27 - Manufacture of electrical equipment</label:label>
    <gen:arc xlink:type="arc" xlink:arcrole="http://xbrl.org/arcrole/2008/element-label" xlink:from="loc_eba_c87220" xlink:to="label_eba_c87220" />
    <link:loc xlink:type="locator" xlink:href="d_01.00-rend.xml#eba_c87221" xlink:label="loc_eba_c87221" />
    <label:label xlink:type="resource" xlink:label="label_eba_c87221" xml:lang="en" xlink:role="http://www.xbrl.org/2008/role/label">C.28 - Manufacture of machinery and equipment n.e.c.</label:label>
    <gen:arc xlink:type="arc" xlink:arcrole="http://xbrl.org/arcrole/2008/element-label" xlink:from="loc_eba_c87221" xlink:to="label_eba_c87221" />
    <link:loc xlink:type="locator" xlink:href="d_01.00-rend.xml#eba_c87222" xlink:label="loc_eba_c87222" />
    <label:label xlink:type="resource" xlink:label="label_eba_c87222" xml:lang="en" xlink:role="http://www.xbrl.org/2008/role/label">C.29 - Manufacture of motor vehicles, trailers and semi-trailers</label:label>
    <gen:arc xlink:type="arc" xlink:arcrole="http://xbrl.org/arcrole/2008/element-label" xlink:from="loc_eba_c87222" xlink:to="label_eba_c87222" />
    <link:loc xlink:type="locator" xlink:href="d_01.00-rend.xml#eba_c87223" xlink:label="loc_eba_c87223" />
    <label:label xlink:type="resource" xlink:label="label_eba_c87223" xml:lang="en" xlink:role="http://www.xbrl.org/2008/role/label">C.30 - Manufacture of other transport equipment</label:label>
    <gen:arc xlink:type="arc" xlink:arcrole="http://xbrl.org/arcrole/2008/element-label" xlink:from="loc_eba_c87223" xlink:to="label_eba_c87223" />
    <link:loc xlink:type="locator" xlink:href="d_01.00-rend.xml#eba_c87224" xlink:label="loc_eba_c87224" />
    <label:label xlink:type="resource" xlink:label="label_eba_c87224" xml:lang="en" xlink:role="http://www.xbrl.org/2008/role/label">C.31 - Manufacture of furniture</label:label>
    <gen:arc xlink:type="arc" xlink:arcrole="http://xbrl.org/arcrole/2008/element-label" xlink:from="loc_eba_c87224" xlink:to="label_eba_c87224" />
    <link:loc xlink:type="locator" xlink:href="d_01.00-rend.xml#eba_c87225" xlink:label="loc_eba_c87225" />
    <label:label xlink:type="resource" xlink:label="label_eba_c87225" xml:lang="en" xlink:role="http://www.xbrl.org/2008/role/label">C.32 - Other manufacturing</label:label>
    <gen:arc xlink:type="arc" xlink:arcrole="http://xbrl.org/arcrole/2008/element-label" xlink:from="loc_eba_c87225" xlink:to="label_eba_c87225" />
    <link:loc xlink:type="locator" xlink:href="d_01.00-rend.xml#eba_c87226" xlink:label="loc_eba_c87226" />
    <label:label xlink:type="resource" xlink:label="label_eba_c87226" xml:lang="en" xlink:role="http://www.xbrl.org/2008/role/label">C.33 - Repair and installation of machinery and equipment</label:label>
    <gen:arc xlink:type="arc" xlink:arcrole="http://xbrl.org/arcrole/2008/element-label" xlink:from="loc_eba_c87226" xlink:to="label_eba_c87226" />
    <link:loc xlink:type="locator" xlink:href="d_01.00-rend.xml#eba_c87227" xlink:label="loc_eba_c87227" />
    <label:label xlink:type="resource" xlink:label="label_eba_c87227" xml:lang="en" xlink:role="http://www.xbrl.org/2008/role/label">D - Electricity, gas, steam and air conditioning supply</label:label>
    <gen:arc xlink:type="arc" xlink:arcrole="http://xbrl.org/arcrole/2008/element-label" xlink:from="loc_eba_c87227" xlink:to="label_eba_c87227" />
    <link:loc xlink:type="locator" xlink:href="d_01.00-rend.xml#eba_c87228" xlink:label="loc_eba_c87228" />
    <label:label xlink:type="resource" xlink:label="label_eba_c87228" xml:lang="en" xlink:role="http://www.xbrl.org/2008/role/label">D35.1 - Electric power generation, transmission and distribution</label:label>
    <gen:arc xlink:type="arc" xlink:arcrole="http://xbrl.org/arcrole/2008/element-label" xlink:from="loc_eba_c87228" xlink:to="label_eba_c87228" />
    <link:loc xlink:type="locator" xlink:href="d_01.00-rend.xml#eba_c87229" xlink:label="loc_eba_c87229" />
    <label:label xlink:type="resource" xlink:label="label_eba_c87229" xml:lang="en" xlink:role="http://www.xbrl.org/2008/role/label">D35.11 - Production of electricity</label:label>
    <gen:arc xlink:type="arc" xlink:arcrole="http://xbrl.org/arcrole/2008/element-label" xlink:from="loc_eba_c87229" xlink:to="label_eba_c87229" />
    <link:loc xlink:type="locator" xlink:href="d_01.00-rend.xml#eba_c87230" xlink:label="loc_eba_c87230" />
    <label:label xlink:type="resource" xlink:label="label_eba_c87230" xml:lang="en" xlink:role="http://www.xbrl.org/2008/role/label">D35.2 - Manufacture of gas; distribution of gaseous fuels through mains</label:label>
    <gen:arc xlink:type="arc" xlink:arcrole="http://xbrl.org/arcrole/2008/element-label" xlink:from="loc_eba_c87230" xlink:to="label_eba_c87230" />
    <link:loc xlink:type="locator" xlink:href="d_01.00-rend.xml#eba_c87231" xlink:label="loc_eba_c87231" />
    <label:label xlink:type="resource" xlink:label="label_eba_c87231" xml:lang="en" xlink:role="http://www.xbrl.org/2008/role/label">D35.3 - Steam and air conditioning supply</label:label>
    <gen:arc xlink:type="arc" xlink:arcrole="http://xbrl.org/arcrole/2008/element-label" xlink:from="loc_eba_c87231" xlink:to="label_eba_c87231" />
    <link:loc xlink:type="locator" xlink:href="d_01.00-rend.xml#eba_c87232" xlink:label="loc_eba_c87232" />
    <label:label xlink:type="resource" xlink:label="label_eba_c87232" xml:lang="en" xlink:role="http://www.xbrl.org/2008/role/label">E - Water supply; sewerage, waste management and remediation activities</label:label>
    <gen:arc xlink:type="arc" xlink:arcrole="http://xbrl.org/arcrole/2008/element-label" xlink:from="loc_eba_c87232" xlink:to="label_eba_c87232" />
    <link:loc xlink:type="locator" xlink:href="d_01.00-rend.xml#eba_c87233" xlink:label="loc_eba_c87233" />
    <label:label xlink:type="resource" xlink:label="label_eba_c87233" xml:lang="en" xlink:role="http://www.xbrl.org/2008/role/label">F - Construction</label:label>
    <gen:arc xlink:type="arc" xlink:arcrole="http://xbrl.org/arcrole/2008/element-label" xlink:from="loc_eba_c87233" xlink:to="label_eba_c87233" />
    <link:loc xlink:type="locator" xlink:href="d_01.00-rend.xml#eba_c87234" xlink:label="loc_eba_c87234" />
    <label:label xlink:type="resource" xlink:label="label_eba_c87234" xml:lang="en" xlink:role="http://www.xbrl.org/2008/role/label">F.41 - Construction of buildings</label:label>
    <gen:arc xlink:type="arc" xlink:arcrole="http://xbrl.org/arcrole/2008/element-label" xlink:from="loc_eba_c87234" xlink:to="label_eba_c87234" />
    <link:loc xlink:type="locator" xlink:href="d_01.00-rend.xml#eba_c87235" xlink:label="loc_eba_c87235" />
    <label:label xlink:type="resource" xlink:label="label_eba_c87235" xml:lang="en" xlink:role="http://www.xbrl.org/2008/role/label">F.42 - Civil engineering</label:label>
    <gen:arc xlink:type="arc" xlink:arcrole="http://xbrl.org/arcrole/2008/element-label" xlink:from="loc_eba_c87235" xlink:to="label_eba_c87235" />
    <link:loc xlink:type="locator" xlink:href="d_01.00-rend.xml#eba_c87236" xlink:label="loc_eba_c87236" />
    <label:label xlink:type="resource" xlink:label="label_eba_c87236" xml:lang="en" xlink:role="http://www.xbrl.org/2008/role/label">F.43 - Specialised construction activities</label:label>
    <gen:arc xlink:type="arc" xlink:arcrole="http://xbrl.org/arcrole/2008/element-label" xlink:from="loc_eba_c87236" xlink:to="label_eba_c87236" />
    <link:loc xlink:type="locator" xlink:href="d_01.00-rend.xml#eba_c87237" xlink:label="loc_eba_c87237" />
    <label:label xlink:type="resource" xlink:label="label_eba_c87237" xml:lang="en" xlink:role="http://www.xbrl.org/2008/role/label">G - Wholesale and retail trade; repair of motor vehicles and motorcycles</label:label>
    <gen:arc xlink:type="arc" xlink:arcrole="http://xbrl.org/arcrole/2008/element-label" xlink:from="loc_eba_c87237" xlink:to="label_eba_c87237" />
    <link:loc xlink:type="locator" xlink:href="d_01.00-rend.xml#eba_c87238" xlink:label="loc_eba_c87238" />
    <label:label xlink:type="resource" xlink:label="label_eba_c87238" xml:lang="en" xlink:role="http://www.xbrl.org/2008/role/label">H - Transportation and storage</label:label>
    <gen:arc xlink:type="arc" xlink:arcrole="http://xbrl.org/arcrole/2008/element-label" xlink:from="loc_eba_c87238" xlink:to="label_eba_c87238" />
    <link:loc xlink:type="locator" xlink:href="d_01.00-rend.xml#eba_c87239" xlink:label="loc_eba_c87239" />
    <label:label xlink:type="resource" xlink:label="label_eba_c87239" xml:lang="en" xlink:role="http://www.xbrl.org/2008/role/label">H.49 - Land transport and transport via pipelines</label:label>
    <gen:arc xlink:type="arc" xlink:arcrole="http://xbrl.org/arcrole/2008/element-label" xlink:from="loc_eba_c87239" xlink:to="label_eba_c87239" />
    <link:loc xlink:type="locator" xlink:href="d_01.00-rend.xml#eba_c87240" xlink:label="loc_eba_c87240" />
    <label:label xlink:type="resource" xlink:label="label_eba_c87240" xml:lang="en" xlink:role="http://www.xbrl.org/2008/role/label">H.50 - Water transport</label:label>
    <gen:arc xlink:type="arc" xlink:arcrole="http://xbrl.org/arcrole/2008/element-label" xlink:from="loc_eba_c87240" xlink:to="label_eba_c87240" />
    <link:loc xlink:type="locator" xlink:href="d_01.00-rend.xml#eba_c87241" xlink:label="loc_eba_c87241" />
    <label:label xlink:type="resource" xlink:label="label_eba_c87241" xml:lang="en" xlink:role="http://www.xbrl.org/2008/role/label">H.51 - Air transport</label:label>
    <gen:arc xlink:type="arc" xlink:arcrole="http://xbrl.org/arcrole/2008/element-label" xlink:from="loc_eba_c87241" xlink:to="label_eba_c87241" />
    <link:loc xlink:type="locator" xlink:href="d_01.00-rend.xml#eba_c87242" xlink:label="loc_eba_c87242" />
    <label:label xlink:type="resource" xlink:label="label_eba_c87242" xml:lang="en" xlink:role="http://www.xbrl.org/2008/role/label">H.52 - Warehousing and support activities for transportation</label:label>
    <gen:arc xlink:type="arc" xlink:arcrole="http://xbrl.org/arcrole/2008/element-label" xlink:from="loc_eba_c87242" xlink:to="label_eba_c87242" />
    <link:loc xlink:type="locator" xlink:href="d_01.00-rend.xml#eba_c87243" xlink:label="loc_eba_c87243" />
    <label:label xlink:type="resource" xlink:label="label_eba_c87243" xml:lang="en" xlink:role="http://www.xbrl.org/2008/role/label">H.53 - Postal and courier activities</label:label>
    <gen:arc xlink:type="arc" xlink:arcrole="http://xbrl.org/arcrole/2008/element-label" xlink:from="loc_eba_c87243" xlink:to="label_eba_c87243" />
    <link:loc xlink:type="locator" xlink:href="d_01.00-rend.xml#eba_c87244" xlink:label="loc_eba_c87244" />
    <label:label xlink:type="resource" xlink:label="label_eba_c87244" xml:lang="en" xlink:role="http://www.xbrl.org/2008/role/label">I - Accommodation and food service activities</label:label>
    <gen:arc xlink:type="arc" xlink:arcrole="http://xbrl.org/arcrole/2008/element-label" xlink:from="loc_eba_c87244" xlink:to="label_eba_c87244" />
    <link:loc xlink:type="locator" xlink:href="d_01.00-rend.xml#eba_c87245" xlink:label="loc_eba_c87245" />
    <label:label xlink:type="resource" xlink:label="label_eba_c87245" xml:lang="en" xlink:role="http://www.xbrl.org/2008/role/label">L - Real estate activities</label:label>
    <gen:arc xlink:type="arc" xlink:arcrole="http://xbrl.org/arcrole/2008/element-label" xlink:from="loc_eba_c87245" xlink:to="label_eba_c87245" />
    <link:loc xlink:type="locator" xlink:href="d_01.00-rend.xml#eba_c87246" xlink:label="loc_eba_c87246" />
    <label:label xlink:type="resource" xlink:label="label_eba_c87246" xml:lang="en" xlink:role="http://www.xbrl.org/2008/role/label">Exposures towards sectors other than those that highly contribute to climate change*</label:label>
    <gen:arc xlink:type="arc" xlink:arcrole="http://xbrl.org/arcrole/2008/element-label" xlink:from="loc_eba_c87246" xlink:to="label_eba_c87246" />
    <link:loc xlink:type="locator" xlink:href="d_01.00-rend.xml#eba_c87247" xlink:label="loc_eba_c87247" />
    <label:label xlink:type="resource" xlink:label="label_eba_c87247" xml:lang="en" xlink:role="http://www.xbrl.org/2008/role/label">K - Financial and insurance activities</label:label>
    <gen:arc xlink:type="arc" xlink:arcrole="http://xbrl.org/arcrole/2008/element-label" xlink:from="loc_eba_c87247" xlink:to="label_eba_c87247" />
    <link:loc xlink:type="locator" xlink:href="d_01.00-rend.xml#eba_c87248" xlink:label="loc_eba_c87248" />
    <label:label xlink:type="resource" xlink:label="label_eba_c87248" xml:lang="en" xlink:role="http://www.xbrl.org/2008/role/label">Exposures to other sectors (NACE codes J, M - U)</label:label>
    <gen:arc xlink:type="arc" xlink:arcrole="http://xbrl.org/arcrole/2008/element-label" xlink:from="loc_eba_c87248" xlink:to="label_eba_c87248" />
    <link:loc xlink:type="locator" xlink:href="d_01.00-rend.xml#eba_c87249" xlink:label="loc_eba_c87249" />
    <label:label xlink:type="resource" xlink:label="label_eba_c87249" xml:lang="en" xlink:role="http://www.xbrl.org/2008/role/label">TOTAL</label:label>
    <gen:arc xlink:type="arc" xlink:arcrole="http://xbrl.org/arcrole/2008/element-label" xlink:from="loc_eba_c87249" xlink:to="label_eba_c87249" />
  </gen:link>
</link:linkbase>