﻿<?xml version="1.0" encoding="utf-8"?>
<?taxonomy-version 1.0.0.0 ?>  <?taxonomy-set-overall-version 3.3.0.0 ?>
<!--(C) EBA-->
<link:linkbase xmlns:xsi="http://www.w3.org/2001/XMLSchema-instance" xmlns:xlink="http://www.w3.org/1999/xlink" xmlns:link="http://www.xbrl.org/2003/linkbase" xmlns:gen="http://xbrl.org/2008/generic" xmlns:label="http://xbrl.org/2008/label" xmlns:formula="http://xbrl.org/2008/formula" xmlns:df="http://xbrl.org/2008/filter/dimension" xmlns:table="http://xbrl.org/2014/table" xmlns:model="http://www.eurofiling.info/xbrl/ext/model" xmlns:eba_dim="http://www.eba.europa.eu/xbrl/crr/dict/dim" xmlns:eba_MC="http://www.eba.europa.eu/xbrl/crr/dict/dom/MC" xmlns:eba_PL="http://www.eba.europa.eu/xbrl/crr/dict/dom/PL" xmlns:eba_met="http://www.eba.europa.eu/xbrl/crr/dict/met" xmlns:eba_BA="http://www.eba.europa.eu/xbrl/crr/dict/dom/BA" xmlns:eba_CT="http://www.eba.europa.eu/xbrl/crr/dict/dom/CT" xmlns:eba_EA="http://www.eba.europa.eu/xbrl/crr/dict/dom/EA" xmlns:eba_IM="http://www.eba.europa.eu/xbrl/crr/dict/dom/IM" xmlns:eba_TI="http://www.eba.europa.eu/xbrl/crr/dict/dom/TI" xmlns:eba_NC="http://www.eba.europa.eu/xbrl/crr/dict/dom/NC" xsi:schemaLocation="http://www.xbrl.org/2003/linkbase http://www.xbrl.org/2003/xbrl-linkbase-2003-12-31.xsd http://xbrl.org/2008/generic http://www.xbrl.org/2008/generic-link.xsd http://xbrl.org/2008/label http://www.xbrl.org/2008/generic-label.xsd http://xbrl.org/2008/formula http://www.xbrl.org/2008/formula.xsd http://xbrl.org/2008/filter/dimension http://www.xbrl.org/2008/dimension-filter.xsd http://xbrl.org/2014/table http://www.xbrl.org/2014/table.xsd http://www.eurofiling.info/xbrl/ext/model http://www.eurofiling.info/eu/fr/xbrl/ext/model.xsd">
  <link:arcroleRef arcroleURI="http://xbrl.org/arcrole/2014/breakdown-tree" xlink:type="simple" xlink:href="http://www.xbrl.org/2014/table.xsd#breakdown-tree" />
  <link:arcroleRef arcroleURI="http://xbrl.org/arcrole/2014/definition-node-subtree" xlink:type="simple" xlink:href="http://www.xbrl.org/2014/table.xsd#definition-node-subtree" />
  <link:arcroleRef arcroleURI="http://xbrl.org/arcrole/2014/table-breakdown" xlink:type="simple" xlink:href="http://www.xbrl.org/2014/table.xsd#table-breakdown" />
  <link:roleRef roleURI="http://www.eba.europa.eu/xbrl/crr/role/fws/ESG/its-2021-637/2023-05-30/tab/D_01.00" xlink:type="simple" xlink:href="d_01.00.xsd#role" />
  <gen:link xlink:type="extended" xlink:role="http://www.eba.europa.eu/xbrl/crr/role/fws/ESG/its-2021-637/2023-05-30/tab/D_01.00">
    <table:table xlink:type="resource" xlink:label="eba_tD_01.00" id="eba_tD_01.00" />
    <table:breakdown xlink:type="resource" xlink:label="eba_a1" parentChildOrder="parent-first" id="eba_a1" />
    <table:ruleNode xlink:type="resource" xlink:label="eba_a1.root" abstract="true" merge="true" id="eba_a1.root">
      <formula:explicitDimension dimension="eba_dim:MCY">
        <formula:member>
          <formula:qname>eba_MC:x143</formula:qname>
        </formula:member>
      </formula:explicitDimension>
      <formula:explicitDimension dimension="eba_dim:APL">
        <formula:member>
          <formula:qname>eba_PL:x772</formula:qname>
        </formula:member>
      </formula:explicitDimension>
    </table:ruleNode>
    <table:breakdownTreeArc xlink:type="arc" xlink:arcrole="http://xbrl.org/arcrole/2014/breakdown-tree" xlink:from="eba_a1" xlink:to="eba_a1.root" order="0" />
    <table:ruleNode xlink:type="resource" xlink:label="eba_c86363" id="eba_c86363">
      <formula:concept>
        <formula:qname>eba_met:mi136</formula:qname>
      </formula:concept>
      <formula:explicitDimension dimension="eba_dim:BAS">
        <formula:member>
          <formula:qname>eba_BA:x6</formula:qname>
        </formula:member>
      </formula:explicitDimension>
    </table:ruleNode>
    <table:ruleNode xlink:type="resource" xlink:label="eba_c86398" id="eba_c86398">
      <formula:concept>
        <formula:qname>eba_met:mi136</formula:qname>
      </formula:concept>
      <formula:explicitDimension dimension="eba_dim:CPY">
        <formula:member>
          <formula:qname>eba_CT:x638</formula:qname>
        </formula:member>
      </formula:explicitDimension>
    </table:ruleNode>
    <table:definitionNodeSubtreeArc xlink:type="arc" xlink:arcrole="http://xbrl.org/arcrole/2014/definition-node-subtree" xlink:from="eba_c86363" xlink:to="eba_c86398" order="1" />
    <table:ruleNode xlink:type="resource" xlink:label="eba_c86399" id="eba_c86399">
      <formula:concept>
        <formula:qname>eba_met:mi136</formula:qname>
      </formula:concept>
      <formula:explicitDimension dimension="eba_dim:EPC">
        <formula:member>
          <formula:qname>eba_EA:x19</formula:qname>
        </formula:member>
      </formula:explicitDimension>
      <formula:explicitDimension dimension="eba_dim:EAQ">
        <formula:member>
          <formula:qname>eba_EA:x21</formula:qname>
        </formula:member>
      </formula:explicitDimension>
    </table:ruleNode>
    <table:definitionNodeSubtreeArc xlink:type="arc" xlink:arcrole="http://xbrl.org/arcrole/2014/definition-node-subtree" xlink:from="eba_c86363" xlink:to="eba_c86399" order="2" />
    <table:ruleNode xlink:type="resource" xlink:label="eba_c86400" id="eba_c86400">
      <formula:concept>
        <formula:qname>eba_met:mi136</formula:qname>
      </formula:concept>
      <formula:explicitDimension dimension="eba_dim:IMS">
        <formula:member>
          <formula:qname>eba_IM:x34</formula:qname>
        </formula:member>
      </formula:explicitDimension>
      <formula:explicitDimension dimension="eba_dim:PFS">
        <formula:member>
          <formula:qname>eba_IM:x17</formula:qname>
        </formula:member>
      </formula:explicitDimension>
    </table:ruleNode>
    <table:definitionNodeSubtreeArc xlink:type="arc" xlink:arcrole="http://xbrl.org/arcrole/2014/definition-node-subtree" xlink:from="eba_c86363" xlink:to="eba_c86400" order="3" />
    <table:ruleNode xlink:type="resource" xlink:label="eba_c86401" id="eba_c86401">
      <formula:concept>
        <formula:qname>eba_met:mi136</formula:qname>
      </formula:concept>
      <formula:explicitDimension dimension="eba_dim:PFS">
        <formula:member>
          <formula:qname>eba_IM:x16</formula:qname>
        </formula:member>
      </formula:explicitDimension>
    </table:ruleNode>
    <table:definitionNodeSubtreeArc xlink:type="arc" xlink:arcrole="http://xbrl.org/arcrole/2014/definition-node-subtree" xlink:from="eba_c86363" xlink:to="eba_c86401" order="4" />
    <table:definitionNodeSubtreeArc xlink:type="arc" xlink:arcrole="http://xbrl.org/arcrole/2014/definition-node-subtree" xlink:from="eba_a1.root" xlink:to="eba_c86363" order="1" />
    <table:ruleNode xlink:type="resource" xlink:label="eba_c86402" id="eba_c86402">
      <formula:concept>
        <formula:qname>eba_met:mi503</formula:qname>
      </formula:concept>
      <formula:explicitDimension dimension="eba_dim:BAS">
        <formula:member>
          <formula:qname>eba_BA:x6</formula:qname>
        </formula:member>
      </formula:explicitDimension>
    </table:ruleNode>
    <table:ruleNode xlink:type="resource" xlink:label="eba_c86403" id="eba_c86403">
      <formula:concept>
        <formula:qname>eba_met:mi503</formula:qname>
      </formula:concept>
      <formula:explicitDimension dimension="eba_dim:IMS">
        <formula:member>
          <formula:qname>eba_IM:x34</formula:qname>
        </formula:member>
      </formula:explicitDimension>
      <formula:explicitDimension dimension="eba_dim:PFS">
        <formula:member>
          <formula:qname>eba_IM:x17</formula:qname>
        </formula:member>
      </formula:explicitDimension>
    </table:ruleNode>
    <table:definitionNodeSubtreeArc xlink:type="arc" xlink:arcrole="http://xbrl.org/arcrole/2014/definition-node-subtree" xlink:from="eba_c86402" xlink:to="eba_c86403" order="1" />
    <table:ruleNode xlink:type="resource" xlink:label="eba_c86404" id="eba_c86404">
      <formula:concept>
        <formula:qname>eba_met:mi503</formula:qname>
      </formula:concept>
      <formula:explicitDimension dimension="eba_dim:PFS">
        <formula:member>
          <formula:qname>eba_IM:x16</formula:qname>
        </formula:member>
      </formula:explicitDimension>
    </table:ruleNode>
    <table:definitionNodeSubtreeArc xlink:type="arc" xlink:arcrole="http://xbrl.org/arcrole/2014/definition-node-subtree" xlink:from="eba_c86402" xlink:to="eba_c86404" order="2" />
    <table:definitionNodeSubtreeArc xlink:type="arc" xlink:arcrole="http://xbrl.org/arcrole/2014/definition-node-subtree" xlink:from="eba_a1.root" xlink:to="eba_c86402" order="2" />
    <table:ruleNode xlink:type="resource" xlink:label="eba_c86405" id="eba_c86405">
      <formula:concept>
        <formula:qname>eba_met:ii946</formula:qname>
      </formula:concept>
      <formula:explicitDimension dimension="eba_dim:BAS">
        <formula:member>
          <formula:qname>eba_BA:x32</formula:qname>
        </formula:member>
      </formula:explicitDimension>
    </table:ruleNode>
    <table:ruleNode xlink:type="resource" xlink:label="eba_c86406" id="eba_c86406">
      <formula:concept>
        <formula:qname>eba_met:ii946</formula:qname>
      </formula:concept>
      <formula:explicitDimension dimension="eba_dim:BAS">
        <formula:member>
          <formula:qname>eba_BA:x33</formula:qname>
        </formula:member>
      </formula:explicitDimension>
    </table:ruleNode>
    <table:definitionNodeSubtreeArc xlink:type="arc" xlink:arcrole="http://xbrl.org/arcrole/2014/definition-node-subtree" xlink:from="eba_c86405" xlink:to="eba_c86406" order="1" />
    <table:definitionNodeSubtreeArc xlink:type="arc" xlink:arcrole="http://xbrl.org/arcrole/2014/definition-node-subtree" xlink:from="eba_a1.root" xlink:to="eba_c86405" order="3" />
    <table:ruleNode xlink:type="resource" xlink:label="eba_c86407" id="eba_c86407">
      <formula:concept>
        <formula:qname>eba_met:pi947</formula:qname>
      </formula:concept>
      <formula:explicitDimension dimension="eba_dim:BAS">
        <formula:member>
          <formula:qname>eba_BA:x32</formula:qname>
        </formula:member>
      </formula:explicitDimension>
    </table:ruleNode>
    <table:definitionNodeSubtreeArc xlink:type="arc" xlink:arcrole="http://xbrl.org/arcrole/2014/definition-node-subtree" xlink:from="eba_a1.root" xlink:to="eba_c86407" order="4" />
    <table:ruleNode xlink:type="resource" xlink:label="eba_c86408" id="eba_c86408">
      <formula:concept>
        <formula:qname>eba_met:mi136</formula:qname>
      </formula:concept>
      <formula:explicitDimension dimension="eba_dim:BAS">
        <formula:member>
          <formula:qname>eba_BA:x6</formula:qname>
        </formula:member>
      </formula:explicitDimension>
      <formula:explicitDimension dimension="eba_dim:RES">
        <formula:member>
          <formula:qname>eba_TI:x120</formula:qname>
        </formula:member>
      </formula:explicitDimension>
    </table:ruleNode>
    <table:definitionNodeSubtreeArc xlink:type="arc" xlink:arcrole="http://xbrl.org/arcrole/2014/definition-node-subtree" xlink:from="eba_a1.root" xlink:to="eba_c86408" order="5" />
    <table:ruleNode xlink:type="resource" xlink:label="eba_c86409" id="eba_c86409">
      <formula:concept>
        <formula:qname>eba_met:mi136</formula:qname>
      </formula:concept>
      <formula:explicitDimension dimension="eba_dim:BAS">
        <formula:member>
          <formula:qname>eba_BA:x6</formula:qname>
        </formula:member>
      </formula:explicitDimension>
      <formula:explicitDimension dimension="eba_dim:RES">
        <formula:member>
          <formula:qname>eba_TI:x55</formula:qname>
        </formula:member>
      </formula:explicitDimension>
    </table:ruleNode>
    <table:definitionNodeSubtreeArc xlink:type="arc" xlink:arcrole="http://xbrl.org/arcrole/2014/definition-node-subtree" xlink:from="eba_a1.root" xlink:to="eba_c86409" order="6" />
    <table:ruleNode xlink:type="resource" xlink:label="eba_c86410" id="eba_c86410">
      <formula:concept>
        <formula:qname>eba_met:mi136</formula:qname>
      </formula:concept>
      <formula:explicitDimension dimension="eba_dim:BAS">
        <formula:member>
          <formula:qname>eba_BA:x6</formula:qname>
        </formula:member>
      </formula:explicitDimension>
      <formula:explicitDimension dimension="eba_dim:RES">
        <formula:member>
          <formula:qname>eba_TI:x218</formula:qname>
        </formula:member>
      </formula:explicitDimension>
    </table:ruleNode>
    <table:definitionNodeSubtreeArc xlink:type="arc" xlink:arcrole="http://xbrl.org/arcrole/2014/definition-node-subtree" xlink:from="eba_a1.root" xlink:to="eba_c86410" order="7" />
    <table:ruleNode xlink:type="resource" xlink:label="eba_c86411" id="eba_c86411">
      <formula:concept>
        <formula:qname>eba_met:mi136</formula:qname>
      </formula:concept>
      <formula:explicitDimension dimension="eba_dim:BAS">
        <formula:member>
          <formula:qname>eba_BA:x6</formula:qname>
        </formula:member>
      </formula:explicitDimension>
      <formula:explicitDimension dimension="eba_dim:RES">
        <formula:member>
          <formula:qname>eba_TI:x219</formula:qname>
        </formula:member>
      </formula:explicitDimension>
    </table:ruleNode>
    <table:definitionNodeSubtreeArc xlink:type="arc" xlink:arcrole="http://xbrl.org/arcrole/2014/definition-node-subtree" xlink:from="eba_a1.root" xlink:to="eba_c86411" order="8" />
    <table:ruleNode xlink:type="resource" xlink:label="eba_c86412" id="eba_c86412">
      <formula:concept>
        <formula:qname>eba_met:ii948</formula:qname>
      </formula:concept>
      <formula:explicitDimension dimension="eba_dim:BAS">
        <formula:member>
          <formula:qname>eba_BA:x17</formula:qname>
        </formula:member>
      </formula:explicitDimension>
    </table:ruleNode>
    <table:definitionNodeSubtreeArc xlink:type="arc" xlink:arcrole="http://xbrl.org/arcrole/2014/definition-node-subtree" xlink:from="eba_a1.root" xlink:to="eba_c86412" order="9" />
    <table:tableBreakdownArc xlink:type="arc" xlink:arcrole="http://xbrl.org/arcrole/2014/table-breakdown" xlink:from="eba_tD_01.00" xlink:to="eba_a1" axis="x" order="1" />
    <table:breakdown xlink:type="resource" xlink:label="eba_a2" parentChildOrder="parent-first" id="eba_a2" />
    <table:ruleNode xlink:type="resource" xlink:label="eba_a2.root" abstract="true" merge="true" id="eba_a2.root" />
    <table:breakdownTreeArc xlink:type="arc" xlink:arcrole="http://xbrl.org/arcrole/2014/breakdown-tree" xlink:from="eba_a2" xlink:to="eba_a2.root" order="0" />
    <table:ruleNode xlink:type="resource" xlink:label="eba_c87250" id="eba_c87250">
      <formula:explicitDimension dimension="eba_dim:CPS">
        <formula:member>
          <formula:qname>eba_CT:x20</formula:qname>
        </formula:member>
      </formula:explicitDimension>
      <formula:explicitDimension dimension="eba_dim:ATE">
        <formula:member>
          <formula:qname>eba_NC:x12</formula:qname>
        </formula:member>
      </formula:explicitDimension>
    </table:ruleNode>
    <table:definitionNodeSubtreeArc xlink:type="arc" xlink:arcrole="http://xbrl.org/arcrole/2014/definition-node-subtree" xlink:from="eba_a2.root" xlink:to="eba_c87250" order="1" />
    <table:ruleNode xlink:type="resource" xlink:label="eba_c87195" id="eba_c87195">
      <formula:explicitDimension dimension="eba_dim:CPS">
        <formula:member>
          <formula:qname>eba_CT:x20</formula:qname>
        </formula:member>
      </formula:explicitDimension>
      <formula:explicitDimension dimension="eba_dim:NAC">
        <formula:member>
          <formula:qname>eba_NC:A</formula:qname>
        </formula:member>
      </formula:explicitDimension>
    </table:ruleNode>
    <table:definitionNodeSubtreeArc xlink:type="arc" xlink:arcrole="http://xbrl.org/arcrole/2014/definition-node-subtree" xlink:from="eba_a2.root" xlink:to="eba_c87195" order="2" />
    <table:ruleNode xlink:type="resource" xlink:label="eba_c87196" id="eba_c87196">
      <formula:explicitDimension dimension="eba_dim:CPS">
        <formula:member>
          <formula:qname>eba_CT:x20</formula:qname>
        </formula:member>
      </formula:explicitDimension>
      <formula:explicitDimension dimension="eba_dim:NAC">
        <formula:member>
          <formula:qname>eba_NC:B</formula:qname>
        </formula:member>
      </formula:explicitDimension>
    </table:ruleNode>
    <table:ruleNode xlink:type="resource" xlink:label="eba_c87197" id="eba_c87197">
      <formula:explicitDimension dimension="eba_dim:NAC">
        <formula:member>
          <formula:qname>eba_NC:B5</formula:qname>
        </formula:member>
      </formula:explicitDimension>
    </table:ruleNode>
    <table:definitionNodeSubtreeArc xlink:type="arc" xlink:arcrole="http://xbrl.org/arcrole/2014/definition-node-subtree" xlink:from="eba_c87196" xlink:to="eba_c87197" order="1" />
    <table:ruleNode xlink:type="resource" xlink:label="eba_c87198" id="eba_c87198">
      <formula:explicitDimension dimension="eba_dim:NAC">
        <formula:member>
          <formula:qname>eba_NC:B6</formula:qname>
        </formula:member>
      </formula:explicitDimension>
    </table:ruleNode>
    <table:definitionNodeSubtreeArc xlink:type="arc" xlink:arcrole="http://xbrl.org/arcrole/2014/definition-node-subtree" xlink:from="eba_c87196" xlink:to="eba_c87198" order="2" />
    <table:ruleNode xlink:type="resource" xlink:label="eba_c87199" id="eba_c87199">
      <formula:explicitDimension dimension="eba_dim:NAC">
        <formula:member>
          <formula:qname>eba_NC:B7</formula:qname>
        </formula:member>
      </formula:explicitDimension>
    </table:ruleNode>
    <table:definitionNodeSubtreeArc xlink:type="arc" xlink:arcrole="http://xbrl.org/arcrole/2014/definition-node-subtree" xlink:from="eba_c87196" xlink:to="eba_c87199" order="3" />
    <table:ruleNode xlink:type="resource" xlink:label="eba_c87200" id="eba_c87200">
      <formula:explicitDimension dimension="eba_dim:NAC">
        <formula:member>
          <formula:qname>eba_NC:B8</formula:qname>
        </formula:member>
      </formula:explicitDimension>
    </table:ruleNode>
    <table:definitionNodeSubtreeArc xlink:type="arc" xlink:arcrole="http://xbrl.org/arcrole/2014/definition-node-subtree" xlink:from="eba_c87196" xlink:to="eba_c87200" order="4" />
    <table:ruleNode xlink:type="resource" xlink:label="eba_c87201" id="eba_c87201">
      <formula:explicitDimension dimension="eba_dim:NAC">
        <formula:member>
          <formula:qname>eba_NC:B9</formula:qname>
        </formula:member>
      </formula:explicitDimension>
    </table:ruleNode>
    <table:definitionNodeSubtreeArc xlink:type="arc" xlink:arcrole="http://xbrl.org/arcrole/2014/definition-node-subtree" xlink:from="eba_c87196" xlink:to="eba_c87201" order="5" />
    <table:definitionNodeSubtreeArc xlink:type="arc" xlink:arcrole="http://xbrl.org/arcrole/2014/definition-node-subtree" xlink:from="eba_a2.root" xlink:to="eba_c87196" order="3" />
    <table:ruleNode xlink:type="resource" xlink:label="eba_c87202" id="eba_c87202">
      <formula:explicitDimension dimension="eba_dim:CPS">
        <formula:member>
          <formula:qname>eba_CT:x20</formula:qname>
        </formula:member>
      </formula:explicitDimension>
      <formula:explicitDimension dimension="eba_dim:NAC">
        <formula:member>
          <formula:qname>eba_NC:C</formula:qname>
        </formula:member>
      </formula:explicitDimension>
    </table:ruleNode>
    <table:ruleNode xlink:type="resource" xlink:label="eba_c87203" id="eba_c87203">
      <formula:explicitDimension dimension="eba_dim:NAC">
        <formula:member>
          <formula:qname>eba_NC:C10</formula:qname>
        </formula:member>
      </formula:explicitDimension>
    </table:ruleNode>
    <table:definitionNodeSubtreeArc xlink:type="arc" xlink:arcrole="http://xbrl.org/arcrole/2014/definition-node-subtree" xlink:from="eba_c87202" xlink:to="eba_c87203" order="1" />
    <table:ruleNode xlink:type="resource" xlink:label="eba_c87204" id="eba_c87204">
      <formula:explicitDimension dimension="eba_dim:NAC">
        <formula:member>
          <formula:qname>eba_NC:C11</formula:qname>
        </formula:member>
      </formula:explicitDimension>
    </table:ruleNode>
    <table:definitionNodeSubtreeArc xlink:type="arc" xlink:arcrole="http://xbrl.org/arcrole/2014/definition-node-subtree" xlink:from="eba_c87202" xlink:to="eba_c87204" order="2" />
    <table:ruleNode xlink:type="resource" xlink:label="eba_c87205" id="eba_c87205">
      <formula:explicitDimension dimension="eba_dim:NAC">
        <formula:member>
          <formula:qname>eba_NC:C12</formula:qname>
        </formula:member>
      </formula:explicitDimension>
    </table:ruleNode>
    <table:definitionNodeSubtreeArc xlink:type="arc" xlink:arcrole="http://xbrl.org/arcrole/2014/definition-node-subtree" xlink:from="eba_c87202" xlink:to="eba_c87205" order="3" />
    <table:ruleNode xlink:type="resource" xlink:label="eba_c87206" id="eba_c87206">
      <formula:explicitDimension dimension="eba_dim:NAC">
        <formula:member>
          <formula:qname>eba_NC:C13</formula:qname>
        </formula:member>
      </formula:explicitDimension>
    </table:ruleNode>
    <table:definitionNodeSubtreeArc xlink:type="arc" xlink:arcrole="http://xbrl.org/arcrole/2014/definition-node-subtree" xlink:from="eba_c87202" xlink:to="eba_c87206" order="4" />
    <table:ruleNode xlink:type="resource" xlink:label="eba_c87207" id="eba_c87207">
      <formula:explicitDimension dimension="eba_dim:NAC">
        <formula:member>
          <formula:qname>eba_NC:C14</formula:qname>
        </formula:member>
      </formula:explicitDimension>
    </table:ruleNode>
    <table:definitionNodeSubtreeArc xlink:type="arc" xlink:arcrole="http://xbrl.org/arcrole/2014/definition-node-subtree" xlink:from="eba_c87202" xlink:to="eba_c87207" order="5" />
    <table:ruleNode xlink:type="resource" xlink:label="eba_c87208" id="eba_c87208">
      <formula:explicitDimension dimension="eba_dim:NAC">
        <formula:member>
          <formula:qname>eba_NC:C15</formula:qname>
        </formula:member>
      </formula:explicitDimension>
    </table:ruleNode>
    <table:definitionNodeSubtreeArc xlink:type="arc" xlink:arcrole="http://xbrl.org/arcrole/2014/definition-node-subtree" xlink:from="eba_c87202" xlink:to="eba_c87208" order="6" />
    <table:ruleNode xlink:type="resource" xlink:label="eba_c87209" id="eba_c87209">
      <formula:explicitDimension dimension="eba_dim:NAC">
        <formula:member>
          <formula:qname>eba_NC:C16</formula:qname>
        </formula:member>
      </formula:explicitDimension>
    </table:ruleNode>
    <table:definitionNodeSubtreeArc xlink:type="arc" xlink:arcrole="http://xbrl.org/arcrole/2014/definition-node-subtree" xlink:from="eba_c87202" xlink:to="eba_c87209" order="7" />
    <table:ruleNode xlink:type="resource" xlink:label="eba_c87210" id="eba_c87210">
      <formula:explicitDimension dimension="eba_dim:NAC">
        <formula:member>
          <formula:qname>eba_NC:C17</formula:qname>
        </formula:member>
      </formula:explicitDimension>
    </table:ruleNode>
    <table:definitionNodeSubtreeArc xlink:type="arc" xlink:arcrole="http://xbrl.org/arcrole/2014/definition-node-subtree" xlink:from="eba_c87202" xlink:to="eba_c87210" order="8" />
    <table:ruleNode xlink:type="resource" xlink:label="eba_c87211" id="eba_c87211">
      <formula:explicitDimension dimension="eba_dim:NAC">
        <formula:member>
          <formula:qname>eba_NC:C18</formula:qname>
        </formula:member>
      </formula:explicitDimension>
    </table:ruleNode>
    <table:definitionNodeSubtreeArc xlink:type="arc" xlink:arcrole="http://xbrl.org/arcrole/2014/definition-node-subtree" xlink:from="eba_c87202" xlink:to="eba_c87211" order="9" />
    <table:ruleNode xlink:type="resource" xlink:label="eba_c87212" id="eba_c87212">
      <formula:explicitDimension dimension="eba_dim:NAC">
        <formula:member>
          <formula:qname>eba_NC:C19</formula:qname>
        </formula:member>
      </formula:explicitDimension>
    </table:ruleNode>
    <table:definitionNodeSubtreeArc xlink:type="arc" xlink:arcrole="http://xbrl.org/arcrole/2014/definition-node-subtree" xlink:from="eba_c87202" xlink:to="eba_c87212" order="10" />
    <table:ruleNode xlink:type="resource" xlink:label="eba_c87213" id="eba_c87213">
      <formula:explicitDimension dimension="eba_dim:NAC">
        <formula:member>
          <formula:qname>eba_NC:C20</formula:qname>
        </formula:member>
      </formula:explicitDimension>
    </table:ruleNode>
    <table:definitionNodeSubtreeArc xlink:type="arc" xlink:arcrole="http://xbrl.org/arcrole/2014/definition-node-subtree" xlink:from="eba_c87202" xlink:to="eba_c87213" order="11" />
    <table:ruleNode xlink:type="resource" xlink:label="eba_c87214" id="eba_c87214">
      <formula:explicitDimension dimension="eba_dim:NAC">
        <formula:member>
          <formula:qname>eba_NC:C21</formula:qname>
        </formula:member>
      </formula:explicitDimension>
    </table:ruleNode>
    <table:definitionNodeSubtreeArc xlink:type="arc" xlink:arcrole="http://xbrl.org/arcrole/2014/definition-node-subtree" xlink:from="eba_c87202" xlink:to="eba_c87214" order="12" />
    <table:ruleNode xlink:type="resource" xlink:label="eba_c87215" id="eba_c87215">
      <formula:explicitDimension dimension="eba_dim:NAC">
        <formula:member>
          <formula:qname>eba_NC:C22</formula:qname>
        </formula:member>
      </formula:explicitDimension>
    </table:ruleNode>
    <table:definitionNodeSubtreeArc xlink:type="arc" xlink:arcrole="http://xbrl.org/arcrole/2014/definition-node-subtree" xlink:from="eba_c87202" xlink:to="eba_c87215" order="13" />
    <table:ruleNode xlink:type="resource" xlink:label="eba_c87216" id="eba_c87216">
      <formula:explicitDimension dimension="eba_dim:NAC">
        <formula:member>
          <formula:qname>eba_NC:C23</formula:qname>
        </formula:member>
      </formula:explicitDimension>
    </table:ruleNode>
    <table:definitionNodeSubtreeArc xlink:type="arc" xlink:arcrole="http://xbrl.org/arcrole/2014/definition-node-subtree" xlink:from="eba_c87202" xlink:to="eba_c87216" order="14" />
    <table:ruleNode xlink:type="resource" xlink:label="eba_c87217" id="eba_c87217">
      <formula:explicitDimension dimension="eba_dim:NAC">
        <formula:member>
          <formula:qname>eba_NC:C24</formula:qname>
        </formula:member>
      </formula:explicitDimension>
    </table:ruleNode>
    <table:definitionNodeSubtreeArc xlink:type="arc" xlink:arcrole="http://xbrl.org/arcrole/2014/definition-node-subtree" xlink:from="eba_c87202" xlink:to="eba_c87217" order="15" />
    <table:ruleNode xlink:type="resource" xlink:label="eba_c87218" id="eba_c87218">
      <formula:explicitDimension dimension="eba_dim:NAC">
        <formula:member>
          <formula:qname>eba_NC:C25</formula:qname>
        </formula:member>
      </formula:explicitDimension>
    </table:ruleNode>
    <table:definitionNodeSubtreeArc xlink:type="arc" xlink:arcrole="http://xbrl.org/arcrole/2014/definition-node-subtree" xlink:from="eba_c87202" xlink:to="eba_c87218" order="16" />
    <table:ruleNode xlink:type="resource" xlink:label="eba_c87219" id="eba_c87219">
      <formula:explicitDimension dimension="eba_dim:NAC">
        <formula:member>
          <formula:qname>eba_NC:C26</formula:qname>
        </formula:member>
      </formula:explicitDimension>
    </table:ruleNode>
    <table:definitionNodeSubtreeArc xlink:type="arc" xlink:arcrole="http://xbrl.org/arcrole/2014/definition-node-subtree" xlink:from="eba_c87202" xlink:to="eba_c87219" order="17" />
    <table:ruleNode xlink:type="resource" xlink:label="eba_c87220" id="eba_c87220">
      <formula:explicitDimension dimension="eba_dim:NAC">
        <formula:member>
          <formula:qname>eba_NC:C27</formula:qname>
        </formula:member>
      </formula:explicitDimension>
    </table:ruleNode>
    <table:definitionNodeSubtreeArc xlink:type="arc" xlink:arcrole="http://xbrl.org/arcrole/2014/definition-node-subtree" xlink:from="eba_c87202" xlink:to="eba_c87220" order="18" />
    <table:ruleNode xlink:type="resource" xlink:label="eba_c87221" id="eba_c87221">
      <formula:explicitDimension dimension="eba_dim:NAC">
        <formula:member>
          <formula:qname>eba_NC:C28</formula:qname>
        </formula:member>
      </formula:explicitDimension>
    </table:ruleNode>
    <table:definitionNodeSubtreeArc xlink:type="arc" xlink:arcrole="http://xbrl.org/arcrole/2014/definition-node-subtree" xlink:from="eba_c87202" xlink:to="eba_c87221" order="19" />
    <table:ruleNode xlink:type="resource" xlink:label="eba_c87222" id="eba_c87222">
      <formula:explicitDimension dimension="eba_dim:NAC">
        <formula:member>
          <formula:qname>eba_NC:C29</formula:qname>
        </formula:member>
      </formula:explicitDimension>
    </table:ruleNode>
    <table:definitionNodeSubtreeArc xlink:type="arc" xlink:arcrole="http://xbrl.org/arcrole/2014/definition-node-subtree" xlink:from="eba_c87202" xlink:to="eba_c87222" order="20" />
    <table:ruleNode xlink:type="resource" xlink:label="eba_c87223" id="eba_c87223">
      <formula:explicitDimension dimension="eba_dim:NAC">
        <formula:member>
          <formula:qname>eba_NC:C30</formula:qname>
        </formula:member>
      </formula:explicitDimension>
    </table:ruleNode>
    <table:definitionNodeSubtreeArc xlink:type="arc" xlink:arcrole="http://xbrl.org/arcrole/2014/definition-node-subtree" xlink:from="eba_c87202" xlink:to="eba_c87223" order="21" />
    <table:ruleNode xlink:type="resource" xlink:label="eba_c87224" id="eba_c87224">
      <formula:explicitDimension dimension="eba_dim:NAC">
        <formula:member>
          <formula:qname>eba_NC:C31</formula:qname>
        </formula:member>
      </formula:explicitDimension>
    </table:ruleNode>
    <table:definitionNodeSubtreeArc xlink:type="arc" xlink:arcrole="http://xbrl.org/arcrole/2014/definition-node-subtree" xlink:from="eba_c87202" xlink:to="eba_c87224" order="22" />
    <table:ruleNode xlink:type="resource" xlink:label="eba_c87225" id="eba_c87225">
      <formula:explicitDimension dimension="eba_dim:NAC">
        <formula:member>
          <formula:qname>eba_NC:C32</formula:qname>
        </formula:member>
      </formula:explicitDimension>
    </table:ruleNode>
    <table:definitionNodeSubtreeArc xlink:type="arc" xlink:arcrole="http://xbrl.org/arcrole/2014/definition-node-subtree" xlink:from="eba_c87202" xlink:to="eba_c87225" order="23" />
    <table:ruleNode xlink:type="resource" xlink:label="eba_c87226" id="eba_c87226">
      <formula:explicitDimension dimension="eba_dim:NAC">
        <formula:member>
          <formula:qname>eba_NC:C33</formula:qname>
        </formula:member>
      </formula:explicitDimension>
    </table:ruleNode>
    <table:definitionNodeSubtreeArc xlink:type="arc" xlink:arcrole="http://xbrl.org/arcrole/2014/definition-node-subtree" xlink:from="eba_c87202" xlink:to="eba_c87226" order="24" />
    <table:definitionNodeSubtreeArc xlink:type="arc" xlink:arcrole="http://xbrl.org/arcrole/2014/definition-node-subtree" xlink:from="eba_a2.root" xlink:to="eba_c87202" order="4" />
    <table:ruleNode xlink:type="resource" xlink:label="eba_c87227" id="eba_c87227">
      <formula:explicitDimension dimension="eba_dim:CPS">
        <formula:member>
          <formula:qname>eba_CT:x20</formula:qname>
        </formula:member>
      </formula:explicitDimension>
      <formula:explicitDimension dimension="eba_dim:NAC">
        <formula:member>
          <formula:qname>eba_NC:D</formula:qname>
        </formula:member>
      </formula:explicitDimension>
    </table:ruleNode>
    <table:ruleNode xlink:type="resource" xlink:label="eba_c87228" id="eba_c87228">
      <formula:explicitDimension dimension="eba_dim:NAC">
        <formula:member>
          <formula:qname>eba_NC:D35_1</formula:qname>
        </formula:member>
      </formula:explicitDimension>
    </table:ruleNode>
    <table:ruleNode xlink:type="resource" xlink:label="eba_c87229" id="eba_c87229">
      <formula:explicitDimension dimension="eba_dim:NAC">
        <formula:member>
          <formula:qname>eba_NC:D35_11</formula:qname>
        </formula:member>
      </formula:explicitDimension>
    </table:ruleNode>
    <table:definitionNodeSubtreeArc xlink:type="arc" xlink:arcrole="http://xbrl.org/arcrole/2014/definition-node-subtree" xlink:from="eba_c87228" xlink:to="eba_c87229" order="1" />
    <table:definitionNodeSubtreeArc xlink:type="arc" xlink:arcrole="http://xbrl.org/arcrole/2014/definition-node-subtree" xlink:from="eba_c87227" xlink:to="eba_c87228" order="1" />
    <table:ruleNode xlink:type="resource" xlink:label="eba_c87230" id="eba_c87230">
      <formula:explicitDimension dimension="eba_dim:NAC">
        <formula:member>
          <formula:qname>eba_NC:D35_2</formula:qname>
        </formula:member>
      </formula:explicitDimension>
    </table:ruleNode>
    <table:definitionNodeSubtreeArc xlink:type="arc" xlink:arcrole="http://xbrl.org/arcrole/2014/definition-node-subtree" xlink:from="eba_c87227" xlink:to="eba_c87230" order="2" />
    <table:ruleNode xlink:type="resource" xlink:label="eba_c87231" id="eba_c87231">
      <formula:explicitDimension dimension="eba_dim:NAC">
        <formula:member>
          <formula:qname>eba_NC:D35_3</formula:qname>
        </formula:member>
      </formula:explicitDimension>
    </table:ruleNode>
    <table:definitionNodeSubtreeArc xlink:type="arc" xlink:arcrole="http://xbrl.org/arcrole/2014/definition-node-subtree" xlink:from="eba_c87227" xlink:to="eba_c87231" order="3" />
    <table:definitionNodeSubtreeArc xlink:type="arc" xlink:arcrole="http://xbrl.org/arcrole/2014/definition-node-subtree" xlink:from="eba_a2.root" xlink:to="eba_c87227" order="5" />
    <table:ruleNode xlink:type="resource" xlink:label="eba_c87232" id="eba_c87232">
      <formula:explicitDimension dimension="eba_dim:CPS">
        <formula:member>
          <formula:qname>eba_CT:x20</formula:qname>
        </formula:member>
      </formula:explicitDimension>
      <formula:explicitDimension dimension="eba_dim:NAC">
        <formula:member>
          <formula:qname>eba_NC:E</formula:qname>
        </formula:member>
      </formula:explicitDimension>
    </table:ruleNode>
    <table:definitionNodeSubtreeArc xlink:type="arc" xlink:arcrole="http://xbrl.org/arcrole/2014/definition-node-subtree" xlink:from="eba_a2.root" xlink:to="eba_c87232" order="6" />
    <table:ruleNode xlink:type="resource" xlink:label="eba_c87233" id="eba_c87233">
      <formula:explicitDimension dimension="eba_dim:CPS">
        <formula:member>
          <formula:qname>eba_CT:x20</formula:qname>
        </formula:member>
      </formula:explicitDimension>
      <formula:explicitDimension dimension="eba_dim:NAC">
        <formula:member>
          <formula:qname>eba_NC:F</formula:qname>
        </formula:member>
      </formula:explicitDimension>
    </table:ruleNode>
    <table:ruleNode xlink:type="resource" xlink:label="eba_c87234" id="eba_c87234">
      <formula:explicitDimension dimension="eba_dim:NAC">
        <formula:member>
          <formula:qname>eba_NC:F41</formula:qname>
        </formula:member>
      </formula:explicitDimension>
    </table:ruleNode>
    <table:definitionNodeSubtreeArc xlink:type="arc" xlink:arcrole="http://xbrl.org/arcrole/2014/definition-node-subtree" xlink:from="eba_c87233" xlink:to="eba_c87234" order="1" />
    <table:ruleNode xlink:type="resource" xlink:label="eba_c87235" id="eba_c87235">
      <formula:explicitDimension dimension="eba_dim:NAC">
        <formula:member>
          <formula:qname>eba_NC:F42</formula:qname>
        </formula:member>
      </formula:explicitDimension>
    </table:ruleNode>
    <table:definitionNodeSubtreeArc xlink:type="arc" xlink:arcrole="http://xbrl.org/arcrole/2014/definition-node-subtree" xlink:from="eba_c87233" xlink:to="eba_c87235" order="2" />
    <table:ruleNode xlink:type="resource" xlink:label="eba_c87236" id="eba_c87236">
      <formula:explicitDimension dimension="eba_dim:NAC">
        <formula:member>
          <formula:qname>eba_NC:F43</formula:qname>
        </formula:member>
      </formula:explicitDimension>
    </table:ruleNode>
    <table:definitionNodeSubtreeArc xlink:type="arc" xlink:arcrole="http://xbrl.org/arcrole/2014/definition-node-subtree" xlink:from="eba_c87233" xlink:to="eba_c87236" order="3" />
    <table:definitionNodeSubtreeArc xlink:type="arc" xlink:arcrole="http://xbrl.org/arcrole/2014/definition-node-subtree" xlink:from="eba_a2.root" xlink:to="eba_c87233" order="7" />
    <table:ruleNode xlink:type="resource" xlink:label="eba_c87237" id="eba_c87237">
      <formula:explicitDimension dimension="eba_dim:CPS">
        <formula:member>
          <formula:qname>eba_CT:x20</formula:qname>
        </formula:member>
      </formula:explicitDimension>
      <formula:explicitDimension dimension="eba_dim:NAC">
        <formula:member>
          <formula:qname>eba_NC:G</formula:qname>
        </formula:member>
      </formula:explicitDimension>
    </table:ruleNode>
    <table:definitionNodeSubtreeArc xlink:type="arc" xlink:arcrole="http://xbrl.org/arcrole/2014/definition-node-subtree" xlink:from="eba_a2.root" xlink:to="eba_c87237" order="8" />
    <table:ruleNode xlink:type="resource" xlink:label="eba_c87238" id="eba_c87238">
      <formula:explicitDimension dimension="eba_dim:CPS">
        <formula:member>
          <formula:qname>eba_CT:x20</formula:qname>
        </formula:member>
      </formula:explicitDimension>
      <formula:explicitDimension dimension="eba_dim:NAC">
        <formula:member>
          <formula:qname>eba_NC:H</formula:qname>
        </formula:member>
      </formula:explicitDimension>
    </table:ruleNode>
    <table:ruleNode xlink:type="resource" xlink:label="eba_c87239" id="eba_c87239">
      <formula:explicitDimension dimension="eba_dim:NAC">
        <formula:member>
          <formula:qname>eba_NC:H49</formula:qname>
        </formula:member>
      </formula:explicitDimension>
    </table:ruleNode>
    <table:definitionNodeSubtreeArc xlink:type="arc" xlink:arcrole="http://xbrl.org/arcrole/2014/definition-node-subtree" xlink:from="eba_c87238" xlink:to="eba_c87239" order="1" />
    <table:ruleNode xlink:type="resource" xlink:label="eba_c87240" id="eba_c87240">
      <formula:explicitDimension dimension="eba_dim:NAC">
        <formula:member>
          <formula:qname>eba_NC:H50</formula:qname>
        </formula:member>
      </formula:explicitDimension>
    </table:ruleNode>
    <table:definitionNodeSubtreeArc xlink:type="arc" xlink:arcrole="http://xbrl.org/arcrole/2014/definition-node-subtree" xlink:from="eba_c87238" xlink:to="eba_c87240" order="2" />
    <table:ruleNode xlink:type="resource" xlink:label="eba_c87241" id="eba_c87241">
      <formula:explicitDimension dimension="eba_dim:NAC">
        <formula:member>
          <formula:qname>eba_NC:H51</formula:qname>
        </formula:member>
      </formula:explicitDimension>
    </table:ruleNode>
    <table:definitionNodeSubtreeArc xlink:type="arc" xlink:arcrole="http://xbrl.org/arcrole/2014/definition-node-subtree" xlink:from="eba_c87238" xlink:to="eba_c87241" order="3" />
    <table:ruleNode xlink:type="resource" xlink:label="eba_c87242" id="eba_c87242">
      <formula:explicitDimension dimension="eba_dim:NAC">
        <formula:member>
          <formula:qname>eba_NC:H52</formula:qname>
        </formula:member>
      </formula:explicitDimension>
    </table:ruleNode>
    <table:definitionNodeSubtreeArc xlink:type="arc" xlink:arcrole="http://xbrl.org/arcrole/2014/definition-node-subtree" xlink:from="eba_c87238" xlink:to="eba_c87242" order="4" />
    <table:ruleNode xlink:type="resource" xlink:label="eba_c87243" id="eba_c87243">
      <formula:explicitDimension dimension="eba_dim:NAC">
        <formula:member>
          <formula:qname>eba_NC:H53</formula:qname>
        </formula:member>
      </formula:explicitDimension>
    </table:ruleNode>
    <table:definitionNodeSubtreeArc xlink:type="arc" xlink:arcrole="http://xbrl.org/arcrole/2014/definition-node-subtree" xlink:from="eba_c87238" xlink:to="eba_c87243" order="5" />
    <table:definitionNodeSubtreeArc xlink:type="arc" xlink:arcrole="http://xbrl.org/arcrole/2014/definition-node-subtree" xlink:from="eba_a2.root" xlink:to="eba_c87238" order="9" />
    <table:ruleNode xlink:type="resource" xlink:label="eba_c87244" id="eba_c87244">
      <formula:explicitDimension dimension="eba_dim:CPS">
        <formula:member>
          <formula:qname>eba_CT:x20</formula:qname>
        </formula:member>
      </formula:explicitDimension>
      <formula:explicitDimension dimension="eba_dim:NAC">
        <formula:member>
          <formula:qname>eba_NC:I</formula:qname>
        </formula:member>
      </formula:explicitDimension>
    </table:ruleNode>
    <table:definitionNodeSubtreeArc xlink:type="arc" xlink:arcrole="http://xbrl.org/arcrole/2014/definition-node-subtree" xlink:from="eba_a2.root" xlink:to="eba_c87244" order="10" />
    <table:ruleNode xlink:type="resource" xlink:label="eba_c87245" id="eba_c87245">
      <formula:explicitDimension dimension="eba_dim:CPS">
        <formula:member>
          <formula:qname>eba_CT:x20</formula:qname>
        </formula:member>
      </formula:explicitDimension>
      <formula:explicitDimension dimension="eba_dim:NAC">
        <formula:member>
          <formula:qname>eba_NC:L</formula:qname>
        </formula:member>
      </formula:explicitDimension>
    </table:ruleNode>
    <table:definitionNodeSubtreeArc xlink:type="arc" xlink:arcrole="http://xbrl.org/arcrole/2014/definition-node-subtree" xlink:from="eba_a2.root" xlink:to="eba_c87245" order="11" />
    <table:ruleNode xlink:type="resource" xlink:label="eba_c87246" id="eba_c87246">
      <formula:explicitDimension dimension="eba_dim:CPS">
        <formula:member>
          <formula:qname>eba_CT:x82</formula:qname>
        </formula:member>
      </formula:explicitDimension>
      <formula:explicitDimension dimension="eba_dim:ATE">
        <formula:member>
          <formula:qname>eba_NC:x13</formula:qname>
        </formula:member>
      </formula:explicitDimension>
    </table:ruleNode>
    <table:definitionNodeSubtreeArc xlink:type="arc" xlink:arcrole="http://xbrl.org/arcrole/2014/definition-node-subtree" xlink:from="eba_a2.root" xlink:to="eba_c87246" order="12" />
    <table:ruleNode xlink:type="resource" xlink:label="eba_c87247" id="eba_c87247">
      <formula:explicitDimension dimension="eba_dim:CPS">
        <formula:member>
          <formula:qname>eba_CT:x82</formula:qname>
        </formula:member>
      </formula:explicitDimension>
      <formula:explicitDimension dimension="eba_dim:NAC">
        <formula:member>
          <formula:qname>eba_NC:K</formula:qname>
        </formula:member>
      </formula:explicitDimension>
    </table:ruleNode>
    <table:definitionNodeSubtreeArc xlink:type="arc" xlink:arcrole="http://xbrl.org/arcrole/2014/definition-node-subtree" xlink:from="eba_a2.root" xlink:to="eba_c87247" order="13" />
    <table:ruleNode xlink:type="resource" xlink:label="eba_c87248" id="eba_c87248">
      <formula:explicitDimension dimension="eba_dim:CPS">
        <formula:member>
          <formula:qname>eba_CT:x20</formula:qname>
        </formula:member>
      </formula:explicitDimension>
      <formula:explicitDimension dimension="eba_dim:NAC">
        <formula:member>
          <formula:qname>eba_NC:x10</formula:qname>
        </formula:member>
      </formula:explicitDimension>
    </table:ruleNode>
    <table:definitionNodeSubtreeArc xlink:type="arc" xlink:arcrole="http://xbrl.org/arcrole/2014/definition-node-subtree" xlink:from="eba_a2.root" xlink:to="eba_c87248" order="14" />
    <table:ruleNode xlink:type="resource" xlink:label="eba_c87249" id="eba_c87249">
      <formula:explicitDimension dimension="eba_dim:CPS">
        <formula:member>
          <formula:qname>eba_CT:x82</formula:qname>
        </formula:member>
      </formula:explicitDimension>
    </table:ruleNode>
    <table:definitionNodeSubtreeArc xlink:type="arc" xlink:arcrole="http://xbrl.org/arcrole/2014/definition-node-subtree" xlink:from="eba_a2.root" xlink:to="eba_c87249" order="15" />
    <table:tableBreakdownArc xlink:type="arc" xlink:arcrole="http://xbrl.org/arcrole/2014/table-breakdown" xlink:from="eba_tD_01.00" xlink:to="eba_a2" axis="y" order="2" />
  </gen:link>
</link:linkbase>