{
    "documentInfo": {
        "documentType": "https://xbrl.org/CR/2021-02-03/xbrl-csv",
        "namespaces": {
            "eba": "http://www.eba.europa.eu",
            "eba_AP": "http://www.eba.europa.eu/xbrl/crr/dict/dom/AP",
            "eba_BA": "http://www.eba.europa.eu/xbrl/crr/dict/dom/BA",
            "eba_dim": "http://www.eba.europa.eu/xbrl/crr/dict/dim",
            "eba_met": "http://www.eba.europa.eu/xbrl/crr/dict/met"
        }
    },
    "tableTemplates": {
        "D_09-02-d": {
            "columns": {
                "datapoint": {
                    "propertyGroups": {
                        "dp475706": {
                            "decimals": "$decimalsPercentage",
                            "dimensions": {
                                "concept": "eba_met:pi950",
                                "eba_dim:BAS": "eba_BA:x17",
                                "eba_dim:GBC": "eba_AP:x235"
                            },
                            "eba:documentation": {
                                "CellCode": "{D 09.02.d, r0020, c0160}",
                                "DataPointVersionId": "475706"
                            }
                        },
                        "dp475707": {
                            "decimals": "$decimalsPercentage",
                            "dimensions": {
                                "concept": "eba_met:pi950",
                                "eba_dim:BAS": "eba_BA:x17",
                                "eba_dim:GBC": "eba_AP:x236"
                            },
                            "eba:documentation": {
                                "CellCode": "{D 09.02.d, r0020, c0320}",
                                "DataPointVersionId": "475707"
                            }
                        }
                    }
                },
                "factValue": {
                    "dimensions": {},
                    "propertiesFrom": [
                        "datapoint"
                    ]
                }
            }
        }
    }
}