﻿<?xml version="1.0" encoding="utf-8"?>
<?taxonomy-version 1.0.0.0 ?>  <?taxonomy-set-overall-version 3.3.0.0 ?>
<!--(C) EBA-->
<link:linkbase xmlns:xsi="http://www.w3.org/2001/XMLSchema-instance" xmlns:xlink="http://www.w3.org/1999/xlink" xmlns:link="http://www.xbrl.org/2003/linkbase" xmlns:gen="http://xbrl.org/2008/generic" xmlns:label="http://xbrl.org/2008/label" xsi:schemaLocation="http://www.xbrl.org/2003/linkbase http://www.xbrl.org/2003/xbrl-linkbase-2003-12-31.xsd http://xbrl.org/2008/generic http://www.xbrl.org/2008/generic-link.xsd http://xbrl.org/2008/label http://www.xbrl.org/2008/generic-label.xsd">
  <link:arcroleRef arcroleURI="http://xbrl.org/arcrole/2008/element-label" xlink:type="simple" xlink:href="http://www.xbrl.org/2008/generic-label.xsd#element-label" />
  <link:roleRef roleURI="http://www.eba.europa.eu/xbrl/role/dpm-db-id" xlink:type="simple" xlink:href="http://www.eba.europa.eu/eu/fr/xbrl/ext/model.xsd#dpm-db-id" />
  <link:roleRef roleURI="http://www.eurofiling.info/xbrl/role/filing-indicator-code" xlink:type="simple" xlink:href="http://www.eurofiling.info/eu/fr/xbrl/ext/model.xsd#filing-indicator-code" />
  <link:roleRef roleURI="http://www.eurofiling.info/xbrl/role/rc-code" xlink:type="simple" xlink:href="http://www.eurofiling.info/eu/fr/xbrl/ext/model.xsd#rc-code" />
  <gen:link xlink:type="extended" xlink:role="http://www.xbrl.org/2003/role/link">
    <link:loc xlink:type="locator" xlink:href="d_01.00-rend.xml#eba_tD_01.00" xlink:label="loc_eba_tD_01.00" />
    <label:label xlink:type="resource" xlink:label="label_eba_tD_01.00" xml:lang="en" xlink:role="http://www.eurofiling.info/xbrl/role/rc-code">D 01.00</label:label>
    <gen:arc xlink:type="arc" xlink:arcrole="http://xbrl.org/arcrole/2008/element-label" xlink:from="loc_eba_tD_01.00" xlink:to="label_eba_tD_01.00" />
    <link:loc xlink:type="locator" xlink:href="d_01.00-rend.xml#eba_c86363" xlink:label="loc_eba_c86363" />
    <label:label xlink:type="resource" xlink:label="label_eba_c86363" xml:lang="en" xlink:role="http://www.eurofiling.info/xbrl/role/rc-code">0010</label:label>
    <gen:arc xlink:type="arc" xlink:arcrole="http://xbrl.org/arcrole/2008/element-label" xlink:from="loc_eba_c86363" xlink:to="label_eba_c86363" />
    <link:loc xlink:type="locator" xlink:href="d_01.00-rend.xml#eba_c86398" xlink:label="loc_eba_c86398" />
    <label:label xlink:type="resource" xlink:label="label_eba_c86398" xml:lang="en" xlink:role="http://www.eurofiling.info/xbrl/role/rc-code">0020</label:label>
    <gen:arc xlink:type="arc" xlink:arcrole="http://xbrl.org/arcrole/2008/element-label" xlink:from="loc_eba_c86398" xlink:to="label_eba_c86398" />
    <link:loc xlink:type="locator" xlink:href="d_01.00-rend.xml#eba_c86399" xlink:label="loc_eba_c86399" />
    <label:label xlink:type="resource" xlink:label="label_eba_c86399" xml:lang="en" xlink:role="http://www.eurofiling.info/xbrl/role/rc-code">0030</label:label>
    <gen:arc xlink:type="arc" xlink:arcrole="http://xbrl.org/arcrole/2008/element-label" xlink:from="loc_eba_c86399" xlink:to="label_eba_c86399" />
    <link:loc xlink:type="locator" xlink:href="d_01.00-rend.xml#eba_c86400" xlink:label="loc_eba_c86400" />
    <label:label xlink:type="resource" xlink:label="label_eba_c86400" xml:lang="en" xlink:role="http://www.eurofiling.info/xbrl/role/rc-code">0040</label:label>
    <gen:arc xlink:type="arc" xlink:arcrole="http://xbrl.org/arcrole/2008/element-label" xlink:from="loc_eba_c86400" xlink:to="label_eba_c86400" />
    <link:loc xlink:type="locator" xlink:href="d_01.00-rend.xml#eba_c86401" xlink:label="loc_eba_c86401" />
    <label:label xlink:type="resource" xlink:label="label_eba_c86401" xml:lang="en" xlink:role="http://www.eurofiling.info/xbrl/role/rc-code">0050</label:label>
    <gen:arc xlink:type="arc" xlink:arcrole="http://xbrl.org/arcrole/2008/element-label" xlink:from="loc_eba_c86401" xlink:to="label_eba_c86401" />
    <link:loc xlink:type="locator" xlink:href="d_01.00-rend.xml#eba_c86402" xlink:label="loc_eba_c86402" />
    <label:label xlink:type="resource" xlink:label="label_eba_c86402" xml:lang="en" xlink:role="http://www.eurofiling.info/xbrl/role/rc-code">0060</label:label>
    <gen:arc xlink:type="arc" xlink:arcrole="http://xbrl.org/arcrole/2008/element-label" xlink:from="loc_eba_c86402" xlink:to="label_eba_c86402" />
    <link:loc xlink:type="locator" xlink:href="d_01.00-rend.xml#eba_c86403" xlink:label="loc_eba_c86403" />
    <label:label xlink:type="resource" xlink:label="label_eba_c86403" xml:lang="en" xlink:role="http://www.eurofiling.info/xbrl/role/rc-code">0070</label:label>
    <gen:arc xlink:type="arc" xlink:arcrole="http://xbrl.org/arcrole/2008/element-label" xlink:from="loc_eba_c86403" xlink:to="label_eba_c86403" />
    <link:loc xlink:type="locator" xlink:href="d_01.00-rend.xml#eba_c86404" xlink:label="loc_eba_c86404" />
    <label:label xlink:type="resource" xlink:label="label_eba_c86404" xml:lang="en" xlink:role="http://www.eurofiling.info/xbrl/role/rc-code">0080</label:label>
    <gen:arc xlink:type="arc" xlink:arcrole="http://xbrl.org/arcrole/2008/element-label" xlink:from="loc_eba_c86404" xlink:to="label_eba_c86404" />
    <link:loc xlink:type="locator" xlink:href="d_01.00-rend.xml#eba_c86405" xlink:label="loc_eba_c86405" />
    <label:label xlink:type="resource" xlink:label="label_eba_c86405" xml:lang="en" xlink:role="http://www.eurofiling.info/xbrl/role/rc-code">0090</label:label>
    <gen:arc xlink:type="arc" xlink:arcrole="http://xbrl.org/arcrole/2008/element-label" xlink:from="loc_eba_c86405" xlink:to="label_eba_c86405" />
    <link:loc xlink:type="locator" xlink:href="d_01.00-rend.xml#eba_c86406" xlink:label="loc_eba_c86406" />
    <label:label xlink:type="resource" xlink:label="label_eba_c86406" xml:lang="en" xlink:role="http://www.eurofiling.info/xbrl/role/rc-code">0100</label:label>
    <gen:arc xlink:type="arc" xlink:arcrole="http://xbrl.org/arcrole/2008/element-label" xlink:from="loc_eba_c86406" xlink:to="label_eba_c86406" />
    <link:loc xlink:type="locator" xlink:href="d_01.00-rend.xml#eba_c86407" xlink:label="loc_eba_c86407" />
    <label:label xlink:type="resource" xlink:label="label_eba_c86407" xml:lang="en" xlink:role="http://www.eurofiling.info/xbrl/role/rc-code">0110</label:label>
    <gen:arc xlink:type="arc" xlink:arcrole="http://xbrl.org/arcrole/2008/element-label" xlink:from="loc_eba_c86407" xlink:to="label_eba_c86407" />
    <link:loc xlink:type="locator" xlink:href="d_01.00-rend.xml#eba_c86408" xlink:label="loc_eba_c86408" />
    <label:label xlink:type="resource" xlink:label="label_eba_c86408" xml:lang="en" xlink:role="http://www.eurofiling.info/xbrl/role/rc-code">0120</label:label>
    <gen:arc xlink:type="arc" xlink:arcrole="http://xbrl.org/arcrole/2008/element-label" xlink:from="loc_eba_c86408" xlink:to="label_eba_c86408" />
    <link:loc xlink:type="locator" xlink:href="d_01.00-rend.xml#eba_c86409" xlink:label="loc_eba_c86409" />
    <label:label xlink:type="resource" xlink:label="label_eba_c86409" xml:lang="en" xlink:role="http://www.eurofiling.info/xbrl/role/rc-code">0130</label:label>
    <gen:arc xlink:type="arc" xlink:arcrole="http://xbrl.org/arcrole/2008/element-label" xlink:from="loc_eba_c86409" xlink:to="label_eba_c86409" />
    <link:loc xlink:type="locator" xlink:href="d_01.00-rend.xml#eba_c86410" xlink:label="loc_eba_c86410" />
    <label:label xlink:type="resource" xlink:label="label_eba_c86410" xml:lang="en" xlink:role="http://www.eurofiling.info/xbrl/role/rc-code">0140</label:label>
    <gen:arc xlink:type="arc" xlink:arcrole="http://xbrl.org/arcrole/2008/element-label" xlink:from="loc_eba_c86410" xlink:to="label_eba_c86410" />
    <link:loc xlink:type="locator" xlink:href="d_01.00-rend.xml#eba_c86411" xlink:label="loc_eba_c86411" />
    <label:label xlink:type="resource" xlink:label="label_eba_c86411" xml:lang="en" xlink:role="http://www.eurofiling.info/xbrl/role/rc-code">0150</label:label>
    <gen:arc xlink:type="arc" xlink:arcrole="http://xbrl.org/arcrole/2008/element-label" xlink:from="loc_eba_c86411" xlink:to="label_eba_c86411" />
    <link:loc xlink:type="locator" xlink:href="d_01.00-rend.xml#eba_c86412" xlink:label="loc_eba_c86412" />
    <label:label xlink:type="resource" xlink:label="label_eba_c86412" xml:lang="en" xlink:role="http://www.eurofiling.info/xbrl/role/rc-code">0160</label:label>
    <gen:arc xlink:type="arc" xlink:arcrole="http://xbrl.org/arcrole/2008/element-label" xlink:from="loc_eba_c86412" xlink:to="label_eba_c86412" />
    <link:loc xlink:type="locator" xlink:href="d_01.00-rend.xml#eba_c87250" xlink:label="loc_eba_c87250" />
    <label:label xlink:type="resource" xlink:label="label_eba_c87250" xml:lang="en" xlink:role="http://www.eurofiling.info/xbrl/role/rc-code">0010</label:label>
    <gen:arc xlink:type="arc" xlink:arcrole="http://xbrl.org/arcrole/2008/element-label" xlink:from="loc_eba_c87250" xlink:to="label_eba_c87250" />
    <link:loc xlink:type="locator" xlink:href="d_01.00-rend.xml#eba_c87195" xlink:label="loc_eba_c87195" />
    <label:label xlink:type="resource" xlink:label="label_eba_c87195" xml:lang="en" xlink:role="http://www.eurofiling.info/xbrl/role/rc-code">0020</label:label>
    <gen:arc xlink:type="arc" xlink:arcrole="http://xbrl.org/arcrole/2008/element-label" xlink:from="loc_eba_c87195" xlink:to="label_eba_c87195" />
    <link:loc xlink:type="locator" xlink:href="d_01.00-rend.xml#eba_c87196" xlink:label="loc_eba_c87196" />
    <label:label xlink:type="resource" xlink:label="label_eba_c87196" xml:lang="en" xlink:role="http://www.eurofiling.info/xbrl/role/rc-code">0030</label:label>
    <gen:arc xlink:type="arc" xlink:arcrole="http://xbrl.org/arcrole/2008/element-label" xlink:from="loc_eba_c87196" xlink:to="label_eba_c87196" />
    <link:loc xlink:type="locator" xlink:href="d_01.00-rend.xml#eba_c87197" xlink:label="loc_eba_c87197" />
    <label:label xlink:type="resource" xlink:label="label_eba_c87197" xml:lang="en" xlink:role="http://www.eurofiling.info/xbrl/role/rc-code">0040</label:label>
    <gen:arc xlink:type="arc" xlink:arcrole="http://xbrl.org/arcrole/2008/element-label" xlink:from="loc_eba_c87197" xlink:to="label_eba_c87197" />
    <link:loc xlink:type="locator" xlink:href="d_01.00-rend.xml#eba_c87198" xlink:label="loc_eba_c87198" />
    <label:label xlink:type="resource" xlink:label="label_eba_c87198" xml:lang="en" xlink:role="http://www.eurofiling.info/xbrl/role/rc-code">0050</label:label>
    <gen:arc xlink:type="arc" xlink:arcrole="http://xbrl.org/arcrole/2008/element-label" xlink:from="loc_eba_c87198" xlink:to="label_eba_c87198" />
    <link:loc xlink:type="locator" xlink:href="d_01.00-rend.xml#eba_c87199" xlink:label="loc_eba_c87199" />
    <label:label xlink:type="resource" xlink:label="label_eba_c87199" xml:lang="en" xlink:role="http://www.eurofiling.info/xbrl/role/rc-code">0060</label:label>
    <gen:arc xlink:type="arc" xlink:arcrole="http://xbrl.org/arcrole/2008/element-label" xlink:from="loc_eba_c87199" xlink:to="label_eba_c87199" />
    <link:loc xlink:type="locator" xlink:href="d_01.00-rend.xml#eba_c87200" xlink:label="loc_eba_c87200" />
    <label:label xlink:type="resource" xlink:label="label_eba_c87200" xml:lang="en" xlink:role="http://www.eurofiling.info/xbrl/role/rc-code">0070</label:label>
    <gen:arc xlink:type="arc" xlink:arcrole="http://xbrl.org/arcrole/2008/element-label" xlink:from="loc_eba_c87200" xlink:to="label_eba_c87200" />
    <link:loc xlink:type="locator" xlink:href="d_01.00-rend.xml#eba_c87201" xlink:label="loc_eba_c87201" />
    <label:label xlink:type="resource" xlink:label="label_eba_c87201" xml:lang="en" xlink:role="http://www.eurofiling.info/xbrl/role/rc-code">0080</label:label>
    <gen:arc xlink:type="arc" xlink:arcrole="http://xbrl.org/arcrole/2008/element-label" xlink:from="loc_eba_c87201" xlink:to="label_eba_c87201" />
    <link:loc xlink:type="locator" xlink:href="d_01.00-rend.xml#eba_c87202" xlink:label="loc_eba_c87202" />
    <label:label xlink:type="resource" xlink:label="label_eba_c87202" xml:lang="en" xlink:role="http://www.eurofiling.info/xbrl/role/rc-code">0090</label:label>
    <gen:arc xlink:type="arc" xlink:arcrole="http://xbrl.org/arcrole/2008/element-label" xlink:from="loc_eba_c87202" xlink:to="label_eba_c87202" />
    <link:loc xlink:type="locator" xlink:href="d_01.00-rend.xml#eba_c87203" xlink:label="loc_eba_c87203" />
    <label:label xlink:type="resource" xlink:label="label_eba_c87203" xml:lang="en" xlink:role="http://www.eurofiling.info/xbrl/role/rc-code">0100</label:label>
    <gen:arc xlink:type="arc" xlink:arcrole="http://xbrl.org/arcrole/2008/element-label" xlink:from="loc_eba_c87203" xlink:to="label_eba_c87203" />
    <link:loc xlink:type="locator" xlink:href="d_01.00-rend.xml#eba_c87204" xlink:label="loc_eba_c87204" />
    <label:label xlink:type="resource" xlink:label="label_eba_c87204" xml:lang="en" xlink:role="http://www.eurofiling.info/xbrl/role/rc-code">0110</label:label>
    <gen:arc xlink:type="arc" xlink:arcrole="http://xbrl.org/arcrole/2008/element-label" xlink:from="loc_eba_c87204" xlink:to="label_eba_c87204" />
    <link:loc xlink:type="locator" xlink:href="d_01.00-rend.xml#eba_c87205" xlink:label="loc_eba_c87205" />
    <label:label xlink:type="resource" xlink:label="label_eba_c87205" xml:lang="en" xlink:role="http://www.eurofiling.info/xbrl/role/rc-code">0120</label:label>
    <gen:arc xlink:type="arc" xlink:arcrole="http://xbrl.org/arcrole/2008/element-label" xlink:from="loc_eba_c87205" xlink:to="label_eba_c87205" />
    <link:loc xlink:type="locator" xlink:href="d_01.00-rend.xml#eba_c87206" xlink:label="loc_eba_c87206" />
    <label:label xlink:type="resource" xlink:label="label_eba_c87206" xml:lang="en" xlink:role="http://www.eurofiling.info/xbrl/role/rc-code">0130</label:label>
    <gen:arc xlink:type="arc" xlink:arcrole="http://xbrl.org/arcrole/2008/element-label" xlink:from="loc_eba_c87206" xlink:to="label_eba_c87206" />
    <link:loc xlink:type="locator" xlink:href="d_01.00-rend.xml#eba_c87207" xlink:label="loc_eba_c87207" />
    <label:label xlink:type="resource" xlink:label="label_eba_c87207" xml:lang="en" xlink:role="http://www.eurofiling.info/xbrl/role/rc-code">0140</label:label>
    <gen:arc xlink:type="arc" xlink:arcrole="http://xbrl.org/arcrole/2008/element-label" xlink:from="loc_eba_c87207" xlink:to="label_eba_c87207" />
    <link:loc xlink:type="locator" xlink:href="d_01.00-rend.xml#eba_c87208" xlink:label="loc_eba_c87208" />
    <label:label xlink:type="resource" xlink:label="label_eba_c87208" xml:lang="en" xlink:role="http://www.eurofiling.info/xbrl/role/rc-code">0150</label:label>
    <gen:arc xlink:type="arc" xlink:arcrole="http://xbrl.org/arcrole/2008/element-label" xlink:from="loc_eba_c87208" xlink:to="label_eba_c87208" />
    <link:loc xlink:type="locator" xlink:href="d_01.00-rend.xml#eba_c87209" xlink:label="loc_eba_c87209" />
    <label:label xlink:type="resource" xlink:label="label_eba_c87209" xml:lang="en" xlink:role="http://www.eurofiling.info/xbrl/role/rc-code">0160</label:label>
    <gen:arc xlink:type="arc" xlink:arcrole="http://xbrl.org/arcrole/2008/element-label" xlink:from="loc_eba_c87209" xlink:to="label_eba_c87209" />
    <link:loc xlink:type="locator" xlink:href="d_01.00-rend.xml#eba_c87210" xlink:label="loc_eba_c87210" />
    <label:label xlink:type="resource" xlink:label="label_eba_c87210" xml:lang="en" xlink:role="http://www.eurofiling.info/xbrl/role/rc-code">0170</label:label>
    <gen:arc xlink:type="arc" xlink:arcrole="http://xbrl.org/arcrole/2008/element-label" xlink:from="loc_eba_c87210" xlink:to="label_eba_c87210" />
    <link:loc xlink:type="locator" xlink:href="d_01.00-rend.xml#eba_c87211" xlink:label="loc_eba_c87211" />
    <label:label xlink:type="resource" xlink:label="label_eba_c87211" xml:lang="en" xlink:role="http://www.eurofiling.info/xbrl/role/rc-code">0180</label:label>
    <gen:arc xlink:type="arc" xlink:arcrole="http://xbrl.org/arcrole/2008/element-label" xlink:from="loc_eba_c87211" xlink:to="label_eba_c87211" />
    <link:loc xlink:type="locator" xlink:href="d_01.00-rend.xml#eba_c87212" xlink:label="loc_eba_c87212" />
    <label:label xlink:type="resource" xlink:label="label_eba_c87212" xml:lang="en" xlink:role="http://www.eurofiling.info/xbrl/role/rc-code">0190</label:label>
    <gen:arc xlink:type="arc" xlink:arcrole="http://xbrl.org/arcrole/2008/element-label" xlink:from="loc_eba_c87212" xlink:to="label_eba_c87212" />
    <link:loc xlink:type="locator" xlink:href="d_01.00-rend.xml#eba_c87213" xlink:label="loc_eba_c87213" />
    <label:label xlink:type="resource" xlink:label="label_eba_c87213" xml:lang="en" xlink:role="http://www.eurofiling.info/xbrl/role/rc-code">0200</label:label>
    <gen:arc xlink:type="arc" xlink:arcrole="http://xbrl.org/arcrole/2008/element-label" xlink:from="loc_eba_c87213" xlink:to="label_eba_c87213" />
    <link:loc xlink:type="locator" xlink:href="d_01.00-rend.xml#eba_c87214" xlink:label="loc_eba_c87214" />
    <label:label xlink:type="resource" xlink:label="label_eba_c87214" xml:lang="en" xlink:role="http://www.eurofiling.info/xbrl/role/rc-code">0210</label:label>
    <gen:arc xlink:type="arc" xlink:arcrole="http://xbrl.org/arcrole/2008/element-label" xlink:from="loc_eba_c87214" xlink:to="label_eba_c87214" />
    <link:loc xlink:type="locator" xlink:href="d_01.00-rend.xml#eba_c87215" xlink:label="loc_eba_c87215" />
    <label:label xlink:type="resource" xlink:label="label_eba_c87215" xml:lang="en" xlink:role="http://www.eurofiling.info/xbrl/role/rc-code">0220</label:label>
    <gen:arc xlink:type="arc" xlink:arcrole="http://xbrl.org/arcrole/2008/element-label" xlink:from="loc_eba_c87215" xlink:to="label_eba_c87215" />
    <link:loc xlink:type="locator" xlink:href="d_01.00-rend.xml#eba_c87216" xlink:label="loc_eba_c87216" />
    <label:label xlink:type="resource" xlink:label="label_eba_c87216" xml:lang="en" xlink:role="http://www.eurofiling.info/xbrl/role/rc-code">0230</label:label>
    <gen:arc xlink:type="arc" xlink:arcrole="http://xbrl.org/arcrole/2008/element-label" xlink:from="loc_eba_c87216" xlink:to="label_eba_c87216" />
    <link:loc xlink:type="locator" xlink:href="d_01.00-rend.xml#eba_c87217" xlink:label="loc_eba_c87217" />
    <label:label xlink:type="resource" xlink:label="label_eba_c87217" xml:lang="en" xlink:role="http://www.eurofiling.info/xbrl/role/rc-code">0240</label:label>
    <gen:arc xlink:type="arc" xlink:arcrole="http://xbrl.org/arcrole/2008/element-label" xlink:from="loc_eba_c87217" xlink:to="label_eba_c87217" />
    <link:loc xlink:type="locator" xlink:href="d_01.00-rend.xml#eba_c87218" xlink:label="loc_eba_c87218" />
    <label:label xlink:type="resource" xlink:label="label_eba_c87218" xml:lang="en" xlink:role="http://www.eurofiling.info/xbrl/role/rc-code">0250</label:label>
    <gen:arc xlink:type="arc" xlink:arcrole="http://xbrl.org/arcrole/2008/element-label" xlink:from="loc_eba_c87218" xlink:to="label_eba_c87218" />
    <link:loc xlink:type="locator" xlink:href="d_01.00-rend.xml#eba_c87219" xlink:label="loc_eba_c87219" />
    <label:label xlink:type="resource" xlink:label="label_eba_c87219" xml:lang="en" xlink:role="http://www.eurofiling.info/xbrl/role/rc-code">0260</label:label>
    <gen:arc xlink:type="arc" xlink:arcrole="http://xbrl.org/arcrole/2008/element-label" xlink:from="loc_eba_c87219" xlink:to="label_eba_c87219" />
    <link:loc xlink:type="locator" xlink:href="d_01.00-rend.xml#eba_c87220" xlink:label="loc_eba_c87220" />
    <label:label xlink:type="resource" xlink:label="label_eba_c87220" xml:lang="en" xlink:role="http://www.eurofiling.info/xbrl/role/rc-code">0270</label:label>
    <gen:arc xlink:type="arc" xlink:arcrole="http://xbrl.org/arcrole/2008/element-label" xlink:from="loc_eba_c87220" xlink:to="label_eba_c87220" />
    <link:loc xlink:type="locator" xlink:href="d_01.00-rend.xml#eba_c87221" xlink:label="loc_eba_c87221" />
    <label:label xlink:type="resource" xlink:label="label_eba_c87221" xml:lang="en" xlink:role="http://www.eurofiling.info/xbrl/role/rc-code">0280</label:label>
    <gen:arc xlink:type="arc" xlink:arcrole="http://xbrl.org/arcrole/2008/element-label" xlink:from="loc_eba_c87221" xlink:to="label_eba_c87221" />
    <link:loc xlink:type="locator" xlink:href="d_01.00-rend.xml#eba_c87222" xlink:label="loc_eba_c87222" />
    <label:label xlink:type="resource" xlink:label="label_eba_c87222" xml:lang="en" xlink:role="http://www.eurofiling.info/xbrl/role/rc-code">0290</label:label>
    <gen:arc xlink:type="arc" xlink:arcrole="http://xbrl.org/arcrole/2008/element-label" xlink:from="loc_eba_c87222" xlink:to="label_eba_c87222" />
    <link:loc xlink:type="locator" xlink:href="d_01.00-rend.xml#eba_c87223" xlink:label="loc_eba_c87223" />
    <label:label xlink:type="resource" xlink:label="label_eba_c87223" xml:lang="en" xlink:role="http://www.eurofiling.info/xbrl/role/rc-code">0300</label:label>
    <gen:arc xlink:type="arc" xlink:arcrole="http://xbrl.org/arcrole/2008/element-label" xlink:from="loc_eba_c87223" xlink:to="label_eba_c87223" />
    <link:loc xlink:type="locator" xlink:href="d_01.00-rend.xml#eba_c87224" xlink:label="loc_eba_c87224" />
    <label:label xlink:type="resource" xlink:label="label_eba_c87224" xml:lang="en" xlink:role="http://www.eurofiling.info/xbrl/role/rc-code">0310</label:label>
    <gen:arc xlink:type="arc" xlink:arcrole="http://xbrl.org/arcrole/2008/element-label" xlink:from="loc_eba_c87224" xlink:to="label_eba_c87224" />
    <link:loc xlink:type="locator" xlink:href="d_01.00-rend.xml#eba_c87225" xlink:label="loc_eba_c87225" />
    <label:label xlink:type="resource" xlink:label="label_eba_c87225" xml:lang="en" xlink:role="http://www.eurofiling.info/xbrl/role/rc-code">0320</label:label>
    <gen:arc xlink:type="arc" xlink:arcrole="http://xbrl.org/arcrole/2008/element-label" xlink:from="loc_eba_c87225" xlink:to="label_eba_c87225" />
    <link:loc xlink:type="locator" xlink:href="d_01.00-rend.xml#eba_c87226" xlink:label="loc_eba_c87226" />
    <label:label xlink:type="resource" xlink:label="label_eba_c87226" xml:lang="en" xlink:role="http://www.eurofiling.info/xbrl/role/rc-code">0330</label:label>
    <gen:arc xlink:type="arc" xlink:arcrole="http://xbrl.org/arcrole/2008/element-label" xlink:from="loc_eba_c87226" xlink:to="label_eba_c87226" />
    <link:loc xlink:type="locator" xlink:href="d_01.00-rend.xml#eba_c87227" xlink:label="loc_eba_c87227" />
    <label:label xlink:type="resource" xlink:label="label_eba_c87227" xml:lang="en" xlink:role="http://www.eurofiling.info/xbrl/role/rc-code">0340</label:label>
    <gen:arc xlink:type="arc" xlink:arcrole="http://xbrl.org/arcrole/2008/element-label" xlink:from="loc_eba_c87227" xlink:to="label_eba_c87227" />
    <link:loc xlink:type="locator" xlink:href="d_01.00-rend.xml#eba_c87228" xlink:label="loc_eba_c87228" />
    <label:label xlink:type="resource" xlink:label="label_eba_c87228" xml:lang="en" xlink:role="http://www.eurofiling.info/xbrl/role/rc-code">0350</label:label>
    <gen:arc xlink:type="arc" xlink:arcrole="http://xbrl.org/arcrole/2008/element-label" xlink:from="loc_eba_c87228" xlink:to="label_eba_c87228" />
    <link:loc xlink:type="locator" xlink:href="d_01.00-rend.xml#eba_c87229" xlink:label="loc_eba_c87229" />
    <label:label xlink:type="resource" xlink:label="label_eba_c87229" xml:lang="en" xlink:role="http://www.eurofiling.info/xbrl/role/rc-code">0360</label:label>
    <gen:arc xlink:type="arc" xlink:arcrole="http://xbrl.org/arcrole/2008/element-label" xlink:from="loc_eba_c87229" xlink:to="label_eba_c87229" />
    <link:loc xlink:type="locator" xlink:href="d_01.00-rend.xml#eba_c87230" xlink:label="loc_eba_c87230" />
    <label:label xlink:type="resource" xlink:label="label_eba_c87230" xml:lang="en" xlink:role="http://www.eurofiling.info/xbrl/role/rc-code">0370</label:label>
    <gen:arc xlink:type="arc" xlink:arcrole="http://xbrl.org/arcrole/2008/element-label" xlink:from="loc_eba_c87230" xlink:to="label_eba_c87230" />
    <link:loc xlink:type="locator" xlink:href="d_01.00-rend.xml#eba_c87231" xlink:label="loc_eba_c87231" />
    <label:label xlink:type="resource" xlink:label="label_eba_c87231" xml:lang="en" xlink:role="http://www.eurofiling.info/xbrl/role/rc-code">0380</label:label>
    <gen:arc xlink:type="arc" xlink:arcrole="http://xbrl.org/arcrole/2008/element-label" xlink:from="loc_eba_c87231" xlink:to="label_eba_c87231" />
    <link:loc xlink:type="locator" xlink:href="d_01.00-rend.xml#eba_c87232" xlink:label="loc_eba_c87232" />
    <label:label xlink:type="resource" xlink:label="label_eba_c87232" xml:lang="en" xlink:role="http://www.eurofiling.info/xbrl/role/rc-code">0390</label:label>
    <gen:arc xlink:type="arc" xlink:arcrole="http://xbrl.org/arcrole/2008/element-label" xlink:from="loc_eba_c87232" xlink:to="label_eba_c87232" />
    <link:loc xlink:type="locator" xlink:href="d_01.00-rend.xml#eba_c87233" xlink:label="loc_eba_c87233" />
    <label:label xlink:type="resource" xlink:label="label_eba_c87233" xml:lang="en" xlink:role="http://www.eurofiling.info/xbrl/role/rc-code">0400</label:label>
    <gen:arc xlink:type="arc" xlink:arcrole="http://xbrl.org/arcrole/2008/element-label" xlink:from="loc_eba_c87233" xlink:to="label_eba_c87233" />
    <link:loc xlink:type="locator" xlink:href="d_01.00-rend.xml#eba_c87234" xlink:label="loc_eba_c87234" />
    <label:label xlink:type="resource" xlink:label="label_eba_c87234" xml:lang="en" xlink:role="http://www.eurofiling.info/xbrl/role/rc-code">0410</label:label>
    <gen:arc xlink:type="arc" xlink:arcrole="http://xbrl.org/arcrole/2008/element-label" xlink:from="loc_eba_c87234" xlink:to="label_eba_c87234" />
    <link:loc xlink:type="locator" xlink:href="d_01.00-rend.xml#eba_c87235" xlink:label="loc_eba_c87235" />
    <label:label xlink:type="resource" xlink:label="label_eba_c87235" xml:lang="en" xlink:role="http://www.eurofiling.info/xbrl/role/rc-code">0420</label:label>
    <gen:arc xlink:type="arc" xlink:arcrole="http://xbrl.org/arcrole/2008/element-label" xlink:from="loc_eba_c87235" xlink:to="label_eba_c87235" />
    <link:loc xlink:type="locator" xlink:href="d_01.00-rend.xml#eba_c87236" xlink:label="loc_eba_c87236" />
    <label:label xlink:type="resource" xlink:label="label_eba_c87236" xml:lang="en" xlink:role="http://www.eurofiling.info/xbrl/role/rc-code">0430</label:label>
    <gen:arc xlink:type="arc" xlink:arcrole="http://xbrl.org/arcrole/2008/element-label" xlink:from="loc_eba_c87236" xlink:to="label_eba_c87236" />
    <link:loc xlink:type="locator" xlink:href="d_01.00-rend.xml#eba_c87237" xlink:label="loc_eba_c87237" />
    <label:label xlink:type="resource" xlink:label="label_eba_c87237" xml:lang="en" xlink:role="http://www.eurofiling.info/xbrl/role/rc-code">0440</label:label>
    <gen:arc xlink:type="arc" xlink:arcrole="http://xbrl.org/arcrole/2008/element-label" xlink:from="loc_eba_c87237" xlink:to="label_eba_c87237" />
    <link:loc xlink:type="locator" xlink:href="d_01.00-rend.xml#eba_c87238" xlink:label="loc_eba_c87238" />
    <label:label xlink:type="resource" xlink:label="label_eba_c87238" xml:lang="en" xlink:role="http://www.eurofiling.info/xbrl/role/rc-code">0450</label:label>
    <gen:arc xlink:type="arc" xlink:arcrole="http://xbrl.org/arcrole/2008/element-label" xlink:from="loc_eba_c87238" xlink:to="label_eba_c87238" />
    <link:loc xlink:type="locator" xlink:href="d_01.00-rend.xml#eba_c87239" xlink:label="loc_eba_c87239" />
    <label:label xlink:type="resource" xlink:label="label_eba_c87239" xml:lang="en" xlink:role="http://www.eurofiling.info/xbrl/role/rc-code">0460</label:label>
    <gen:arc xlink:type="arc" xlink:arcrole="http://xbrl.org/arcrole/2008/element-label" xlink:from="loc_eba_c87239" xlink:to="label_eba_c87239" />
    <link:loc xlink:type="locator" xlink:href="d_01.00-rend.xml#eba_c87240" xlink:label="loc_eba_c87240" />
    <label:label xlink:type="resource" xlink:label="label_eba_c87240" xml:lang="en" xlink:role="http://www.eurofiling.info/xbrl/role/rc-code">0470</label:label>
    <gen:arc xlink:type="arc" xlink:arcrole="http://xbrl.org/arcrole/2008/element-label" xlink:from="loc_eba_c87240" xlink:to="label_eba_c87240" />
    <link:loc xlink:type="locator" xlink:href="d_01.00-rend.xml#eba_c87241" xlink:label="loc_eba_c87241" />
    <label:label xlink:type="resource" xlink:label="label_eba_c87241" xml:lang="en" xlink:role="http://www.eurofiling.info/xbrl/role/rc-code">0480</label:label>
    <gen:arc xlink:type="arc" xlink:arcrole="http://xbrl.org/arcrole/2008/element-label" xlink:from="loc_eba_c87241" xlink:to="label_eba_c87241" />
    <link:loc xlink:type="locator" xlink:href="d_01.00-rend.xml#eba_c87242" xlink:label="loc_eba_c87242" />
    <label:label xlink:type="resource" xlink:label="label_eba_c87242" xml:lang="en" xlink:role="http://www.eurofiling.info/xbrl/role/rc-code">0490</label:label>
    <gen:arc xlink:type="arc" xlink:arcrole="http://xbrl.org/arcrole/2008/element-label" xlink:from="loc_eba_c87242" xlink:to="label_eba_c87242" />
    <link:loc xlink:type="locator" xlink:href="d_01.00-rend.xml#eba_c87243" xlink:label="loc_eba_c87243" />
    <label:label xlink:type="resource" xlink:label="label_eba_c87243" xml:lang="en" xlink:role="http://www.eurofiling.info/xbrl/role/rc-code">0500</label:label>
    <gen:arc xlink:type="arc" xlink:arcrole="http://xbrl.org/arcrole/2008/element-label" xlink:from="loc_eba_c87243" xlink:to="label_eba_c87243" />
    <link:loc xlink:type="locator" xlink:href="d_01.00-rend.xml#eba_c87244" xlink:label="loc_eba_c87244" />
    <label:label xlink:type="resource" xlink:label="label_eba_c87244" xml:lang="en" xlink:role="http://www.eurofiling.info/xbrl/role/rc-code">0510</label:label>
    <gen:arc xlink:type="arc" xlink:arcrole="http://xbrl.org/arcrole/2008/element-label" xlink:from="loc_eba_c87244" xlink:to="label_eba_c87244" />
    <link:loc xlink:type="locator" xlink:href="d_01.00-rend.xml#eba_c87245" xlink:label="loc_eba_c87245" />
    <label:label xlink:type="resource" xlink:label="label_eba_c87245" xml:lang="en" xlink:role="http://www.eurofiling.info/xbrl/role/rc-code">0520</label:label>
    <gen:arc xlink:type="arc" xlink:arcrole="http://xbrl.org/arcrole/2008/element-label" xlink:from="loc_eba_c87245" xlink:to="label_eba_c87245" />
    <link:loc xlink:type="locator" xlink:href="d_01.00-rend.xml#eba_c87246" xlink:label="loc_eba_c87246" />
    <label:label xlink:type="resource" xlink:label="label_eba_c87246" xml:lang="en" xlink:role="http://www.eurofiling.info/xbrl/role/rc-code">0530</label:label>
    <gen:arc xlink:type="arc" xlink:arcrole="http://xbrl.org/arcrole/2008/element-label" xlink:from="loc_eba_c87246" xlink:to="label_eba_c87246" />
    <link:loc xlink:type="locator" xlink:href="d_01.00-rend.xml#eba_c87247" xlink:label="loc_eba_c87247" />
    <label:label xlink:type="resource" xlink:label="label_eba_c87247" xml:lang="en" xlink:role="http://www.eurofiling.info/xbrl/role/rc-code">0540</label:label>
    <gen:arc xlink:type="arc" xlink:arcrole="http://xbrl.org/arcrole/2008/element-label" xlink:from="loc_eba_c87247" xlink:to="label_eba_c87247" />
    <link:loc xlink:type="locator" xlink:href="d_01.00-rend.xml#eba_c87248" xlink:label="loc_eba_c87248" />
    <label:label xlink:type="resource" xlink:label="label_eba_c87248" xml:lang="en" xlink:role="http://www.eurofiling.info/xbrl/role/rc-code">0550</label:label>
    <gen:arc xlink:type="arc" xlink:arcrole="http://xbrl.org/arcrole/2008/element-label" xlink:from="loc_eba_c87248" xlink:to="label_eba_c87248" />
    <link:loc xlink:type="locator" xlink:href="d_01.00-rend.xml#eba_c87249" xlink:label="loc_eba_c87249" />
    <label:label xlink:type="resource" xlink:label="label_eba_c87249" xml:lang="en" xlink:role="http://www.eurofiling.info/xbrl/role/rc-code">0560</label:label>
    <gen:arc xlink:type="arc" xlink:arcrole="http://xbrl.org/arcrole/2008/element-label" xlink:from="loc_eba_c87249" xlink:to="label_eba_c87249" />
    <label:label xlink:type="resource" xlink:label="label_eba_tD_01.00_1" xml:lang="en" xlink:role="http://www.eurofiling.info/xbrl/role/filing-indicator-code">D_01.00</label:label>
    <gen:arc xlink:type="arc" xlink:arcrole="http://xbrl.org/arcrole/2008/element-label" xlink:from="loc_eba_tD_01.00" xlink:to="label_eba_tD_01.00_1" />
    <label:label xlink:type="resource" xlink:label="label_eba_tD_01.00_2" xml:lang="en" xlink:role="http://www.eba.europa.eu/xbrl/role/dpm-db-id">800.2297</label:label>
    <gen:arc xlink:type="arc" xlink:arcrole="http://xbrl.org/arcrole/2008/element-label" xlink:from="loc_eba_tD_01.00" xlink:to="label_eba_tD_01.00_2" />
    <label:label xlink:type="resource" xlink:label="label_eba_c86363_1" xml:lang="en" xlink:role="http://www.eba.europa.eu/xbrl/role/dpm-db-id">86363</label:label>
    <gen:arc xlink:type="arc" xlink:arcrole="http://xbrl.org/arcrole/2008/element-label" xlink:from="loc_eba_c86363" xlink:to="label_eba_c86363_1" />
    <label:label xlink:type="resource" xlink:label="label_eba_c86398_1" xml:lang="en" xlink:role="http://www.eba.europa.eu/xbrl/role/dpm-db-id">86398</label:label>
    <gen:arc xlink:type="arc" xlink:arcrole="http://xbrl.org/arcrole/2008/element-label" xlink:from="loc_eba_c86398" xlink:to="label_eba_c86398_1" />
    <label:label xlink:type="resource" xlink:label="label_eba_c86399_1" xml:lang="en" xlink:role="http://www.eba.europa.eu/xbrl/role/dpm-db-id">86399</label:label>
    <gen:arc xlink:type="arc" xlink:arcrole="http://xbrl.org/arcrole/2008/element-label" xlink:from="loc_eba_c86399" xlink:to="label_eba_c86399_1" />
    <label:label xlink:type="resource" xlink:label="label_eba_c86400_1" xml:lang="en" xlink:role="http://www.eba.europa.eu/xbrl/role/dpm-db-id">86400</label:label>
    <gen:arc xlink:type="arc" xlink:arcrole="http://xbrl.org/arcrole/2008/element-label" xlink:from="loc_eba_c86400" xlink:to="label_eba_c86400_1" />
    <label:label xlink:type="resource" xlink:label="label_eba_c86401_1" xml:lang="en" xlink:role="http://www.eba.europa.eu/xbrl/role/dpm-db-id">86401</label:label>
    <gen:arc xlink:type="arc" xlink:arcrole="http://xbrl.org/arcrole/2008/element-label" xlink:from="loc_eba_c86401" xlink:to="label_eba_c86401_1" />
    <label:label xlink:type="resource" xlink:label="label_eba_c86402_1" xml:lang="en" xlink:role="http://www.eba.europa.eu/xbrl/role/dpm-db-id">86402</label:label>
    <gen:arc xlink:type="arc" xlink:arcrole="http://xbrl.org/arcrole/2008/element-label" xlink:from="loc_eba_c86402" xlink:to="label_eba_c86402_1" />
    <label:label xlink:type="resource" xlink:label="label_eba_c86403_1" xml:lang="en" xlink:role="http://www.eba.europa.eu/xbrl/role/dpm-db-id">86403</label:label>
    <gen:arc xlink:type="arc" xlink:arcrole="http://xbrl.org/arcrole/2008/element-label" xlink:from="loc_eba_c86403" xlink:to="label_eba_c86403_1" />
    <label:label xlink:type="resource" xlink:label="label_eba_c86404_1" xml:lang="en" xlink:role="http://www.eba.europa.eu/xbrl/role/dpm-db-id">86404</label:label>
    <gen:arc xlink:type="arc" xlink:arcrole="http://xbrl.org/arcrole/2008/element-label" xlink:from="loc_eba_c86404" xlink:to="label_eba_c86404_1" />
    <label:label xlink:type="resource" xlink:label="label_eba_c86405_1" xml:lang="en" xlink:role="http://www.eba.europa.eu/xbrl/role/dpm-db-id">86405</label:label>
    <gen:arc xlink:type="arc" xlink:arcrole="http://xbrl.org/arcrole/2008/element-label" xlink:from="loc_eba_c86405" xlink:to="label_eba_c86405_1" />
    <label:label xlink:type="resource" xlink:label="label_eba_c86406_1" xml:lang="en" xlink:role="http://www.eba.europa.eu/xbrl/role/dpm-db-id">86406</label:label>
    <gen:arc xlink:type="arc" xlink:arcrole="http://xbrl.org/arcrole/2008/element-label" xlink:from="loc_eba_c86406" xlink:to="label_eba_c86406_1" />
    <label:label xlink:type="resource" xlink:label="label_eba_c86407_1" xml:lang="en" xlink:role="http://www.eba.europa.eu/xbrl/role/dpm-db-id">86407</label:label>
    <gen:arc xlink:type="arc" xlink:arcrole="http://xbrl.org/arcrole/2008/element-label" xlink:from="loc_eba_c86407" xlink:to="label_eba_c86407_1" />
    <label:label xlink:type="resource" xlink:label="label_eba_c86408_1" xml:lang="en" xlink:role="http://www.eba.europa.eu/xbrl/role/dpm-db-id">86408</label:label>
    <gen:arc xlink:type="arc" xlink:arcrole="http://xbrl.org/arcrole/2008/element-label" xlink:from="loc_eba_c86408" xlink:to="label_eba_c86408_1" />
    <label:label xlink:type="resource" xlink:label="label_eba_c86409_1" xml:lang="en" xlink:role="http://www.eba.europa.eu/xbrl/role/dpm-db-id">86409</label:label>
    <gen:arc xlink:type="arc" xlink:arcrole="http://xbrl.org/arcrole/2008/element-label" xlink:from="loc_eba_c86409" xlink:to="label_eba_c86409_1" />
    <label:label xlink:type="resource" xlink:label="label_eba_c86410_1" xml:lang="en" xlink:role="http://www.eba.europa.eu/xbrl/role/dpm-db-id">86410</label:label>
    <gen:arc xlink:type="arc" xlink:arcrole="http://xbrl.org/arcrole/2008/element-label" xlink:from="loc_eba_c86410" xlink:to="label_eba_c86410_1" />
    <label:label xlink:type="resource" xlink:label="label_eba_c86411_1" xml:lang="en" xlink:role="http://www.eba.europa.eu/xbrl/role/dpm-db-id">86411</label:label>
    <gen:arc xlink:type="arc" xlink:arcrole="http://xbrl.org/arcrole/2008/element-label" xlink:from="loc_eba_c86411" xlink:to="label_eba_c86411_1" />
    <label:label xlink:type="resource" xlink:label="label_eba_c86412_1" xml:lang="en" xlink:role="http://www.eba.europa.eu/xbrl/role/dpm-db-id">86412</label:label>
    <gen:arc xlink:type="arc" xlink:arcrole="http://xbrl.org/arcrole/2008/element-label" xlink:from="loc_eba_c86412" xlink:to="label_eba_c86412_1" />
    <label:label xlink:type="resource" xlink:label="label_eba_c87250_1" xml:lang="en" xlink:role="http://www.eba.europa.eu/xbrl/role/dpm-db-id">87250</label:label>
    <gen:arc xlink:type="arc" xlink:arcrole="http://xbrl.org/arcrole/2008/element-label" xlink:from="loc_eba_c87250" xlink:to="label_eba_c87250_1" />
    <label:label xlink:type="resource" xlink:label="label_eba_c87195_1" xml:lang="en" xlink:role="http://www.eba.europa.eu/xbrl/role/dpm-db-id">87195</label:label>
    <gen:arc xlink:type="arc" xlink:arcrole="http://xbrl.org/arcrole/2008/element-label" xlink:from="loc_eba_c87195" xlink:to="label_eba_c87195_1" />
    <label:label xlink:type="resource" xlink:label="label_eba_c87196_1" xml:lang="en" xlink:role="http://www.eba.europa.eu/xbrl/role/dpm-db-id">87196</label:label>
    <gen:arc xlink:type="arc" xlink:arcrole="http://xbrl.org/arcrole/2008/element-label" xlink:from="loc_eba_c87196" xlink:to="label_eba_c87196_1" />
    <label:label xlink:type="resource" xlink:label="label_eba_c87197_1" xml:lang="en" xlink:role="http://www.eba.europa.eu/xbrl/role/dpm-db-id">87197</label:label>
    <gen:arc xlink:type="arc" xlink:arcrole="http://xbrl.org/arcrole/2008/element-label" xlink:from="loc_eba_c87197" xlink:to="label_eba_c87197_1" />
    <label:label xlink:type="resource" xlink:label="label_eba_c87198_1" xml:lang="en" xlink:role="http://www.eba.europa.eu/xbrl/role/dpm-db-id">87198</label:label>
    <gen:arc xlink:type="arc" xlink:arcrole="http://xbrl.org/arcrole/2008/element-label" xlink:from="loc_eba_c87198" xlink:to="label_eba_c87198_1" />
    <label:label xlink:type="resource" xlink:label="label_eba_c87199_1" xml:lang="en" xlink:role="http://www.eba.europa.eu/xbrl/role/dpm-db-id">87199</label:label>
    <gen:arc xlink:type="arc" xlink:arcrole="http://xbrl.org/arcrole/2008/element-label" xlink:from="loc_eba_c87199" xlink:to="label_eba_c87199_1" />
    <label:label xlink:type="resource" xlink:label="label_eba_c87200_1" xml:lang="en" xlink:role="http://www.eba.europa.eu/xbrl/role/dpm-db-id">87200</label:label>
    <gen:arc xlink:type="arc" xlink:arcrole="http://xbrl.org/arcrole/2008/element-label" xlink:from="loc_eba_c87200" xlink:to="label_eba_c87200_1" />
    <label:label xlink:type="resource" xlink:label="label_eba_c87201_1" xml:lang="en" xlink:role="http://www.eba.europa.eu/xbrl/role/dpm-db-id">87201</label:label>
    <gen:arc xlink:type="arc" xlink:arcrole="http://xbrl.org/arcrole/2008/element-label" xlink:from="loc_eba_c87201" xlink:to="label_eba_c87201_1" />
    <label:label xlink:type="resource" xlink:label="label_eba_c87202_1" xml:lang="en" xlink:role="http://www.eba.europa.eu/xbrl/role/dpm-db-id">87202</label:label>
    <gen:arc xlink:type="arc" xlink:arcrole="http://xbrl.org/arcrole/2008/element-label" xlink:from="loc_eba_c87202" xlink:to="label_eba_c87202_1" />
    <label:label xlink:type="resource" xlink:label="label_eba_c87203_1" xml:lang="en" xlink:role="http://www.eba.europa.eu/xbrl/role/dpm-db-id">87203</label:label>
    <gen:arc xlink:type="arc" xlink:arcrole="http://xbrl.org/arcrole/2008/element-label" xlink:from="loc_eba_c87203" xlink:to="label_eba_c87203_1" />
    <label:label xlink:type="resource" xlink:label="label_eba_c87204_1" xml:lang="en" xlink:role="http://www.eba.europa.eu/xbrl/role/dpm-db-id">87204</label:label>
    <gen:arc xlink:type="arc" xlink:arcrole="http://xbrl.org/arcrole/2008/element-label" xlink:from="loc_eba_c87204" xlink:to="label_eba_c87204_1" />
    <label:label xlink:type="resource" xlink:label="label_eba_c87205_1" xml:lang="en" xlink:role="http://www.eba.europa.eu/xbrl/role/dpm-db-id">87205</label:label>
    <gen:arc xlink:type="arc" xlink:arcrole="http://xbrl.org/arcrole/2008/element-label" xlink:from="loc_eba_c87205" xlink:to="label_eba_c87205_1" />
    <label:label xlink:type="resource" xlink:label="label_eba_c87206_1" xml:lang="en" xlink:role="http://www.eba.europa.eu/xbrl/role/dpm-db-id">87206</label:label>
    <gen:arc xlink:type="arc" xlink:arcrole="http://xbrl.org/arcrole/2008/element-label" xlink:from="loc_eba_c87206" xlink:to="label_eba_c87206_1" />
    <label:label xlink:type="resource" xlink:label="label_eba_c87207_1" xml:lang="en" xlink:role="http://www.eba.europa.eu/xbrl/role/dpm-db-id">87207</label:label>
    <gen:arc xlink:type="arc" xlink:arcrole="http://xbrl.org/arcrole/2008/element-label" xlink:from="loc_eba_c87207" xlink:to="label_eba_c87207_1" />
    <label:label xlink:type="resource" xlink:label="label_eba_c87208_1" xml:lang="en" xlink:role="http://www.eba.europa.eu/xbrl/role/dpm-db-id">87208</label:label>
    <gen:arc xlink:type="arc" xlink:arcrole="http://xbrl.org/arcrole/2008/element-label" xlink:from="loc_eba_c87208" xlink:to="label_eba_c87208_1" />
    <label:label xlink:type="resource" xlink:label="label_eba_c87209_1" xml:lang="en" xlink:role="http://www.eba.europa.eu/xbrl/role/dpm-db-id">87209</label:label>
    <gen:arc xlink:type="arc" xlink:arcrole="http://xbrl.org/arcrole/2008/element-label" xlink:from="loc_eba_c87209" xlink:to="label_eba_c87209_1" />
    <label:label xlink:type="resource" xlink:label="label_eba_c87210_1" xml:lang="en" xlink:role="http://www.eba.europa.eu/xbrl/role/dpm-db-id">87210</label:label>
    <gen:arc xlink:type="arc" xlink:arcrole="http://xbrl.org/arcrole/2008/element-label" xlink:from="loc_eba_c87210" xlink:to="label_eba_c87210_1" />
    <label:label xlink:type="resource" xlink:label="label_eba_c87211_1" xml:lang="en" xlink:role="http://www.eba.europa.eu/xbrl/role/dpm-db-id">87211</label:label>
    <gen:arc xlink:type="arc" xlink:arcrole="http://xbrl.org/arcrole/2008/element-label" xlink:from="loc_eba_c87211" xlink:to="label_eba_c87211_1" />
    <label:label xlink:type="resource" xlink:label="label_eba_c87212_1" xml:lang="en" xlink:role="http://www.eba.europa.eu/xbrl/role/dpm-db-id">87212</label:label>
    <gen:arc xlink:type="arc" xlink:arcrole="http://xbrl.org/arcrole/2008/element-label" xlink:from="loc_eba_c87212" xlink:to="label_eba_c87212_1" />
    <label:label xlink:type="resource" xlink:label="label_eba_c87213_1" xml:lang="en" xlink:role="http://www.eba.europa.eu/xbrl/role/dpm-db-id">87213</label:label>
    <gen:arc xlink:type="arc" xlink:arcrole="http://xbrl.org/arcrole/2008/element-label" xlink:from="loc_eba_c87213" xlink:to="label_eba_c87213_1" />
    <label:label xlink:type="resource" xlink:label="label_eba_c87214_1" xml:lang="en" xlink:role="http://www.eba.europa.eu/xbrl/role/dpm-db-id">87214</label:label>
    <gen:arc xlink:type="arc" xlink:arcrole="http://xbrl.org/arcrole/2008/element-label" xlink:from="loc_eba_c87214" xlink:to="label_eba_c87214_1" />
    <label:label xlink:type="resource" xlink:label="label_eba_c87215_1" xml:lang="en" xlink:role="http://www.eba.europa.eu/xbrl/role/dpm-db-id">87215</label:label>
    <gen:arc xlink:type="arc" xlink:arcrole="http://xbrl.org/arcrole/2008/element-label" xlink:from="loc_eba_c87215" xlink:to="label_eba_c87215_1" />
    <label:label xlink:type="resource" xlink:label="label_eba_c87216_1" xml:lang="en" xlink:role="http://www.eba.europa.eu/xbrl/role/dpm-db-id">87216</label:label>
    <gen:arc xlink:type="arc" xlink:arcrole="http://xbrl.org/arcrole/2008/element-label" xlink:from="loc_eba_c87216" xlink:to="label_eba_c87216_1" />
    <label:label xlink:type="resource" xlink:label="label_eba_c87217_1" xml:lang="en" xlink:role="http://www.eba.europa.eu/xbrl/role/dpm-db-id">87217</label:label>
    <gen:arc xlink:type="arc" xlink:arcrole="http://xbrl.org/arcrole/2008/element-label" xlink:from="loc_eba_c87217" xlink:to="label_eba_c87217_1" />
    <label:label xlink:type="resource" xlink:label="label_eba_c87218_1" xml:lang="en" xlink:role="http://www.eba.europa.eu/xbrl/role/dpm-db-id">87218</label:label>
    <gen:arc xlink:type="arc" xlink:arcrole="http://xbrl.org/arcrole/2008/element-label" xlink:from="loc_eba_c87218" xlink:to="label_eba_c87218_1" />
    <label:label xlink:type="resource" xlink:label="label_eba_c87219_1" xml:lang="en" xlink:role="http://www.eba.europa.eu/xbrl/role/dpm-db-id">87219</label:label>
    <gen:arc xlink:type="arc" xlink:arcrole="http://xbrl.org/arcrole/2008/element-label" xlink:from="loc_eba_c87219" xlink:to="label_eba_c87219_1" />
    <label:label xlink:type="resource" xlink:label="label_eba_c87220_1" xml:lang="en" xlink:role="http://www.eba.europa.eu/xbrl/role/dpm-db-id">87220</label:label>
    <gen:arc xlink:type="arc" xlink:arcrole="http://xbrl.org/arcrole/2008/element-label" xlink:from="loc_eba_c87220" xlink:to="label_eba_c87220_1" />
    <label:label xlink:type="resource" xlink:label="label_eba_c87221_1" xml:lang="en" xlink:role="http://www.eba.europa.eu/xbrl/role/dpm-db-id">87221</label:label>
    <gen:arc xlink:type="arc" xlink:arcrole="http://xbrl.org/arcrole/2008/element-label" xlink:from="loc_eba_c87221" xlink:to="label_eba_c87221_1" />
    <label:label xlink:type="resource" xlink:label="label_eba_c87222_1" xml:lang="en" xlink:role="http://www.eba.europa.eu/xbrl/role/dpm-db-id">87222</label:label>
    <gen:arc xlink:type="arc" xlink:arcrole="http://xbrl.org/arcrole/2008/element-label" xlink:from="loc_eba_c87222" xlink:to="label_eba_c87222_1" />
    <label:label xlink:type="resource" xlink:label="label_eba_c87223_1" xml:lang="en" xlink:role="http://www.eba.europa.eu/xbrl/role/dpm-db-id">87223</label:label>
    <gen:arc xlink:type="arc" xlink:arcrole="http://xbrl.org/arcrole/2008/element-label" xlink:from="loc_eba_c87223" xlink:to="label_eba_c87223_1" />
    <label:label xlink:type="resource" xlink:label="label_eba_c87224_1" xml:lang="en" xlink:role="http://www.eba.europa.eu/xbrl/role/dpm-db-id">87224</label:label>
    <gen:arc xlink:type="arc" xlink:arcrole="http://xbrl.org/arcrole/2008/element-label" xlink:from="loc_eba_c87224" xlink:to="label_eba_c87224_1" />
    <label:label xlink:type="resource" xlink:label="label_eba_c87225_1" xml:lang="en" xlink:role="http://www.eba.europa.eu/xbrl/role/dpm-db-id">87225</label:label>
    <gen:arc xlink:type="arc" xlink:arcrole="http://xbrl.org/arcrole/2008/element-label" xlink:from="loc_eba_c87225" xlink:to="label_eba_c87225_1" />
    <label:label xlink:type="resource" xlink:label="label_eba_c87226_1" xml:lang="en" xlink:role="http://www.eba.europa.eu/xbrl/role/dpm-db-id">87226</label:label>
    <gen:arc xlink:type="arc" xlink:arcrole="http://xbrl.org/arcrole/2008/element-label" xlink:from="loc_eba_c87226" xlink:to="label_eba_c87226_1" />
    <label:label xlink:type="resource" xlink:label="label_eba_c87227_1" xml:lang="en" xlink:role="http://www.eba.europa.eu/xbrl/role/dpm-db-id">87227</label:label>
    <gen:arc xlink:type="arc" xlink:arcrole="http://xbrl.org/arcrole/2008/element-label" xlink:from="loc_eba_c87227" xlink:to="label_eba_c87227_1" />
    <label:label xlink:type="resource" xlink:label="label_eba_c87228_1" xml:lang="en" xlink:role="http://www.eba.europa.eu/xbrl/role/dpm-db-id">87228</label:label>
    <gen:arc xlink:type="arc" xlink:arcrole="http://xbrl.org/arcrole/2008/element-label" xlink:from="loc_eba_c87228" xlink:to="label_eba_c87228_1" />
    <label:label xlink:type="resource" xlink:label="label_eba_c87229_1" xml:lang="en" xlink:role="http://www.eba.europa.eu/xbrl/role/dpm-db-id">87229</label:label>
    <gen:arc xlink:type="arc" xlink:arcrole="http://xbrl.org/arcrole/2008/element-label" xlink:from="loc_eba_c87229" xlink:to="label_eba_c87229_1" />
    <label:label xlink:type="resource" xlink:label="label_eba_c87230_1" xml:lang="en" xlink:role="http://www.eba.europa.eu/xbrl/role/dpm-db-id">87230</label:label>
    <gen:arc xlink:type="arc" xlink:arcrole="http://xbrl.org/arcrole/2008/element-label" xlink:from="loc_eba_c87230" xlink:to="label_eba_c87230_1" />
    <label:label xlink:type="resource" xlink:label="label_eba_c87231_1" xml:lang="en" xlink:role="http://www.eba.europa.eu/xbrl/role/dpm-db-id">87231</label:label>
    <gen:arc xlink:type="arc" xlink:arcrole="http://xbrl.org/arcrole/2008/element-label" xlink:from="loc_eba_c87231" xlink:to="label_eba_c87231_1" />
    <label:label xlink:type="resource" xlink:label="label_eba_c87232_1" xml:lang="en" xlink:role="http://www.eba.europa.eu/xbrl/role/dpm-db-id">87232</label:label>
    <gen:arc xlink:type="arc" xlink:arcrole="http://xbrl.org/arcrole/2008/element-label" xlink:from="loc_eba_c87232" xlink:to="label_eba_c87232_1" />
    <label:label xlink:type="resource" xlink:label="label_eba_c87233_1" xml:lang="en" xlink:role="http://www.eba.europa.eu/xbrl/role/dpm-db-id">87233</label:label>
    <gen:arc xlink:type="arc" xlink:arcrole="http://xbrl.org/arcrole/2008/element-label" xlink:from="loc_eba_c87233" xlink:to="label_eba_c87233_1" />
    <label:label xlink:type="resource" xlink:label="label_eba_c87234_1" xml:lang="en" xlink:role="http://www.eba.europa.eu/xbrl/role/dpm-db-id">87234</label:label>
    <gen:arc xlink:type="arc" xlink:arcrole="http://xbrl.org/arcrole/2008/element-label" xlink:from="loc_eba_c87234" xlink:to="label_eba_c87234_1" />
    <label:label xlink:type="resource" xlink:label="label_eba_c87235_1" xml:lang="en" xlink:role="http://www.eba.europa.eu/xbrl/role/dpm-db-id">87235</label:label>
    <gen:arc xlink:type="arc" xlink:arcrole="http://xbrl.org/arcrole/2008/element-label" xlink:from="loc_eba_c87235" xlink:to="label_eba_c87235_1" />
    <label:label xlink:type="resource" xlink:label="label_eba_c87236_1" xml:lang="en" xlink:role="http://www.eba.europa.eu/xbrl/role/dpm-db-id">87236</label:label>
    <gen:arc xlink:type="arc" xlink:arcrole="http://xbrl.org/arcrole/2008/element-label" xlink:from="loc_eba_c87236" xlink:to="label_eba_c87236_1" />
    <label:label xlink:type="resource" xlink:label="label_eba_c87237_1" xml:lang="en" xlink:role="http://www.eba.europa.eu/xbrl/role/dpm-db-id">87237</label:label>
    <gen:arc xlink:type="arc" xlink:arcrole="http://xbrl.org/arcrole/2008/element-label" xlink:from="loc_eba_c87237" xlink:to="label_eba_c87237_1" />
    <label:label xlink:type="resource" xlink:label="label_eba_c87238_1" xml:lang="en" xlink:role="http://www.eba.europa.eu/xbrl/role/dpm-db-id">87238</label:label>
    <gen:arc xlink:type="arc" xlink:arcrole="http://xbrl.org/arcrole/2008/element-label" xlink:from="loc_eba_c87238" xlink:to="label_eba_c87238_1" />
    <label:label xlink:type="resource" xlink:label="label_eba_c87239_1" xml:lang="en" xlink:role="http://www.eba.europa.eu/xbrl/role/dpm-db-id">87239</label:label>
    <gen:arc xlink:type="arc" xlink:arcrole="http://xbrl.org/arcrole/2008/element-label" xlink:from="loc_eba_c87239" xlink:to="label_eba_c87239_1" />
    <label:label xlink:type="resource" xlink:label="label_eba_c87240_1" xml:lang="en" xlink:role="http://www.eba.europa.eu/xbrl/role/dpm-db-id">87240</label:label>
    <gen:arc xlink:type="arc" xlink:arcrole="http://xbrl.org/arcrole/2008/element-label" xlink:from="loc_eba_c87240" xlink:to="label_eba_c87240_1" />
    <label:label xlink:type="resource" xlink:label="label_eba_c87241_1" xml:lang="en" xlink:role="http://www.eba.europa.eu/xbrl/role/dpm-db-id">87241</label:label>
    <gen:arc xlink:type="arc" xlink:arcrole="http://xbrl.org/arcrole/2008/element-label" xlink:from="loc_eba_c87241" xlink:to="label_eba_c87241_1" />
    <label:label xlink:type="resource" xlink:label="label_eba_c87242_1" xml:lang="en" xlink:role="http://www.eba.europa.eu/xbrl/role/dpm-db-id">87242</label:label>
    <gen:arc xlink:type="arc" xlink:arcrole="http://xbrl.org/arcrole/2008/element-label" xlink:from="loc_eba_c87242" xlink:to="label_eba_c87242_1" />
    <label:label xlink:type="resource" xlink:label="label_eba_c87243_1" xml:lang="en" xlink:role="http://www.eba.europa.eu/xbrl/role/dpm-db-id">87243</label:label>
    <gen:arc xlink:type="arc" xlink:arcrole="http://xbrl.org/arcrole/2008/element-label" xlink:from="loc_eba_c87243" xlink:to="label_eba_c87243_1" />
    <label:label xlink:type="resource" xlink:label="label_eba_c87244_1" xml:lang="en" xlink:role="http://www.eba.europa.eu/xbrl/role/dpm-db-id">87244</label:label>
    <gen:arc xlink:type="arc" xlink:arcrole="http://xbrl.org/arcrole/2008/element-label" xlink:from="loc_eba_c87244" xlink:to="label_eba_c87244_1" />
    <label:label xlink:type="resource" xlink:label="label_eba_c87245_1" xml:lang="en" xlink:role="http://www.eba.europa.eu/xbrl/role/dpm-db-id">87245</label:label>
    <gen:arc xlink:type="arc" xlink:arcrole="http://xbrl.org/arcrole/2008/element-label" xlink:from="loc_eba_c87245" xlink:to="label_eba_c87245_1" />
    <label:label xlink:type="resource" xlink:label="label_eba_c87246_1" xml:lang="en" xlink:role="http://www.eba.europa.eu/xbrl/role/dpm-db-id">87246</label:label>
    <gen:arc xlink:type="arc" xlink:arcrole="http://xbrl.org/arcrole/2008/element-label" xlink:from="loc_eba_c87246" xlink:to="label_eba_c87246_1" />
    <label:label xlink:type="resource" xlink:label="label_eba_c87247_1" xml:lang="en" xlink:role="http://www.eba.europa.eu/xbrl/role/dpm-db-id">87247</label:label>
    <gen:arc xlink:type="arc" xlink:arcrole="http://xbrl.org/arcrole/2008/element-label" xlink:from="loc_eba_c87247" xlink:to="label_eba_c87247_1" />
    <label:label xlink:type="resource" xlink:label="label_eba_c87248_1" xml:lang="en" xlink:role="http://www.eba.europa.eu/xbrl/role/dpm-db-id">87248</label:label>
    <gen:arc xlink:type="arc" xlink:arcrole="http://xbrl.org/arcrole/2008/element-label" xlink:from="loc_eba_c87248" xlink:to="label_eba_c87248_1" />
    <label:label xlink:type="resource" xlink:label="label_eba_c87249_1" xml:lang="en" xlink:role="http://www.eba.europa.eu/xbrl/role/dpm-db-id">87249</label:label>
    <gen:arc xlink:type="arc" xlink:arcrole="http://xbrl.org/arcrole/2008/element-label" xlink:from="loc_eba_c87249" xlink:to="label_eba_c87249_1" />
  </gen:link>
</link:linkbase>