<?xml version="1.0" encoding="UTF-8"?>
<!--
*******************************************************************************************
Copyright © 2022 Comisión para el Mercado Financiero de Chile (CMF) 
This material is copyright of the CMF Chile and all rights are reserved. 
No part of this material may be translated, reprinted, reproduced or utilised in 
any form or manner that is not expressly permitted by the CMF Chile 
IP Policy see: http://www.cmfchile.cl/sitio/pop/politica.html
*******************************************************************************************
-->
<!-- Generated with Reporting Standard S.L. XBRL Taxonomy builder version 3.7.1.1364 - http://www.reportingstandard.com -->
<link:linkbase xmlns:link="http://www.xbrl.org/2003/linkbase" xmlns:xlink="http://www.w3.org/1999/xlink">
  <link:roleRef xlink:type="simple" roleURI="http://www.cmfchile.cl/cl/fr/ci/role/ifrs-13_2021-03-24_role-823000" xlink:href="../cl-ci_ifrs-13_2021-03-24_role-823000.xsd#ifrs-13_2021-03-24_role-823000"/>
  <link:calculationLink xlink:type="extended" xlink:role="http://www.cmfchile.cl/cl/fr/ci/role/ifrs-13_2021-03-24_role-823000">
    <link:loc xlink:type="locator" xlink:href="http://xbrl.ifrs.org/taxonomy/2021-03-24/full_ifrs/full_ifrs-cor_2021-03-24.xsd#ifrs-full_GainsLossesRecognisedInProfitOrLossFairValueMeasurementAssets" xlink:label="lbl21507"/>
    <link:loc xlink:type="locator" xlink:href="http://xbrl.ifrs.org/taxonomy/2021-03-24/full_ifrs/full_ifrs-cor_2021-03-24.xsd#ifrs-full_GainsLossesRecognisedInProfitOrLossOnExchangeDifferencesFairValueMeasurementAssets" xlink:label="lbl21508"/>
    <link:calculationArc xlink:type="arc" xlink:arcrole="http://www.xbrl.org/2003/arcrole/summation-item" weight="+1" order="134.0" xlink:from="lbl21507" xlink:to="lbl21508"/>
    <link:loc xlink:type="locator" xlink:href="http://xbrl.ifrs.org/taxonomy/2021-03-24/full_ifrs/full_ifrs-cor_2021-03-24.xsd#ifrs-full_GainsLossesRecognisedInProfitOrLossExcludingExchangeDifferencesFairValueMeasurementAssets" xlink:label="lbl21509"/>
    <link:calculationArc xlink:type="arc" xlink:arcrole="http://www.xbrl.org/2003/arcrole/summation-item" weight="+1" order="136.0" xlink:to="lbl21509" xlink:from="lbl21507"/>
    <link:loc xlink:type="locator" xlink:href="http://xbrl.ifrs.org/taxonomy/2021-03-24/full_ifrs/full_ifrs-cor_2021-03-24.xsd#ifrs-full_GainsLossesRecognisedInOtherComprehensiveIncomeFairValueMeasurementAssets" xlink:label="lbl21510"/>
    <link:loc xlink:type="locator" xlink:href="http://xbrl.ifrs.org/taxonomy/2021-03-24/full_ifrs/full_ifrs-cor_2021-03-24.xsd#ifrs-full_GainsLossesRecognisedInOtherComprehensiveIncomeOnExchangeDifferencesFairValueMeasurementAssets" xlink:label="lbl21511"/>
    <link:calculationArc xlink:type="arc" xlink:arcrole="http://www.xbrl.org/2003/arcrole/summation-item" weight="+1" order="144.0" xlink:from="lbl21510" xlink:to="lbl21511"/>
    <link:loc xlink:type="locator" xlink:href="http://xbrl.ifrs.org/taxonomy/2021-03-24/full_ifrs/full_ifrs-cor_2021-03-24.xsd#ifrs-full_GainsLossesRecognisedInOtherComprehensiveIncomeExcludingExchangeDifferencesFairValueMeasurementAssets" xlink:label="lbl21512"/>
    <link:calculationArc xlink:type="arc" xlink:arcrole="http://www.xbrl.org/2003/arcrole/summation-item" weight="+1" order="146.0" xlink:to="lbl21512" xlink:from="lbl21510"/>
    <link:loc xlink:type="locator" xlink:href="http://xbrl.ifrs.org/taxonomy/2021-03-24/full_ifrs/full_ifrs-cor_2021-03-24.xsd#ifrs-full_IncreaseDecreaseInFairValueMeasurementAssets" xlink:label="lbl21513"/>
    <link:calculationArc xlink:type="arc" xlink:arcrole="http://www.xbrl.org/2003/arcrole/summation-item" weight="+1" order="140.0" xlink:from="lbl21513" xlink:to="lbl21507"/>
    <link:calculationArc xlink:type="arc" xlink:arcrole="http://www.xbrl.org/2003/arcrole/summation-item" weight="+1" order="150.0" xlink:from="lbl21513" xlink:to="lbl21510"/>
    <link:loc xlink:type="locator" xlink:href="http://xbrl.ifrs.org/taxonomy/2021-03-24/full_ifrs/full_ifrs-cor_2021-03-24.xsd#ifrs-full_PurchasesFairValueMeasurementAssets" xlink:label="lbl21514"/>
    <link:calculationArc xlink:type="arc" xlink:arcrole="http://www.xbrl.org/2003/arcrole/summation-item" weight="+1" order="160.0" xlink:to="lbl21514" xlink:from="lbl21513"/>
    <link:loc xlink:type="locator" xlink:href="http://xbrl.ifrs.org/taxonomy/2021-03-24/full_ifrs/full_ifrs-cor_2021-03-24.xsd#ifrs-full_SalesFairValueMeasurementAssets" xlink:label="lbl21515"/>
    <link:calculationArc xlink:type="arc" xlink:arcrole="http://www.xbrl.org/2003/arcrole/summation-item" weight="-1" order="170.0" xlink:to="lbl21515" xlink:from="lbl21513"/>
    <link:loc xlink:type="locator" xlink:href="http://xbrl.ifrs.org/taxonomy/2021-03-24/full_ifrs/full_ifrs-cor_2021-03-24.xsd#ifrs-full_IssuesFairValueMeasurementAssets" xlink:label="lbl21516"/>
    <link:calculationArc xlink:type="arc" xlink:arcrole="http://www.xbrl.org/2003/arcrole/summation-item" weight="+1" order="180.0" xlink:to="lbl21516" xlink:from="lbl21513"/>
    <link:loc xlink:type="locator" xlink:href="http://xbrl.ifrs.org/taxonomy/2021-03-24/full_ifrs/full_ifrs-cor_2021-03-24.xsd#ifrs-full_SettlementsFairValueMeasurementAssets" xlink:label="lbl21517"/>
    <link:calculationArc xlink:type="arc" xlink:arcrole="http://www.xbrl.org/2003/arcrole/summation-item" weight="-1" order="190.0" xlink:to="lbl21517" xlink:from="lbl21513"/>
    <link:loc xlink:type="locator" xlink:href="http://xbrl.ifrs.org/taxonomy/2021-03-24/full_ifrs/full_ifrs-cor_2021-03-24.xsd#ifrs-full_TransfersIntoLevel3OfFairValueHierarchyAssets" xlink:label="lbl21518"/>
    <link:calculationArc xlink:type="arc" xlink:arcrole="http://www.xbrl.org/2003/arcrole/summation-item" weight="+1" order="200.0" xlink:to="lbl21518" xlink:from="lbl21513"/>
    <link:loc xlink:type="locator" xlink:href="http://xbrl.ifrs.org/taxonomy/2021-03-24/full_ifrs/full_ifrs-cor_2021-03-24.xsd#ifrs-full_TransfersOutOfLevel3OfFairValueHierarchyAssets" xlink:label="lbl21519"/>
    <link:calculationArc xlink:type="arc" xlink:arcrole="http://www.xbrl.org/2003/arcrole/summation-item" weight="-1" order="210.0" xlink:to="lbl21519" xlink:from="lbl21513"/>
    <link:loc xlink:type="locator" xlink:href="http://xbrl.ifrs.org/taxonomy/2021-03-24/full_ifrs/full_ifrs-cor_2021-03-24.xsd#ifrs-full_GainsLossesRecognisedInProfitOrLossFairValueMeasurementLiabilities" xlink:label="lbl21520"/>
    <link:loc xlink:type="locator" xlink:href="http://xbrl.ifrs.org/taxonomy/2021-03-24/full_ifrs/full_ifrs-cor_2021-03-24.xsd#ifrs-full_GainsLossesRecognisedInProfitOrLossOnExchangeDifferencesFairValueMeasurementLiabilities" xlink:label="lbl21521"/>
    <link:calculationArc xlink:type="arc" xlink:arcrole="http://www.xbrl.org/2003/arcrole/summation-item" weight="+1" order="724.0" xlink:from="lbl21520" xlink:to="lbl21521"/>
    <link:loc xlink:type="locator" xlink:href="http://xbrl.ifrs.org/taxonomy/2021-03-24/full_ifrs/full_ifrs-cor_2021-03-24.xsd#ifrs-full_GainsLossesRecognisedInProfitOrLossExcludingExchangeDifferencesFairValueMeasurementLiabilities" xlink:label="lbl21522"/>
    <link:calculationArc xlink:type="arc" xlink:arcrole="http://www.xbrl.org/2003/arcrole/summation-item" weight="+1" order="726.0" xlink:to="lbl21522" xlink:from="lbl21520"/>
    <link:loc xlink:type="locator" xlink:href="http://xbrl.ifrs.org/taxonomy/2021-03-24/full_ifrs/full_ifrs-cor_2021-03-24.xsd#ifrs-full_GainsLossesRecognisedInOtherComprehensiveIncomeFairValueMeasurementLiabilities" xlink:label="lbl21523"/>
    <link:loc xlink:type="locator" xlink:href="http://xbrl.ifrs.org/taxonomy/2021-03-24/full_ifrs/full_ifrs-cor_2021-03-24.xsd#ifrs-full_GainsLossesRecognisedInOtherComprehensiveIncomeOnExchangeDifferencesFairValueMeasurementLiabilities" xlink:label="lbl21524"/>
    <link:calculationArc xlink:type="arc" xlink:arcrole="http://www.xbrl.org/2003/arcrole/summation-item" weight="+1" order="734.0" xlink:from="lbl21523" xlink:to="lbl21524"/>
    <link:loc xlink:type="locator" xlink:href="http://xbrl.ifrs.org/taxonomy/2021-03-24/full_ifrs/full_ifrs-cor_2021-03-24.xsd#ifrs-full_GainsLossesRecognisedInOtherComprehensiveIncomeExcludingExchangeDifferencesFairValueMeasurementLiabilities" xlink:label="lbl21525"/>
    <link:calculationArc xlink:type="arc" xlink:arcrole="http://www.xbrl.org/2003/arcrole/summation-item" weight="+1" order="736.0" xlink:to="lbl21525" xlink:from="lbl21523"/>
    <link:loc xlink:type="locator" xlink:href="http://xbrl.ifrs.org/taxonomy/2021-03-24/full_ifrs/full_ifrs-cor_2021-03-24.xsd#ifrs-full_IncreaseDecreaseInFairValueMeasurementLiabilities" xlink:label="lbl21526"/>
    <link:calculationArc xlink:type="arc" xlink:arcrole="http://www.xbrl.org/2003/arcrole/summation-item" weight="-1" order="730.0" xlink:from="lbl21526" xlink:to="lbl21520"/>
    <link:calculationArc xlink:type="arc" xlink:arcrole="http://www.xbrl.org/2003/arcrole/summation-item" weight="-1" order="740.0" xlink:from="lbl21526" xlink:to="lbl21523"/>
    <link:loc xlink:type="locator" xlink:href="http://xbrl.ifrs.org/taxonomy/2021-03-24/full_ifrs/full_ifrs-cor_2021-03-24.xsd#ifrs-full_PurchasesFairValueMeasurementLiabilities" xlink:label="lbl21527"/>
    <link:calculationArc xlink:type="arc" xlink:arcrole="http://www.xbrl.org/2003/arcrole/summation-item" weight="+1" order="750.0" xlink:to="lbl21527" xlink:from="lbl21526"/>
    <link:loc xlink:type="locator" xlink:href="http://xbrl.ifrs.org/taxonomy/2021-03-24/full_ifrs/full_ifrs-cor_2021-03-24.xsd#ifrs-full_SalesFairValueMeasurementLiabilities" xlink:label="lbl21528"/>
    <link:calculationArc xlink:type="arc" xlink:arcrole="http://www.xbrl.org/2003/arcrole/summation-item" weight="-1" order="760.0" xlink:to="lbl21528" xlink:from="lbl21526"/>
    <link:loc xlink:type="locator" xlink:href="http://xbrl.ifrs.org/taxonomy/2021-03-24/full_ifrs/full_ifrs-cor_2021-03-24.xsd#ifrs-full_IssuesFairValueMeasurementLiabilities" xlink:label="lbl21529"/>
    <link:calculationArc xlink:type="arc" xlink:arcrole="http://www.xbrl.org/2003/arcrole/summation-item" weight="+1" order="770.0" xlink:to="lbl21529" xlink:from="lbl21526"/>
    <link:loc xlink:type="locator" xlink:href="http://xbrl.ifrs.org/taxonomy/2021-03-24/full_ifrs/full_ifrs-cor_2021-03-24.xsd#ifrs-full_SettlementsFairValueMeasurementLiabilities" xlink:label="lbl21530"/>
    <link:calculationArc xlink:type="arc" xlink:arcrole="http://www.xbrl.org/2003/arcrole/summation-item" weight="-1" order="780.0" xlink:to="lbl21530" xlink:from="lbl21526"/>
    <link:loc xlink:type="locator" xlink:href="http://xbrl.ifrs.org/taxonomy/2021-03-24/full_ifrs/full_ifrs-cor_2021-03-24.xsd#ifrs-full_TransfersIntoLevel3OfFairValueHierarchyLiabilities" xlink:label="lbl21531"/>
    <link:calculationArc xlink:type="arc" xlink:arcrole="http://www.xbrl.org/2003/arcrole/summation-item" weight="+1" order="790.0" xlink:to="lbl21531" xlink:from="lbl21526"/>
    <link:loc xlink:type="locator" xlink:href="http://xbrl.ifrs.org/taxonomy/2021-03-24/full_ifrs/full_ifrs-cor_2021-03-24.xsd#ifrs-full_TransfersOutOfLevel3OfFairValueHierarchyLiabilities" xlink:label="lbl21532"/>
    <link:calculationArc xlink:type="arc" xlink:arcrole="http://www.xbrl.org/2003/arcrole/summation-item" weight="-1" order="800.0" xlink:to="lbl21532" xlink:from="lbl21526"/>
    <link:loc xlink:type="locator" xlink:href="http://xbrl.ifrs.org/taxonomy/2021-03-24/full_ifrs/full_ifrs-cor_2021-03-24.xsd#ifrs-full_GainsLossesRecognisedInProfitOrLossFairValueMeasurementEntitysOwnEquityInstruments" xlink:label="lbl21533"/>
    <link:loc xlink:type="locator" xlink:href="http://xbrl.ifrs.org/taxonomy/2021-03-24/full_ifrs/full_ifrs-cor_2021-03-24.xsd#ifrs-full_GainsLossesRecognisedInProfitOrLossOnExchangeDifferencesFairValueMeasurementEntitysOwnEquityInstruments" xlink:label="lbl21534"/>
    <link:calculationArc xlink:type="arc" xlink:arcrole="http://www.xbrl.org/2003/arcrole/summation-item" weight="+1" order="1284.0" xlink:from="lbl21533" xlink:to="lbl21534"/>
    <link:loc xlink:type="locator" xlink:href="http://xbrl.ifrs.org/taxonomy/2021-03-24/full_ifrs/full_ifrs-cor_2021-03-24.xsd#ifrs-full_GainsLossesRecognisedInProfitOrLossExcludingExchangeDifferencesFairValueMeasurementEntitysOwnEquityInstruments" xlink:label="lbl21535"/>
    <link:calculationArc xlink:type="arc" xlink:arcrole="http://www.xbrl.org/2003/arcrole/summation-item" weight="+1" order="1286.0" xlink:to="lbl21535" xlink:from="lbl21533"/>
    <link:loc xlink:type="locator" xlink:href="http://xbrl.ifrs.org/taxonomy/2021-03-24/full_ifrs/full_ifrs-cor_2021-03-24.xsd#ifrs-full_GainsLossesRecognisedInOtherComprehensiveIncomeFairValueMeasurementEntitysOwnEquityInstruments" xlink:label="lbl21536"/>
    <link:loc xlink:type="locator" xlink:href="http://xbrl.ifrs.org/taxonomy/2021-03-24/full_ifrs/full_ifrs-cor_2021-03-24.xsd#ifrs-full_GainsLossesRecognisedInOtherComprehensiveIncomeOnExchangeDifferencesFairValueMeasurementEntitysOwnEquityInstruments" xlink:label="lbl21537"/>
    <link:calculationArc xlink:type="arc" xlink:arcrole="http://www.xbrl.org/2003/arcrole/summation-item" weight="+1" order="1294.0" xlink:from="lbl21536" xlink:to="lbl21537"/>
    <link:loc xlink:type="locator" xlink:href="http://xbrl.ifrs.org/taxonomy/2021-03-24/full_ifrs/full_ifrs-cor_2021-03-24.xsd#ifrs-full_GainsLossesRecognisedInOtherComprehensiveIncomeExcludingExchangeDifferencesFairValueMeasurementEntitysOwnEquityInstruments" xlink:label="lbl21538"/>
    <link:calculationArc xlink:type="arc" xlink:arcrole="http://www.xbrl.org/2003/arcrole/summation-item" weight="+1" order="1296.0" xlink:to="lbl21538" xlink:from="lbl21536"/>
    <link:loc xlink:type="locator" xlink:href="http://xbrl.ifrs.org/taxonomy/2021-03-24/full_ifrs/full_ifrs-cor_2021-03-24.xsd#ifrs-full_IncreaseDecreaseInFairValueMeasurementEntitysOwnEquityInstruments" xlink:label="lbl21539"/>
    <link:calculationArc xlink:type="arc" xlink:arcrole="http://www.xbrl.org/2003/arcrole/summation-item" weight="-1" order="1290.0" xlink:from="lbl21539" xlink:to="lbl21533"/>
    <link:calculationArc xlink:type="arc" xlink:arcrole="http://www.xbrl.org/2003/arcrole/summation-item" weight="-1" order="1300.0" xlink:from="lbl21539" xlink:to="lbl21536"/>
    <link:loc xlink:type="locator" xlink:href="http://xbrl.ifrs.org/taxonomy/2021-03-24/full_ifrs/full_ifrs-cor_2021-03-24.xsd#ifrs-full_PurchasesFairValueMeasurementEntitysOwnEquityInstruments" xlink:label="lbl21540"/>
    <link:calculationArc xlink:type="arc" xlink:arcrole="http://www.xbrl.org/2003/arcrole/summation-item" weight="+1" order="1310.0" xlink:to="lbl21540" xlink:from="lbl21539"/>
    <link:loc xlink:type="locator" xlink:href="http://xbrl.ifrs.org/taxonomy/2021-03-24/full_ifrs/full_ifrs-cor_2021-03-24.xsd#ifrs-full_SalesFairValueMeasurementEntitysOwnEquityInstruments" xlink:label="lbl21541"/>
    <link:calculationArc xlink:type="arc" xlink:arcrole="http://www.xbrl.org/2003/arcrole/summation-item" weight="-1" order="1320.0" xlink:to="lbl21541" xlink:from="lbl21539"/>
    <link:loc xlink:type="locator" xlink:href="http://xbrl.ifrs.org/taxonomy/2021-03-24/full_ifrs/full_ifrs-cor_2021-03-24.xsd#ifrs-full_IssuesFairValueMeasurementEntitysOwnEquityInstruments" xlink:label="lbl21542"/>
    <link:calculationArc xlink:type="arc" xlink:arcrole="http://www.xbrl.org/2003/arcrole/summation-item" weight="+1" order="1330.0" xlink:to="lbl21542" xlink:from="lbl21539"/>
    <link:loc xlink:type="locator" xlink:href="http://xbrl.ifrs.org/taxonomy/2021-03-24/full_ifrs/full_ifrs-cor_2021-03-24.xsd#ifrs-full_SettlementsFairValueMeasurementEntitysOwnEquityInstruments" xlink:label="lbl21543"/>
    <link:calculationArc xlink:type="arc" xlink:arcrole="http://www.xbrl.org/2003/arcrole/summation-item" weight="-1" order="1340.0" xlink:to="lbl21543" xlink:from="lbl21539"/>
    <link:loc xlink:type="locator" xlink:href="http://xbrl.ifrs.org/taxonomy/2021-03-24/full_ifrs/full_ifrs-cor_2021-03-24.xsd#ifrs-full_TransfersIntoLevel3OfFairValueHierarchyEntitysOwnEquityInstruments" xlink:label="lbl21544"/>
    <link:calculationArc xlink:type="arc" xlink:arcrole="http://www.xbrl.org/2003/arcrole/summation-item" weight="+1" order="1350.0" xlink:to="lbl21544" xlink:from="lbl21539"/>
    <link:loc xlink:type="locator" xlink:href="http://xbrl.ifrs.org/taxonomy/2021-03-24/full_ifrs/full_ifrs-cor_2021-03-24.xsd#ifrs-full_TransfersOutOfLevel3OfFairValueHierarchyEntitysOwnEquityInstruments" xlink:label="lbl21545"/>
    <link:calculationArc xlink:type="arc" xlink:arcrole="http://www.xbrl.org/2003/arcrole/summation-item" weight="-1" order="1360.0" xlink:to="lbl21545" xlink:from="lbl21539"/>
  </link:calculationLink>
</link:linkbase>