<?xml version="1.0" encoding="UTF-8"?>
<!--
*******************************************************************************************
Copyright © 2022 Comisión para el Mercado Financiero de Chile (CMF) 
This material is copyright of the CMF Chile and all rights are reserved. 
No part of this material may be translated, reprinted, reproduced or utilised in 
any form or manner that is not expressly permitted by the CMF Chile 
IP Policy see: http://www.cmfchile.cl/sitio/pop/politica.html
*******************************************************************************************
-->
<!-- Generated with Reporting Standard S.L. XBRL Taxonomy builder version 3.7.1.1364 - http://www.reportingstandard.com -->
<link:linkbase xmlns:link="http://www.xbrl.org/2003/linkbase"
               xmlns:xs="http://www.w3.org/2001/XMLSchema"
               xmlns:xbrli="http://www.xbrl.org/2003/instance"
               xmlns:xfi="http://www.xbrl.org/2008/function/instance"
               xmlns:gen="http://xbrl.org/2008/generic"
               xmlns:xlink="http://www.w3.org/1999/xlink"
               xmlns:xsi="http://www.w3.org/2001/XMLSchema-instance"
               xmlns:va="http://xbrl.org/2008/assertion/value"
               xmlns:variable="http://xbrl.org/2008/variable"
               xmlns:cf="http://xbrl.org/2008/filter/concept"
               xmlns:cl-ci="http://www.cmfchile.cl/cl/fr/ci/2022-01-03"
               xmlns:pf="http://xbrl.org/2008/filter/period"
               xmlns:ifrs-full="http://xbrl.ifrs.org/taxonomy/2021-03-24/ifrs-full"
               xmlns:label="http://xbrl.org/2008/label"
               xmlns:msg="http://xbrl.org/2010/message"
               xmlns:df="http://xbrl.org/2008/filter/dimension"
               xsi:schemaLocation="http://xbrl.org/2008/assertion/value http://www.xbrl.org/2008/value-assertion.xsd http://xbrl.org/2008/variable http://www.xbrl.org/2008/variable.xsd http://xbrl.org/2008/filter/concept http://www.xbrl.org/2008/concept-filter.xsd http://xbrl.org/2008/filter/period http://www.xbrl.org/2008/period-filter.xsd http://xbrl.org/2008/label http://www.xbrl.org/2008/generic-label.xsd http://xbrl.org/2010/message http://www.xbrl.org/2010/generic-message.xsd http://xbrl.org/2008/filter/dimension http://www.xbrl.org/2008/dimension-filter.xsd http://xbrl.org/2008/generic http://www.xbrl.org/2008/generic-link.xsd http://www.cmfchile.cl/cl/fr/ci/2022-01-03 ../../cl-ci_cor_2022-01-03.xsd http://xbrl.ifrs.org/taxonomy/2021-03-24/ifrs-full http://xbrl.ifrs.org/taxonomy/2021-03-24/full_ifrs/full_ifrs-cor_2021-03-24.xsd">
  <link:roleRef xlink:type="simple" roleURI="http://www.cmfchile.cl/cl/fr/ci/role/ifrs-13_2021-03-24_role-823000" xlink:href="../cl-ci_ifrs-13_2021-03-24_role-823000.xsd#ifrs-13_2021-03-24_role-823000"/>
  <link:roleRef xlink:type="simple" roleURI="http://www.xbrl.org/2010/role/message" xlink:href="http://www.xbrl.org/2010/generic-message.xsd#standard-message"/>
  <link:arcroleRef xlink:type="simple" arcroleURI="http://xbrl.org/arcrole/2008/variable-set" xlink:href="http://www.xbrl.org/2008/variable.xsd#variable-set"/>
  <link:arcroleRef xlink:type="simple" arcroleURI="http://xbrl.org/arcrole/2008/variable-filter" xlink:href="http://www.xbrl.org/2008/variable.xsd#variable-filter"/>
  <link:arcroleRef xlink:type="simple" arcroleURI="http://xbrl.org/arcrole/2008/element-label" xlink:href="http://www.xbrl.org/2008/generic-label.xsd#element-label"/>
  <link:arcroleRef xlink:type="simple" arcroleURI="http://xbrl.org/arcrole/2010/assertion-satisfied-message" xlink:href="http://www.xbrl.org/2010/validation-message.xsd#assertion-satisfied-message"/>
  <link:arcroleRef xlink:type="simple" arcroleURI="http://xbrl.org/arcrole/2010/assertion-unsatisfied-message" xlink:href="http://www.xbrl.org/2010/validation-message.xsd#assertion-unsatisfied-message"/>
  <gen:link xlink:type="extended" xlink:role="http://www.cmfchile.cl/cl/fr/ci/role/ifrs-13_2021-03-24_role-823000">
    <va:valueAssertion xlink:type="resource" id="regla823001" aspectModel="dimensional" implicitFiltering="true" test="$cl-ci:ActivosNota eq $cl-ci:ActivosNota2  + $ifrs-full:IncreaseDecreaseInFairValueMeasurementAssets" xlink:label="lbl21630"/>
    <variable:factVariable xlink:type="resource" bindAsSequence="false" fallbackValue="0" xlink:label="lbl21631" id="id10796"/>
    <variable:variableArc xlink:type="arc" xlink:arcrole="http://xbrl.org/arcrole/2008/variable-set" name="cl-ci:ActivosNota" xlink:from="lbl21630" xlink:to="lbl21631"/>
    <variable:factVariable xlink:type="resource" bindAsSequence="false" fallbackValue="0" xlink:label="lbl21634" id="id10797"/>
    <variable:variableArc xlink:type="arc" xlink:arcrole="http://xbrl.org/arcrole/2008/variable-set" name="cl-ci:ActivosNota2" xlink:from="lbl21630" xlink:to="lbl21634"/>
    <variable:factVariable xlink:type="resource" bindAsSequence="false" xlink:label="lbl21636" id="id10798"/>
    <variable:variableArc xlink:type="arc" xlink:arcrole="http://xbrl.org/arcrole/2008/variable-set" name="ifrs-full:IncreaseDecreaseInFairValueMeasurementAssets" xlink:from="lbl21630" xlink:to="lbl21636"/>
    <va:valueAssertion xlink:type="resource" id="regla823002" aspectModel="dimensional" implicitFiltering="true" test="$cl-ci:PasivosNota eq $cl-ci:PasivosNota2  + $ifrs-full:IncreaseDecreaseInFairValueMeasurementLiabilities" xlink:label="lbl21641"/>
    <variable:factVariable xlink:type="resource" bindAsSequence="false" fallbackValue="0" xlink:label="lbl21642" id="id10799"/>
    <variable:variableArc xlink:type="arc" xlink:arcrole="http://xbrl.org/arcrole/2008/variable-set" name="cl-ci:PasivosNota" xlink:from="lbl21641" xlink:to="lbl21642"/>
    <variable:factVariable xlink:type="resource" bindAsSequence="false" fallbackValue="0" xlink:label="lbl21645" id="id10800"/>
    <variable:variableArc xlink:type="arc" xlink:arcrole="http://xbrl.org/arcrole/2008/variable-set" name="cl-ci:PasivosNota2" xlink:from="lbl21641" xlink:to="lbl21645"/>
    <variable:factVariable xlink:type="resource" bindAsSequence="false" xlink:label="lbl21647" id="id10801"/>
    <variable:variableArc xlink:type="arc" xlink:arcrole="http://xbrl.org/arcrole/2008/variable-set" name="ifrs-full:IncreaseDecreaseInFairValueMeasurementLiabilities" xlink:from="lbl21641" xlink:to="lbl21647"/>
    <va:valueAssertion xlink:type="resource" id="regla823003" aspectModel="dimensional" implicitFiltering="true" test="$cl-ci:PatrimonioNota eq $cl-ci:PatrimonioNota2  + $ifrs-full:IncreaseDecreaseInFairValueMeasurementEntitysOwnEquityInstruments" xlink:label="lbl21652"/>
    <variable:factVariable xlink:type="resource" bindAsSequence="false" fallbackValue="0" xlink:label="lbl21653" id="id10802"/>
    <variable:variableArc xlink:type="arc" xlink:arcrole="http://xbrl.org/arcrole/2008/variable-set" name="cl-ci:PatrimonioNota" xlink:from="lbl21652" xlink:to="lbl21653"/>
    <variable:factVariable xlink:type="resource" bindAsSequence="false" fallbackValue="0" xlink:label="lbl21656" id="id10803"/>
    <variable:variableArc xlink:type="arc" xlink:arcrole="http://xbrl.org/arcrole/2008/variable-set" name="cl-ci:PatrimonioNota2" xlink:from="lbl21652" xlink:to="lbl21656"/>
    <variable:factVariable xlink:type="resource" bindAsSequence="false" xlink:label="lbl21658" id="id10804"/>
    <variable:variableArc xlink:type="arc" xlink:arcrole="http://xbrl.org/arcrole/2008/variable-set" name="ifrs-full:IncreaseDecreaseInFairValueMeasurementEntitysOwnEquityInstruments" xlink:from="lbl21652" xlink:to="lbl21658"/>
    <va:valueAssertion xlink:type="resource" id="regla823004" aspectModel="dimensional" implicitFiltering="true" test="$cl-ci:ActivosNota = sum($cl-ci:ActivosNota2)" xlink:label="lbl21663"/>
    <variable:factVariable xlink:type="resource" bindAsSequence="true" xlink:label="lbl21664" id="id10805"/>
    <variable:variableArc xlink:type="arc" xlink:arcrole="http://xbrl.org/arcrole/2008/variable-set" name="cl-ci:ActivosNota" xlink:from="lbl21663" xlink:to="lbl21664"/>
    <variable:factVariable xlink:type="resource" bindAsSequence="true" xlink:label="lbl21666" id="id10806"/>
    <variable:variableArc xlink:type="arc" xlink:arcrole="http://xbrl.org/arcrole/2008/variable-set" name="cl-ci:ActivosNota2" xlink:from="lbl21663" xlink:to="lbl21666"/>
    <va:valueAssertion xlink:type="resource" id="regla823005" aspectModel="dimensional" implicitFiltering="true" test="$ifrs-full:IncreaseDecreaseInFairValueMeasurementAssets = sum($ifrs-full:IncreaseDecreaseInFairValueMeasurementAssets2)" xlink:label="lbl21671"/>
    <variable:factVariable xlink:type="resource" bindAsSequence="true" xlink:label="lbl21672" id="id10807"/>
    <variable:variableArc xlink:type="arc" xlink:arcrole="http://xbrl.org/arcrole/2008/variable-set" name="ifrs-full:IncreaseDecreaseInFairValueMeasurementAssets" xlink:from="lbl21671" xlink:to="lbl21672"/>
    <variable:factVariable xlink:type="resource" bindAsSequence="true" xlink:label="lbl21673" id="id10808"/>
    <variable:variableArc xlink:type="arc" xlink:arcrole="http://xbrl.org/arcrole/2008/variable-set" name="ifrs-full:IncreaseDecreaseInFairValueMeasurementAssets2" xlink:from="lbl21671" xlink:to="lbl21673"/>
    <va:valueAssertion xlink:type="resource" id="regla823006" aspectModel="dimensional" implicitFiltering="true" test="$cl-ci:PasivosNota = sum($cl-ci:PasivosNota2)" xlink:label="lbl21677"/>
    <variable:factVariable xlink:type="resource" bindAsSequence="true" xlink:label="lbl21678" id="id10809"/>
    <variable:variableArc xlink:type="arc" xlink:arcrole="http://xbrl.org/arcrole/2008/variable-set" name="cl-ci:PasivosNota" xlink:from="lbl21677" xlink:to="lbl21678"/>
    <variable:factVariable xlink:type="resource" bindAsSequence="true" xlink:label="lbl21680" id="id10810"/>
    <variable:variableArc xlink:type="arc" xlink:arcrole="http://xbrl.org/arcrole/2008/variable-set" name="cl-ci:PasivosNota2" xlink:from="lbl21677" xlink:to="lbl21680"/>
    <va:valueAssertion xlink:type="resource" id="regla823007" aspectModel="dimensional" implicitFiltering="true" test="$ifrs-full:IncreaseDecreaseInFairValueMeasurementLiabilities = sum($ifrs-full:IncreaseDecreaseInFairValueMeasurementLiabilities2)" xlink:label="lbl21685"/>
    <variable:factVariable xlink:type="resource" bindAsSequence="true" xlink:label="lbl21686" id="id10811"/>
    <variable:variableArc xlink:type="arc" xlink:arcrole="http://xbrl.org/arcrole/2008/variable-set" name="ifrs-full:IncreaseDecreaseInFairValueMeasurementLiabilities" xlink:from="lbl21685" xlink:to="lbl21686"/>
    <variable:factVariable xlink:type="resource" bindAsSequence="true" xlink:label="lbl21687" id="id10812"/>
    <variable:variableArc xlink:type="arc" xlink:arcrole="http://xbrl.org/arcrole/2008/variable-set" name="ifrs-full:IncreaseDecreaseInFairValueMeasurementLiabilities2" xlink:from="lbl21685" xlink:to="lbl21687"/>
    <va:valueAssertion xlink:type="resource" id="regla823008" aspectModel="dimensional" implicitFiltering="true" test="$cl-ci:PatrimonioNota = sum($cl-ci:PatrimonioNota2)" xlink:label="lbl21691"/>
    <variable:factVariable xlink:type="resource" bindAsSequence="true" xlink:label="lbl21692" id="id10813"/>
    <variable:variableArc xlink:type="arc" xlink:arcrole="http://xbrl.org/arcrole/2008/variable-set" name="cl-ci:PatrimonioNota" xlink:from="lbl21691" xlink:to="lbl21692"/>
    <variable:factVariable xlink:type="resource" bindAsSequence="true" xlink:label="lbl21694" id="id10814"/>
    <variable:variableArc xlink:type="arc" xlink:arcrole="http://xbrl.org/arcrole/2008/variable-set" name="cl-ci:PatrimonioNota2" xlink:from="lbl21691" xlink:to="lbl21694"/>
    <va:valueAssertion xlink:type="resource" id="regla823009" aspectModel="dimensional" implicitFiltering="true" test="$ifrs-full:IncreaseDecreaseInFairValueMeasurementEntitysOwnEquityInstruments = sum($ifrs-full:IncreaseDecreaseInFairValueMeasurementEntitysOwnEquityInstruments2)" xlink:label="lbl21699"/>
    <variable:factVariable xlink:type="resource" bindAsSequence="true" xlink:label="lbl21700" id="id10815"/>
    <variable:variableArc xlink:type="arc" xlink:arcrole="http://xbrl.org/arcrole/2008/variable-set" name="ifrs-full:IncreaseDecreaseInFairValueMeasurementEntitysOwnEquityInstruments" xlink:from="lbl21699" xlink:to="lbl21700"/>
    <variable:factVariable xlink:type="resource" bindAsSequence="true" xlink:label="lbl21701" id="id10816"/>
    <variable:variableArc xlink:type="arc" xlink:arcrole="http://xbrl.org/arcrole/2008/variable-set" name="ifrs-full:IncreaseDecreaseInFairValueMeasurementEntitysOwnEquityInstruments2" xlink:from="lbl21699" xlink:to="lbl21701"/>
    <cf:conceptName xlink:type="resource" xlink:label="lbl21632" id="id10817">
      <cf:concept>
        <cf:qname>cl-ci:ActivosNota</cf:qname>
      </cf:concept>
    </cf:conceptName>
    <variable:variableFilterArc xlink:type="arc" xlink:arcrole="http://xbrl.org/arcrole/2008/variable-filter" complement="false" cover="true" xlink:from="lbl21631" xlink:to="lbl21632"/>
    <pf:instantDuration xlink:type="resource" boundary="end" variable="ifrs-full:IncreaseDecreaseInFairValueMeasurementAssets" xlink:label="lbl21633" id="id10818"/>
    <variable:variableFilterArc xlink:type="arc" xlink:arcrole="http://xbrl.org/arcrole/2008/variable-filter" complement="false" cover="true" xlink:from="lbl21631" xlink:to="lbl21633"/>
    <variable:variableFilterArc xlink:type="arc" xlink:arcrole="http://xbrl.org/arcrole/2008/variable-filter" complement="false" cover="true" xlink:from="lbl21634" xlink:to="lbl21632"/>
    <pf:instantDuration xlink:type="resource" boundary="start" variable="ifrs-full:IncreaseDecreaseInFairValueMeasurementAssets" xlink:label="lbl21635" id="id10819"/>
    <variable:variableFilterArc xlink:type="arc" xlink:arcrole="http://xbrl.org/arcrole/2008/variable-filter" complement="false" cover="true" xlink:from="lbl21634" xlink:to="lbl21635"/>
    <cf:conceptName xlink:type="resource" xlink:label="lbl21637" id="id10820">
      <cf:concept>
        <cf:qname>ifrs-full:IncreaseDecreaseInFairValueMeasurementAssets</cf:qname>
      </cf:concept>
    </cf:conceptName>
    <variable:variableFilterArc xlink:type="arc" xlink:arcrole="http://xbrl.org/arcrole/2008/variable-filter" complement="false" cover="true" xlink:from="lbl21636" xlink:to="lbl21637"/>
    <cf:conceptName xlink:type="resource" xlink:label="lbl21643" id="id10821">
      <cf:concept>
        <cf:qname>cl-ci:PasivosNota</cf:qname>
      </cf:concept>
    </cf:conceptName>
    <variable:variableFilterArc xlink:type="arc" xlink:arcrole="http://xbrl.org/arcrole/2008/variable-filter" complement="false" cover="true" xlink:from="lbl21642" xlink:to="lbl21643"/>
    <pf:instantDuration xlink:type="resource" boundary="end" variable="ifrs-full:IncreaseDecreaseInFairValueMeasurementLiabilities" xlink:label="lbl21644" id="id10822"/>
    <variable:variableFilterArc xlink:type="arc" xlink:arcrole="http://xbrl.org/arcrole/2008/variable-filter" complement="false" cover="true" xlink:from="lbl21642" xlink:to="lbl21644"/>
    <variable:variableFilterArc xlink:type="arc" xlink:arcrole="http://xbrl.org/arcrole/2008/variable-filter" complement="false" cover="true" xlink:from="lbl21645" xlink:to="lbl21643"/>
    <pf:instantDuration xlink:type="resource" boundary="start" variable="ifrs-full:IncreaseDecreaseInFairValueMeasurementLiabilities" xlink:label="lbl21646" id="id10823"/>
    <variable:variableFilterArc xlink:type="arc" xlink:arcrole="http://xbrl.org/arcrole/2008/variable-filter" complement="false" cover="true" xlink:from="lbl21645" xlink:to="lbl21646"/>
    <cf:conceptName xlink:type="resource" xlink:label="lbl21648" id="id10824">
      <cf:concept>
        <cf:qname>ifrs-full:IncreaseDecreaseInFairValueMeasurementLiabilities</cf:qname>
      </cf:concept>
    </cf:conceptName>
    <variable:variableFilterArc xlink:type="arc" xlink:arcrole="http://xbrl.org/arcrole/2008/variable-filter" complement="false" cover="true" xlink:from="lbl21647" xlink:to="lbl21648"/>
    <cf:conceptName xlink:type="resource" xlink:label="lbl21654" id="id10825">
      <cf:concept>
        <cf:qname>cl-ci:PatrimonioNota</cf:qname>
      </cf:concept>
    </cf:conceptName>
    <variable:variableFilterArc xlink:type="arc" xlink:arcrole="http://xbrl.org/arcrole/2008/variable-filter" complement="false" cover="true" xlink:from="lbl21653" xlink:to="lbl21654"/>
    <pf:instantDuration xlink:type="resource" boundary="end" variable="ifrs-full:IncreaseDecreaseInFairValueMeasurementEntitysOwnEquityInstruments" xlink:label="lbl21655" id="id10826"/>
    <variable:variableFilterArc xlink:type="arc" xlink:arcrole="http://xbrl.org/arcrole/2008/variable-filter" complement="false" cover="true" xlink:from="lbl21653" xlink:to="lbl21655"/>
    <variable:variableFilterArc xlink:type="arc" xlink:arcrole="http://xbrl.org/arcrole/2008/variable-filter" complement="false" cover="true" xlink:from="lbl21656" xlink:to="lbl21654"/>
    <pf:instantDuration xlink:type="resource" boundary="start" variable="ifrs-full:IncreaseDecreaseInFairValueMeasurementEntitysOwnEquityInstruments" xlink:label="lbl21657" id="id10827"/>
    <variable:variableFilterArc xlink:type="arc" xlink:arcrole="http://xbrl.org/arcrole/2008/variable-filter" complement="false" cover="true" xlink:from="lbl21656" xlink:to="lbl21657"/>
    <cf:conceptName xlink:type="resource" xlink:label="lbl21659" id="id10828">
      <cf:concept>
        <cf:qname>ifrs-full:IncreaseDecreaseInFairValueMeasurementEntitysOwnEquityInstruments</cf:qname>
      </cf:concept>
    </cf:conceptName>
    <variable:variableFilterArc xlink:type="arc" xlink:arcrole="http://xbrl.org/arcrole/2008/variable-filter" complement="false" cover="true" xlink:from="lbl21658" xlink:to="lbl21659"/>
    <variable:variableFilterArc xlink:type="arc" xlink:arcrole="http://xbrl.org/arcrole/2008/variable-filter" complement="false" cover="true" xlink:from="lbl21664" xlink:to="lbl21632"/>
    <df:explicitDimension xlink:type="resource" xlink:label="lbl21665" id="id10829">
      <df:dimension>
        <df:qname>cl-ci:InformacionARevelarSobreMedicionValorRazonableActivosEje</df:qname>
      </df:dimension>
      <df:member>
        <df:qname>ifrs-full:ClassesOfAssetsMember</df:qname>
      </df:member>
    </df:explicitDimension>
    <variable:variableFilterArc xlink:type="arc" xlink:arcrole="http://xbrl.org/arcrole/2008/variable-filter" complement="false" cover="true" xlink:from="lbl21664" xlink:to="lbl21665"/>
    <variable:variableFilterArc xlink:type="arc" xlink:arcrole="http://xbrl.org/arcrole/2008/variable-filter" complement="false" cover="true" xlink:from="lbl21666" xlink:to="lbl21632"/>
    <df:explicitDimension xlink:type="resource" xlink:label="lbl21667" id="id10830">
      <df:dimension>
        <df:qname>cl-ci:InformacionARevelarSobreMedicionValorRazonableActivosEje</df:qname>
      </df:dimension>
      <df:member>
        <df:qname>ifrs-full:ClassesOfAssetsMember</df:qname>
        <df:linkrole>http://www.cmfchile.cl/cl/fr/ci/role/ifrs-13_2021-03-24_role-823000</df:linkrole>
        <df:arcrole>http://xbrl.org/int/dim/arcrole/domain-member</df:arcrole>
        <df:axis>child</df:axis>
      </df:member>
    </df:explicitDimension>
    <variable:variableFilterArc xlink:type="arc" xlink:arcrole="http://xbrl.org/arcrole/2008/variable-filter" complement="false" cover="true" xlink:from="lbl21666" xlink:to="lbl21667"/>
    <variable:variableFilterArc xlink:type="arc" xlink:arcrole="http://xbrl.org/arcrole/2008/variable-filter" complement="false" cover="true" xlink:from="lbl21672" xlink:to="lbl21637"/>
    <variable:variableFilterArc xlink:type="arc" xlink:arcrole="http://xbrl.org/arcrole/2008/variable-filter" complement="false" cover="true" xlink:from="lbl21672" xlink:to="lbl21665"/>
    <variable:variableFilterArc xlink:type="arc" xlink:arcrole="http://xbrl.org/arcrole/2008/variable-filter" complement="false" cover="true" xlink:from="lbl21673" xlink:to="lbl21637"/>
    <variable:variableFilterArc xlink:type="arc" xlink:arcrole="http://xbrl.org/arcrole/2008/variable-filter" complement="false" cover="true" xlink:from="lbl21673" xlink:to="lbl21667"/>
    <variable:variableFilterArc xlink:type="arc" xlink:arcrole="http://xbrl.org/arcrole/2008/variable-filter" complement="false" cover="true" xlink:from="lbl21678" xlink:to="lbl21643"/>
    <df:explicitDimension xlink:type="resource" xlink:label="lbl21679" id="id10831">
      <df:dimension>
        <df:qname>cl-ci:InformacionARevelarSobreMedicionValorRazonablePasivosEje</df:qname>
      </df:dimension>
      <df:member>
        <df:qname>ifrs-full:LiabilitiesMember</df:qname>
      </df:member>
    </df:explicitDimension>
    <variable:variableFilterArc xlink:type="arc" xlink:arcrole="http://xbrl.org/arcrole/2008/variable-filter" complement="false" cover="true" xlink:from="lbl21678" xlink:to="lbl21679"/>
    <variable:variableFilterArc xlink:type="arc" xlink:arcrole="http://xbrl.org/arcrole/2008/variable-filter" complement="false" cover="true" xlink:from="lbl21680" xlink:to="lbl21643"/>
    <df:explicitDimension xlink:type="resource" xlink:label="lbl21681" id="id10832">
      <df:dimension>
        <df:qname>cl-ci:InformacionARevelarSobreMedicionValorRazonablePasivosEje</df:qname>
      </df:dimension>
      <df:member>
        <df:qname>ifrs-full:LiabilitiesMember</df:qname>
        <df:linkrole>http://www.cmfchile.cl/cl/fr/ci/role/ifrs-13_2021-03-24_role-823000a</df:linkrole>
        <df:arcrole>http://xbrl.org/int/dim/arcrole/domain-member</df:arcrole>
        <df:axis>child</df:axis>
      </df:member>
    </df:explicitDimension>
    <variable:variableFilterArc xlink:type="arc" xlink:arcrole="http://xbrl.org/arcrole/2008/variable-filter" complement="false" cover="true" xlink:from="lbl21680" xlink:to="lbl21681"/>
    <variable:variableFilterArc xlink:type="arc" xlink:arcrole="http://xbrl.org/arcrole/2008/variable-filter" complement="false" cover="true" xlink:from="lbl21686" xlink:to="lbl21648"/>
    <variable:variableFilterArc xlink:type="arc" xlink:arcrole="http://xbrl.org/arcrole/2008/variable-filter" complement="false" cover="true" xlink:from="lbl21686" xlink:to="lbl21679"/>
    <variable:variableFilterArc xlink:type="arc" xlink:arcrole="http://xbrl.org/arcrole/2008/variable-filter" complement="false" cover="true" xlink:from="lbl21687" xlink:to="lbl21648"/>
    <variable:variableFilterArc xlink:type="arc" xlink:arcrole="http://xbrl.org/arcrole/2008/variable-filter" complement="false" cover="true" xlink:from="lbl21687" xlink:to="lbl21681"/>
    <variable:variableFilterArc xlink:type="arc" xlink:arcrole="http://xbrl.org/arcrole/2008/variable-filter" complement="false" cover="true" xlink:from="lbl21692" xlink:to="lbl21654"/>
    <df:explicitDimension xlink:type="resource" xlink:label="lbl21693" id="id10833">
      <df:dimension>
        <df:qname>cl-ci:InformacionARrevelarSobreMedicionValorRazonablePatrimonioEje</df:qname>
      </df:dimension>
      <df:member>
        <df:qname>ifrs-full:EntitysOwnEquityInstrumentsMember</df:qname>
      </df:member>
    </df:explicitDimension>
    <variable:variableFilterArc xlink:type="arc" xlink:arcrole="http://xbrl.org/arcrole/2008/variable-filter" complement="false" cover="true" xlink:from="lbl21692" xlink:to="lbl21693"/>
    <variable:variableFilterArc xlink:type="arc" xlink:arcrole="http://xbrl.org/arcrole/2008/variable-filter" complement="false" cover="true" xlink:from="lbl21694" xlink:to="lbl21654"/>
    <df:explicitDimension xlink:type="resource" xlink:label="lbl21695" id="id10834">
      <df:dimension>
        <df:qname>cl-ci:InformacionARrevelarSobreMedicionValorRazonablePatrimonioEje</df:qname>
      </df:dimension>
      <df:member>
        <df:qname>ifrs-full:EntitysOwnEquityInstrumentsMember</df:qname>
        <df:linkrole>http://www.cmfchile.cl/cl/fr/ci/role/ifrs-13_2021-03-24_role-823000b</df:linkrole>
        <df:arcrole>http://xbrl.org/int/dim/arcrole/domain-member</df:arcrole>
        <df:axis>child</df:axis>
      </df:member>
    </df:explicitDimension>
    <variable:variableFilterArc xlink:type="arc" xlink:arcrole="http://xbrl.org/arcrole/2008/variable-filter" complement="false" cover="true" xlink:from="lbl21694" xlink:to="lbl21695"/>
    <variable:variableFilterArc xlink:type="arc" xlink:arcrole="http://xbrl.org/arcrole/2008/variable-filter" complement="false" cover="true" xlink:from="lbl21700" xlink:to="lbl21659"/>
    <variable:variableFilterArc xlink:type="arc" xlink:arcrole="http://xbrl.org/arcrole/2008/variable-filter" complement="false" cover="true" xlink:from="lbl21700" xlink:to="lbl21693"/>
    <variable:variableFilterArc xlink:type="arc" xlink:arcrole="http://xbrl.org/arcrole/2008/variable-filter" complement="false" cover="true" xlink:from="lbl21701" xlink:to="lbl21659"/>
    <variable:variableFilterArc xlink:type="arc" xlink:arcrole="http://xbrl.org/arcrole/2008/variable-filter" complement="false" cover="true" xlink:from="lbl21701" xlink:to="lbl21695"/>
    <label:label xlink:type="resource" xml:lang="es" id="id10769" xlink:label="lbl21638">823001</label:label>
    <gen:arc xlink:type="arc" xlink:arcrole="http://xbrl.org/arcrole/2008/element-label" xlink:from="lbl21630" xlink:to="lbl21638"/>
    <label:label xlink:type="resource" xml:lang="es" id="id10772" xlink:label="lbl21649">823002</label:label>
    <gen:arc xlink:type="arc" xlink:arcrole="http://xbrl.org/arcrole/2008/element-label" xlink:from="lbl21641" xlink:to="lbl21649"/>
    <label:label xlink:type="resource" xml:lang="es" id="id10775" xlink:label="lbl21660">823003</label:label>
    <gen:arc xlink:type="arc" xlink:arcrole="http://xbrl.org/arcrole/2008/element-label" xlink:from="lbl21652" xlink:to="lbl21660"/>
    <label:label xlink:type="resource" xml:lang="es" id="id10778" xlink:label="lbl21668">823004</label:label>
    <gen:arc xlink:type="arc" xlink:arcrole="http://xbrl.org/arcrole/2008/element-label" xlink:from="lbl21663" xlink:to="lbl21668"/>
    <label:label xlink:type="resource" xml:lang="es" id="id10781" xlink:label="lbl21674">823005</label:label>
    <gen:arc xlink:type="arc" xlink:arcrole="http://xbrl.org/arcrole/2008/element-label" xlink:from="lbl21671" xlink:to="lbl21674"/>
    <label:label xlink:type="resource" xml:lang="es" id="id10784" xlink:label="lbl21682">823006</label:label>
    <gen:arc xlink:type="arc" xlink:arcrole="http://xbrl.org/arcrole/2008/element-label" xlink:from="lbl21677" xlink:to="lbl21682"/>
    <label:label xlink:type="resource" xml:lang="es" id="id10787" xlink:label="lbl21688">823007</label:label>
    <gen:arc xlink:type="arc" xlink:arcrole="http://xbrl.org/arcrole/2008/element-label" xlink:from="lbl21685" xlink:to="lbl21688"/>
    <label:label xlink:type="resource" xml:lang="es" id="id10790" xlink:label="lbl21696">823008</label:label>
    <gen:arc xlink:type="arc" xlink:arcrole="http://xbrl.org/arcrole/2008/element-label" xlink:from="lbl21691" xlink:to="lbl21696"/>
    <label:label xlink:type="resource" xml:lang="es" id="id10793" xlink:label="lbl21702">823009</label:label>
    <gen:arc xlink:type="arc" xlink:arcrole="http://xbrl.org/arcrole/2008/element-label" xlink:from="lbl21699" xlink:to="lbl21702"/>
    <msg:message xlink:type="resource" id="id10770" xml:lang="es" xlink:role="http://www.xbrl.org/2010/role/message" xlink:label="lbl21639">Rol[823000] Regla823001: Informa Activos al final del periodo OK; contexto  {$ifrs-full:IncreaseDecreaseInFairValueMeasurementAssets/@contextRef}</msg:message>
    <gen:arc xlink:type="arc" xlink:arcrole="http://xbrl.org/arcrole/2010/assertion-satisfied-message" xlink:from="lbl21630" xlink:to="lbl21639"/>
    <msg:message xlink:type="resource" id="id10773" xml:lang="es" xlink:role="http://www.xbrl.org/2010/role/message" xlink:label="lbl21650">Rol[823000a] Regla823002: Informa Pasivo al final del periodo OK; contexto  {$ifrs-full:IncreaseDecreaseInFairValueMeasurementLiabilities/@contextRef}</msg:message>
    <gen:arc xlink:type="arc" xlink:arcrole="http://xbrl.org/arcrole/2010/assertion-satisfied-message" xlink:from="lbl21641" xlink:to="lbl21650"/>
    <msg:message xlink:type="resource" id="id10776" xml:lang="es" xlink:role="http://www.xbrl.org/2010/role/message" xlink:label="lbl21661">Rol[823000b] Regla823003: Informa Patrimonio al final del periodo OK; contexto  {$ifrs-full:IncreaseDecreaseInFairValueMeasurementEntitysOwnEquityInstruments/@contextRef}</msg:message>
    <gen:arc xlink:type="arc" xlink:arcrole="http://xbrl.org/arcrole/2010/assertion-satisfied-message" xlink:from="lbl21652" xlink:to="lbl21661"/>
    <msg:message xlink:type="resource" id="id10779" xml:lang="es" xlink:role="http://www.xbrl.org/2010/role/message" xlink:label="lbl21669">Rol[823000] Regla823004: Suma dimensiones Activos OK; contexto  {$cl-ci:ActivosNota/@contextRef}</msg:message>
    <gen:arc xlink:type="arc" xlink:arcrole="http://xbrl.org/arcrole/2010/assertion-satisfied-message" xlink:from="lbl21663" xlink:to="lbl21669"/>
    <msg:message xlink:type="resource" id="id10782" xml:lang="es" xlink:role="http://www.xbrl.org/2010/role/message" xlink:label="lbl21675">Rol[823000] Regla823005: Suma dimensiones Total incrementos (disminuciones) de la medición del valor razonable, activos OK; contexto  {$ifrs-full:IncreaseDecreaseInFairValueMeasurementAssets/@contextRef}</msg:message>
    <gen:arc xlink:type="arc" xlink:arcrole="http://xbrl.org/arcrole/2010/assertion-satisfied-message" xlink:from="lbl21671" xlink:to="lbl21675"/>
    <msg:message xlink:type="resource" id="id10785" xml:lang="es" xlink:role="http://www.xbrl.org/2010/role/message" xlink:label="lbl21683">Rol[823000a] Regla823006: Suma dimensiones Pasivo OK; contexto  {$cl-ci:PasivosNota/@contextRef}</msg:message>
    <gen:arc xlink:type="arc" xlink:arcrole="http://xbrl.org/arcrole/2010/assertion-satisfied-message" xlink:from="lbl21677" xlink:to="lbl21683"/>
    <msg:message xlink:type="resource" id="id10788" xml:lang="es" xlink:role="http://www.xbrl.org/2010/role/message" xlink:label="lbl21689">Rol[823000a] Regla823007: Suma dimensiones Total incrementos (disminuciones) de la medición del valor razonable, pasivos OK; contexto  {$ifrs-full:IncreaseDecreaseInFairValueMeasurementLiabilities/@contextRef}</msg:message>
    <gen:arc xlink:type="arc" xlink:arcrole="http://xbrl.org/arcrole/2010/assertion-satisfied-message" xlink:from="lbl21685" xlink:to="lbl21689"/>
    <msg:message xlink:type="resource" id="id10791" xml:lang="es" xlink:role="http://www.xbrl.org/2010/role/message" xlink:label="lbl21697">Rol[823000b] Regla823008: Suma dimensiones Patrimonio OK; contexto  {$cl-ci:PatrimonioNota/@contextRef}</msg:message>
    <gen:arc xlink:type="arc" xlink:arcrole="http://xbrl.org/arcrole/2010/assertion-satisfied-message" xlink:from="lbl21691" xlink:to="lbl21697"/>
    <msg:message xlink:type="resource" id="id10794" xml:lang="es" xlink:role="http://www.xbrl.org/2010/role/message" xlink:label="lbl21703">Rol[823000b] Regla823009: Suma dimensiones Total incrementos (disminuciones) de la medición del valor razonable, instrumentos de patrimonio propio de la entidad OK; contexto  {$ifrs-full:IncreaseDecreaseInFairValueMeasurementEntitysOwnEquityInstruments/@contextRef}</msg:message>
    <gen:arc xlink:type="arc" xlink:arcrole="http://xbrl.org/arcrole/2010/assertion-satisfied-message" xlink:from="lbl21699" xlink:to="lbl21703"/>
    <msg:message xlink:type="resource" id="id10771" xml:lang="es" xlink:role="http://www.xbrl.org/2010/role/message" xlink:label="lbl21640">Rol[823000] Regla823001: Error Activos al final del periodo; contexto  {$ifrs-full:IncreaseDecreaseInFairValueMeasurementAssets/@contextRef}</msg:message>
    <gen:arc xlink:type="arc" xlink:arcrole="http://xbrl.org/arcrole/2010/assertion-unsatisfied-message" xlink:from="lbl21630" xlink:to="lbl21640"/>
    <msg:message xlink:type="resource" id="id10774" xml:lang="es" xlink:role="http://www.xbrl.org/2010/role/message" xlink:label="lbl21651">Rol[823000a] Regla823002: Error Pasivo al final del periodo; contexto  {$ifrs-full:IncreaseDecreaseInFairValueMeasurementLiabilities/@contextRef}</msg:message>
    <gen:arc xlink:type="arc" xlink:arcrole="http://xbrl.org/arcrole/2010/assertion-unsatisfied-message" xlink:from="lbl21641" xlink:to="lbl21651"/>
    <msg:message xlink:type="resource" id="id10777" xml:lang="es" xlink:role="http://www.xbrl.org/2010/role/message" xlink:label="lbl21662">Rol[823000b] Regla823003: Error Patrimonio al final del periodo; contexto  {$ifrs-full:IncreaseDecreaseInFairValueMeasurementEntitysOwnEquityInstruments/@contextRef}</msg:message>
    <gen:arc xlink:type="arc" xlink:arcrole="http://xbrl.org/arcrole/2010/assertion-unsatisfied-message" xlink:from="lbl21652" xlink:to="lbl21662"/>
    <msg:message xlink:type="resource" id="id10780" xml:lang="es" xlink:role="http://www.xbrl.org/2010/role/message" xlink:label="lbl21670">Rol[823000] Regla823004: Error en suma dimensiones Activos; contexto  {$cl-ci:ActivosNota/@contextRef}</msg:message>
    <gen:arc xlink:type="arc" xlink:arcrole="http://xbrl.org/arcrole/2010/assertion-unsatisfied-message" xlink:from="lbl21663" xlink:to="lbl21670"/>
    <msg:message xlink:type="resource" id="id10783" xml:lang="es" xlink:role="http://www.xbrl.org/2010/role/message" xlink:label="lbl21676">Rol[823000] Regla823005: Error en suma dimensiones Total incrementos (disminuciones) de la medición del valor razonable, activos; contexto  {$ifrs-full:IncreaseDecreaseInFairValueMeasurementAssets/@contextRef}</msg:message>
    <gen:arc xlink:type="arc" xlink:arcrole="http://xbrl.org/arcrole/2010/assertion-unsatisfied-message" xlink:from="lbl21671" xlink:to="lbl21676"/>
    <msg:message xlink:type="resource" id="id10786" xml:lang="es" xlink:role="http://www.xbrl.org/2010/role/message" xlink:label="lbl21684">Rol[823000a] Regla823006: Error en suma dimensiones Pasivo; contexto  {$cl-ci:PasivosNota/@contextRef}</msg:message>
    <gen:arc xlink:type="arc" xlink:arcrole="http://xbrl.org/arcrole/2010/assertion-unsatisfied-message" xlink:from="lbl21677" xlink:to="lbl21684"/>
    <msg:message xlink:type="resource" id="id10789" xml:lang="es" xlink:role="http://www.xbrl.org/2010/role/message" xlink:label="lbl21690">Rol[823000a] Regla823007: Error en suma dimensiones Total incrementos (disminuciones) de la medición del valor razonable, pasivos; contexto  {$ifrs-full:IncreaseDecreaseInFairValueMeasurementLiabilities/@contextRef}</msg:message>
    <gen:arc xlink:type="arc" xlink:arcrole="http://xbrl.org/arcrole/2010/assertion-unsatisfied-message" xlink:from="lbl21685" xlink:to="lbl21690"/>
    <msg:message xlink:type="resource" id="id10792" xml:lang="es" xlink:role="http://www.xbrl.org/2010/role/message" xlink:label="lbl21698">Rol[823000b] Regla823008: Error en suma dimensiones Patrimonio; contexto  {$cl-ci:PatrimonioNota/@contextRef}</msg:message>
    <gen:arc xlink:type="arc" xlink:arcrole="http://xbrl.org/arcrole/2010/assertion-unsatisfied-message" xlink:from="lbl21691" xlink:to="lbl21698"/>
    <msg:message xlink:type="resource" id="id10795" xml:lang="es" xlink:role="http://www.xbrl.org/2010/role/message" xlink:label="lbl21704">Rol[823000b] Regla823009: Error en suma dimensiones Total incrementos (disminuciones) de la medición del valor razonable, instrumentos de patrimonio propio de la entidad; contexto  {$ifrs-full:IncreaseDecreaseInFairValueMeasurementEntitysOwnEquityInstruments/@contextRef}</msg:message>
    <gen:arc xlink:type="arc" xlink:arcrole="http://xbrl.org/arcrole/2010/assertion-unsatisfied-message" xlink:from="lbl21699" xlink:to="lbl21704"/>
  </gen:link>
</link:linkbase>