<?xml version="1.0" encoding="UTF-8"?>
<!--
*******************************************************************************************
Copyright © 2022 Comisión para el Mercado Financiero de Chile (CMF) 
This material is copyright of the CMF Chile and all rights are reserved. 
No part of this material may be translated, reprinted, reproduced or utilised in 
any form or manner that is not expressly permitted by the CMF Chile 
IP Policy see: http://www.cmfchile.cl/sitio/pop/politica.html
*******************************************************************************************
-->
<!-- Generated with Reporting Standard S.L. XBRL Taxonomy builder version 3.7.1.1364 - http://www.reportingstandard.com -->
<link:linkbase xmlns:link="http://www.xbrl.org/2003/linkbase" xmlns:xlink="http://www.w3.org/1999/xlink">
  <link:roleRef xlink:type="simple" roleURI="http://www.cmfchile.cl/cl/fr/ci/role/ifrs-13_2021-03-24_role-823000" xlink:href="../cl-ci_ifrs-13_2021-03-24_role-823000.xsd#ifrs-13_2021-03-24_role-823000"/>
  <link:presentationLink xlink:type="extended" xlink:role="http://www.cmfchile.cl/cl/fr/ci/role/ifrs-13_2021-03-24_role-823000">
    <link:loc xlink:type="locator" xlink:href="http://xbrl.ifrs.org/taxonomy/2021-03-24/full_ifrs/full_ifrs-cor_2021-03-24.xsd#ifrs-full_DisclosureOfFairValueMeasurementExplanatory" xlink:label="lbl21325"/>
    <link:loc xlink:type="locator" xlink:href="http://xbrl.ifrs.org/taxonomy/2021-03-24/full_ifrs/full_ifrs-cor_2021-03-24.xsd#ifrs-full_DisclosureOfFairValueMeasurementOfAssetsExplanatory" xlink:label="lbl21326"/>
    <link:presentationArc xlink:type="arc" xlink:arcrole="http://www.xbrl.org/2003/arcrole/parent-child" order="20.0" xlink:from="lbl21325" xlink:to="lbl21326"/>
    <link:loc xlink:type="locator" xlink:href="http://xbrl.ifrs.org/taxonomy/2021-03-24/full_ifrs/full_ifrs-cor_2021-03-24.xsd#ifrs-full_DisclosureOfFairValueMeasurementOfAssetsAbstract" xlink:label="lbl21327"/>
    <link:presentationArc xlink:type="arc" xlink:arcrole="http://www.xbrl.org/2003/arcrole/parent-child" order="30.0" xlink:to="lbl21327" xlink:from="lbl21326"/>
    <link:loc xlink:type="locator" xlink:href="http://xbrl.ifrs.org/taxonomy/2021-03-24/full_ifrs/full_ifrs-cor_2021-03-24.xsd#ifrs-full_DisclosureOfFairValueMeasurementOfAssetsTable" xlink:label="lbl21328"/>
    <link:presentationArc xlink:type="arc" xlink:arcrole="http://www.xbrl.org/2003/arcrole/parent-child" order="40.0" xlink:to="lbl21328" xlink:from="lbl21327"/>
    <link:loc xlink:type="locator" xlink:href="../../cl-ci_cor_2022-01-03.xsd#cl-ci_InformacionARevelarSobreMedicionValorRazonableActivosEje" xlink:label="lbl21329"/>
    <link:presentationArc xlink:type="arc" xlink:arcrole="http://www.xbrl.org/2003/arcrole/parent-child" order="50.0" xlink:to="lbl21329" xlink:from="lbl21328"/>
    <link:loc xlink:type="locator" xlink:href="http://xbrl.ifrs.org/taxonomy/2021-03-24/full_ifrs/full_ifrs-cor_2021-03-24.xsd#ifrs-full_ClassesOfAssetsMember" xlink:label="lbl21330"/>
    <link:presentationArc xlink:type="arc" xlink:arcrole="http://www.xbrl.org/2003/arcrole/parent-child" order="60.0" xlink:to="lbl21330" xlink:from="lbl21329"/>
    <link:loc xlink:type="locator" xlink:href="http://xbrl.ifrs.org/taxonomy/2021-03-24/full_ifrs/full_ifrs-cor_2021-03-24.xsd#ifrs-full_DisclosureOfFairValueMeasurementOfAssetsLineItems" xlink:label="lbl21331"/>
    <link:presentationArc xlink:type="arc" xlink:arcrole="http://www.xbrl.org/2003/arcrole/parent-child" order="70.0" xlink:to="lbl21331" xlink:from="lbl21327"/>
    <link:loc xlink:type="locator" xlink:href="../../cl-ci_cor_2022-01-03.xsd#cl-ci_TipoActivo" xlink:label="lbl21332"/>
    <link:presentationArc xlink:type="arc" xlink:arcrole="http://www.xbrl.org/2003/arcrole/parent-child" order="80.0" xlink:to="lbl21332" xlink:from="lbl21331"/>
    <link:loc xlink:type="locator" xlink:href="../../cl-ci_cor_2022-01-03.xsd#cl-ci_TipoMedicion" xlink:label="lbl21333"/>
    <link:presentationArc xlink:type="arc" xlink:arcrole="http://www.xbrl.org/2003/arcrole/parent-child" order="90.0" xlink:to="lbl21333" xlink:from="lbl21331"/>
    <link:loc xlink:type="locator" xlink:href="../../cl-ci_cor_2022-01-03.xsd#cl-ci_JerarquiaMedicion" xlink:label="lbl21334"/>
    <link:presentationArc xlink:type="arc" xlink:arcrole="http://www.xbrl.org/2003/arcrole/parent-child" order="100.0" xlink:to="lbl21334" xlink:from="lbl21331"/>
    <link:loc xlink:type="locator" xlink:href="http://xbrl.ifrs.org/taxonomy/2021-03-24/full_ifrs/full_ifrs-cor_2021-03-24.xsd#ifrs-full_ReconciliationOfChangesInFairValueMeasurementAssetsAbstract" xlink:label="lbl21335"/>
    <link:presentationArc xlink:type="arc" xlink:arcrole="http://www.xbrl.org/2003/arcrole/parent-child" order="110.0" xlink:to="lbl21335" xlink:from="lbl21331"/>
    <link:loc xlink:type="locator" xlink:href="../../cl-ci_cor_2022-01-03.xsd#cl-ci_ActivosNota" xlink:label="lbl21336"/>
    <link:presentationArc xlink:type="arc" xlink:arcrole="http://www.xbrl.org/2003/arcrole/parent-child" preferredLabel="http://www.xbrl.org/2003/role/periodStartLabel" order="120.0" xlink:to="lbl21336" xlink:from="lbl21335"/>
    <link:loc xlink:type="locator" xlink:href="http://xbrl.ifrs.org/taxonomy/2021-03-24/full_ifrs/full_ifrs-cor_2021-03-24.xsd#ifrs-full_ChangesInFairValueMeasurementAssetsAbstract" xlink:label="lbl21337"/>
    <link:presentationArc xlink:type="arc" xlink:arcrole="http://www.xbrl.org/2003/arcrole/parent-child" order="130.0" xlink:to="lbl21337" xlink:from="lbl21335"/>
    <link:loc xlink:type="locator" xlink:href="http://xbrl.ifrs.org/taxonomy/2021-03-24/full_ifrs/full_ifrs-cor_2021-03-24.xsd#ifrs-full_GainsLossesRecognisedInProfitOrLossFairValueMeasurementAssetsAbstract" xlink:label="lbl21338"/>
    <link:presentationArc xlink:type="arc" xlink:arcrole="http://www.xbrl.org/2003/arcrole/parent-child" order="132.0" xlink:to="lbl21338" xlink:from="lbl21337"/>
    <link:loc xlink:type="locator" xlink:href="http://xbrl.ifrs.org/taxonomy/2021-03-24/full_ifrs/full_ifrs-cor_2021-03-24.xsd#ifrs-full_GainsLossesRecognisedInProfitOrLossOnExchangeDifferencesFairValueMeasurementAssets" xlink:label="lbl21339"/>
    <link:presentationArc xlink:type="arc" xlink:arcrole="http://www.xbrl.org/2003/arcrole/parent-child" order="134.0" xlink:to="lbl21339" xlink:from="lbl21338"/>
    <link:loc xlink:type="locator" xlink:href="http://xbrl.ifrs.org/taxonomy/2021-03-24/full_ifrs/full_ifrs-cor_2021-03-24.xsd#ifrs-full_GainsLossesRecognisedInProfitOrLossExcludingExchangeDifferencesFairValueMeasurementAssets" xlink:label="lbl21340"/>
    <link:presentationArc xlink:type="arc" xlink:arcrole="http://www.xbrl.org/2003/arcrole/parent-child" order="136.0" xlink:to="lbl21340" xlink:from="lbl21338"/>
    <link:loc xlink:type="locator" xlink:href="http://xbrl.ifrs.org/taxonomy/2021-03-24/full_ifrs/full_ifrs-cor_2021-03-24.xsd#ifrs-full_GainsLossesRecognisedInProfitOrLossFairValueMeasurementAssets" xlink:label="lbl21341"/>
    <link:presentationArc xlink:type="arc" xlink:arcrole="http://www.xbrl.org/2003/arcrole/parent-child" preferredLabel="http://www.xbrl.org/2003/role/totalLabel" order="140.0" xlink:to="lbl21341" xlink:from="lbl21338"/>
    <link:loc xlink:type="locator" xlink:href="http://xbrl.ifrs.org/taxonomy/2021-03-24/full_ifrs/full_ifrs-cor_2021-03-24.xsd#ifrs-full_GainsLossesRecognisedInOtherComprehensiveIncomeFairValueMeasurementAssetsAbstract" xlink:label="lbl21342"/>
    <link:presentationArc xlink:type="arc" xlink:arcrole="http://www.xbrl.org/2003/arcrole/parent-child" order="142.0" xlink:to="lbl21342" xlink:from="lbl21337"/>
    <link:loc xlink:type="locator" xlink:href="http://xbrl.ifrs.org/taxonomy/2021-03-24/full_ifrs/full_ifrs-cor_2021-03-24.xsd#ifrs-full_GainsLossesRecognisedInOtherComprehensiveIncomeOnExchangeDifferencesFairValueMeasurementAssets" xlink:label="lbl21343"/>
    <link:presentationArc xlink:type="arc" xlink:arcrole="http://www.xbrl.org/2003/arcrole/parent-child" order="144.0" xlink:to="lbl21343" xlink:from="lbl21342"/>
    <link:loc xlink:type="locator" xlink:href="http://xbrl.ifrs.org/taxonomy/2021-03-24/full_ifrs/full_ifrs-cor_2021-03-24.xsd#ifrs-full_GainsLossesRecognisedInOtherComprehensiveIncomeExcludingExchangeDifferencesFairValueMeasurementAssets" xlink:label="lbl21344"/>
    <link:presentationArc xlink:type="arc" xlink:arcrole="http://www.xbrl.org/2003/arcrole/parent-child" order="146.0" xlink:to="lbl21344" xlink:from="lbl21342"/>
    <link:loc xlink:type="locator" xlink:href="http://xbrl.ifrs.org/taxonomy/2021-03-24/full_ifrs/full_ifrs-cor_2021-03-24.xsd#ifrs-full_GainsLossesRecognisedInOtherComprehensiveIncomeFairValueMeasurementAssets" xlink:label="lbl21345"/>
    <link:presentationArc xlink:type="arc" xlink:arcrole="http://www.xbrl.org/2003/arcrole/parent-child" preferredLabel="http://www.xbrl.org/2003/role/totalLabel" order="150.0" xlink:to="lbl21345" xlink:from="lbl21342"/>
    <link:loc xlink:type="locator" xlink:href="http://xbrl.ifrs.org/taxonomy/2021-03-24/full_ifrs/full_ifrs-cor_2021-03-24.xsd#ifrs-full_PurchasesFairValueMeasurementAssets" xlink:label="lbl21346"/>
    <link:presentationArc xlink:type="arc" xlink:arcrole="http://www.xbrl.org/2003/arcrole/parent-child" order="160.0" xlink:to="lbl21346" xlink:from="lbl21337"/>
    <link:loc xlink:type="locator" xlink:href="http://xbrl.ifrs.org/taxonomy/2021-03-24/full_ifrs/full_ifrs-cor_2021-03-24.xsd#ifrs-full_SalesFairValueMeasurementAssets" xlink:label="lbl21347"/>
    <link:presentationArc xlink:type="arc" xlink:arcrole="http://www.xbrl.org/2003/arcrole/parent-child" order="170.0" xlink:to="lbl21347" xlink:from="lbl21337"/>
    <link:loc xlink:type="locator" xlink:href="http://xbrl.ifrs.org/taxonomy/2021-03-24/full_ifrs/full_ifrs-cor_2021-03-24.xsd#ifrs-full_IssuesFairValueMeasurementAssets" xlink:label="lbl21348"/>
    <link:presentationArc xlink:type="arc" xlink:arcrole="http://www.xbrl.org/2003/arcrole/parent-child" order="180.0" xlink:to="lbl21348" xlink:from="lbl21337"/>
    <link:loc xlink:type="locator" xlink:href="http://xbrl.ifrs.org/taxonomy/2021-03-24/full_ifrs/full_ifrs-cor_2021-03-24.xsd#ifrs-full_SettlementsFairValueMeasurementAssets" xlink:label="lbl21349"/>
    <link:presentationArc xlink:type="arc" xlink:arcrole="http://www.xbrl.org/2003/arcrole/parent-child" order="190.0" xlink:to="lbl21349" xlink:from="lbl21337"/>
    <link:loc xlink:type="locator" xlink:href="http://xbrl.ifrs.org/taxonomy/2021-03-24/full_ifrs/full_ifrs-cor_2021-03-24.xsd#ifrs-full_TransfersIntoLevel3OfFairValueHierarchyAssets" xlink:label="lbl21350"/>
    <link:presentationArc xlink:type="arc" xlink:arcrole="http://www.xbrl.org/2003/arcrole/parent-child" order="200.0" xlink:to="lbl21350" xlink:from="lbl21337"/>
    <link:loc xlink:type="locator" xlink:href="http://xbrl.ifrs.org/taxonomy/2021-03-24/full_ifrs/full_ifrs-cor_2021-03-24.xsd#ifrs-full_TransfersOutOfLevel3OfFairValueHierarchyAssets" xlink:label="lbl21351"/>
    <link:presentationArc xlink:type="arc" xlink:arcrole="http://www.xbrl.org/2003/arcrole/parent-child" order="210.0" xlink:to="lbl21351" xlink:from="lbl21337"/>
    <link:loc xlink:type="locator" xlink:href="http://xbrl.ifrs.org/taxonomy/2021-03-24/full_ifrs/full_ifrs-cor_2021-03-24.xsd#ifrs-full_IncreaseDecreaseInFairValueMeasurementAssets" xlink:label="lbl21352"/>
    <link:presentationArc xlink:type="arc" xlink:arcrole="http://www.xbrl.org/2003/arcrole/parent-child" preferredLabel="http://www.xbrl.org/2003/role/totalLabel" order="220.0" xlink:to="lbl21352" xlink:from="lbl21337"/>
    <link:loc xlink:type="locator" xlink:href="../../cl-ci_cor_2022-01-03.xsd#cl-ci_ActivosNota" xlink:label="lbl21353"/>
    <link:presentationArc xlink:type="arc" xlink:arcrole="http://www.xbrl.org/2003/arcrole/parent-child" preferredLabel="http://www.xbrl.org/2003/role/periodEndLabel" order="230.0" xlink:from="lbl21335" xlink:to="lbl21353"/>
    <link:loc xlink:type="locator" xlink:href="http://xbrl.ifrs.org/taxonomy/2021-03-24/full_ifrs/full_ifrs-cor_2021-03-24.xsd#ifrs-full_DescriptionOfReasonsForFairValueMeasurementAssets" xlink:label="lbl21354"/>
    <link:presentationArc xlink:type="arc" xlink:arcrole="http://www.xbrl.org/2003/arcrole/parent-child" order="240.0" xlink:to="lbl21354" xlink:from="lbl21326"/>
    <link:loc xlink:type="locator" xlink:href="http://xbrl.ifrs.org/taxonomy/2021-03-24/full_ifrs/full_ifrs-cor_2021-03-24.xsd#ifrs-full_TransfersOutOfLevel1IntoLevel2OfFairValueHierarchyAssets" xlink:label="lbl21355"/>
    <link:presentationArc xlink:type="arc" xlink:arcrole="http://www.xbrl.org/2003/arcrole/parent-child" order="250.0" xlink:to="lbl21355" xlink:from="lbl21326"/>
    <link:loc xlink:type="locator" xlink:href="http://xbrl.ifrs.org/taxonomy/2021-03-24/full_ifrs/full_ifrs-cor_2021-03-24.xsd#ifrs-full_DescriptionOfReasonsForTransfersOutOfLevel1IntoLevel2OfFairValueHierarchyAssets" xlink:label="lbl21356"/>
    <link:presentationArc xlink:type="arc" xlink:arcrole="http://www.xbrl.org/2003/arcrole/parent-child" order="260.0" xlink:to="lbl21356" xlink:from="lbl21326"/>
    <link:loc xlink:type="locator" xlink:href="http://xbrl.ifrs.org/taxonomy/2021-03-24/full_ifrs/full_ifrs-cor_2021-03-24.xsd#ifrs-full_TransfersOutOfLevel2IntoLevel1OfFairValueHierarchyAssets" xlink:label="lbl21357"/>
    <link:presentationArc xlink:type="arc" xlink:arcrole="http://www.xbrl.org/2003/arcrole/parent-child" order="270.0" xlink:to="lbl21357" xlink:from="lbl21326"/>
    <link:loc xlink:type="locator" xlink:href="http://xbrl.ifrs.org/taxonomy/2021-03-24/full_ifrs/full_ifrs-cor_2021-03-24.xsd#ifrs-full_DescriptionOfReasonsForTransfersOutOfLevel2IntoLevel1OfFairValueHierarchyAssets" xlink:label="lbl21358"/>
    <link:presentationArc xlink:type="arc" xlink:arcrole="http://www.xbrl.org/2003/arcrole/parent-child" order="280.0" xlink:to="lbl21358" xlink:from="lbl21326"/>
    <link:loc xlink:type="locator" xlink:href="http://xbrl.ifrs.org/taxonomy/2021-03-24/full_ifrs/full_ifrs-cor_2021-03-24.xsd#ifrs-full_DescriptionOfPolicyForDeterminingWhenTransfersBetweenLevelsAreDeemedToHaveOccurredAssets" xlink:label="lbl21359"/>
    <link:presentationArc xlink:type="arc" xlink:arcrole="http://www.xbrl.org/2003/arcrole/parent-child" order="290.0" xlink:to="lbl21359" xlink:from="lbl21326"/>
    <link:loc xlink:type="locator" xlink:href="http://xbrl.ifrs.org/taxonomy/2021-03-24/full_ifrs/full_ifrs-cor_2021-03-24.xsd#ifrs-full_DescriptionOfValuationTechniquesUsedInFairValueMeasurementAssets" xlink:label="lbl21360"/>
    <link:presentationArc xlink:type="arc" xlink:arcrole="http://www.xbrl.org/2003/arcrole/parent-child" order="300.0" xlink:to="lbl21360" xlink:from="lbl21326"/>
    <link:loc xlink:type="locator" xlink:href="http://xbrl.ifrs.org/taxonomy/2021-03-24/full_ifrs/full_ifrs-cor_2021-03-24.xsd#ifrs-full_DescriptionOfInputsUsedInFairValueMeasurementAssets" xlink:label="lbl21361"/>
    <link:presentationArc xlink:type="arc" xlink:arcrole="http://www.xbrl.org/2003/arcrole/parent-child" order="310.0" xlink:to="lbl21361" xlink:from="lbl21326"/>
    <link:loc xlink:type="locator" xlink:href="http://xbrl.ifrs.org/taxonomy/2021-03-24/full_ifrs/full_ifrs-cor_2021-03-24.xsd#ifrs-full_DescriptionOfChangeInValuationTechniqueUsedInFairValueMeasurementAssets" xlink:label="lbl21362"/>
    <link:presentationArc xlink:type="arc" xlink:arcrole="http://www.xbrl.org/2003/arcrole/parent-child" order="320.0" xlink:to="lbl21362" xlink:from="lbl21326"/>
    <link:loc xlink:type="locator" xlink:href="http://xbrl.ifrs.org/taxonomy/2021-03-24/full_ifrs/full_ifrs-cor_2021-03-24.xsd#ifrs-full_DescriptionOfReasonsForChangeInValuationTechniqueUsedInFairValueMeasurementAssets" xlink:label="lbl21363"/>
    <link:presentationArc xlink:type="arc" xlink:arcrole="http://www.xbrl.org/2003/arcrole/parent-child" order="330.0" xlink:to="lbl21363" xlink:from="lbl21326"/>
    <link:loc xlink:type="locator" xlink:href="http://xbrl.ifrs.org/taxonomy/2021-03-24/full_ifrs/full_ifrs-cor_2021-03-24.xsd#ifrs-full_DescriptionOfLineItemsInProfitOrLossWhereGainsLossesAreRecognisedFairValueMeasurementAssets" xlink:label="lbl21364"/>
    <link:presentationArc xlink:type="arc" xlink:arcrole="http://www.xbrl.org/2003/arcrole/parent-child" order="340.0" xlink:to="lbl21364" xlink:from="lbl21326"/>
    <link:loc xlink:type="locator" xlink:href="http://xbrl.ifrs.org/taxonomy/2021-03-24/full_ifrs/full_ifrs-cor_2021-03-24.xsd#ifrs-full_DescriptionOfLineItemsInOtherComprehensiveIncomeWhereGainsLossesAreRecognisedFairValueMeasurementAssets" xlink:label="lbl21365"/>
    <link:presentationArc xlink:type="arc" xlink:arcrole="http://www.xbrl.org/2003/arcrole/parent-child" order="350.0" xlink:to="lbl21365" xlink:from="lbl21326"/>
    <link:loc xlink:type="locator" xlink:href="http://xbrl.ifrs.org/taxonomy/2021-03-24/full_ifrs/full_ifrs-cor_2021-03-24.xsd#ifrs-full_DescriptionOfReasonsForTransfersIntoLevel3OfFairValueHierarchyAssets" xlink:label="lbl21366"/>
    <link:presentationArc xlink:type="arc" xlink:arcrole="http://www.xbrl.org/2003/arcrole/parent-child" order="360.0" xlink:to="lbl21366" xlink:from="lbl21326"/>
    <link:loc xlink:type="locator" xlink:href="http://xbrl.ifrs.org/taxonomy/2021-03-24/full_ifrs/full_ifrs-cor_2021-03-24.xsd#ifrs-full_DescriptionOfReasonsForTransfersOutOfLevel3OfFairValueHierarchyAssets" xlink:label="lbl21367"/>
    <link:presentationArc xlink:type="arc" xlink:arcrole="http://www.xbrl.org/2003/arcrole/parent-child" order="370.0" xlink:to="lbl21367" xlink:from="lbl21326"/>
    <link:loc xlink:type="locator" xlink:href="http://xbrl.ifrs.org/taxonomy/2021-03-24/full_ifrs/full_ifrs-cor_2021-03-24.xsd#ifrs-full_StatementThatThereWereNoTransfersBetweenLevel1AndLevel2OfFairValueHierarchyAssets" xlink:label="lbl21368"/>
    <link:presentationArc xlink:type="arc" xlink:arcrole="http://www.xbrl.org/2003/arcrole/parent-child" order="372.0" xlink:to="lbl21368" xlink:from="lbl21326"/>
    <link:loc xlink:type="locator" xlink:href="http://xbrl.ifrs.org/taxonomy/2021-03-24/full_ifrs/full_ifrs-cor_2021-03-24.xsd#ifrs-full_StatementThatThereWereNoTransfersBetweenLevel1Level2OrLevel3OfFairValueHierarchyAssets" xlink:label="lbl21369"/>
    <link:presentationArc xlink:type="arc" xlink:arcrole="http://www.xbrl.org/2003/arcrole/parent-child" order="374.0" xlink:to="lbl21369" xlink:from="lbl21326"/>
    <link:loc xlink:type="locator" xlink:href="http://xbrl.ifrs.org/taxonomy/2021-03-24/full_ifrs/full_ifrs-cor_2021-03-24.xsd#ifrs-full_GainsLossesRecognisedInProfitOrLossAttributableToChangeInUnrealisedGainsOrLossesForAssetsHeldAtEndOfPeriodFairValueMeasurement" xlink:label="lbl21370"/>
    <link:presentationArc xlink:type="arc" xlink:arcrole="http://www.xbrl.org/2003/arcrole/parent-child" order="380.0" xlink:to="lbl21370" xlink:from="lbl21326"/>
    <link:loc xlink:type="locator" xlink:href="http://xbrl.ifrs.org/taxonomy/2021-03-24/full_ifrs/full_ifrs-cor_2021-03-24.xsd#ifrs-full_DescriptionOfLineItemsInProfitOrLossWhereGainsLossesAttributableToChangeInUnrealisedGainsOrLossesForAssetsHeldAtEndOfPeriodAreRecognisedFairValueMeasurement" xlink:label="lbl21371"/>
    <link:presentationArc xlink:type="arc" xlink:arcrole="http://www.xbrl.org/2003/arcrole/parent-child" order="390.0" xlink:to="lbl21371" xlink:from="lbl21326"/>
    <link:loc xlink:type="locator" xlink:href="http://xbrl.ifrs.org/taxonomy/2021-03-24/full_ifrs/full_ifrs-cor_2021-03-24.xsd#ifrs-full_DescriptionOfValuationProcessesUsedInFairValueMeasurementAssets" xlink:label="lbl21372"/>
    <link:presentationArc xlink:type="arc" xlink:arcrole="http://www.xbrl.org/2003/arcrole/parent-child" order="400.0" xlink:to="lbl21372" xlink:from="lbl21326"/>
    <link:loc xlink:type="locator" xlink:href="http://xbrl.ifrs.org/taxonomy/2021-03-24/full_ifrs/full_ifrs-cor_2021-03-24.xsd#ifrs-full_DescriptionOfGroupWithinEntityThatDecidesEntitysValuationPoliciesAndProceduresAssets" xlink:label="lbl21373"/>
    <link:presentationArc xlink:type="arc" xlink:arcrole="http://www.xbrl.org/2003/arcrole/parent-child" order="410.0" xlink:to="lbl21373" xlink:from="lbl21372"/>
    <link:loc xlink:type="locator" xlink:href="http://xbrl.ifrs.org/taxonomy/2021-03-24/full_ifrs/full_ifrs-cor_2021-03-24.xsd#ifrs-full_DescriptionOfToWhomGroupWithinEntityThatDecidesEntitysValuationPoliciesAndProceduresReportsAssets" xlink:label="lbl21374"/>
    <link:presentationArc xlink:type="arc" xlink:arcrole="http://www.xbrl.org/2003/arcrole/parent-child" order="420.0" xlink:to="lbl21374" xlink:from="lbl21372"/>
    <link:loc xlink:type="locator" xlink:href="http://xbrl.ifrs.org/taxonomy/2021-03-24/full_ifrs/full_ifrs-cor_2021-03-24.xsd#ifrs-full_DescriptionOfInternalReportingProceduresForDiscussingAndAssessingFairValueMeasurementsAssets" xlink:label="lbl21375"/>
    <link:presentationArc xlink:type="arc" xlink:arcrole="http://www.xbrl.org/2003/arcrole/parent-child" order="430.0" xlink:to="lbl21375" xlink:from="lbl21372"/>
    <link:loc xlink:type="locator" xlink:href="http://xbrl.ifrs.org/taxonomy/2021-03-24/full_ifrs/full_ifrs-cor_2021-03-24.xsd#ifrs-full_DescriptionOfFrequencyAndMethodsForTestingProceduresOfPricingModelsAssets" xlink:label="lbl21376"/>
    <link:presentationArc xlink:type="arc" xlink:arcrole="http://www.xbrl.org/2003/arcrole/parent-child" order="440.0" xlink:to="lbl21376" xlink:from="lbl21372"/>
    <link:loc xlink:type="locator" xlink:href="http://xbrl.ifrs.org/taxonomy/2021-03-24/full_ifrs/full_ifrs-cor_2021-03-24.xsd#ifrs-full_DescriptionOfProcessForAnalysingChangesInFairValueMeasurementsAssets" xlink:label="lbl21377"/>
    <link:presentationArc xlink:type="arc" xlink:arcrole="http://www.xbrl.org/2003/arcrole/parent-child" order="450.0" xlink:to="lbl21377" xlink:from="lbl21372"/>
    <link:loc xlink:type="locator" xlink:href="http://xbrl.ifrs.org/taxonomy/2021-03-24/full_ifrs/full_ifrs-cor_2021-03-24.xsd#ifrs-full_DescriptionOfHowEntityDeterminedThatThirdpartyInformationUsedInFairValueMeasurementWasDevelopedInAccordanceWithIFRS13Assets" xlink:label="lbl21378"/>
    <link:presentationArc xlink:type="arc" xlink:arcrole="http://www.xbrl.org/2003/arcrole/parent-child" order="460.0" xlink:to="lbl21378" xlink:from="lbl21372"/>
    <link:loc xlink:type="locator" xlink:href="http://xbrl.ifrs.org/taxonomy/2021-03-24/full_ifrs/full_ifrs-cor_2021-03-24.xsd#ifrs-full_DescriptionOfMethodsUsedToDevelopAndSubstantiateUnobservableInputsUsedInFairValueMeasurementAssets" xlink:label="lbl21379"/>
    <link:presentationArc xlink:type="arc" xlink:arcrole="http://www.xbrl.org/2003/arcrole/parent-child" order="470.0" xlink:to="lbl21379" xlink:from="lbl21372"/>
    <link:loc xlink:type="locator" xlink:href="http://xbrl.ifrs.org/taxonomy/2021-03-24/full_ifrs/full_ifrs-cor_2021-03-24.xsd#ifrs-full_DescriptionOfFactThatHighestAndBestUseOfNonfinancialAssetDiffersFromCurrentUse" xlink:label="lbl21380"/>
    <link:presentationArc xlink:type="arc" xlink:arcrole="http://www.xbrl.org/2003/arcrole/parent-child" order="550.0" xlink:to="lbl21380" xlink:from="lbl21326"/>
    <link:loc xlink:type="locator" xlink:href="http://xbrl.ifrs.org/taxonomy/2021-03-24/full_ifrs/full_ifrs-cor_2021-03-24.xsd#ifrs-full_DescriptionOfReasonWhyNonfinancialAssetIsBeingUsedInMannerDifferentFromHighestAndBestUse" xlink:label="lbl21381"/>
    <link:presentationArc xlink:type="arc" xlink:arcrole="http://www.xbrl.org/2003/arcrole/parent-child" order="560.0" xlink:to="lbl21381" xlink:from="lbl21326"/>
    <link:loc xlink:type="locator" xlink:href="http://xbrl.ifrs.org/taxonomy/2021-03-24/full_ifrs/full_ifrs-cor_2021-03-24.xsd#ifrs-full_DisclosureOfInformationSufficientToPermitReconciliationOfClassesDeterminedForFairValueMeasurementToLineItemsInStatementOfFinancialPositionAssetsExplanatory" xlink:label="lbl21382"/>
    <link:presentationArc xlink:type="arc" xlink:arcrole="http://www.xbrl.org/2003/arcrole/parent-child" order="570.0" xlink:to="lbl21382" xlink:from="lbl21326"/>
    <link:loc xlink:type="locator" xlink:href="http://xbrl.ifrs.org/taxonomy/2021-03-24/full_ifrs/full_ifrs-cor_2021-03-24.xsd#ifrs-full_DescriptionOfAccountingPolicyDecisionToUseExceptionInIFRS1348Assets" xlink:label="lbl21383"/>
    <link:presentationArc xlink:type="arc" xlink:arcrole="http://www.xbrl.org/2003/arcrole/parent-child" order="580.0" xlink:to="lbl21383" xlink:from="lbl21326"/>
    <link:loc xlink:type="locator" xlink:href="http://xbrl.ifrs.org/taxonomy/2021-03-24/full_ifrs/full_ifrs-cor_2021-03-24.xsd#ifrs-full_DescriptionOfNatureOfClassOfAssetsMeasuredAtFairValue" xlink:label="lbl21384"/>
    <link:presentationArc xlink:type="arc" xlink:arcrole="http://www.xbrl.org/2003/arcrole/parent-child" order="590.0" xlink:to="lbl21384" xlink:from="lbl21326"/>
    <link:loc xlink:type="locator" xlink:href="http://xbrl.ifrs.org/taxonomy/2021-03-24/full_ifrs/full_ifrs-cor_2021-03-24.xsd#ifrs-full_DescriptionOfHowThirdpartyInformationWasTakenIntoAccountWhenMeasuringFairValueAssets" xlink:label="lbl21385"/>
    <link:presentationArc xlink:type="arc" xlink:arcrole="http://www.xbrl.org/2003/arcrole/parent-child" order="600.0" xlink:to="lbl21385" xlink:from="lbl21326"/>
    <link:loc xlink:type="locator" xlink:href="http://xbrl.ifrs.org/taxonomy/2021-03-24/full_ifrs/full_ifrs-cor_2021-03-24.xsd#ifrs-full_DisclosureOfFairValueMeasurementOfLiabilitiesExplanatory" xlink:label="lbl21386"/>
    <link:presentationArc xlink:type="arc" xlink:arcrole="http://www.xbrl.org/2003/arcrole/parent-child" order="610.0" xlink:to="lbl21386" xlink:from="lbl21325"/>
    <link:loc xlink:type="locator" xlink:href="http://xbrl.ifrs.org/taxonomy/2021-03-24/full_ifrs/full_ifrs-cor_2021-03-24.xsd#ifrs-full_DisclosureOfFairValueMeasurementOfLiabilitiesAbstract" xlink:label="lbl21387"/>
    <link:presentationArc xlink:type="arc" xlink:arcrole="http://www.xbrl.org/2003/arcrole/parent-child" order="620.0" xlink:to="lbl21387" xlink:from="lbl21386"/>
    <link:loc xlink:type="locator" xlink:href="http://xbrl.ifrs.org/taxonomy/2021-03-24/full_ifrs/full_ifrs-cor_2021-03-24.xsd#ifrs-full_DisclosureOfFairValueMeasurementOfLiabilitiesTable" xlink:label="lbl21388"/>
    <link:presentationArc xlink:type="arc" xlink:arcrole="http://www.xbrl.org/2003/arcrole/parent-child" order="630.0" xlink:to="lbl21388" xlink:from="lbl21387"/>
    <link:loc xlink:type="locator" xlink:href="../../cl-ci_cor_2022-01-03.xsd#cl-ci_InformacionARevelarSobreMedicionValorRazonablePasivosEje" xlink:label="lbl21389"/>
    <link:presentationArc xlink:type="arc" xlink:arcrole="http://www.xbrl.org/2003/arcrole/parent-child" order="640.0" xlink:to="lbl21389" xlink:from="lbl21388"/>
    <link:loc xlink:type="locator" xlink:href="http://xbrl.ifrs.org/taxonomy/2021-03-24/full_ifrs/full_ifrs-cor_2021-03-24.xsd#ifrs-full_LiabilitiesMember" xlink:label="lbl21390"/>
    <link:presentationArc xlink:type="arc" xlink:arcrole="http://www.xbrl.org/2003/arcrole/parent-child" order="650.0" xlink:to="lbl21390" xlink:from="lbl21389"/>
    <link:loc xlink:type="locator" xlink:href="http://xbrl.ifrs.org/taxonomy/2021-03-24/full_ifrs/full_ifrs-cor_2021-03-24.xsd#ifrs-full_DisclosureOfFairValueMeasurementOfLiabilitiesLineItems" xlink:label="lbl21391"/>
    <link:presentationArc xlink:type="arc" xlink:arcrole="http://www.xbrl.org/2003/arcrole/parent-child" order="660.0" xlink:to="lbl21391" xlink:from="lbl21387"/>
    <link:loc xlink:type="locator" xlink:href="../../cl-ci_cor_2022-01-03.xsd#cl-ci_TipoPasivo" xlink:label="lbl21392"/>
    <link:presentationArc xlink:type="arc" xlink:arcrole="http://www.xbrl.org/2003/arcrole/parent-child" order="670.0" xlink:to="lbl21392" xlink:from="lbl21391"/>
    <link:presentationArc xlink:type="arc" xlink:arcrole="http://www.xbrl.org/2003/arcrole/parent-child" order="680.0" xlink:from="lbl21391" xlink:to="lbl21333"/>
    <link:presentationArc xlink:type="arc" xlink:arcrole="http://www.xbrl.org/2003/arcrole/parent-child" order="690.0" xlink:from="lbl21391" xlink:to="lbl21334"/>
    <link:loc xlink:type="locator" xlink:href="http://xbrl.ifrs.org/taxonomy/2021-03-24/full_ifrs/full_ifrs-cor_2021-03-24.xsd#ifrs-full_ReconciliationOfChangesInFairValueMeasurementLiabilitiesAbstract" xlink:label="lbl21393"/>
    <link:presentationArc xlink:type="arc" xlink:arcrole="http://www.xbrl.org/2003/arcrole/parent-child" order="700.0" xlink:to="lbl21393" xlink:from="lbl21391"/>
    <link:loc xlink:type="locator" xlink:href="../../cl-ci_cor_2022-01-03.xsd#cl-ci_PasivosNota" xlink:label="lbl21394"/>
    <link:presentationArc xlink:type="arc" xlink:arcrole="http://www.xbrl.org/2003/arcrole/parent-child" preferredLabel="http://www.xbrl.org/2003/role/periodStartLabel" order="710.0" xlink:to="lbl21394" xlink:from="lbl21393"/>
    <link:loc xlink:type="locator" xlink:href="http://xbrl.ifrs.org/taxonomy/2021-03-24/full_ifrs/full_ifrs-cor_2021-03-24.xsd#ifrs-full_ChangesInFairValueMeasurementLiabilitiesAbstract" xlink:label="lbl21395"/>
    <link:presentationArc xlink:type="arc" xlink:arcrole="http://www.xbrl.org/2003/arcrole/parent-child" order="720.0" xlink:to="lbl21395" xlink:from="lbl21393"/>
    <link:loc xlink:type="locator" xlink:href="http://xbrl.ifrs.org/taxonomy/2021-03-24/full_ifrs/full_ifrs-cor_2021-03-24.xsd#ifrs-full_GainsLossesRecognisedInProfitOrLossFairValueMeasurementLiabilitiesAbstract" xlink:label="lbl21396"/>
    <link:presentationArc xlink:type="arc" xlink:arcrole="http://www.xbrl.org/2003/arcrole/parent-child" order="722.0" xlink:to="lbl21396" xlink:from="lbl21395"/>
    <link:loc xlink:type="locator" xlink:href="http://xbrl.ifrs.org/taxonomy/2021-03-24/full_ifrs/full_ifrs-cor_2021-03-24.xsd#ifrs-full_GainsLossesRecognisedInProfitOrLossOnExchangeDifferencesFairValueMeasurementLiabilities" xlink:label="lbl21397"/>
    <link:presentationArc xlink:type="arc" xlink:arcrole="http://www.xbrl.org/2003/arcrole/parent-child" order="724.0" xlink:to="lbl21397" xlink:from="lbl21396"/>
    <link:loc xlink:type="locator" xlink:href="http://xbrl.ifrs.org/taxonomy/2021-03-24/full_ifrs/full_ifrs-cor_2021-03-24.xsd#ifrs-full_GainsLossesRecognisedInProfitOrLossExcludingExchangeDifferencesFairValueMeasurementLiabilities" xlink:label="lbl21398"/>
    <link:presentationArc xlink:type="arc" xlink:arcrole="http://www.xbrl.org/2003/arcrole/parent-child" order="726.0" xlink:to="lbl21398" xlink:from="lbl21396"/>
    <link:loc xlink:type="locator" xlink:href="http://xbrl.ifrs.org/taxonomy/2021-03-24/full_ifrs/full_ifrs-cor_2021-03-24.xsd#ifrs-full_GainsLossesRecognisedInProfitOrLossFairValueMeasurementLiabilities" xlink:label="lbl21399"/>
    <link:presentationArc xlink:type="arc" xlink:arcrole="http://www.xbrl.org/2003/arcrole/parent-child" preferredLabel="http://www.xbrl.org/2009/role/negatedLabel" order="730.0" xlink:to="lbl21399" xlink:from="lbl21396"/>
    <link:loc xlink:type="locator" xlink:href="http://xbrl.ifrs.org/taxonomy/2021-03-24/full_ifrs/full_ifrs-cor_2021-03-24.xsd#ifrs-full_GainsLossesRecognisedInOtherComprehensiveIncomeFairValueMeasurementLiabilitiesAbstract" xlink:label="lbl21400"/>
    <link:presentationArc xlink:type="arc" xlink:arcrole="http://www.xbrl.org/2003/arcrole/parent-child" order="732.0" xlink:to="lbl21400" xlink:from="lbl21395"/>
    <link:loc xlink:type="locator" xlink:href="http://xbrl.ifrs.org/taxonomy/2021-03-24/full_ifrs/full_ifrs-cor_2021-03-24.xsd#ifrs-full_GainsLossesRecognisedInOtherComprehensiveIncomeOnExchangeDifferencesFairValueMeasurementLiabilities" xlink:label="lbl21401"/>
    <link:presentationArc xlink:type="arc" xlink:arcrole="http://www.xbrl.org/2003/arcrole/parent-child" order="734.0" xlink:to="lbl21401" xlink:from="lbl21400"/>
    <link:loc xlink:type="locator" xlink:href="http://xbrl.ifrs.org/taxonomy/2021-03-24/full_ifrs/full_ifrs-cor_2021-03-24.xsd#ifrs-full_GainsLossesRecognisedInOtherComprehensiveIncomeExcludingExchangeDifferencesFairValueMeasurementLiabilities" xlink:label="lbl21402"/>
    <link:presentationArc xlink:type="arc" xlink:arcrole="http://www.xbrl.org/2003/arcrole/parent-child" order="736.0" xlink:to="lbl21402" xlink:from="lbl21400"/>
    <link:loc xlink:type="locator" xlink:href="http://xbrl.ifrs.org/taxonomy/2021-03-24/full_ifrs/full_ifrs-cor_2021-03-24.xsd#ifrs-full_GainsLossesRecognisedInOtherComprehensiveIncomeFairValueMeasurementLiabilities" xlink:label="lbl21403"/>
    <link:presentationArc xlink:type="arc" xlink:arcrole="http://www.xbrl.org/2003/arcrole/parent-child" preferredLabel="http://www.xbrl.org/2009/role/negatedLabel" order="740.0" xlink:to="lbl21403" xlink:from="lbl21400"/>
    <link:loc xlink:type="locator" xlink:href="http://xbrl.ifrs.org/taxonomy/2021-03-24/full_ifrs/full_ifrs-cor_2021-03-24.xsd#ifrs-full_PurchasesFairValueMeasurementLiabilities" xlink:label="lbl21404"/>
    <link:presentationArc xlink:type="arc" xlink:arcrole="http://www.xbrl.org/2003/arcrole/parent-child" order="750.0" xlink:to="lbl21404" xlink:from="lbl21395"/>
    <link:loc xlink:type="locator" xlink:href="http://xbrl.ifrs.org/taxonomy/2021-03-24/full_ifrs/full_ifrs-cor_2021-03-24.xsd#ifrs-full_SalesFairValueMeasurementLiabilities" xlink:label="lbl21405"/>
    <link:presentationArc xlink:type="arc" xlink:arcrole="http://www.xbrl.org/2003/arcrole/parent-child" order="760.0" xlink:to="lbl21405" xlink:from="lbl21395"/>
    <link:loc xlink:type="locator" xlink:href="http://xbrl.ifrs.org/taxonomy/2021-03-24/full_ifrs/full_ifrs-cor_2021-03-24.xsd#ifrs-full_IssuesFairValueMeasurementLiabilities" xlink:label="lbl21406"/>
    <link:presentationArc xlink:type="arc" xlink:arcrole="http://www.xbrl.org/2003/arcrole/parent-child" order="770.0" xlink:to="lbl21406" xlink:from="lbl21395"/>
    <link:loc xlink:type="locator" xlink:href="http://xbrl.ifrs.org/taxonomy/2021-03-24/full_ifrs/full_ifrs-cor_2021-03-24.xsd#ifrs-full_SettlementsFairValueMeasurementLiabilities" xlink:label="lbl21407"/>
    <link:presentationArc xlink:type="arc" xlink:arcrole="http://www.xbrl.org/2003/arcrole/parent-child" order="780.0" xlink:to="lbl21407" xlink:from="lbl21395"/>
    <link:loc xlink:type="locator" xlink:href="http://xbrl.ifrs.org/taxonomy/2021-03-24/full_ifrs/full_ifrs-cor_2021-03-24.xsd#ifrs-full_TransfersIntoLevel3OfFairValueHierarchyLiabilities" xlink:label="lbl21408"/>
    <link:presentationArc xlink:type="arc" xlink:arcrole="http://www.xbrl.org/2003/arcrole/parent-child" order="790.0" xlink:to="lbl21408" xlink:from="lbl21395"/>
    <link:loc xlink:type="locator" xlink:href="http://xbrl.ifrs.org/taxonomy/2021-03-24/full_ifrs/full_ifrs-cor_2021-03-24.xsd#ifrs-full_TransfersOutOfLevel3OfFairValueHierarchyLiabilities" xlink:label="lbl21409"/>
    <link:presentationArc xlink:type="arc" xlink:arcrole="http://www.xbrl.org/2003/arcrole/parent-child" order="800.0" xlink:to="lbl21409" xlink:from="lbl21395"/>
    <link:loc xlink:type="locator" xlink:href="http://xbrl.ifrs.org/taxonomy/2021-03-24/full_ifrs/full_ifrs-cor_2021-03-24.xsd#ifrs-full_IncreaseDecreaseInFairValueMeasurementLiabilities" xlink:label="lbl21410"/>
    <link:presentationArc xlink:type="arc" xlink:arcrole="http://www.xbrl.org/2003/arcrole/parent-child" preferredLabel="http://www.xbrl.org/2003/role/totalLabel" order="810.0" xlink:to="lbl21410" xlink:from="lbl21395"/>
    <link:loc xlink:type="locator" xlink:href="../../cl-ci_cor_2022-01-03.xsd#cl-ci_PasivosNota" xlink:label="lbl21411"/>
    <link:presentationArc xlink:type="arc" xlink:arcrole="http://www.xbrl.org/2003/arcrole/parent-child" preferredLabel="http://www.xbrl.org/2003/role/periodEndLabel" order="820.0" xlink:from="lbl21393" xlink:to="lbl21411"/>
    <link:loc xlink:type="locator" xlink:href="http://xbrl.ifrs.org/taxonomy/2021-03-24/full_ifrs/full_ifrs-cor_2021-03-24.xsd#ifrs-full_DescriptionOfReasonsForFairValueMeasurementLiabilities" xlink:label="lbl21412"/>
    <link:presentationArc xlink:type="arc" xlink:arcrole="http://www.xbrl.org/2003/arcrole/parent-child" order="830.0" xlink:to="lbl21412" xlink:from="lbl21386"/>
    <link:loc xlink:type="locator" xlink:href="http://xbrl.ifrs.org/taxonomy/2021-03-24/full_ifrs/full_ifrs-cor_2021-03-24.xsd#ifrs-full_TransfersOutOfLevel1IntoLevel2OfFairValueHierarchyLiabilities" xlink:label="lbl21413"/>
    <link:presentationArc xlink:type="arc" xlink:arcrole="http://www.xbrl.org/2003/arcrole/parent-child" order="840.0" xlink:to="lbl21413" xlink:from="lbl21386"/>
    <link:loc xlink:type="locator" xlink:href="http://xbrl.ifrs.org/taxonomy/2021-03-24/full_ifrs/full_ifrs-cor_2021-03-24.xsd#ifrs-full_DescriptionOfReasonsForTransfersOutOfLevel1IntoLevel2OfFairValueHierarchyLiabilities" xlink:label="lbl21414"/>
    <link:presentationArc xlink:type="arc" xlink:arcrole="http://www.xbrl.org/2003/arcrole/parent-child" order="850.0" xlink:to="lbl21414" xlink:from="lbl21386"/>
    <link:loc xlink:type="locator" xlink:href="http://xbrl.ifrs.org/taxonomy/2021-03-24/full_ifrs/full_ifrs-cor_2021-03-24.xsd#ifrs-full_TransfersOutOfLevel2IntoLevel1OfFairValueHierarchyLiabilities" xlink:label="lbl21415"/>
    <link:presentationArc xlink:type="arc" xlink:arcrole="http://www.xbrl.org/2003/arcrole/parent-child" order="860.0" xlink:to="lbl21415" xlink:from="lbl21386"/>
    <link:loc xlink:type="locator" xlink:href="http://xbrl.ifrs.org/taxonomy/2021-03-24/full_ifrs/full_ifrs-cor_2021-03-24.xsd#ifrs-full_DescriptionOfReasonsForTransfersOutOfLevel2IntoLevel1OfFairValueHierarchyLiabilities" xlink:label="lbl21416"/>
    <link:presentationArc xlink:type="arc" xlink:arcrole="http://www.xbrl.org/2003/arcrole/parent-child" order="870.0" xlink:to="lbl21416" xlink:from="lbl21386"/>
    <link:loc xlink:type="locator" xlink:href="http://xbrl.ifrs.org/taxonomy/2021-03-24/full_ifrs/full_ifrs-cor_2021-03-24.xsd#ifrs-full_DescriptionOfPolicyForDeterminingWhenTransfersBetweenLevelsAreDeemedToHaveOccurredLiabilities" xlink:label="lbl21417"/>
    <link:presentationArc xlink:type="arc" xlink:arcrole="http://www.xbrl.org/2003/arcrole/parent-child" order="880.0" xlink:to="lbl21417" xlink:from="lbl21386"/>
    <link:loc xlink:type="locator" xlink:href="http://xbrl.ifrs.org/taxonomy/2021-03-24/full_ifrs/full_ifrs-cor_2021-03-24.xsd#ifrs-full_DescriptionOfValuationTechniquesUsedInFairValueMeasurementLiabilities" xlink:label="lbl21418"/>
    <link:presentationArc xlink:type="arc" xlink:arcrole="http://www.xbrl.org/2003/arcrole/parent-child" order="890.0" xlink:to="lbl21418" xlink:from="lbl21386"/>
    <link:loc xlink:type="locator" xlink:href="http://xbrl.ifrs.org/taxonomy/2021-03-24/full_ifrs/full_ifrs-cor_2021-03-24.xsd#ifrs-full_DescriptionOfInputsUsedInFairValueMeasurementLiabilities" xlink:label="lbl21419"/>
    <link:presentationArc xlink:type="arc" xlink:arcrole="http://www.xbrl.org/2003/arcrole/parent-child" order="900.0" xlink:to="lbl21419" xlink:from="lbl21386"/>
    <link:loc xlink:type="locator" xlink:href="http://xbrl.ifrs.org/taxonomy/2021-03-24/full_ifrs/full_ifrs-cor_2021-03-24.xsd#ifrs-full_DescriptionOfChangeInValuationTechniqueUsedInFairValueMeasurementLiabilities" xlink:label="lbl21420"/>
    <link:presentationArc xlink:type="arc" xlink:arcrole="http://www.xbrl.org/2003/arcrole/parent-child" order="910.0" xlink:to="lbl21420" xlink:from="lbl21386"/>
    <link:loc xlink:type="locator" xlink:href="http://xbrl.ifrs.org/taxonomy/2021-03-24/full_ifrs/full_ifrs-cor_2021-03-24.xsd#ifrs-full_DescriptionOfReasonsForChangeInValuationTechniqueUsedInFairValueMeasurementLiabilities" xlink:label="lbl21421"/>
    <link:presentationArc xlink:type="arc" xlink:arcrole="http://www.xbrl.org/2003/arcrole/parent-child" order="920.0" xlink:to="lbl21421" xlink:from="lbl21386"/>
    <link:loc xlink:type="locator" xlink:href="http://xbrl.ifrs.org/taxonomy/2021-03-24/full_ifrs/full_ifrs-cor_2021-03-24.xsd#ifrs-full_DescriptionOfLineItemsInProfitOrLossWhereGainsLossesAreRecognisedFairValueMeasurementLiabilities" xlink:label="lbl21422"/>
    <link:presentationArc xlink:type="arc" xlink:arcrole="http://www.xbrl.org/2003/arcrole/parent-child" order="930.0" xlink:to="lbl21422" xlink:from="lbl21386"/>
    <link:loc xlink:type="locator" xlink:href="http://xbrl.ifrs.org/taxonomy/2021-03-24/full_ifrs/full_ifrs-cor_2021-03-24.xsd#ifrs-full_DescriptionOfLineItemsInOtherComprehensiveIncomeWhereGainsLossesAreRecognisedFairValueMeasurementLiabilities" xlink:label="lbl21423"/>
    <link:presentationArc xlink:type="arc" xlink:arcrole="http://www.xbrl.org/2003/arcrole/parent-child" order="940.0" xlink:to="lbl21423" xlink:from="lbl21386"/>
    <link:loc xlink:type="locator" xlink:href="http://xbrl.ifrs.org/taxonomy/2021-03-24/full_ifrs/full_ifrs-cor_2021-03-24.xsd#ifrs-full_DescriptionOfReasonsForTransfersIntoLevel3OfFairValueHierarchyLiabilities" xlink:label="lbl21424"/>
    <link:presentationArc xlink:type="arc" xlink:arcrole="http://www.xbrl.org/2003/arcrole/parent-child" order="950.0" xlink:to="lbl21424" xlink:from="lbl21386"/>
    <link:loc xlink:type="locator" xlink:href="http://xbrl.ifrs.org/taxonomy/2021-03-24/full_ifrs/full_ifrs-cor_2021-03-24.xsd#ifrs-full_DescriptionOfReasonsForTransfersOutOfLevel3OfFairValueHierarchyLiabilities" xlink:label="lbl21425"/>
    <link:presentationArc xlink:type="arc" xlink:arcrole="http://www.xbrl.org/2003/arcrole/parent-child" order="960.0" xlink:to="lbl21425" xlink:from="lbl21386"/>
    <link:loc xlink:type="locator" xlink:href="http://xbrl.ifrs.org/taxonomy/2021-03-24/full_ifrs/full_ifrs-cor_2021-03-24.xsd#ifrs-full_StatementThatThereWereNoTransfersBetweenLevel1AndLevel2OfFairValueHierarchyLiabilities" xlink:label="lbl21426"/>
    <link:presentationArc xlink:type="arc" xlink:arcrole="http://www.xbrl.org/2003/arcrole/parent-child" order="962.0" xlink:to="lbl21426" xlink:from="lbl21386"/>
    <link:loc xlink:type="locator" xlink:href="http://xbrl.ifrs.org/taxonomy/2021-03-24/full_ifrs/full_ifrs-cor_2021-03-24.xsd#ifrs-full_StatementThatThereWereNoTransfersBetweenLevel1Level2OrLevel3OfFairValueHierarchyLiabilities" xlink:label="lbl21427"/>
    <link:presentationArc xlink:type="arc" xlink:arcrole="http://www.xbrl.org/2003/arcrole/parent-child" order="964.0" xlink:to="lbl21427" xlink:from="lbl21386"/>
    <link:loc xlink:type="locator" xlink:href="http://xbrl.ifrs.org/taxonomy/2021-03-24/full_ifrs/full_ifrs-cor_2021-03-24.xsd#ifrs-full_GainsLossesRecognisedInProfitOrLossAttributableToChangeInUnrealisedGainsOrLossesForLiabilitiesHeldAtEndOfPeriodFairValueMeasurement" xlink:label="lbl21428"/>
    <link:presentationArc xlink:type="arc" xlink:arcrole="http://www.xbrl.org/2003/arcrole/parent-child" order="970.0" xlink:to="lbl21428" xlink:from="lbl21386"/>
    <link:loc xlink:type="locator" xlink:href="http://xbrl.ifrs.org/taxonomy/2021-03-24/full_ifrs/full_ifrs-cor_2021-03-24.xsd#ifrs-full_DescriptionOfLineItemsInProfitOrLossWhereGainsLossesAttributableToChangeInUnrealisedGainsOrLossesForLiabilitiesHeldAtEndOfPeriodAreRecognisedFairValueMeasurement" xlink:label="lbl21429"/>
    <link:presentationArc xlink:type="arc" xlink:arcrole="http://www.xbrl.org/2003/arcrole/parent-child" order="980.0" xlink:to="lbl21429" xlink:from="lbl21386"/>
    <link:loc xlink:type="locator" xlink:href="http://xbrl.ifrs.org/taxonomy/2021-03-24/full_ifrs/full_ifrs-cor_2021-03-24.xsd#ifrs-full_DescriptionOfValuationProcessesUsedInFairValueMeasurementLiabilities" xlink:label="lbl21430"/>
    <link:presentationArc xlink:type="arc" xlink:arcrole="http://www.xbrl.org/2003/arcrole/parent-child" order="990.0" xlink:to="lbl21430" xlink:from="lbl21386"/>
    <link:loc xlink:type="locator" xlink:href="http://xbrl.ifrs.org/taxonomy/2021-03-24/full_ifrs/full_ifrs-cor_2021-03-24.xsd#ifrs-full_DescriptionOfGroupWithinEntityThatDecidesEntitysValuationPoliciesAndProceduresLiabilities" xlink:label="lbl21431"/>
    <link:presentationArc xlink:type="arc" xlink:arcrole="http://www.xbrl.org/2003/arcrole/parent-child" order="1000.0" xlink:to="lbl21431" xlink:from="lbl21430"/>
    <link:loc xlink:type="locator" xlink:href="http://xbrl.ifrs.org/taxonomy/2021-03-24/full_ifrs/full_ifrs-cor_2021-03-24.xsd#ifrs-full_DescriptionOfToWhomGroupWithinEntityThatDecidesEntitysValuationPoliciesAndProceduresReportsLiabilities" xlink:label="lbl21432"/>
    <link:presentationArc xlink:type="arc" xlink:arcrole="http://www.xbrl.org/2003/arcrole/parent-child" order="1010.0" xlink:to="lbl21432" xlink:from="lbl21430"/>
    <link:loc xlink:type="locator" xlink:href="http://xbrl.ifrs.org/taxonomy/2021-03-24/full_ifrs/full_ifrs-cor_2021-03-24.xsd#ifrs-full_DescriptionOfInternalReportingProceduresForDiscussingAndAssessingFairValueMeasurementsLiabilities" xlink:label="lbl21433"/>
    <link:presentationArc xlink:type="arc" xlink:arcrole="http://www.xbrl.org/2003/arcrole/parent-child" order="1020.0" xlink:to="lbl21433" xlink:from="lbl21430"/>
    <link:loc xlink:type="locator" xlink:href="http://xbrl.ifrs.org/taxonomy/2021-03-24/full_ifrs/full_ifrs-cor_2021-03-24.xsd#ifrs-full_DescriptionOfFrequencyAndMethodsForTestingProceduresOfPricingModelsLiabilities" xlink:label="lbl21434"/>
    <link:presentationArc xlink:type="arc" xlink:arcrole="http://www.xbrl.org/2003/arcrole/parent-child" order="1030.0" xlink:to="lbl21434" xlink:from="lbl21430"/>
    <link:loc xlink:type="locator" xlink:href="http://xbrl.ifrs.org/taxonomy/2021-03-24/full_ifrs/full_ifrs-cor_2021-03-24.xsd#ifrs-full_DescriptionOfProcessForAnalysingChangesInFairValueMeasurementsLiabilities" xlink:label="lbl21435"/>
    <link:presentationArc xlink:type="arc" xlink:arcrole="http://www.xbrl.org/2003/arcrole/parent-child" order="1040.0" xlink:to="lbl21435" xlink:from="lbl21430"/>
    <link:loc xlink:type="locator" xlink:href="http://xbrl.ifrs.org/taxonomy/2021-03-24/full_ifrs/full_ifrs-cor_2021-03-24.xsd#ifrs-full_DescriptionOfHowEntityDeterminedThatThirdpartyInformationUsedInFairValueMeasurementWasDevelopedInAccordanceWithIFRS13Liabilities" xlink:label="lbl21436"/>
    <link:presentationArc xlink:type="arc" xlink:arcrole="http://www.xbrl.org/2003/arcrole/parent-child" order="1050.0" xlink:to="lbl21436" xlink:from="lbl21430"/>
    <link:loc xlink:type="locator" xlink:href="http://xbrl.ifrs.org/taxonomy/2021-03-24/full_ifrs/full_ifrs-cor_2021-03-24.xsd#ifrs-full_DescriptionOfMethodsUsedToDevelopAndSubstantiateUnobservableInputsUsedInFairValueMeasurementLiabilities" xlink:label="lbl21437"/>
    <link:presentationArc xlink:type="arc" xlink:arcrole="http://www.xbrl.org/2003/arcrole/parent-child" order="1060.0" xlink:to="lbl21437" xlink:from="lbl21430"/>
    <link:loc xlink:type="locator" xlink:href="http://xbrl.ifrs.org/taxonomy/2021-03-24/full_ifrs/full_ifrs-cor_2021-03-24.xsd#ifrs-full_DisclosureOfInformationSufficientToPermitReconciliationOfClassesDeterminedForFairValueMeasurementToLineItemsInStatementOfFinancialPositionLiabilitiesExplanatory" xlink:label="lbl21438"/>
    <link:presentationArc xlink:type="arc" xlink:arcrole="http://www.xbrl.org/2003/arcrole/parent-child" order="1140.0" xlink:to="lbl21438" xlink:from="lbl21386"/>
    <link:loc xlink:type="locator" xlink:href="http://xbrl.ifrs.org/taxonomy/2021-03-24/full_ifrs/full_ifrs-cor_2021-03-24.xsd#ifrs-full_DescriptionOfAccountingPolicyDecisionToUseExceptionInIFRS1348Liabilities" xlink:label="lbl21439"/>
    <link:presentationArc xlink:type="arc" xlink:arcrole="http://www.xbrl.org/2003/arcrole/parent-child" order="1150.0" xlink:to="lbl21439" xlink:from="lbl21386"/>
    <link:loc xlink:type="locator" xlink:href="http://xbrl.ifrs.org/taxonomy/2021-03-24/full_ifrs/full_ifrs-cor_2021-03-24.xsd#ifrs-full_DescriptionOfNatureOfClassOfLiabilitiesMeasuredAtFairValue" xlink:label="lbl21440"/>
    <link:presentationArc xlink:type="arc" xlink:arcrole="http://www.xbrl.org/2003/arcrole/parent-child" order="1160.0" xlink:to="lbl21440" xlink:from="lbl21386"/>
    <link:loc xlink:type="locator" xlink:href="http://xbrl.ifrs.org/taxonomy/2021-03-24/full_ifrs/full_ifrs-cor_2021-03-24.xsd#ifrs-full_DescriptionOfHowThirdpartyInformationWasTakenIntoAccountWhenMeasuringFairValueLiabilities" xlink:label="lbl21441"/>
    <link:presentationArc xlink:type="arc" xlink:arcrole="http://www.xbrl.org/2003/arcrole/parent-child" order="1170.0" xlink:to="lbl21441" xlink:from="lbl21386"/>
    <link:loc xlink:type="locator" xlink:href="http://xbrl.ifrs.org/taxonomy/2021-03-24/full_ifrs/full_ifrs-cor_2021-03-24.xsd#ifrs-full_DisclosureOfFairValueMeasurementOfEquityExplanatory" xlink:label="lbl21442"/>
    <link:presentationArc xlink:type="arc" xlink:arcrole="http://www.xbrl.org/2003/arcrole/parent-child" order="1180.0" xlink:to="lbl21442" xlink:from="lbl21325"/>
    <link:loc xlink:type="locator" xlink:href="http://xbrl.ifrs.org/taxonomy/2021-03-24/full_ifrs/full_ifrs-cor_2021-03-24.xsd#ifrs-full_DisclosureOfFairValueMeasurementOfEquityAbstract" xlink:label="lbl21443"/>
    <link:presentationArc xlink:type="arc" xlink:arcrole="http://www.xbrl.org/2003/arcrole/parent-child" order="1190.0" xlink:to="lbl21443" xlink:from="lbl21442"/>
    <link:loc xlink:type="locator" xlink:href="http://xbrl.ifrs.org/taxonomy/2021-03-24/full_ifrs/full_ifrs-cor_2021-03-24.xsd#ifrs-full_DisclosureOfFairValueMeasurementOfEquityTable" xlink:label="lbl21444"/>
    <link:presentationArc xlink:type="arc" xlink:arcrole="http://www.xbrl.org/2003/arcrole/parent-child" order="1200.0" xlink:to="lbl21444" xlink:from="lbl21443"/>
    <link:loc xlink:type="locator" xlink:href="../../cl-ci_cor_2022-01-03.xsd#cl-ci_InformacionARrevelarSobreMedicionValorRazonablePatrimonioEje" xlink:label="lbl21445"/>
    <link:presentationArc xlink:type="arc" xlink:arcrole="http://www.xbrl.org/2003/arcrole/parent-child" order="1210.0" xlink:to="lbl21445" xlink:from="lbl21444"/>
    <link:loc xlink:type="locator" xlink:href="http://xbrl.ifrs.org/taxonomy/2021-03-24/full_ifrs/full_ifrs-cor_2021-03-24.xsd#ifrs-full_EntitysOwnEquityInstrumentsMember" xlink:label="lbl21446"/>
    <link:presentationArc xlink:type="arc" xlink:arcrole="http://www.xbrl.org/2003/arcrole/parent-child" order="1220.0" xlink:to="lbl21446" xlink:from="lbl21445"/>
    <link:loc xlink:type="locator" xlink:href="http://xbrl.ifrs.org/taxonomy/2021-03-24/full_ifrs/full_ifrs-cor_2021-03-24.xsd#ifrs-full_DisclosureOfFairValueMeasurementOfEquityLineItems" xlink:label="lbl21447"/>
    <link:presentationArc xlink:type="arc" xlink:arcrole="http://www.xbrl.org/2003/arcrole/parent-child" order="1230.0" xlink:to="lbl21447" xlink:from="lbl21443"/>
    <link:presentationArc xlink:type="arc" xlink:arcrole="http://www.xbrl.org/2003/arcrole/parent-child" order="1240.0" xlink:from="lbl21447" xlink:to="lbl21333"/>
    <link:presentationArc xlink:type="arc" xlink:arcrole="http://www.xbrl.org/2003/arcrole/parent-child" order="1250.0" xlink:from="lbl21447" xlink:to="lbl21334"/>
    <link:loc xlink:type="locator" xlink:href="http://xbrl.ifrs.org/taxonomy/2021-03-24/full_ifrs/full_ifrs-cor_2021-03-24.xsd#ifrs-full_ReconciliationOfChangesInFairValueMeasurementEntitysOwnEquityInstrumentsAbstract" xlink:label="lbl21448"/>
    <link:presentationArc xlink:type="arc" xlink:arcrole="http://www.xbrl.org/2003/arcrole/parent-child" order="1260.0" xlink:to="lbl21448" xlink:from="lbl21447"/>
    <link:loc xlink:type="locator" xlink:href="../../cl-ci_cor_2022-01-03.xsd#cl-ci_PatrimonioNota" xlink:label="lbl21449"/>
    <link:presentationArc xlink:type="arc" xlink:arcrole="http://www.xbrl.org/2003/arcrole/parent-child" preferredLabel="http://www.xbrl.org/2003/role/periodStartLabel" order="1270.0" xlink:to="lbl21449" xlink:from="lbl21448"/>
    <link:loc xlink:type="locator" xlink:href="http://xbrl.ifrs.org/taxonomy/2021-03-24/full_ifrs/full_ifrs-cor_2021-03-24.xsd#ifrs-full_ChangesInFairValueMeasurementEntitysOwnEquityInstrumentsAbstract" xlink:label="lbl21450"/>
    <link:presentationArc xlink:type="arc" xlink:arcrole="http://www.xbrl.org/2003/arcrole/parent-child" order="1280.0" xlink:to="lbl21450" xlink:from="lbl21448"/>
    <link:loc xlink:type="locator" xlink:href="http://xbrl.ifrs.org/taxonomy/2021-03-24/full_ifrs/full_ifrs-cor_2021-03-24.xsd#ifrs-full_GainsLossesRecognisedInProfitOrLossFairValueMeasurementEntitysOwnEquityInstrumentsAbstract" xlink:label="lbl21451"/>
    <link:presentationArc xlink:type="arc" xlink:arcrole="http://www.xbrl.org/2003/arcrole/parent-child" order="1282.0" xlink:to="lbl21451" xlink:from="lbl21450"/>
    <link:loc xlink:type="locator" xlink:href="http://xbrl.ifrs.org/taxonomy/2021-03-24/full_ifrs/full_ifrs-cor_2021-03-24.xsd#ifrs-full_GainsLossesRecognisedInProfitOrLossOnExchangeDifferencesFairValueMeasurementEntitysOwnEquityInstruments" xlink:label="lbl21452"/>
    <link:presentationArc xlink:type="arc" xlink:arcrole="http://www.xbrl.org/2003/arcrole/parent-child" order="1284.0" xlink:to="lbl21452" xlink:from="lbl21451"/>
    <link:loc xlink:type="locator" xlink:href="http://xbrl.ifrs.org/taxonomy/2021-03-24/full_ifrs/full_ifrs-cor_2021-03-24.xsd#ifrs-full_GainsLossesRecognisedInProfitOrLossExcludingExchangeDifferencesFairValueMeasurementEntitysOwnEquityInstruments" xlink:label="lbl21453"/>
    <link:presentationArc xlink:type="arc" xlink:arcrole="http://www.xbrl.org/2003/arcrole/parent-child" order="1286.0" xlink:to="lbl21453" xlink:from="lbl21451"/>
    <link:loc xlink:type="locator" xlink:href="http://xbrl.ifrs.org/taxonomy/2021-03-24/full_ifrs/full_ifrs-cor_2021-03-24.xsd#ifrs-full_GainsLossesRecognisedInProfitOrLossFairValueMeasurementEntitysOwnEquityInstruments" xlink:label="lbl21454"/>
    <link:presentationArc xlink:type="arc" xlink:arcrole="http://www.xbrl.org/2003/arcrole/parent-child" preferredLabel="http://www.xbrl.org/2009/role/negatedTotalLabel" order="1290.0" xlink:to="lbl21454" xlink:from="lbl21451"/>
    <link:loc xlink:type="locator" xlink:href="http://xbrl.ifrs.org/taxonomy/2021-03-24/full_ifrs/full_ifrs-cor_2021-03-24.xsd#ifrs-full_GainsLossesRecognisedInOtherComprehensiveIncomeFairValueMeasurementEntitysOwnEquityInstrumentsAbstract" xlink:label="lbl21455"/>
    <link:presentationArc xlink:type="arc" xlink:arcrole="http://www.xbrl.org/2003/arcrole/parent-child" order="1292.0" xlink:to="lbl21455" xlink:from="lbl21450"/>
    <link:loc xlink:type="locator" xlink:href="http://xbrl.ifrs.org/taxonomy/2021-03-24/full_ifrs/full_ifrs-cor_2021-03-24.xsd#ifrs-full_GainsLossesRecognisedInOtherComprehensiveIncomeOnExchangeDifferencesFairValueMeasurementEntitysOwnEquityInstruments" xlink:label="lbl21456"/>
    <link:presentationArc xlink:type="arc" xlink:arcrole="http://www.xbrl.org/2003/arcrole/parent-child" order="1294.0" xlink:to="lbl21456" xlink:from="lbl21455"/>
    <link:loc xlink:type="locator" xlink:href="http://xbrl.ifrs.org/taxonomy/2021-03-24/full_ifrs/full_ifrs-cor_2021-03-24.xsd#ifrs-full_GainsLossesRecognisedInOtherComprehensiveIncomeExcludingExchangeDifferencesFairValueMeasurementEntitysOwnEquityInstruments" xlink:label="lbl21457"/>
    <link:presentationArc xlink:type="arc" xlink:arcrole="http://www.xbrl.org/2003/arcrole/parent-child" order="1296.0" xlink:to="lbl21457" xlink:from="lbl21455"/>
    <link:loc xlink:type="locator" xlink:href="http://xbrl.ifrs.org/taxonomy/2021-03-24/full_ifrs/full_ifrs-cor_2021-03-24.xsd#ifrs-full_GainsLossesRecognisedInOtherComprehensiveIncomeFairValueMeasurementEntitysOwnEquityInstruments" xlink:label="lbl21458"/>
    <link:presentationArc xlink:type="arc" xlink:arcrole="http://www.xbrl.org/2003/arcrole/parent-child" preferredLabel="http://www.xbrl.org/2009/role/negatedTotalLabel" order="1300.0" xlink:to="lbl21458" xlink:from="lbl21455"/>
    <link:loc xlink:type="locator" xlink:href="http://xbrl.ifrs.org/taxonomy/2021-03-24/full_ifrs/full_ifrs-cor_2021-03-24.xsd#ifrs-full_PurchasesFairValueMeasurementEntitysOwnEquityInstruments" xlink:label="lbl21459"/>
    <link:presentationArc xlink:type="arc" xlink:arcrole="http://www.xbrl.org/2003/arcrole/parent-child" order="1310.0" xlink:to="lbl21459" xlink:from="lbl21450"/>
    <link:loc xlink:type="locator" xlink:href="http://xbrl.ifrs.org/taxonomy/2021-03-24/full_ifrs/full_ifrs-cor_2021-03-24.xsd#ifrs-full_SalesFairValueMeasurementEntitysOwnEquityInstruments" xlink:label="lbl21460"/>
    <link:presentationArc xlink:type="arc" xlink:arcrole="http://www.xbrl.org/2003/arcrole/parent-child" order="1320.0" xlink:to="lbl21460" xlink:from="lbl21450"/>
    <link:loc xlink:type="locator" xlink:href="http://xbrl.ifrs.org/taxonomy/2021-03-24/full_ifrs/full_ifrs-cor_2021-03-24.xsd#ifrs-full_IssuesFairValueMeasurementEntitysOwnEquityInstruments" xlink:label="lbl21461"/>
    <link:presentationArc xlink:type="arc" xlink:arcrole="http://www.xbrl.org/2003/arcrole/parent-child" order="1330.0" xlink:to="lbl21461" xlink:from="lbl21450"/>
    <link:loc xlink:type="locator" xlink:href="http://xbrl.ifrs.org/taxonomy/2021-03-24/full_ifrs/full_ifrs-cor_2021-03-24.xsd#ifrs-full_SettlementsFairValueMeasurementEntitysOwnEquityInstruments" xlink:label="lbl21462"/>
    <link:presentationArc xlink:type="arc" xlink:arcrole="http://www.xbrl.org/2003/arcrole/parent-child" order="1340.0" xlink:to="lbl21462" xlink:from="lbl21450"/>
    <link:loc xlink:type="locator" xlink:href="http://xbrl.ifrs.org/taxonomy/2021-03-24/full_ifrs/full_ifrs-cor_2021-03-24.xsd#ifrs-full_TransfersIntoLevel3OfFairValueHierarchyEntitysOwnEquityInstruments" xlink:label="lbl21463"/>
    <link:presentationArc xlink:type="arc" xlink:arcrole="http://www.xbrl.org/2003/arcrole/parent-child" order="1350.0" xlink:to="lbl21463" xlink:from="lbl21450"/>
    <link:loc xlink:type="locator" xlink:href="http://xbrl.ifrs.org/taxonomy/2021-03-24/full_ifrs/full_ifrs-cor_2021-03-24.xsd#ifrs-full_TransfersOutOfLevel3OfFairValueHierarchyEntitysOwnEquityInstruments" xlink:label="lbl21464"/>
    <link:presentationArc xlink:type="arc" xlink:arcrole="http://www.xbrl.org/2003/arcrole/parent-child" order="1360.0" xlink:to="lbl21464" xlink:from="lbl21450"/>
    <link:loc xlink:type="locator" xlink:href="http://xbrl.ifrs.org/taxonomy/2021-03-24/full_ifrs/full_ifrs-cor_2021-03-24.xsd#ifrs-full_IncreaseDecreaseInFairValueMeasurementEntitysOwnEquityInstruments" xlink:label="lbl21465"/>
    <link:presentationArc xlink:type="arc" xlink:arcrole="http://www.xbrl.org/2003/arcrole/parent-child" preferredLabel="http://www.xbrl.org/2003/role/totalLabel" order="1370.0" xlink:to="lbl21465" xlink:from="lbl21450"/>
    <link:loc xlink:type="locator" xlink:href="../../cl-ci_cor_2022-01-03.xsd#cl-ci_PatrimonioNota" xlink:label="lbl21466"/>
    <link:presentationArc xlink:type="arc" xlink:arcrole="http://www.xbrl.org/2003/arcrole/parent-child" preferredLabel="http://www.xbrl.org/2003/role/periodEndLabel" order="1380.0" xlink:from="lbl21448" xlink:to="lbl21466"/>
    <link:loc xlink:type="locator" xlink:href="http://xbrl.ifrs.org/taxonomy/2021-03-24/full_ifrs/full_ifrs-cor_2021-03-24.xsd#ifrs-full_DescriptionOfReasonsForFairValueMeasurementEntitysOwnEquityInstruments" xlink:label="lbl21467"/>
    <link:presentationArc xlink:type="arc" xlink:arcrole="http://www.xbrl.org/2003/arcrole/parent-child" order="1390.0" xlink:to="lbl21467" xlink:from="lbl21442"/>
    <link:loc xlink:type="locator" xlink:href="http://xbrl.ifrs.org/taxonomy/2021-03-24/full_ifrs/full_ifrs-cor_2021-03-24.xsd#ifrs-full_TransfersOutOfLevel1IntoLevel2OfFairValueHierarchyEntitysOwnEquityInstruments" xlink:label="lbl21468"/>
    <link:presentationArc xlink:type="arc" xlink:arcrole="http://www.xbrl.org/2003/arcrole/parent-child" order="1400.0" xlink:to="lbl21468" xlink:from="lbl21442"/>
    <link:loc xlink:type="locator" xlink:href="http://xbrl.ifrs.org/taxonomy/2021-03-24/full_ifrs/full_ifrs-cor_2021-03-24.xsd#ifrs-full_DescriptionOfReasonsForTransfersOutOfLevel1IntoLevel2OfFairValueHierarchyEntitysOwnEquityInstruments" xlink:label="lbl21469"/>
    <link:presentationArc xlink:type="arc" xlink:arcrole="http://www.xbrl.org/2003/arcrole/parent-child" order="1410.0" xlink:to="lbl21469" xlink:from="lbl21442"/>
    <link:loc xlink:type="locator" xlink:href="http://xbrl.ifrs.org/taxonomy/2021-03-24/full_ifrs/full_ifrs-cor_2021-03-24.xsd#ifrs-full_TransfersOutOfLevel2IntoLevel1OfFairValueHierarchyEntitysOwnEquityInstruments" xlink:label="lbl21470"/>
    <link:presentationArc xlink:type="arc" xlink:arcrole="http://www.xbrl.org/2003/arcrole/parent-child" order="1420.0" xlink:to="lbl21470" xlink:from="lbl21442"/>
    <link:loc xlink:type="locator" xlink:href="http://xbrl.ifrs.org/taxonomy/2021-03-24/full_ifrs/full_ifrs-cor_2021-03-24.xsd#ifrs-full_DescriptionOfReasonsForTransfersOutOfLevel2IntoLevel1OfFairValueHierarchyEntitysOwnEquityInstruments" xlink:label="lbl21471"/>
    <link:presentationArc xlink:type="arc" xlink:arcrole="http://www.xbrl.org/2003/arcrole/parent-child" order="1430.0" xlink:to="lbl21471" xlink:from="lbl21442"/>
    <link:loc xlink:type="locator" xlink:href="http://xbrl.ifrs.org/taxonomy/2021-03-24/full_ifrs/full_ifrs-cor_2021-03-24.xsd#ifrs-full_DescriptionOfPolicyForDeterminingWhenTransfersBetweenLevelsAreDeemedToHaveOccurredEntitysOwnEquityInstruments" xlink:label="lbl21472"/>
    <link:presentationArc xlink:type="arc" xlink:arcrole="http://www.xbrl.org/2003/arcrole/parent-child" order="1440.0" xlink:to="lbl21472" xlink:from="lbl21442"/>
    <link:loc xlink:type="locator" xlink:href="http://xbrl.ifrs.org/taxonomy/2021-03-24/full_ifrs/full_ifrs-cor_2021-03-24.xsd#ifrs-full_DescriptionOfValuationTechniquesUsedInFairValueMeasurementEntitysOwnEquityInstruments" xlink:label="lbl21473"/>
    <link:presentationArc xlink:type="arc" xlink:arcrole="http://www.xbrl.org/2003/arcrole/parent-child" order="1450.0" xlink:to="lbl21473" xlink:from="lbl21442"/>
    <link:loc xlink:type="locator" xlink:href="http://xbrl.ifrs.org/taxonomy/2021-03-24/full_ifrs/full_ifrs-cor_2021-03-24.xsd#ifrs-full_DescriptionOfInputsUsedInFairValueMeasurementEntitysOwnEquityInstruments" xlink:label="lbl21474"/>
    <link:presentationArc xlink:type="arc" xlink:arcrole="http://www.xbrl.org/2003/arcrole/parent-child" order="1460.0" xlink:to="lbl21474" xlink:from="lbl21442"/>
    <link:loc xlink:type="locator" xlink:href="http://xbrl.ifrs.org/taxonomy/2021-03-24/full_ifrs/full_ifrs-cor_2021-03-24.xsd#ifrs-full_DescriptionOfChangeInValuationTechniqueUsedInFairValueMeasurementEntitysOwnEquityInstruments" xlink:label="lbl21475"/>
    <link:presentationArc xlink:type="arc" xlink:arcrole="http://www.xbrl.org/2003/arcrole/parent-child" order="1470.0" xlink:to="lbl21475" xlink:from="lbl21442"/>
    <link:loc xlink:type="locator" xlink:href="http://xbrl.ifrs.org/taxonomy/2021-03-24/full_ifrs/full_ifrs-cor_2021-03-24.xsd#ifrs-full_DescriptionOfReasonsForChangeInValuationTechniqueUsedInFairValueMeasurementEntitysOwnEquityInstruments" xlink:label="lbl21476"/>
    <link:presentationArc xlink:type="arc" xlink:arcrole="http://www.xbrl.org/2003/arcrole/parent-child" order="1480.0" xlink:to="lbl21476" xlink:from="lbl21442"/>
    <link:loc xlink:type="locator" xlink:href="http://xbrl.ifrs.org/taxonomy/2021-03-24/full_ifrs/full_ifrs-cor_2021-03-24.xsd#ifrs-full_DescriptionOfLineItemsInProfitOrLossWhereGainsLossesAreRecognisedFairValueMeasurementEntitysOwnEquityInstruments" xlink:label="lbl21477"/>
    <link:presentationArc xlink:type="arc" xlink:arcrole="http://www.xbrl.org/2003/arcrole/parent-child" order="1490.0" xlink:to="lbl21477" xlink:from="lbl21442"/>
    <link:loc xlink:type="locator" xlink:href="http://xbrl.ifrs.org/taxonomy/2021-03-24/full_ifrs/full_ifrs-cor_2021-03-24.xsd#ifrs-full_DescriptionOfLineItemsInOtherComprehensiveIncomeWhereGainsLossesAreRecognisedFairValueMeasurementEntitysOwnEquityInstruments" xlink:label="lbl21478"/>
    <link:presentationArc xlink:type="arc" xlink:arcrole="http://www.xbrl.org/2003/arcrole/parent-child" order="1500.0" xlink:to="lbl21478" xlink:from="lbl21442"/>
    <link:loc xlink:type="locator" xlink:href="http://xbrl.ifrs.org/taxonomy/2021-03-24/full_ifrs/full_ifrs-cor_2021-03-24.xsd#ifrs-full_DescriptionOfReasonsForTransfersIntoLevel3OfFairValueHierarchyEntitysOwnEquityInstruments" xlink:label="lbl21479"/>
    <link:presentationArc xlink:type="arc" xlink:arcrole="http://www.xbrl.org/2003/arcrole/parent-child" order="1510.0" xlink:to="lbl21479" xlink:from="lbl21442"/>
    <link:loc xlink:type="locator" xlink:href="http://xbrl.ifrs.org/taxonomy/2021-03-24/full_ifrs/full_ifrs-cor_2021-03-24.xsd#ifrs-full_DescriptionOfReasonsForTransfersOutOfLevel3OfFairValueHierarchyEntitysOwnEquityInstruments" xlink:label="lbl21480"/>
    <link:presentationArc xlink:type="arc" xlink:arcrole="http://www.xbrl.org/2003/arcrole/parent-child" order="1520.0" xlink:to="lbl21480" xlink:from="lbl21442"/>
    <link:loc xlink:type="locator" xlink:href="http://xbrl.ifrs.org/taxonomy/2021-03-24/full_ifrs/full_ifrs-cor_2021-03-24.xsd#ifrs-full_StatementThatThereWereNoTransfersBetweenLevel1AndLevel2OfFairValueHierarchyEntitysOwnEquityInstruments" xlink:label="lbl21481"/>
    <link:presentationArc xlink:type="arc" xlink:arcrole="http://www.xbrl.org/2003/arcrole/parent-child" order="1522.0" xlink:to="lbl21481" xlink:from="lbl21442"/>
    <link:loc xlink:type="locator" xlink:href="http://xbrl.ifrs.org/taxonomy/2021-03-24/full_ifrs/full_ifrs-cor_2021-03-24.xsd#ifrs-full_StatementThatThereWereNoTransfersBetweenLevel1Level2OrLevel3OfFairValueHierarchyEntitysOwnEquityInstruments" xlink:label="lbl21482"/>
    <link:presentationArc xlink:type="arc" xlink:arcrole="http://www.xbrl.org/2003/arcrole/parent-child" order="1524.0" xlink:to="lbl21482" xlink:from="lbl21442"/>
    <link:loc xlink:type="locator" xlink:href="http://xbrl.ifrs.org/taxonomy/2021-03-24/full_ifrs/full_ifrs-cor_2021-03-24.xsd#ifrs-full_GainsLossesRecognisedInProfitOrLossAttributableToChangeInUnrealisedGainsOrLossesForEntitysOwnEquityInstrumentsHeldAtEndOfPeriodFairValueMeasurement" xlink:label="lbl21483"/>
    <link:presentationArc xlink:type="arc" xlink:arcrole="http://www.xbrl.org/2003/arcrole/parent-child" order="1530.0" xlink:to="lbl21483" xlink:from="lbl21442"/>
    <link:loc xlink:type="locator" xlink:href="http://xbrl.ifrs.org/taxonomy/2021-03-24/full_ifrs/full_ifrs-cor_2021-03-24.xsd#ifrs-full_DescriptionOfLineItemsInProfitOrLossWhereGainsLossesAttributableToChangeInUnrealisedGainsOrLossesForEntitysOwnEquityInstrumentsHeldAtEndOfPeriodAreRecognisedFairValueMeasurement" xlink:label="lbl21484"/>
    <link:presentationArc xlink:type="arc" xlink:arcrole="http://www.xbrl.org/2003/arcrole/parent-child" order="1540.0" xlink:to="lbl21484" xlink:from="lbl21442"/>
    <link:loc xlink:type="locator" xlink:href="http://xbrl.ifrs.org/taxonomy/2021-03-24/full_ifrs/full_ifrs-cor_2021-03-24.xsd#ifrs-full_DescriptionOfValuationProcessesUsedInFairValueMeasurementEntitysOwnEquityInstruments" xlink:label="lbl21485"/>
    <link:presentationArc xlink:type="arc" xlink:arcrole="http://www.xbrl.org/2003/arcrole/parent-child" order="1550.0" xlink:to="lbl21485" xlink:from="lbl21442"/>
    <link:loc xlink:type="locator" xlink:href="http://xbrl.ifrs.org/taxonomy/2021-03-24/full_ifrs/full_ifrs-cor_2021-03-24.xsd#ifrs-full_DescriptionOfGroupWithinEntityThatDecidesEntitysValuationPoliciesAndProceduresEntitysOwnEquityInstruments" xlink:label="lbl21486"/>
    <link:presentationArc xlink:type="arc" xlink:arcrole="http://www.xbrl.org/2003/arcrole/parent-child" order="1560.0" xlink:to="lbl21486" xlink:from="lbl21485"/>
    <link:loc xlink:type="locator" xlink:href="http://xbrl.ifrs.org/taxonomy/2021-03-24/full_ifrs/full_ifrs-cor_2021-03-24.xsd#ifrs-full_DescriptionOfToWhomGroupWithinEntityThatDecidesEntitysValuationPoliciesAndProceduresReportsEntitysOwnEquityInstruments" xlink:label="lbl21487"/>
    <link:presentationArc xlink:type="arc" xlink:arcrole="http://www.xbrl.org/2003/arcrole/parent-child" order="1570.0" xlink:to="lbl21487" xlink:from="lbl21485"/>
    <link:loc xlink:type="locator" xlink:href="http://xbrl.ifrs.org/taxonomy/2021-03-24/full_ifrs/full_ifrs-cor_2021-03-24.xsd#ifrs-full_DescriptionOfInternalReportingProceduresForDiscussingAndAssessingFairValueMeasurementsEntitysOwnEquityInstruments" xlink:label="lbl21488"/>
    <link:presentationArc xlink:type="arc" xlink:arcrole="http://www.xbrl.org/2003/arcrole/parent-child" order="1580.0" xlink:to="lbl21488" xlink:from="lbl21485"/>
    <link:loc xlink:type="locator" xlink:href="http://xbrl.ifrs.org/taxonomy/2021-03-24/full_ifrs/full_ifrs-cor_2021-03-24.xsd#ifrs-full_DescriptionOfFrequencyAndMethodsForTestingProceduresOfPricingModelsEntitysOwnEquityInstruments" xlink:label="lbl21489"/>
    <link:presentationArc xlink:type="arc" xlink:arcrole="http://www.xbrl.org/2003/arcrole/parent-child" order="1590.0" xlink:to="lbl21489" xlink:from="lbl21485"/>
    <link:loc xlink:type="locator" xlink:href="http://xbrl.ifrs.org/taxonomy/2021-03-24/full_ifrs/full_ifrs-cor_2021-03-24.xsd#ifrs-full_DescriptionOfProcessForAnalysingChangesInFairValueMeasurementsEntitysOwnEquityInstruments" xlink:label="lbl21490"/>
    <link:presentationArc xlink:type="arc" xlink:arcrole="http://www.xbrl.org/2003/arcrole/parent-child" order="1600.0" xlink:to="lbl21490" xlink:from="lbl21485"/>
    <link:loc xlink:type="locator" xlink:href="http://xbrl.ifrs.org/taxonomy/2021-03-24/full_ifrs/full_ifrs-cor_2021-03-24.xsd#ifrs-full_DescriptionOfHowEntityDeterminedThatThirdpartyInformationUsedInFairValueMeasurementWasDevelopedInAccordanceWithIFRS13EntitysOwnEquityInstruments" xlink:label="lbl21491"/>
    <link:presentationArc xlink:type="arc" xlink:arcrole="http://www.xbrl.org/2003/arcrole/parent-child" order="1610.0" xlink:to="lbl21491" xlink:from="lbl21485"/>
    <link:loc xlink:type="locator" xlink:href="http://xbrl.ifrs.org/taxonomy/2021-03-24/full_ifrs/full_ifrs-cor_2021-03-24.xsd#ifrs-full_DescriptionOfMethodsUsedToDevelopAndSubstantiateUnobservableInputsUsedInFairValueMeasurementEntitysOwnEquityInstruments" xlink:label="lbl21492"/>
    <link:presentationArc xlink:type="arc" xlink:arcrole="http://www.xbrl.org/2003/arcrole/parent-child" order="1620.0" xlink:to="lbl21492" xlink:from="lbl21485"/>
    <link:loc xlink:type="locator" xlink:href="http://xbrl.ifrs.org/taxonomy/2021-03-24/full_ifrs/full_ifrs-cor_2021-03-24.xsd#ifrs-full_DisclosureOfInformationSufficientToPermitReconciliationOfClassesDeterminedForFairValueMeasurementToLineItemsInStatementOfFinancialPositionEntitysOwnEquityInstrumentsExplanatory" xlink:label="lbl21493"/>
    <link:presentationArc xlink:type="arc" xlink:arcrole="http://www.xbrl.org/2003/arcrole/parent-child" order="1700.0" xlink:to="lbl21493" xlink:from="lbl21442"/>
    <link:loc xlink:type="locator" xlink:href="http://xbrl.ifrs.org/taxonomy/2021-03-24/full_ifrs/full_ifrs-cor_2021-03-24.xsd#ifrs-full_DescriptionOfNatureOfClassOfEntitysOwnEquityInstrumentsMeasuredAtFairValue" xlink:label="lbl21494"/>
    <link:presentationArc xlink:type="arc" xlink:arcrole="http://www.xbrl.org/2003/arcrole/parent-child" order="1710.0" xlink:to="lbl21494" xlink:from="lbl21442"/>
    <link:loc xlink:type="locator" xlink:href="http://xbrl.ifrs.org/taxonomy/2021-03-24/full_ifrs/full_ifrs-cor_2021-03-24.xsd#ifrs-full_DescriptionOfHowThirdpartyInformationWasTakenIntoAccountWhenMeasuringFairValueEntitysOwnEquityInstruments" xlink:label="lbl21495"/>
    <link:presentationArc xlink:type="arc" xlink:arcrole="http://www.xbrl.org/2003/arcrole/parent-child" order="1720.0" xlink:to="lbl21495" xlink:from="lbl21442"/>
    <link:loc xlink:type="locator" xlink:href="http://xbrl.ifrs.org/taxonomy/2021-03-24/full_ifrs/full_ifrs-cor_2021-03-24.xsd#ifrs-full_DisclosureOfSignificantUnobservableInputsUsedInFairValueMeasurementOfAssetsExplanatory" xlink:label="lbl21496"/>
    <link:presentationArc xlink:type="arc" xlink:arcrole="http://www.xbrl.org/2003/arcrole/parent-child" order="1730.0" xlink:to="lbl21496" xlink:from="lbl21325"/>
    <link:loc xlink:type="locator" xlink:href="http://xbrl.ifrs.org/taxonomy/2021-03-24/full_ifrs/full_ifrs-cor_2021-03-24.xsd#ifrs-full_DisclosureOfSignificantUnobservableInputsUsedInFairValueMeasurementOfLiabilitiesExplanatory" xlink:label="lbl21497"/>
    <link:presentationArc xlink:type="arc" xlink:arcrole="http://www.xbrl.org/2003/arcrole/parent-child" order="1740.0" xlink:to="lbl21497" xlink:from="lbl21325"/>
    <link:loc xlink:type="locator" xlink:href="http://xbrl.ifrs.org/taxonomy/2021-03-24/full_ifrs/full_ifrs-cor_2021-03-24.xsd#ifrs-full_DisclosureOfSignificantUnobservableInputsUsedInFairValueMeasurementOfEquityExplanatory" xlink:label="lbl21498"/>
    <link:presentationArc xlink:type="arc" xlink:arcrole="http://www.xbrl.org/2003/arcrole/parent-child" order="1750.0" xlink:to="lbl21498" xlink:from="lbl21325"/>
    <link:loc xlink:type="locator" xlink:href="http://xbrl.ifrs.org/taxonomy/2021-03-24/full_ifrs/full_ifrs-cor_2021-03-24.xsd#ifrs-full_DisclosureOfLiabilitiesMeasuredAtFairValueAndIssuedWithInseparableThirdpartyCreditEnhancementExplanatory" xlink:label="lbl21499"/>
    <link:presentationArc xlink:type="arc" xlink:arcrole="http://www.xbrl.org/2003/arcrole/parent-child" order="1760.0" xlink:to="lbl21499" xlink:from="lbl21325"/>
    <link:loc xlink:type="locator" xlink:href="http://xbrl.ifrs.org/taxonomy/2021-03-24/full_ifrs/full_ifrs-cor_2021-03-24.xsd#ifrs-full_DisclosureOfLiabilitiesMeasuredAtFairValueAndIssuedWithInseparableThirdpartyCreditEnhancementAbstract" xlink:label="lbl21500"/>
    <link:presentationArc xlink:type="arc" xlink:arcrole="http://www.xbrl.org/2003/arcrole/parent-child" order="1770.0" xlink:to="lbl21500" xlink:from="lbl21499"/>
    <link:loc xlink:type="locator" xlink:href="http://xbrl.ifrs.org/taxonomy/2021-03-24/full_ifrs/full_ifrs-cor_2021-03-24.xsd#ifrs-full_DisclosureOfLiabilitiesMeasuredAtFairValueAndIssuedWithInseparableThirdpartyCreditEnhancementTable" xlink:label="lbl21501"/>
    <link:presentationArc xlink:type="arc" xlink:arcrole="http://www.xbrl.org/2003/arcrole/parent-child" order="1780.0" xlink:to="lbl21501" xlink:from="lbl21500"/>
    <link:loc xlink:type="locator" xlink:href="http://xbrl.ifrs.org/taxonomy/2021-03-24/full_ifrs/full_ifrs-cor_2021-03-24.xsd#ifrs-full_LiabilitiesMeasuredAtFairValueAndIssuedWithInseparableThirdpartyCreditEnhancementAxis" xlink:label="lbl21502"/>
    <link:presentationArc xlink:type="arc" xlink:arcrole="http://www.xbrl.org/2003/arcrole/parent-child" order="1790.0" xlink:to="lbl21502" xlink:from="lbl21501"/>
    <link:loc xlink:type="locator" xlink:href="http://xbrl.ifrs.org/taxonomy/2021-03-24/full_ifrs/full_ifrs-cor_2021-03-24.xsd#ifrs-full_LiabilitiesMeasuredAtFairValueAndIssuedWithInseparableThirdpartyCreditEnhancementMember" xlink:label="lbl21503"/>
    <link:presentationArc xlink:type="arc" xlink:arcrole="http://www.xbrl.org/2003/arcrole/parent-child" order="1800.0" xlink:to="lbl21503" xlink:from="lbl21502"/>
    <link:loc xlink:type="locator" xlink:href="http://xbrl.ifrs.org/taxonomy/2021-03-24/full_ifrs/full_ifrs-cor_2021-03-24.xsd#ifrs-full_DisclosureOfLiabilitiesMeasuredAtFairValueAndIssuedWithInseparableThirdpartyCreditEnhancementLineItems" xlink:label="lbl21504"/>
    <link:presentationArc xlink:type="arc" xlink:arcrole="http://www.xbrl.org/2003/arcrole/parent-child" order="1810.0" xlink:to="lbl21504" xlink:from="lbl21500"/>
    <link:loc xlink:type="locator" xlink:href="http://xbrl.ifrs.org/taxonomy/2021-03-24/full_ifrs/full_ifrs-cor_2021-03-24.xsd#ifrs-full_DescriptionOfExistenceOfThirdpartyCreditEnhancement" xlink:label="lbl21505"/>
    <link:presentationArc xlink:type="arc" xlink:arcrole="http://www.xbrl.org/2003/arcrole/parent-child" order="1820.0" xlink:to="lbl21505" xlink:from="lbl21504"/>
    <link:loc xlink:type="locator" xlink:href="http://xbrl.ifrs.org/taxonomy/2021-03-24/full_ifrs/full_ifrs-cor_2021-03-24.xsd#ifrs-full_DescriptionOfWhetherThirdpartyCreditEnhancementIsReflectedInFairValueMeasurement" xlink:label="lbl21506"/>
    <link:presentationArc xlink:type="arc" xlink:arcrole="http://www.xbrl.org/2003/arcrole/parent-child" order="1830.0" xlink:to="lbl21506" xlink:from="lbl21504"/>
  </link:presentationLink>
</link:linkbase>