<?xml version="1.0" encoding="UTF-8"?>
<!--
*******************************************************************************************
Copyright © 2022 Comisión para el Mercado Financiero de Chile (CMF) 
This material is copyright of the CMF Chile and all rights are reserved. 
No part of this material may be translated, reprinted, reproduced or utilised in 
any form or manner that is not expressly permitted by the CMF Chile 
IP Policy see: http://www.cmfchile.cl/sitio/pop/politica.html
*******************************************************************************************
-->
<!-- Generated with Reporting Standard S.L. XBRL Taxonomy builder version 3.7.1.1364 - http://www.reportingstandard.com -->
<link:linkbase xmlns:link="http://www.xbrl.org/2003/linkbase" xmlns:xlink="http://www.w3.org/1999/xlink" xmlns:xbrldt="http://xbrl.org/2005/xbrldt" xmlns:xsi="http://www.w3.org/2001/XMLSchema-instance" xsi:schemaLocation="http://xbrl.org/2005/xbrldt http://www.xbrl.org/2005/xbrldt-2005.xsd">
  <link:roleRef xlink:type="simple" roleURI="http://www.cmfchile.cl/cl/fr/ci/role/ifrs-12_2021-03-24_role-825700e" xlink:href="../cl-ci_ifrs-12_2021-03-24_role-825700.xsd#ifrs-12_2021-03-24_role-825700e"/>
  <link:arcroleRef xlink:type="simple" arcroleURI="http://xbrl.org/int/dim/arcrole/all" xlink:href="http://www.xbrl.org/2005/xbrldt-2005.xsd#all"/>
  <link:arcroleRef xlink:type="simple" arcroleURI="http://xbrl.org/int/dim/arcrole/hypercube-dimension" xlink:href="http://www.xbrl.org/2005/xbrldt-2005.xsd#hypercube-dimension"/>
  <link:arcroleRef xlink:type="simple" arcroleURI="http://xbrl.org/int/dim/arcrole/dimension-domain" xlink:href="http://www.xbrl.org/2005/xbrldt-2005.xsd#dimension-domain"/>
  <link:arcroleRef xlink:type="simple" arcroleURI="http://xbrl.org/int/dim/arcrole/domain-member" xlink:href="http://www.xbrl.org/2005/xbrldt-2005.xsd#domain-member"/>
  <link:definitionLink xlink:type="extended" xlink:role="http://www.cmfchile.cl/cl/fr/ci/role/ifrs-12_2021-03-24_role-825700e">
    <link:loc xlink:type="locator" xlink:href="http://xbrl.ifrs.org/taxonomy/2021-03-24/full_ifrs/full_ifrs-cor_2021-03-24.xsd#ifrs-full_DisclosureOfUnconsolidatedStructuredEntitiesAbstract" xlink:label="lbl23975"/>
    <link:loc xlink:type="locator" xlink:href="http://xbrl.ifrs.org/taxonomy/2021-03-24/full_ifrs/full_ifrs-cor_2021-03-24.xsd#ifrs-full_DisclosureOfUnconsolidatedStructuredEntitiesTable" xlink:label="lbl23976"/>
    <link:definitionArc xlink:type="arc" xlink:arcrole="http://xbrl.org/int/dim/arcrole/all" xbrldt:closed="true" xbrldt:contextElement="scenario" xlink:from="lbl23975" xlink:to="lbl23976"/>
    <link:loc xlink:type="locator" xlink:href="http://xbrl.ifrs.org/taxonomy/2021-03-24/full_ifrs/full_ifrs-cor_2021-03-24.xsd#ifrs-full_UnconsolidatedStructuredEntitiesAxis" xlink:label="lbl23977"/>
    <link:definitionArc xlink:type="arc" xlink:arcrole="http://xbrl.org/int/dim/arcrole/hypercube-dimension" xlink:to="lbl23977" xlink:from="lbl23976"/>
    <link:loc xlink:type="locator" xlink:href="http://xbrl.ifrs.org/taxonomy/2021-03-24/full_ifrs/full_ifrs-cor_2021-03-24.xsd#ifrs-full_EntitysTotalForUnconsolidatedStructuredEntitiesMember" xlink:label="lbl23978"/>
    <link:definitionArc xlink:type="arc" xlink:arcrole="http://xbrl.org/int/dim/arcrole/dimension-domain" xlink:to="lbl23978" xlink:from="lbl23977"/>
    <link:loc xlink:type="locator" xlink:href="http://xbrl.ifrs.org/taxonomy/2021-03-24/full_ifrs/full_ifrs-cor_2021-03-24.xsd#ifrs-full_UnconsolidatedStructuredEntitiesMember" xlink:label="lbl23979"/>
    <link:definitionArc xlink:type="arc" xlink:arcrole="http://xbrl.org/int/dim/arcrole/domain-member" order="2.0" xlink:to="lbl23979" xlink:from="lbl23978"/>
    <link:loc xlink:type="locator" xlink:href="http://xbrl.ifrs.org/taxonomy/2021-03-24/full_ifrs/full_ifrs-cor_2021-03-24.xsd#ifrs-full_SecuritisationVehiclesMember" xlink:label="lbl23980"/>
    <link:definitionArc xlink:type="arc" xlink:arcrole="http://xbrl.org/int/dim/arcrole/domain-member" order="3.0" xlink:to="lbl23980" xlink:from="lbl23979"/>
    <link:loc xlink:type="locator" xlink:href="http://xbrl.ifrs.org/taxonomy/2021-03-24/full_ifrs/full_ifrs-cor_2021-03-24.xsd#ifrs-full_AssetbackedFinancingsMember" xlink:label="lbl23981"/>
    <link:definitionArc xlink:type="arc" xlink:arcrole="http://xbrl.org/int/dim/arcrole/domain-member" order="4.0" xlink:to="lbl23981" xlink:from="lbl23979"/>
    <link:loc xlink:type="locator" xlink:href="http://xbrl.ifrs.org/taxonomy/2021-03-24/full_ifrs/full_ifrs-cor_2021-03-24.xsd#ifrs-full_InvestmentFundsMember" xlink:label="lbl23982"/>
    <link:definitionArc xlink:type="arc" xlink:arcrole="http://xbrl.org/int/dim/arcrole/domain-member" order="5.0" xlink:to="lbl23982" xlink:from="lbl23979"/>
    <link:loc xlink:type="locator" xlink:href="http://xbrl.ifrs.org/taxonomy/2021-03-24/full_ifrs/full_ifrs-cor_2021-03-24.xsd#ifrs-full_DisclosureOfUnconsolidatedStructuredEntitiesLineItems" xlink:label="lbl23983"/>
    <link:definitionArc xlink:type="arc" xlink:arcrole="http://xbrl.org/int/dim/arcrole/domain-member" order="20.0" xlink:to="lbl23983" xlink:from="lbl23975"/>
    <link:loc xlink:type="locator" xlink:href="http://xbrl.ifrs.org/taxonomy/2021-03-24/full_ifrs/full_ifrs-cor_2021-03-24.xsd#ifrs-full_DisclosureOfInformationAboutInterestsInStructuredEntityExplanatory" xlink:label="lbl23984"/>
    <link:definitionArc xlink:type="arc" xlink:arcrole="http://xbrl.org/int/dim/arcrole/domain-member" order="30.0" xlink:to="lbl23984" xlink:from="lbl23983"/>
    <link:loc xlink:type="locator" xlink:href="http://xbrl.ifrs.org/taxonomy/2021-03-24/full_ifrs/full_ifrs-cor_2021-03-24.xsd#ifrs-full_DescriptionOfHowEntityDeterminedWhichStructuredEntitiesItSponsored" xlink:label="lbl23985"/>
    <link:definitionArc xlink:type="arc" xlink:arcrole="http://xbrl.org/int/dim/arcrole/domain-member" order="40.0" xlink:to="lbl23985" xlink:from="lbl23983"/>
    <link:loc xlink:type="locator" xlink:href="http://xbrl.ifrs.org/taxonomy/2021-03-24/full_ifrs/full_ifrs-cor_2021-03-24.xsd#ifrs-full_IncomeFromStructuredEntities" xlink:label="lbl23986"/>
    <link:definitionArc xlink:type="arc" xlink:arcrole="http://xbrl.org/int/dim/arcrole/domain-member" order="50.0" xlink:to="lbl23986" xlink:from="lbl23983"/>
    <link:loc xlink:type="locator" xlink:href="http://xbrl.ifrs.org/taxonomy/2021-03-24/full_ifrs/full_ifrs-cor_2021-03-24.xsd#ifrs-full_DescriptionOfTypesOfIncomeFromStructuredEntities" xlink:label="lbl23987"/>
    <link:definitionArc xlink:type="arc" xlink:arcrole="http://xbrl.org/int/dim/arcrole/domain-member" order="60.0" xlink:to="lbl23987" xlink:from="lbl23983"/>
    <link:loc xlink:type="locator" xlink:href="http://xbrl.ifrs.org/taxonomy/2021-03-24/full_ifrs/full_ifrs-cor_2021-03-24.xsd#ifrs-full_AssetsTransferredToStructuredEntitiesAtTimeOfTransfer" xlink:label="lbl23988"/>
    <link:definitionArc xlink:type="arc" xlink:arcrole="http://xbrl.org/int/dim/arcrole/domain-member" order="70.0" xlink:to="lbl23988" xlink:from="lbl23983"/>
    <link:loc xlink:type="locator" xlink:href="http://xbrl.ifrs.org/taxonomy/2021-03-24/full_ifrs/full_ifrs-cor_2021-03-24.xsd#ifrs-full_AssetsRecognisedInEntitysFinancialStatementsInRelationToStructuredEntities" xlink:label="lbl23989"/>
    <link:definitionArc xlink:type="arc" xlink:arcrole="http://xbrl.org/int/dim/arcrole/domain-member" order="80.0" xlink:to="lbl23989" xlink:from="lbl23983"/>
    <link:loc xlink:type="locator" xlink:href="http://xbrl.ifrs.org/taxonomy/2021-03-24/full_ifrs/full_ifrs-cor_2021-03-24.xsd#ifrs-full_LiabilitiesRecognisedInEntitysFinancialStatementsInRelationToStructuredEntities" xlink:label="lbl23990"/>
    <link:definitionArc xlink:type="arc" xlink:arcrole="http://xbrl.org/int/dim/arcrole/domain-member" order="90.0" xlink:to="lbl23990" xlink:from="lbl23983"/>
    <link:loc xlink:type="locator" xlink:href="http://xbrl.ifrs.org/taxonomy/2021-03-24/full_ifrs/full_ifrs-cor_2021-03-24.xsd#ifrs-full_DescriptionOfLineItemsInStatementOfFinancialPositionInWhichAssetsAndLiabilitiesRecognisedInRelationToStructuredEntitiesAreRecognised" xlink:label="lbl23991"/>
    <link:definitionArc xlink:type="arc" xlink:arcrole="http://xbrl.org/int/dim/arcrole/domain-member" order="100.0" xlink:to="lbl23991" xlink:from="lbl23983"/>
    <link:loc xlink:type="locator" xlink:href="http://xbrl.ifrs.org/taxonomy/2021-03-24/full_ifrs/full_ifrs-cor_2021-03-24.xsd#ifrs-full_MaximumExposureToLossFromInterestsInStructuredEntities" xlink:label="lbl23992"/>
    <link:definitionArc xlink:type="arc" xlink:arcrole="http://xbrl.org/int/dim/arcrole/domain-member" order="110.0" xlink:to="lbl23992" xlink:from="lbl23983"/>
    <link:loc xlink:type="locator" xlink:href="http://xbrl.ifrs.org/taxonomy/2021-03-24/full_ifrs/full_ifrs-cor_2021-03-24.xsd#ifrs-full_InformationAboutHowMaximumExposureToLossFromInterestsInStructuredEntitiesIsDetermined" xlink:label="lbl23993"/>
    <link:definitionArc xlink:type="arc" xlink:arcrole="http://xbrl.org/int/dim/arcrole/domain-member" order="120.0" xlink:to="lbl23993" xlink:from="lbl23983"/>
    <link:loc xlink:type="locator" xlink:href="http://xbrl.ifrs.org/taxonomy/2021-03-24/full_ifrs/full_ifrs-cor_2021-03-24.xsd#ifrs-full_DescriptionOfFactAndReasonsWhyMaximumExposureToLossFromInterestsInStructuredEntitiesCannotBeQuantified" xlink:label="lbl23994"/>
    <link:definitionArc xlink:type="arc" xlink:arcrole="http://xbrl.org/int/dim/arcrole/domain-member" order="130.0" xlink:to="lbl23994" xlink:from="lbl23983"/>
    <link:loc xlink:type="locator" xlink:href="http://xbrl.ifrs.org/taxonomy/2021-03-24/full_ifrs/full_ifrs-cor_2021-03-24.xsd#ifrs-full_DescriptionOfComparisonBetweenAssetsAndLiabilitiesRecognisedInRelationToStructuredEntitiesAndMaximumExposureToLossFromInterestsInStructuredEntities" xlink:label="lbl23995"/>
    <link:definitionArc xlink:type="arc" xlink:arcrole="http://xbrl.org/int/dim/arcrole/domain-member" order="140.0" xlink:to="lbl23995" xlink:from="lbl23983"/>
    <link:loc xlink:type="locator" xlink:href="http://xbrl.ifrs.org/taxonomy/2021-03-24/full_ifrs/full_ifrs-cor_2021-03-24.xsd#ifrs-full_DescriptionOfTypeOfSupportProvidedToStructuredEntityWithoutHavingContractualObligationToDoSo" xlink:label="lbl23996"/>
    <link:definitionArc xlink:type="arc" xlink:arcrole="http://xbrl.org/int/dim/arcrole/domain-member" order="150.0" xlink:to="lbl23996" xlink:from="lbl23983"/>
    <link:loc xlink:type="locator" xlink:href="http://xbrl.ifrs.org/taxonomy/2021-03-24/full_ifrs/full_ifrs-cor_2021-03-24.xsd#ifrs-full_SupportProvidedToStructuredEntityWithoutHavingContractualObligationToDoSo" xlink:label="lbl23997"/>
    <link:definitionArc xlink:type="arc" xlink:arcrole="http://xbrl.org/int/dim/arcrole/domain-member" order="160.0" xlink:to="lbl23997" xlink:from="lbl23983"/>
    <link:loc xlink:type="locator" xlink:href="http://xbrl.ifrs.org/taxonomy/2021-03-24/full_ifrs/full_ifrs-cor_2021-03-24.xsd#ifrs-full_DescriptionOfReasonsForProvidingSupportToStructuredEntityWithoutHavingContractualObligationToDoSo" xlink:label="lbl23998"/>
    <link:definitionArc xlink:type="arc" xlink:arcrole="http://xbrl.org/int/dim/arcrole/domain-member" order="170.0" xlink:to="lbl23998" xlink:from="lbl23983"/>
    <link:loc xlink:type="locator" xlink:href="http://xbrl.ifrs.org/taxonomy/2021-03-24/full_ifrs/full_ifrs-cor_2021-03-24.xsd#ifrs-full_DescriptionOfIntentionsToProvideSupportToStructuredEntity" xlink:label="lbl23999"/>
    <link:definitionArc xlink:type="arc" xlink:arcrole="http://xbrl.org/int/dim/arcrole/domain-member" order="180.0" xlink:to="lbl23999" xlink:from="lbl23983"/>
    <link:loc xlink:type="locator" xlink:href="http://xbrl.ifrs.org/taxonomy/2021-03-24/full_ifrs/full_ifrs-cor_2021-03-24.xsd#ifrs-full_AdditionalInformationAboutNatureOfAndChangesInRisksAssociatedWithInterestsInStructuredEntitiesExplanatory" xlink:label="lbl24000"/>
    <link:definitionArc xlink:type="arc" xlink:arcrole="http://xbrl.org/int/dim/arcrole/domain-member" order="190.0" xlink:to="lbl24000" xlink:from="lbl23983"/>
    <link:loc xlink:type="locator" xlink:href="http://xbrl.ifrs.org/taxonomy/2021-03-24/full_ifrs/full_ifrs-cor_2021-03-24.xsd#ifrs-full_DescriptionOfTermsOfContractualArrangementsThatCouldRequireParentOrSubsidiariesToProvideFinancialSupportToStructuredEntity" xlink:label="lbl24001"/>
    <link:definitionArc xlink:type="arc" xlink:arcrole="http://xbrl.org/int/dim/arcrole/domain-member" order="200.0" xlink:to="lbl24001" xlink:from="lbl24000"/>
    <link:loc xlink:type="locator" xlink:href="http://xbrl.ifrs.org/taxonomy/2021-03-24/full_ifrs/full_ifrs-cor_2021-03-24.xsd#ifrs-full_LossesIncurredInRelationToInterestsInStructuredEntities" xlink:label="lbl24002"/>
    <link:definitionArc xlink:type="arc" xlink:arcrole="http://xbrl.org/int/dim/arcrole/domain-member" order="210.0" xlink:to="lbl24002" xlink:from="lbl24000"/>
    <link:loc xlink:type="locator" xlink:href="http://xbrl.ifrs.org/taxonomy/2021-03-24/full_ifrs/full_ifrs-cor_2021-03-24.xsd#ifrs-full_DescriptionOfWhetherEntityIsRequiredToAbsorbLossesOfStructuredEntitiesBeforeOtherParties" xlink:label="lbl24003"/>
    <link:definitionArc xlink:type="arc" xlink:arcrole="http://xbrl.org/int/dim/arcrole/domain-member" order="220.0" xlink:to="lbl24003" xlink:from="lbl24000"/>
    <link:loc xlink:type="locator" xlink:href="http://xbrl.ifrs.org/taxonomy/2021-03-24/full_ifrs/full_ifrs-cor_2021-03-24.xsd#ifrs-full_MaximumLimitOfLossesOfStructuredEntitiesWhichEntityIsRequiredToAbsorbBeforeOtherParties" xlink:label="lbl24004"/>
    <link:definitionArc xlink:type="arc" xlink:arcrole="http://xbrl.org/int/dim/arcrole/domain-member" order="230.0" xlink:to="lbl24004" xlink:from="lbl24000"/>
    <link:loc xlink:type="locator" xlink:href="http://xbrl.ifrs.org/taxonomy/2021-03-24/full_ifrs/full_ifrs-cor_2021-03-24.xsd#ifrs-full_DisclosureOfRankingAndAmountsOfPotentialLossesInStructuredEntitiesBorneByPartiesWhoseInterestsRankLowerThanEntitysInterestsExplanatory" xlink:label="lbl24005"/>
    <link:definitionArc xlink:type="arc" xlink:arcrole="http://xbrl.org/int/dim/arcrole/domain-member" order="240.0" xlink:to="lbl24005" xlink:from="lbl24000"/>
    <link:loc xlink:type="locator" xlink:href="http://xbrl.ifrs.org/taxonomy/2021-03-24/full_ifrs/full_ifrs-cor_2021-03-24.xsd#ifrs-full_DisclosureOfInformationAboutLiquidityArrangementsGuaranteesOrOtherCommitmentsWithThirdPartiesThatMayAffectFairValueOrRiskOfInterestsInStructuredEntitiesExplanatory" xlink:label="lbl24006"/>
    <link:definitionArc xlink:type="arc" xlink:arcrole="http://xbrl.org/int/dim/arcrole/domain-member" order="250.0" xlink:to="lbl24006" xlink:from="lbl24000"/>
    <link:loc xlink:type="locator" xlink:href="http://xbrl.ifrs.org/taxonomy/2021-03-24/full_ifrs/full_ifrs-cor_2021-03-24.xsd#ifrs-full_DescriptionOfDifficultiesStructuredEntityExperiencedInFinancingItsActivities" xlink:label="lbl24007"/>
    <link:definitionArc xlink:type="arc" xlink:arcrole="http://xbrl.org/int/dim/arcrole/domain-member" order="260.0" xlink:to="lbl24007" xlink:from="lbl24000"/>
    <link:loc xlink:type="locator" xlink:href="http://xbrl.ifrs.org/taxonomy/2021-03-24/full_ifrs/full_ifrs-cor_2021-03-24.xsd#ifrs-full_DisclosureOfFormsOfFundingOfStructuredEntityAndTheirWeightedaverageLifeExplanatory" xlink:label="lbl24008"/>
    <link:definitionArc xlink:type="arc" xlink:arcrole="http://xbrl.org/int/dim/arcrole/domain-member" order="270.0" xlink:to="lbl24008" xlink:from="lbl24000"/>
  </link:definitionLink>
</link:linkbase>