﻿<?xml version="1.0" encoding="utf-8"?>
<?taxonomy-version 1.0.0.0 ?>  <?taxonomy-set-overall-version 3.3.0.0 ?>
<!--(C) EBA-->
<link:linkbase xmlns:xsi="http://www.w3.org/2001/XMLSchema-instance" xmlns:xlink="http://www.w3.org/1999/xlink" xmlns:link="http://www.xbrl.org/2003/linkbase" xmlns:gen="http://xbrl.org/2008/generic" xmlns:label="http://xbrl.org/2008/label" xsi:schemaLocation="http://www.xbrl.org/2003/linkbase http://www.xbrl.org/2003/xbrl-linkbase-2003-12-31.xsd http://xbrl.org/2008/generic http://www.xbrl.org/2008/generic-link.xsd http://xbrl.org/2008/label http://www.xbrl.org/2008/generic-label.xsd">
  <link:arcroleRef arcroleURI="http://xbrl.org/arcrole/2008/element-label" xlink:type="simple" xlink:href="http://www.xbrl.org/2008/generic-label.xsd#element-label" />
  <link:roleRef roleURI="http://www.xbrl.org/2008/role/label" xlink:type="simple" xlink:href="http://www.xbrl.org/2008/generic-label.xsd#standard-label" />
  <link:roleRef roleURI="http://www.xbrl.org/2008/role/verboseLabel" xlink:type="simple" xlink:href="http://www.xbrl.org/2008/generic-label.xsd#verbose-label" />
  <gen:link xlink:type="extended" xlink:role="http://www.xbrl.org/2003/role/link">
    <link:loc xlink:type="locator" xlink:href="k_04.00.b-rend.xml#eba_tK_04.00.b" xlink:label="loc_eba_tK_04.00.b" />
    <label:label xlink:type="resource" xlink:label="label_eba_tK_04.00.b" xml:lang="en" xlink:role="http://www.xbrl.org/2008/role/label">K 04.00.b</label:label>
    <gen:arc xlink:type="arc" xlink:arcrole="http://xbrl.org/arcrole/2008/element-label" xlink:from="loc_eba_tK_04.00.b" xlink:to="label_eba_tK_04.00.b" />
    <label:label xlink:type="resource" xlink:label="label_eba_tK_04.00.b_1" xml:lang="en" xlink:role="http://www.xbrl.org/2008/role/verboseLabel">K 04.00.b EU CCR4 – IRB approach – CCR exposures by exposure class and PD scale (II)</label:label>
    <gen:arc xlink:type="arc" xlink:arcrole="http://xbrl.org/arcrole/2008/element-label" xlink:from="loc_eba_tK_04.00.b" xlink:to="label_eba_tK_04.00.b_1" />
    <link:loc xlink:type="locator" xlink:href="k_04.00.b-rend.xml#eba_a1" xlink:label="loc_eba_a1" />
    <label:label xlink:type="resource" xlink:label="label_eba_a1" xml:lang="en" xlink:role="http://www.xbrl.org/2008/role/label">Columns</label:label>
    <gen:arc xlink:type="arc" xlink:arcrole="http://xbrl.org/arcrole/2008/element-label" xlink:from="loc_eba_a1" xlink:to="label_eba_a1" />
    <link:loc xlink:type="locator" xlink:href="k_04.00.b-rend.xml#eba_c88127" xlink:label="loc_eba_c88127" />
    <label:label xlink:type="resource" xlink:label="label_eba_c88127" xml:lang="en" xlink:role="http://www.xbrl.org/2008/role/label">a. Exposure value</label:label>
    <gen:arc xlink:type="arc" xlink:arcrole="http://xbrl.org/arcrole/2008/element-label" xlink:from="loc_eba_c88127" xlink:to="label_eba_c88127" />
    <link:loc xlink:type="locator" xlink:href="k_04.00.b-rend.xml#eba_c88128" xlink:label="loc_eba_c88128" />
    <label:label xlink:type="resource" xlink:label="label_eba_c88128" xml:lang="en" xlink:role="http://www.xbrl.org/2008/role/label">b. Exposure weighted average PD (%)</label:label>
    <gen:arc xlink:type="arc" xlink:arcrole="http://xbrl.org/arcrole/2008/element-label" xlink:from="loc_eba_c88128" xlink:to="label_eba_c88128" />
    <link:loc xlink:type="locator" xlink:href="k_04.00.b-rend.xml#eba_c88129" xlink:label="loc_eba_c88129" />
    <label:label xlink:type="resource" xlink:label="label_eba_c88129" xml:lang="en" xlink:role="http://www.xbrl.org/2008/role/label">c. Number of obligors</label:label>
    <gen:arc xlink:type="arc" xlink:arcrole="http://xbrl.org/arcrole/2008/element-label" xlink:from="loc_eba_c88129" xlink:to="label_eba_c88129" />
    <link:loc xlink:type="locator" xlink:href="k_04.00.b-rend.xml#eba_c88130" xlink:label="loc_eba_c88130" />
    <label:label xlink:type="resource" xlink:label="label_eba_c88130" xml:lang="en" xlink:role="http://www.xbrl.org/2008/role/label">d. Exposure weighted average LGD (%)</label:label>
    <gen:arc xlink:type="arc" xlink:arcrole="http://xbrl.org/arcrole/2008/element-label" xlink:from="loc_eba_c88130" xlink:to="label_eba_c88130" />
    <link:loc xlink:type="locator" xlink:href="k_04.00.b-rend.xml#eba_c88131" xlink:label="loc_eba_c88131" />
    <label:label xlink:type="resource" xlink:label="label_eba_c88131" xml:lang="en" xlink:role="http://www.xbrl.org/2008/role/label">e. Exposure weighted average maturity (years)</label:label>
    <gen:arc xlink:type="arc" xlink:arcrole="http://xbrl.org/arcrole/2008/element-label" xlink:from="loc_eba_c88131" xlink:to="label_eba_c88131" />
    <link:loc xlink:type="locator" xlink:href="k_04.00.b-rend.xml#eba_c88132" xlink:label="loc_eba_c88132" />
    <label:label xlink:type="resource" xlink:label="label_eba_c88132" xml:lang="en" xlink:role="http://www.xbrl.org/2008/role/label">f. RWEA</label:label>
    <gen:arc xlink:type="arc" xlink:arcrole="http://xbrl.org/arcrole/2008/element-label" xlink:from="loc_eba_c88132" xlink:to="label_eba_c88132" />
    <link:loc xlink:type="locator" xlink:href="k_04.00.b-rend.xml#eba_c88133" xlink:label="loc_eba_c88133" />
    <label:label xlink:type="resource" xlink:label="label_eba_c88133" xml:lang="en" xlink:role="http://www.xbrl.org/2008/role/label">g. Density of risk weighted exposure amounts</label:label>
    <gen:arc xlink:type="arc" xlink:arcrole="http://xbrl.org/arcrole/2008/element-label" xlink:from="loc_eba_c88133" xlink:to="label_eba_c88133" />
    <link:loc xlink:type="locator" xlink:href="k_04.00.b-rend.xml#eba_a2" xlink:label="loc_eba_a2" />
    <label:label xlink:type="resource" xlink:label="label_eba_a2" xml:lang="en" xlink:role="http://www.xbrl.org/2008/role/label">Rows</label:label>
    <gen:arc xlink:type="arc" xlink:arcrole="http://xbrl.org/arcrole/2008/element-label" xlink:from="loc_eba_a2" xlink:to="label_eba_a2" />
    <link:loc xlink:type="locator" xlink:href="k_04.00.b-rend.xml#eba_c88134" xlink:label="loc_eba_c88134" />
    <label:label xlink:type="resource" xlink:label="label_eba_c88134" xml:lang="en" xlink:role="http://www.xbrl.org/2008/role/label">Total (all CCR relevant exposure classes)</label:label>
    <gen:arc xlink:type="arc" xlink:arcrole="http://xbrl.org/arcrole/2008/element-label" xlink:from="loc_eba_c88134" xlink:to="label_eba_c88134" />
    <link:loc xlink:type="locator" xlink:href="k_04.00.b-rend.xml#eba_a3" xlink:label="loc_eba_a3" />
    <label:label xlink:type="resource" xlink:label="label_eba_a3" xml:lang="en" xlink:role="http://www.xbrl.org/2008/role/label">Sheets</label:label>
    <gen:arc xlink:type="arc" xlink:arcrole="http://xbrl.org/arcrole/2008/element-label" xlink:from="loc_eba_a3" xlink:to="label_eba_a3" />
    <link:loc xlink:type="locator" xlink:href="k_04.00.b-rend.xml#eba_c88135" xlink:label="loc_eba_c88135" />
    <label:label xlink:type="resource" xlink:label="label_eba_c88135" xml:lang="en" xlink:role="http://www.xbrl.org/2008/role/label">Central governments and central banks (A-IRB)</label:label>
    <gen:arc xlink:type="arc" xlink:arcrole="http://xbrl.org/arcrole/2008/element-label" xlink:from="loc_eba_c88135" xlink:to="label_eba_c88135" />
    <link:loc xlink:type="locator" xlink:href="k_04.00.b-rend.xml#eba_c88136" xlink:label="loc_eba_c88136" />
    <label:label xlink:type="resource" xlink:label="label_eba_c88136" xml:lang="en" xlink:role="http://www.xbrl.org/2008/role/label">Central governments and central banks (F-IRB)</label:label>
    <gen:arc xlink:type="arc" xlink:arcrole="http://xbrl.org/arcrole/2008/element-label" xlink:from="loc_eba_c88136" xlink:to="label_eba_c88136" />
    <link:loc xlink:type="locator" xlink:href="k_04.00.b-rend.xml#eba_c88137" xlink:label="loc_eba_c88137" />
    <label:label xlink:type="resource" xlink:label="label_eba_c88137" xml:lang="en" xlink:role="http://www.xbrl.org/2008/role/label">Institutions (A-IRB)</label:label>
    <gen:arc xlink:type="arc" xlink:arcrole="http://xbrl.org/arcrole/2008/element-label" xlink:from="loc_eba_c88137" xlink:to="label_eba_c88137" />
    <link:loc xlink:type="locator" xlink:href="k_04.00.b-rend.xml#eba_c88138" xlink:label="loc_eba_c88138" />
    <label:label xlink:type="resource" xlink:label="label_eba_c88138" xml:lang="en" xlink:role="http://www.xbrl.org/2008/role/label">Institutions (F-IRB)</label:label>
    <gen:arc xlink:type="arc" xlink:arcrole="http://xbrl.org/arcrole/2008/element-label" xlink:from="loc_eba_c88138" xlink:to="label_eba_c88138" />
    <link:loc xlink:type="locator" xlink:href="k_04.00.b-rend.xml#eba_c88139" xlink:label="loc_eba_c88139" />
    <label:label xlink:type="resource" xlink:label="label_eba_c88139" xml:lang="en" xlink:role="http://www.xbrl.org/2008/role/label">Corporates (A-IRB)</label:label>
    <gen:arc xlink:type="arc" xlink:arcrole="http://xbrl.org/arcrole/2008/element-label" xlink:from="loc_eba_c88139" xlink:to="label_eba_c88139" />
    <link:loc xlink:type="locator" xlink:href="k_04.00.b-rend.xml#eba_c88140" xlink:label="loc_eba_c88140" />
    <label:label xlink:type="resource" xlink:label="label_eba_c88140" xml:lang="en" xlink:role="http://www.xbrl.org/2008/role/label">Corporates (F-IRB)</label:label>
    <gen:arc xlink:type="arc" xlink:arcrole="http://xbrl.org/arcrole/2008/element-label" xlink:from="loc_eba_c88140" xlink:to="label_eba_c88140" />
    <link:loc xlink:type="locator" xlink:href="k_04.00.b-rend.xml#eba_c88141" xlink:label="loc_eba_c88141" />
    <label:label xlink:type="resource" xlink:label="label_eba_c88141" xml:lang="en" xlink:role="http://www.xbrl.org/2008/role/label">Retail (A-IRB)</label:label>
    <gen:arc xlink:type="arc" xlink:arcrole="http://xbrl.org/arcrole/2008/element-label" xlink:from="loc_eba_c88141" xlink:to="label_eba_c88141" />
  </gen:link>
</link:linkbase>