﻿<?xml version="1.0" encoding="utf-8"?>
<?taxonomy-version 1.0.0.0 ?>  <?taxonomy-set-overall-version 3.3.0.0 ?>
<!--(C) EBA-->
<link:linkbase xmlns:xsi="http://www.w3.org/2001/XMLSchema-instance" xmlns:xlink="http://www.w3.org/1999/xlink" xmlns:link="http://www.xbrl.org/2003/linkbase" xmlns:gen="http://xbrl.org/2008/generic" xmlns:label="http://xbrl.org/2008/label" xsi:schemaLocation="http://www.xbrl.org/2003/linkbase http://www.xbrl.org/2003/xbrl-linkbase-2003-12-31.xsd http://xbrl.org/2008/generic http://www.xbrl.org/2008/generic-link.xsd http://xbrl.org/2008/label http://www.xbrl.org/2008/generic-label.xsd">
  <link:arcroleRef arcroleURI="http://xbrl.org/arcrole/2008/element-label" xlink:type="simple" xlink:href="http://www.xbrl.org/2008/generic-label.xsd#element-label" />
  <link:roleRef roleURI="http://www.eba.europa.eu/xbrl/role/dpm-db-id" xlink:type="simple" xlink:href="http://www.eba.europa.eu/eu/fr/xbrl/ext/model.xsd#dpm-db-id" />
  <link:roleRef roleURI="http://www.eurofiling.info/xbrl/role/filing-indicator-code" xlink:type="simple" xlink:href="http://www.eurofiling.info/eu/fr/xbrl/ext/model.xsd#filing-indicator-code" />
  <link:roleRef roleURI="http://www.eurofiling.info/xbrl/role/rc-code" xlink:type="simple" xlink:href="http://www.eurofiling.info/eu/fr/xbrl/ext/model.xsd#rc-code" />
  <gen:link xlink:type="extended" xlink:role="http://www.xbrl.org/2003/role/link">
    <link:loc xlink:type="locator" xlink:href="k_04.00.b-rend.xml#eba_tK_04.00.b" xlink:label="loc_eba_tK_04.00.b" />
    <label:label xlink:type="resource" xlink:label="label_eba_tK_04.00.b" xml:lang="en" xlink:role="http://www.eurofiling.info/xbrl/role/rc-code">K 04.00.b</label:label>
    <gen:arc xlink:type="arc" xlink:arcrole="http://xbrl.org/arcrole/2008/element-label" xlink:from="loc_eba_tK_04.00.b" xlink:to="label_eba_tK_04.00.b" />
    <link:loc xlink:type="locator" xlink:href="k_04.00.b-rend.xml#eba_c88127" xlink:label="loc_eba_c88127" />
    <label:label xlink:type="resource" xlink:label="label_eba_c88127" xml:lang="en" xlink:role="http://www.eurofiling.info/xbrl/role/rc-code">0010</label:label>
    <gen:arc xlink:type="arc" xlink:arcrole="http://xbrl.org/arcrole/2008/element-label" xlink:from="loc_eba_c88127" xlink:to="label_eba_c88127" />
    <link:loc xlink:type="locator" xlink:href="k_04.00.b-rend.xml#eba_c88128" xlink:label="loc_eba_c88128" />
    <label:label xlink:type="resource" xlink:label="label_eba_c88128" xml:lang="en" xlink:role="http://www.eurofiling.info/xbrl/role/rc-code">0020</label:label>
    <gen:arc xlink:type="arc" xlink:arcrole="http://xbrl.org/arcrole/2008/element-label" xlink:from="loc_eba_c88128" xlink:to="label_eba_c88128" />
    <link:loc xlink:type="locator" xlink:href="k_04.00.b-rend.xml#eba_c88129" xlink:label="loc_eba_c88129" />
    <label:label xlink:type="resource" xlink:label="label_eba_c88129" xml:lang="en" xlink:role="http://www.eurofiling.info/xbrl/role/rc-code">0030</label:label>
    <gen:arc xlink:type="arc" xlink:arcrole="http://xbrl.org/arcrole/2008/element-label" xlink:from="loc_eba_c88129" xlink:to="label_eba_c88129" />
    <link:loc xlink:type="locator" xlink:href="k_04.00.b-rend.xml#eba_c88130" xlink:label="loc_eba_c88130" />
    <label:label xlink:type="resource" xlink:label="label_eba_c88130" xml:lang="en" xlink:role="http://www.eurofiling.info/xbrl/role/rc-code">0040</label:label>
    <gen:arc xlink:type="arc" xlink:arcrole="http://xbrl.org/arcrole/2008/element-label" xlink:from="loc_eba_c88130" xlink:to="label_eba_c88130" />
    <link:loc xlink:type="locator" xlink:href="k_04.00.b-rend.xml#eba_c88131" xlink:label="loc_eba_c88131" />
    <label:label xlink:type="resource" xlink:label="label_eba_c88131" xml:lang="en" xlink:role="http://www.eurofiling.info/xbrl/role/rc-code">0050</label:label>
    <gen:arc xlink:type="arc" xlink:arcrole="http://xbrl.org/arcrole/2008/element-label" xlink:from="loc_eba_c88131" xlink:to="label_eba_c88131" />
    <link:loc xlink:type="locator" xlink:href="k_04.00.b-rend.xml#eba_c88132" xlink:label="loc_eba_c88132" />
    <label:label xlink:type="resource" xlink:label="label_eba_c88132" xml:lang="en" xlink:role="http://www.eurofiling.info/xbrl/role/rc-code">0060</label:label>
    <gen:arc xlink:type="arc" xlink:arcrole="http://xbrl.org/arcrole/2008/element-label" xlink:from="loc_eba_c88132" xlink:to="label_eba_c88132" />
    <link:loc xlink:type="locator" xlink:href="k_04.00.b-rend.xml#eba_c88133" xlink:label="loc_eba_c88133" />
    <label:label xlink:type="resource" xlink:label="label_eba_c88133" xml:lang="en" xlink:role="http://www.eurofiling.info/xbrl/role/rc-code">0070</label:label>
    <gen:arc xlink:type="arc" xlink:arcrole="http://xbrl.org/arcrole/2008/element-label" xlink:from="loc_eba_c88133" xlink:to="label_eba_c88133" />
    <link:loc xlink:type="locator" xlink:href="k_04.00.b-rend.xml#eba_c88134" xlink:label="loc_eba_c88134" />
    <label:label xlink:type="resource" xlink:label="label_eba_c88134" xml:lang="en" xlink:role="http://www.eurofiling.info/xbrl/role/rc-code">0100</label:label>
    <gen:arc xlink:type="arc" xlink:arcrole="http://xbrl.org/arcrole/2008/element-label" xlink:from="loc_eba_c88134" xlink:to="label_eba_c88134" />
    <link:loc xlink:type="locator" xlink:href="k_04.00.b-rend.xml#eba_c88135" xlink:label="loc_eba_c88135" />
    <label:label xlink:type="resource" xlink:label="label_eba_c88135" xml:lang="en" xlink:role="http://www.eurofiling.info/xbrl/role/rc-code">0001</label:label>
    <gen:arc xlink:type="arc" xlink:arcrole="http://xbrl.org/arcrole/2008/element-label" xlink:from="loc_eba_c88135" xlink:to="label_eba_c88135" />
    <link:loc xlink:type="locator" xlink:href="k_04.00.b-rend.xml#eba_c88136" xlink:label="loc_eba_c88136" />
    <label:label xlink:type="resource" xlink:label="label_eba_c88136" xml:lang="en" xlink:role="http://www.eurofiling.info/xbrl/role/rc-code">0002</label:label>
    <gen:arc xlink:type="arc" xlink:arcrole="http://xbrl.org/arcrole/2008/element-label" xlink:from="loc_eba_c88136" xlink:to="label_eba_c88136" />
    <link:loc xlink:type="locator" xlink:href="k_04.00.b-rend.xml#eba_c88137" xlink:label="loc_eba_c88137" />
    <label:label xlink:type="resource" xlink:label="label_eba_c88137" xml:lang="en" xlink:role="http://www.eurofiling.info/xbrl/role/rc-code">0003</label:label>
    <gen:arc xlink:type="arc" xlink:arcrole="http://xbrl.org/arcrole/2008/element-label" xlink:from="loc_eba_c88137" xlink:to="label_eba_c88137" />
    <link:loc xlink:type="locator" xlink:href="k_04.00.b-rend.xml#eba_c88138" xlink:label="loc_eba_c88138" />
    <label:label xlink:type="resource" xlink:label="label_eba_c88138" xml:lang="en" xlink:role="http://www.eurofiling.info/xbrl/role/rc-code">0004</label:label>
    <gen:arc xlink:type="arc" xlink:arcrole="http://xbrl.org/arcrole/2008/element-label" xlink:from="loc_eba_c88138" xlink:to="label_eba_c88138" />
    <link:loc xlink:type="locator" xlink:href="k_04.00.b-rend.xml#eba_c88139" xlink:label="loc_eba_c88139" />
    <label:label xlink:type="resource" xlink:label="label_eba_c88139" xml:lang="en" xlink:role="http://www.eurofiling.info/xbrl/role/rc-code">0005</label:label>
    <gen:arc xlink:type="arc" xlink:arcrole="http://xbrl.org/arcrole/2008/element-label" xlink:from="loc_eba_c88139" xlink:to="label_eba_c88139" />
    <link:loc xlink:type="locator" xlink:href="k_04.00.b-rend.xml#eba_c88140" xlink:label="loc_eba_c88140" />
    <label:label xlink:type="resource" xlink:label="label_eba_c88140" xml:lang="en" xlink:role="http://www.eurofiling.info/xbrl/role/rc-code">0006</label:label>
    <gen:arc xlink:type="arc" xlink:arcrole="http://xbrl.org/arcrole/2008/element-label" xlink:from="loc_eba_c88140" xlink:to="label_eba_c88140" />
    <link:loc xlink:type="locator" xlink:href="k_04.00.b-rend.xml#eba_c88141" xlink:label="loc_eba_c88141" />
    <label:label xlink:type="resource" xlink:label="label_eba_c88141" xml:lang="en" xlink:role="http://www.eurofiling.info/xbrl/role/rc-code">0007</label:label>
    <gen:arc xlink:type="arc" xlink:arcrole="http://xbrl.org/arcrole/2008/element-label" xlink:from="loc_eba_c88141" xlink:to="label_eba_c88141" />
    <label:label xlink:type="resource" xlink:label="label_eba_tK_04.00.b_1" xml:lang="en" xlink:role="http://www.eurofiling.info/xbrl/role/filing-indicator-code">K_04.00</label:label>
    <gen:arc xlink:type="arc" xlink:arcrole="http://xbrl.org/arcrole/2008/element-label" xlink:from="loc_eba_tK_04.00.b" xlink:to="label_eba_tK_04.00.b_1" />
    <label:label xlink:type="resource" xlink:label="label_eba_tK_04.00.b_2" xml:lang="en" xlink:role="http://www.eba.europa.eu/xbrl/role/dpm-db-id">874.2406</label:label>
    <gen:arc xlink:type="arc" xlink:arcrole="http://xbrl.org/arcrole/2008/element-label" xlink:from="loc_eba_tK_04.00.b" xlink:to="label_eba_tK_04.00.b_2" />
    <label:label xlink:type="resource" xlink:label="label_eba_c88127_1" xml:lang="en" xlink:role="http://www.eba.europa.eu/xbrl/role/dpm-db-id">88127</label:label>
    <gen:arc xlink:type="arc" xlink:arcrole="http://xbrl.org/arcrole/2008/element-label" xlink:from="loc_eba_c88127" xlink:to="label_eba_c88127_1" />
    <label:label xlink:type="resource" xlink:label="label_eba_c88128_1" xml:lang="en" xlink:role="http://www.eba.europa.eu/xbrl/role/dpm-db-id">88128</label:label>
    <gen:arc xlink:type="arc" xlink:arcrole="http://xbrl.org/arcrole/2008/element-label" xlink:from="loc_eba_c88128" xlink:to="label_eba_c88128_1" />
    <label:label xlink:type="resource" xlink:label="label_eba_c88129_1" xml:lang="en" xlink:role="http://www.eba.europa.eu/xbrl/role/dpm-db-id">88129</label:label>
    <gen:arc xlink:type="arc" xlink:arcrole="http://xbrl.org/arcrole/2008/element-label" xlink:from="loc_eba_c88129" xlink:to="label_eba_c88129_1" />
    <label:label xlink:type="resource" xlink:label="label_eba_c88130_1" xml:lang="en" xlink:role="http://www.eba.europa.eu/xbrl/role/dpm-db-id">88130</label:label>
    <gen:arc xlink:type="arc" xlink:arcrole="http://xbrl.org/arcrole/2008/element-label" xlink:from="loc_eba_c88130" xlink:to="label_eba_c88130_1" />
    <label:label xlink:type="resource" xlink:label="label_eba_c88131_1" xml:lang="en" xlink:role="http://www.eba.europa.eu/xbrl/role/dpm-db-id">88131</label:label>
    <gen:arc xlink:type="arc" xlink:arcrole="http://xbrl.org/arcrole/2008/element-label" xlink:from="loc_eba_c88131" xlink:to="label_eba_c88131_1" />
    <label:label xlink:type="resource" xlink:label="label_eba_c88132_1" xml:lang="en" xlink:role="http://www.eba.europa.eu/xbrl/role/dpm-db-id">88132</label:label>
    <gen:arc xlink:type="arc" xlink:arcrole="http://xbrl.org/arcrole/2008/element-label" xlink:from="loc_eba_c88132" xlink:to="label_eba_c88132_1" />
    <label:label xlink:type="resource" xlink:label="label_eba_c88133_1" xml:lang="en" xlink:role="http://www.eba.europa.eu/xbrl/role/dpm-db-id">88133</label:label>
    <gen:arc xlink:type="arc" xlink:arcrole="http://xbrl.org/arcrole/2008/element-label" xlink:from="loc_eba_c88133" xlink:to="label_eba_c88133_1" />
    <label:label xlink:type="resource" xlink:label="label_eba_c88134_1" xml:lang="en" xlink:role="http://www.eba.europa.eu/xbrl/role/dpm-db-id">88134</label:label>
    <gen:arc xlink:type="arc" xlink:arcrole="http://xbrl.org/arcrole/2008/element-label" xlink:from="loc_eba_c88134" xlink:to="label_eba_c88134_1" />
    <label:label xlink:type="resource" xlink:label="label_eba_c88135_1" xml:lang="en" xlink:role="http://www.eba.europa.eu/xbrl/role/dpm-db-id">88135</label:label>
    <gen:arc xlink:type="arc" xlink:arcrole="http://xbrl.org/arcrole/2008/element-label" xlink:from="loc_eba_c88135" xlink:to="label_eba_c88135_1" />
    <label:label xlink:type="resource" xlink:label="label_eba_c88136_1" xml:lang="en" xlink:role="http://www.eba.europa.eu/xbrl/role/dpm-db-id">88136</label:label>
    <gen:arc xlink:type="arc" xlink:arcrole="http://xbrl.org/arcrole/2008/element-label" xlink:from="loc_eba_c88136" xlink:to="label_eba_c88136_1" />
    <label:label xlink:type="resource" xlink:label="label_eba_c88137_1" xml:lang="en" xlink:role="http://www.eba.europa.eu/xbrl/role/dpm-db-id">88137</label:label>
    <gen:arc xlink:type="arc" xlink:arcrole="http://xbrl.org/arcrole/2008/element-label" xlink:from="loc_eba_c88137" xlink:to="label_eba_c88137_1" />
    <label:label xlink:type="resource" xlink:label="label_eba_c88138_1" xml:lang="en" xlink:role="http://www.eba.europa.eu/xbrl/role/dpm-db-id">88138</label:label>
    <gen:arc xlink:type="arc" xlink:arcrole="http://xbrl.org/arcrole/2008/element-label" xlink:from="loc_eba_c88138" xlink:to="label_eba_c88138_1" />
    <label:label xlink:type="resource" xlink:label="label_eba_c88139_1" xml:lang="en" xlink:role="http://www.eba.europa.eu/xbrl/role/dpm-db-id">88139</label:label>
    <gen:arc xlink:type="arc" xlink:arcrole="http://xbrl.org/arcrole/2008/element-label" xlink:from="loc_eba_c88139" xlink:to="label_eba_c88139_1" />
    <label:label xlink:type="resource" xlink:label="label_eba_c88140_1" xml:lang="en" xlink:role="http://www.eba.europa.eu/xbrl/role/dpm-db-id">88140</label:label>
    <gen:arc xlink:type="arc" xlink:arcrole="http://xbrl.org/arcrole/2008/element-label" xlink:from="loc_eba_c88140" xlink:to="label_eba_c88140_1" />
    <label:label xlink:type="resource" xlink:label="label_eba_c88141_1" xml:lang="en" xlink:role="http://www.eba.europa.eu/xbrl/role/dpm-db-id">88141</label:label>
    <gen:arc xlink:type="arc" xlink:arcrole="http://xbrl.org/arcrole/2008/element-label" xlink:from="loc_eba_c88141" xlink:to="label_eba_c88141_1" />
  </gen:link>
</link:linkbase>